20:31:09.787 === sync diagnosis log enabled (pid=3756) ===
20:34:13.650 PHASE START cold join, captions engaged immediately
20:34:13.976 MEDIA kind=live title='US: NFL NETWORK HD'
20:34:13.976 XPORT rate target=- raw_pre=-1.00 fr=0.00 cc=0.00 vid=0.00 rate=1.00 rate=1
20:34:13.979 XPORT rate target=- raw_pre=-1.00 fr=0.00 cc=0.00 vid=0.00 rate=1.00 rate=1
20:34:15.014 XPORT1s rate raw=-1.00 fr=0.00 cc=0.00 vid=0.00
20:34:15.014 XPORT1s rate raw=-1.00 fr=0.00 cc=0.00 vid=0.00
20:34:18.923 DVRSTART base=0.00 size=4587576
20:34:18.924 XPORT rate target=- raw_pre=-1.00 fr=0.00 cc=0.00 vid=0.00 rate=1.00 rate=1
20:34:18.975 CCSTART buf=C:\Users\micha\AppData\Local\Temp\mtp_dvr_2gra33ie\buffer.ts join_byte=0
20:34:18.977 SEED target=0.00 jump=False backlog=5.00 edge=5.00
20:34:19.088 PCRJOIN byte=0 pid=100 pcr=0.001
20:34:19.560 EDGESNAP err=+19.27 edge->24.27
20:34:19.561 CUE cx=[3.64..5.40] adv=- el=1.00 fresh | off=- fr=0.42 cc=0.00 raw=0.00 lead=- | pcr=24.272 head_rel=24.27 lag_ewma=- | q=DirecTV makes it easy to keep / up with my favorite college 
20:34:19.561 CUE cx=[5.41..9.71] adv=4.30 el=0.06 fresh | off=- fr=0.42 cc=0.00 raw=0.00 lead=- | pcr=24.272 head_rel=24.27 lag_ewma=- | q=up with my favorite college / teams. No hopping between apps
20:34:19.562 CUE cx=[9.71..11.54] adv=1.83 el=0.00 fresh | off=- fr=0.42 cc=0.00 raw=0.00 lead=- | pcr=24.272 head_rel=24.27 lag_ewma=- | q=teams. No hopping between apps / or channels. Stream college
20:34:19.562 CUE cx=[11.54..13.51] adv=1.97 el=0.00 fresh | off=- fr=0.42 cc=0.00 raw=0.00 lead=- | pcr=24.272 head_rel=24.27 lag_ewma=- | q=or channels. Stream college / football without the hurdles o
20:34:19.562 CUE cx=[13.51..15.48] adv=1.97 el=0.00 fresh | off=- fr=0.42 cc=0.00 raw=0.00 lead=- | pcr=24.272 head_rel=24.27 lag_ewma=- | q=football without the hurdles on / DirecTV. NFL RedZone seven
20:34:19.564 CUE cx=[15.48..16.95] adv=1.47 el=0.00 fresh | off=- fr=0.42 cc=0.00 raw=0.00 lead=- | pcr=24.272 head_rel=24.27 lag_ewma=- | q=DirecTV. NFL RedZone seven / hours of can't miss action. Oh,
20:34:19.564 CUE cx=[16.95..19.12] adv=2.17 el=0.00 fresh | off=- fr=0.42 cc=0.00 raw=0.00 lead=- | pcr=24.272 head_rel=24.27 lag_ewma=- | q=hours of can't miss action. Oh, / there's nothing like a foo
20:34:19.565 CUE cx=[19.12..20.85] adv=1.74 el=0.00 fresh | off=- fr=0.42 cc=0.00 raw=0.00 lead=- | pcr=24.272 head_rel=24.27 lag_ewma=- | q=there's nothing like a football / Sunday. Every touchdown fr
20:34:19.974 XPORT1s rate raw=0.00 fr=0.85 cc=0.00 vid=0.00
20:34:20.077 EDGESNAP err=+9.13 edge->33.40
20:34:20.077 CUE cx=[20.86..22.69] adv=1.83 el=0.46 fresh | off=- fr=0.85 cc=0.00 raw=0.00 lead=- | pcr=33.401 head_rel=33.40 lag_ewma=- | q=Sunday. Every touchdown from / every game. Let's go to the /
20:34:20.077 CUE cx=[22.69..25.19] adv=2.50 el=0.05 fresh | off=- fr=0.85 cc=0.00 raw=0.00 lead=- | pcr=33.401 head_rel=33.40 lag_ewma=- | q=every game. Let's go to the / Octo box every Sunday afternoo
20:34:20.077 CUE cx=[25.19..27.76] adv=2.57 el=0.00 fresh | off=- fr=0.85 cc=0.00 raw=0.00 lead=- | pcr=33.401 head_rel=33.40 lag_ewma=- | q=Octo box every Sunday afternoon / during the regular season.
20:34:20.231 CUE cx=[27.76..29.63] adv=1.87 el=0.15 fresh | off=- fr=1.26 cc=0.00 raw=0.00 lead=- | pcr=33.401 head_rel=33.40 lag_ewma=- | q=during the regular season. Get / NFL RedZone now. Set your a
20:34:20.232 CUE cx=[29.63..31.00] adv=1.37 el=0.00 fresh | off=- fr=1.26 cc=0.00 raw=0.00 lead=- | pcr=33.401 head_rel=33.40 lag_ewma=- | q=NFL RedZone now. Set your alarm / Sunday mornings this fall 
20:34:20.420 ANCHOR pend_end=31.00 L=2.40 pinL=2.40 target=0.00 off=-
20:34:20.422 CLOCK seed raw=0.00 prev=0.00 new=0.00 d=+0.000 fr=1.26 dt=1.446 rate=1.00 paused=False backlog=33.40 edge=33.40 div=-
20:34:20.527 CLOCK integ raw=0.00 prev=0.00 new=0.10 d=+0.104 fr=1.26 dt=0.104 rate=1.00 paused=False backlog=33.40 edge=33.50 div=-
20:34:20.630 CLOCK integ raw=0.00 prev=0.10 new=0.21 d=+0.103 fr=1.26 dt=0.103 rate=1.00 paused=False backlog=33.40 edge=33.61 div=-
20:34:20.732 CLOCK integ raw=0.00 prev=0.21 new=0.31 d=+0.102 fr=1.26 dt=0.102 rate=1.00 paused=False backlog=33.40 edge=33.71 div=-
20:34:20.835 CLOCK integ raw=0.00 prev=0.31 new=0.41 d=+0.103 fr=1.26 dt=0.103 rate=1.00 paused=False backlog=33.40 edge=33.81 div=-
20:34:20.937 CLOCK integ raw=0.00 prev=0.41 new=0.51 d=+0.102 fr=1.26 dt=0.102 rate=1.00 paused=False backlog=33.40 edge=33.92 div=-
20:34:21.043 CLOCK integ raw=0.00 prev=0.51 new=0.62 d=+0.106 fr=1.26 dt=0.106 rate=1.00 paused=False backlog=33.14 edge=33.76 div=-
20:34:21.145 CLOCK integ raw=0.00 prev=0.62 new=0.72 d=+0.102 fr=1.26 dt=0.102 rate=1.00 paused=False backlog=33.14 edge=33.87 div=-
20:34:21.247 CLOCK integ raw=0.00 prev=0.72 new=0.82 d=+0.102 fr=1.26 dt=0.102 rate=1.00 paused=False backlog=33.14 edge=33.97 div=-
20:34:21.350 CLOCK integ raw=0.00 prev=0.82 new=0.93 d=+0.103 fr=1.26 dt=0.103 rate=1.00 paused=False backlog=33.14 edge=34.07 div=-
20:34:21.503 CLOCK trickle raw=0.00 prev=0.93 new=0.93 d=+0.000 fr=1.26 dt=0.153 rate=1.00 paused=False backlog=33.14 edge=34.07 div=-
20:34:21.606 CLOCK trickle raw=0.00 prev=0.93 new=0.93 d=+0.000 fr=1.26 dt=0.102 rate=1.00 paused=False backlog=33.14 edge=34.07 div=-
20:34:21.708 CLOCK trickle raw=0.00 prev=0.93 new=0.93 d=+0.000 fr=1.26 dt=0.102 rate=1.00 paused=False backlog=33.14 edge=34.07 div=-
20:34:21.810 CLOCK trickle raw=0.00 prev=0.93 new=0.93 d=+0.000 fr=1.26 dt=0.102 rate=1.00 paused=False backlog=33.14 edge=34.07 div=-
20:34:21.912 CLOCK trickle raw=0.00 prev=0.93 new=0.93 d=+0.000 fr=1.26 dt=0.101 rate=1.00 paused=False backlog=33.14 edge=34.07 div=-
20:34:22.064 CLOCK trickle raw=0.00 prev=0.93 new=0.93 d=+0.000 fr=1.26 dt=0.152 rate=1.00 paused=False backlog=33.14 edge=34.07 div=-
20:34:22.166 CLOCK trickle raw=0.00 prev=0.93 new=0.93 d=+0.000 fr=1.26 dt=0.103 rate=1.00 paused=False backlog=33.14 edge=34.07 div=-
20:34:22.269 CLOCK trickle raw=0.00 prev=0.93 new=0.93 d=+0.000 fr=1.26 dt=0.102 rate=1.00 paused=False backlog=33.14 edge=34.07 div=-
20:34:22.371 CLOCK trickle raw=0.00 prev=0.93 new=0.93 d=+0.000 fr=1.26 dt=0.102 rate=1.00 paused=False backlog=33.14 edge=34.07 div=-
20:34:22.472 CLOCK trickle raw=0.00 prev=0.93 new=0.93 d=+0.000 fr=1.26 dt=0.101 rate=1.00 paused=False backlog=33.14 edge=34.07 div=-
20:34:22.575 CLOCK trickle raw=0.00 prev=0.93 new=0.93 d=+0.000 fr=1.26 dt=0.102 rate=1.00 paused=False backlog=33.14 edge=34.07 div=-
20:34:22.676 CLOCK trickle raw=0.00 prev=0.93 new=0.93 d=+0.000 fr=3.70 dt=0.102 rate=1.00 paused=False backlog=33.14 edge=34.07 div=-
20:34:22.729 CUE cx=[31.00..33.06] adv=2.07 el=2.50 fresh | off=0.00 fr=3.70 cc=0.93 raw=0.00 lead=+32.14 | pcr=33.964 head_rel=33.96 lag_ewma=2.40 | q=Sunday mornings this fall / because football is on. Good / m
20:34:22.781 ANCHOR pend_end=33.06 L=1.88 pinL=0.90 target=0.05 off=0.00
20:34:22.781 CLOCK trickle raw=0.00 prev=0.93 new=0.93 d=+0.000 fr=3.70 dt=0.105 rate=1.00 paused=False backlog=33.09 edge=34.02 div=-
20:34:22.933 CLOCK trickle raw=0.00 prev=0.93 new=0.93 d=+0.000 fr=3.70 dt=0.152 rate=1.00 paused=False backlog=33.09 edge=34.02 div=-
20:34:23.042 CLOCK trickle raw=0.00 prev=0.93 new=0.93 d=+0.000 fr=3.70 dt=0.108 rate=1.00 paused=False backlog=33.06 edge=33.99 div=-
20:34:23.144 CLOCK trickle raw=0.00 prev=0.93 new=0.93 d=+0.000 fr=3.70 dt=0.103 rate=1.00 paused=False backlog=33.06 edge=33.99 div=-
20:34:23.246 CLOCK trickle raw=0.00 prev=0.93 new=0.93 d=+0.000 fr=3.70 dt=0.102 rate=1.00 paused=False backlog=33.06 edge=33.99 div=-
20:34:23.347 CLOCK trickle raw=0.00 prev=0.93 new=0.93 d=+0.000 fr=3.70 dt=0.102 rate=1.00 paused=False backlog=33.06 edge=33.99 div=-
20:34:23.449 CLOCK trickle raw=0.00 prev=0.93 new=0.93 d=+0.000 fr=3.70 dt=0.102 rate=1.00 paused=False backlog=33.06 edge=33.99 div=-
20:34:23.551 CLOCK trickle raw=0.00 prev=0.93 new=0.93 d=+0.000 fr=3.70 dt=0.102 rate=1.00 paused=False backlog=33.06 edge=33.99 div=-
20:34:23.740 TICK fr=3.70 cc=0.93 raw=0.00 vid=1.22 playing=1 started=1 stall=0 | d_fr_cc=+2.77 d_fr_raw=+3.70 d_cc_raw=+0.93 | off=0.03 ccx_end=33.06 since_show=- since_cue=1.0 | pcr=36.211 pid=100 head_rel=36.21 ccx_lag=3.14 | credit=3.7 capped=0.0 | fsize=16554904 feed=16265384 feed_behind=289520 | backlog=33.06 edge=33.99 div=- lag_ewma=1.88
20:34:23.740 CLOCK trickle raw=0.00 prev=0.93 new=0.93 d=+0.000 fr=3.70 dt=0.189 rate=1.00 paused=False backlog=33.06 edge=33.99 div=-
20:34:23.764 EDGESNAP err=+2.64 edge->36.63
20:34:23.765 CUE cx=[33.07..34.53] adv=1.47 el=1.01 fresh | off=0.03 fr=3.70 cc=0.93 raw=0.00 lead=+33.63 | pcr=36.632 head_rel=36.63 lag_ewma=4.52 | q=because football is on. Good / morning. It's going to be a /
20:34:23.918 ANCHOR pend_end=34.53 L=3.67 pinL=2.10 target=0.00 off=0.03
20:34:23.918 CLOCK trickle raw=0.00 prev=0.93 new=0.93 d=+0.000 fr=4.89 dt=0.178 rate=1.00 paused=False backlog=35.70 edge=36.63 div=-
20:34:24.020 CUE cx=[34.53..35.73] adv=1.20 el=0.28 fresh | off=0.01 fr=4.89 cc=0.93 raw=0.00 lead=+34.82 | pcr=37.194 head_rel=37.19 lag_ewma=3.67 | q=morning. It's going to be a / movie today. Rise and watch as
20:34:24.022 ANCHOR pend_end=35.73 L=2.90 pinL=1.46 target=-0.28 off=0.01
20:34:24.023 CLOCK trickle raw=0.00 prev=0.93 new=0.93 d=+0.000 fr=4.89 dt=0.104 rate=1.00 paused=False backlog=35.98 edge=36.91 div=-
20:34:24.124 CLOCK trickle raw=0.00 prev=0.93 new=0.93 d=+0.000 fr=4.89 dt=0.103 rate=1.00 paused=False backlog=35.98 edge=36.91 div=-
20:34:24.227 CLOCK trickle raw=0.00 prev=0.93 new=0.93 d=+0.000 fr=4.89 dt=0.102 rate=1.00 paused=False backlog=35.98 edge=36.91 div=-
20:34:24.329 CLOCK trickle raw=0.00 prev=0.93 new=0.93 d=+0.000 fr=5.30 dt=0.102 rate=1.00 paused=False backlog=35.98 edge=36.91 div=-
20:34:24.430 CLOCK trickle raw=0.00 prev=0.93 new=0.93 d=+0.000 fr=5.30 dt=0.102 rate=1.00 paused=False backlog=35.98 edge=36.91 div=-
20:34:24.533 CLOCK trickle raw=0.00 prev=0.93 new=0.93 d=+0.000 fr=5.30 dt=0.103 rate=1.00 paused=False backlog=35.98 edge=36.91 div=-
20:34:24.638 CLOCK trickle raw=0.00 prev=0.93 new=0.93 d=+0.000 fr=5.30 dt=0.104 rate=1.00 paused=False backlog=35.98 edge=36.91 div=-
20:34:24.790 CLOCK trickle raw=0.00 prev=0.93 new=0.93 d=+0.000 fr=5.30 dt=0.152 rate=1.00 paused=False backlog=35.98 edge=36.91 div=-
20:34:24.892 CLOCK trickle raw=0.00 prev=0.93 new=0.93 d=+0.000 fr=5.30 dt=0.102 rate=1.00 paused=False backlog=35.98 edge=36.91 div=-
20:34:24.994 CLOCK trickle raw=0.00 prev=0.93 new=0.93 d=+0.000 fr=5.30 dt=0.103 rate=1.00 paused=False backlog=35.98 edge=36.91 div=-
20:34:25.098 CLOCK trickle raw=0.00 prev=0.93 new=0.93 d=+0.000 fr=5.30 dt=0.104 rate=1.00 paused=False backlog=36.13 edge=37.05 div=-
20:34:25.200 CLOCK trickle raw=0.00 prev=0.93 new=0.93 d=+0.000 fr=5.30 dt=0.102 rate=1.00 paused=False backlog=36.13 edge=37.05 div=-
20:34:25.301 CLOCK trickle raw=0.00 prev=0.93 new=0.93 d=+0.000 fr=5.30 dt=0.102 rate=1.00 paused=False backlog=36.13 edge=37.05 div=-
20:34:25.454 CLOCK trickle raw=0.00 prev=0.93 new=0.93 d=+0.000 fr=5.30 dt=0.152 rate=1.00 paused=False backlog=36.13 edge=37.05 div=-
20:34:25.557 CLOCK trickle raw=0.00 prev=0.93 new=0.93 d=+0.000 fr=5.30 dt=0.103 rate=1.00 paused=False backlog=36.13 edge=37.05 div=-
20:34:25.661 CLOCK trickle raw=0.00 prev=0.93 new=0.93 d=+0.000 fr=5.30 dt=0.104 rate=1.00 paused=False backlog=36.13 edge=37.05 div=-
20:34:25.762 CLOCK trickle raw=0.00 prev=0.93 new=0.93 d=+0.000 fr=5.30 dt=0.102 rate=1.00 paused=False backlog=36.13 edge=37.05 div=-
20:34:25.864 CLOCK trickle raw=0.00 prev=0.93 new=0.93 d=+0.000 fr=5.30 dt=0.102 rate=1.00 paused=False backlog=36.13 edge=37.05 div=-
20:34:25.966 CLOCK trickle raw=0.00 prev=0.93 new=0.93 d=+0.000 fr=5.30 dt=0.102 rate=1.00 paused=False backlog=36.13 edge=37.05 div=-
20:34:26.067 CLOCK trickle raw=0.00 prev=0.93 new=0.93 d=+0.000 fr=5.30 dt=0.102 rate=1.00 paused=False backlog=36.13 edge=37.05 div=-
20:34:26.169 CLOCK trickle raw=0.00 prev=0.93 new=0.93 d=+0.000 fr=5.30 dt=0.102 rate=1.00 paused=False backlog=36.13 edge=37.05 div=-
20:34:26.322 CLOCK trickle raw=0.00 prev=0.93 new=0.93 d=+0.000 fr=5.30 dt=0.153 rate=1.00 paused=False backlog=36.13 edge=37.05 div=-
20:34:26.425 CLOCK stall raw=0.00 prev=0.93 new=0.93 d=+0.000 fr=5.30 dt=0.102 rate=1.00 paused=False backlog=36.13 edge=37.05 div=-
20:34:26.527 CLOCK stall raw=0.00 prev=0.93 new=0.93 d=+0.000 fr=5.30 dt=0.103 rate=1.00 paused=False backlog=36.13 edge=37.05 div=-
20:34:26.629 CLOCK stall raw=0.00 prev=0.93 new=0.93 d=+0.000 fr=5.30 dt=0.102 rate=1.00 paused=False backlog=36.13 edge=37.05 div=-
20:34:26.731 CLOCK stall raw=0.00 prev=0.93 new=0.93 d=+0.000 fr=5.30 dt=0.102 rate=1.00 paused=False backlog=36.13 edge=37.05 div=-
20:34:26.833 CLOCK stall raw=0.00 prev=0.93 new=0.93 d=+0.000 fr=5.30 dt=0.102 rate=1.00 paused=False backlog=36.13 edge=37.05 div=-
20:34:26.935 CLOCK stall raw=0.00 prev=0.93 new=0.93 d=+0.000 fr=5.30 dt=0.102 rate=1.00 paused=False backlog=36.13 edge=37.05 div=-
20:34:27.040 CLOCK stall raw=0.00 prev=0.93 new=0.93 d=+0.000 fr=5.30 dt=0.105 rate=1.00 paused=False backlog=36.20 edge=37.12 div=-
20:34:27.193 CLOCK stall raw=0.00 prev=0.93 new=0.93 d=+0.000 fr=5.30 dt=0.153 rate=1.00 paused=False backlog=36.20 edge=37.12 div=-
20:34:27.295 CLOCK stall raw=0.00 prev=0.93 new=0.93 d=+0.000 fr=5.30 dt=0.102 rate=1.00 paused=False backlog=36.20 edge=37.12 div=-
20:34:27.397 CLOCK stall raw=0.00 prev=0.93 new=0.93 d=+0.000 fr=5.30 dt=0.102 rate=1.00 paused=False backlog=36.20 edge=37.12 div=-
20:34:27.499 CLOCK stall raw=0.00 prev=0.93 new=0.93 d=+0.000 fr=5.30 dt=0.102 rate=1.00 paused=False backlog=36.20 edge=37.12 div=-
20:34:27.602 CLOCK stall raw=0.00 prev=0.93 new=0.93 d=+0.000 fr=5.30 dt=0.103 rate=1.00 paused=False backlog=36.20 edge=37.12 div=-
20:34:27.703 CLOCK stall raw=0.00 prev=0.93 new=0.93 d=+0.000 fr=5.30 dt=0.101 rate=1.00 paused=False backlog=36.20 edge=37.12 div=-
20:34:27.805 CLOCK stall raw=0.00 prev=0.93 new=0.93 d=+0.000 fr=5.30 dt=0.102 rate=1.00 paused=False backlog=36.20 edge=37.12 div=-
20:34:27.958 CLOCK stall raw=0.00 prev=0.93 new=0.93 d=+0.000 fr=5.30 dt=0.153 rate=1.00 paused=False backlog=36.20 edge=37.12 div=-
20:34:28.060 CLOCK stall raw=0.00 prev=0.93 new=0.93 d=+0.000 fr=5.30 dt=0.102 rate=1.00 paused=False backlog=36.20 edge=37.12 div=-
20:34:28.162 CLOCK stall raw=0.00 prev=0.93 new=0.93 d=+0.000 fr=5.30 dt=0.102 rate=1.00 paused=False backlog=36.20 edge=37.12 div=-
20:34:28.263 CLOCK stall raw=0.00 prev=0.93 new=0.93 d=+0.000 fr=5.30 dt=0.101 rate=1.00 paused=False backlog=36.20 edge=37.12 div=-
20:34:28.366 CLOCK stall raw=0.00 prev=0.93 new=0.93 d=+0.000 fr=5.30 dt=0.102 rate=1.00 paused=False backlog=36.20 edge=37.12 div=-
20:34:28.467 CLOCK stall raw=0.00 prev=0.93 new=0.93 d=+0.000 fr=5.30 dt=0.102 rate=1.00 paused=False backlog=36.20 edge=37.12 div=-
20:34:28.620 CLOCK stall raw=0.00 prev=0.93 new=0.93 d=+0.000 fr=5.30 dt=0.153 rate=1.00 paused=False backlog=36.20 edge=37.12 div=-
20:34:28.707 TICK fr=5.30 cc=0.93 raw=0.00 vid=1.22 playing=1 started=1 stall=0 | d_fr_cc=+4.38 d_fr_raw=+5.30 d_cc_raw=+0.93 | off=-0.13 ccx_end=35.73 since_show=- since_cue=4.7 | pcr=38.810 pid=100 head_rel=38.81 ccx_lag=3.08 | credit=5.3 capped=0.0 | fsize=17695500 feed=17005352 feed_behind=690148 | backlog=36.20 edge=37.12 div=- lag_ewma=2.90
20:34:28.710 CLOCK stall raw=0.00 prev=0.93 new=0.93 d=+0.000 fr=9.79 dt=0.089 rate=1.00 paused=False backlog=36.20 edge=37.12 div=-
20:34:28.811 CLOCK stall raw=0.00 prev=0.93 new=0.93 d=+0.000 fr=9.79 dt=0.102 rate=1.00 paused=False backlog=36.20 edge=37.12 div=-
20:34:28.913 CLOCK stall raw=0.00 prev=0.93 new=0.93 d=+0.000 fr=9.79 dt=0.102 rate=1.00 paused=False backlog=36.20 edge=37.12 div=-
20:34:29.046 EDGESNAP err=+7.10 edge->44.22
20:34:29.047 CUE cx=[35.74..38.57] adv=2.84 el=5.03 fresh | off=-0.13 fr=9.79 cc=0.93 raw=0.00 lead=+37.51 | pcr=44.220 head_rel=44.22 lag_ewma=2.90 | q=movie today. Rise and watch as / football's biggest stars li
20:34:29.047 CUE cx=[38.57..39.10] adv=0.53 el=0.00 fresh | off=-0.13 fr=9.79 cc=0.93 raw=0.00 lead=+38.04 | pcr=44.220 head_rel=44.22 lag_ewma=2.90 | q=football's biggest stars light / up the global stage. Five /
20:34:29.048 ANCHOR pend_end=39.10 L=3.67 pinL=5.12 target=0.00 off=-0.13
20:34:29.048 CLOCK stall raw=0.00 prev=0.93 new=0.93 d=+0.000 fr=9.79 dt=0.135 rate=1.00 paused=False backlog=43.29 edge=44.22 div=-
20:34:29.150 CLOCK stall raw=0.00 prev=0.93 new=0.93 d=+0.000 fr=10.18 dt=0.102 rate=1.00 paused=False backlog=43.29 edge=44.22 div=-
20:34:29.252 CLOCK stall raw=0.00 prev=0.93 new=0.93 d=+0.000 fr=10.18 dt=0.102 rate=1.00 paused=False backlog=43.29 edge=44.22 div=-
20:34:29.252 CUE cx=[39.11..41.77] adv=2.67 el=0.20 fresh | off=-0.07 fr=10.18 cc=0.93 raw=0.00 lead=+40.78 | pcr=44.220 head_rel=44.22 lag_ewma=3.67 | q=up the global stage. Five / international games across / thr
20:34:29.355 ANCHOR pend_end=41.77 L=3.24 pinL=2.45 target=0.00 off=-0.07
20:34:29.355 CLOCK stall raw=0.00 prev=0.93 new=0.93 d=+0.000 fr=10.18 dt=0.103 rate=1.00 paused=False backlog=43.29 edge=44.22 div=-
20:34:29.456 CLOCK stall raw=0.00 prev=0.93 new=0.93 d=+0.000 fr=10.18 dt=0.102 rate=1.00 paused=False backlog=43.29 edge=44.22 div=-
20:34:29.609 CLOCK stall raw=0.00 prev=0.93 new=0.93 d=+0.000 fr=10.18 dt=0.153 rate=1.00 paused=False backlog=43.29 edge=44.22 div=-
20:34:29.711 CLOCK stall raw=0.00 prev=0.93 new=0.93 d=+0.000 fr=10.18 dt=0.102 rate=1.00 paused=False backlog=43.29 edge=44.22 div=-
20:34:29.812 CLOCK stall raw=0.00 prev=0.93 new=0.93 d=+0.000 fr=10.18 dt=0.102 rate=1.00 paused=False backlog=43.29 edge=44.22 div=-
20:34:29.915 CLOCK stall raw=0.00 prev=0.93 new=0.93 d=+0.000 fr=10.18 dt=0.102 rate=1.00 paused=False backlog=43.29 edge=44.22 div=-
20:34:30.017 CLOCK stall raw=0.00 prev=0.93 new=0.93 d=+0.000 fr=10.18 dt=0.103 rate=1.00 paused=False backlog=43.29 edge=44.22 div=-
20:34:30.120 CLOCK stall raw=0.00 prev=0.93 new=0.93 d=+0.000 fr=10.18 dt=0.102 rate=1.00 paused=False backlog=43.29 edge=44.22 div=-
20:34:30.222 CLOCK stall raw=0.00 prev=0.93 new=0.93 d=+0.000 fr=10.18 dt=0.102 rate=1.00 paused=False backlog=43.29 edge=44.22 div=-
20:34:30.377 CLOCK stall raw=0.00 prev=0.93 new=0.93 d=+0.000 fr=10.18 dt=0.155 rate=1.00 paused=False backlog=43.29 edge=44.22 div=-
20:34:30.481 CLOCK stall raw=0.00 prev=0.93 new=0.93 d=+0.000 fr=10.18 dt=0.103 rate=1.00 paused=False backlog=43.29 edge=44.22 div=-
20:34:30.582 CLOCK stall raw=0.00 prev=0.93 new=0.93 d=+0.000 fr=10.18 dt=0.102 rate=1.00 paused=False backlog=43.29 edge=44.22 div=-
20:34:30.685 CLOCK stall raw=0.00 prev=0.93 new=0.93 d=+0.000 fr=10.18 dt=0.102 rate=1.00 paused=False backlog=43.29 edge=44.22 div=-
20:34:30.787 CLOCK stall raw=0.00 prev=0.93 new=0.93 d=+0.000 fr=10.18 dt=0.102 rate=1.00 paused=False backlog=43.29 edge=44.22 div=-
20:34:30.889 CLOCK stall raw=0.00 prev=0.93 new=0.93 d=+0.000 fr=10.18 dt=0.102 rate=1.00 paused=False backlog=43.29 edge=44.22 div=-
20:34:30.991 CLOCK stall raw=0.00 prev=0.93 new=0.93 d=+0.000 fr=10.18 dt=0.102 rate=1.00 paused=False backlog=43.29 edge=44.22 div=-
20:34:31.094 CLOCK stall raw=0.00 prev=0.93 new=0.93 d=+0.000 fr=10.18 dt=0.103 rate=1.00 paused=False backlog=43.29 edge=44.22 div=-
20:34:31.247 CLOCK stall raw=0.00 prev=0.93 new=0.93 d=+0.000 fr=10.18 dt=0.153 rate=1.00 paused=False backlog=43.29 edge=44.22 div=-
20:34:31.350 CLOCK stall raw=0.00 prev=0.93 new=0.93 d=+0.000 fr=10.18 dt=0.103 rate=1.00 paused=False backlog=43.29 edge=44.22 div=-
20:34:31.453 CLOCK stall raw=0.00 prev=0.93 new=0.93 d=+0.000 fr=10.18 dt=0.103 rate=1.00 paused=False backlog=43.29 edge=44.22 div=-
20:34:31.554 CLOCK stall raw=0.00 prev=0.93 new=0.93 d=+0.000 fr=10.18 dt=0.102 rate=1.00 paused=False backlog=43.29 edge=44.22 div=-
20:34:31.657 CLOCK stall raw=0.00 prev=0.93 new=0.93 d=+0.000 fr=10.18 dt=0.102 rate=1.00 paused=False backlog=43.29 edge=44.22 div=-
20:34:31.759 CLOCK stall raw=0.00 prev=0.93 new=0.93 d=+0.000 fr=10.18 dt=0.102 rate=1.00 paused=False backlog=43.29 edge=44.22 div=-
20:34:31.861 CLOCK stall raw=0.00 prev=0.93 new=0.93 d=+0.000 fr=10.18 dt=0.102 rate=1.00 paused=False backlog=43.29 edge=44.22 div=-
20:34:31.963 CLOCK stall raw=0.00 prev=0.93 new=0.93 d=+0.000 fr=10.18 dt=0.101 rate=1.00 paused=False backlog=43.29 edge=44.22 div=-
20:34:32.116 CLOCK stall raw=0.00 prev=0.93 new=0.93 d=+0.000 fr=10.18 dt=0.153 rate=1.00 paused=False backlog=43.29 edge=44.22 div=-
20:34:32.217 CLOCK stall raw=0.00 prev=0.93 new=0.93 d=+0.000 fr=10.18 dt=0.102 rate=1.00 paused=False backlog=43.29 edge=44.22 div=-
20:34:32.320 CLOCK stall raw=0.00 prev=0.93 new=0.93 d=+0.000 fr=10.18 dt=0.102 rate=1.00 paused=False backlog=43.29 edge=44.22 div=-
20:34:32.472 CLOCK stall raw=0.00 prev=0.93 new=0.93 d=+0.000 fr=10.18 dt=0.153 rate=1.00 paused=False backlog=43.29 edge=44.22 div=-
20:34:32.575 CLOCK stall raw=0.00 prev=0.93 new=0.93 d=+0.000 fr=10.18 dt=0.103 rate=1.00 paused=False backlog=43.29 edge=44.22 div=-
20:34:32.678 CLOCK stall raw=0.00 prev=0.93 new=0.93 d=+0.000 fr=10.18 dt=0.103 rate=1.00 paused=False backlog=43.29 edge=44.22 div=-
20:34:32.780 CLOCK stall raw=0.00 prev=0.93 new=0.93 d=+0.000 fr=10.18 dt=0.102 rate=1.00 paused=False backlog=43.29 edge=44.22 div=-
20:34:32.883 CLOCK stall raw=0.00 prev=0.93 new=0.93 d=+0.000 fr=10.18 dt=0.103 rate=1.00 paused=False backlog=43.29 edge=44.22 div=-
20:34:32.985 CLOCK stall raw=0.00 prev=0.93 new=0.93 d=+0.000 fr=10.18 dt=0.102 rate=1.00 paused=False backlog=43.29 edge=44.22 div=-
20:34:33.089 CLOCK stall raw=0.00 prev=0.93 new=0.93 d=+0.000 fr=10.18 dt=0.104 rate=1.00 paused=False backlog=43.29 edge=44.22 div=-
20:34:33.191 CLOCK stall raw=0.00 prev=0.93 new=0.93 d=+0.000 fr=10.18 dt=0.101 rate=1.00 paused=False backlog=43.29 edge=44.22 div=-
20:34:33.343 CLOCK stall raw=0.00 prev=0.93 new=0.93 d=+0.000 fr=10.18 dt=0.152 rate=1.00 paused=False backlog=43.29 edge=44.22 div=-
20:34:33.445 CLOCK stall raw=0.00 prev=0.93 new=0.93 d=+0.000 fr=10.18 dt=0.102 rate=1.00 paused=False backlog=43.29 edge=44.22 div=-
20:34:33.547 CLOCK stall raw=0.00 prev=0.93 new=0.93 d=+0.000 fr=10.18 dt=0.102 rate=1.00 paused=False backlog=43.29 edge=44.22 div=-
20:34:33.650 CLOCK stall raw=0.00 prev=0.93 new=0.93 d=+0.000 fr=14.68 dt=0.103 rate=1.00 paused=False backlog=43.29 edge=44.22 div=-
20:34:33.686 TICK fr=14.68 cc=0.93 raw=0.00 vid=1.22 playing=1 started=1 stall=0 | d_fr_cc=+13.75 d_fr_raw=+14.68 d_cc_raw=+0.93 | off=-0.03 ccx_end=41.77 since_show=- since_cue=4.4 | pcr=46.475 pid=100 head_rel=46.47 ccx_lag=4.70 | credit=14.7 capped=0.0 | fsize=20875708 feed=20667216 feed_behind=208492 | backlog=43.29 edge=44.22 div=- lag_ewma=3.24
20:34:33.738 CLOCK stall raw=0.00 prev=0.93 new=0.93 d=+0.000 fr=14.68 dt=0.087 rate=1.00 paused=False backlog=43.29 edge=44.22 div=-
20:34:33.830 EDGESNAP err=+4.22 edge->48.44
20:34:33.830 CUE cx=[41.78..43.68] adv=1.90 el=4.54 fresh | off=-0.03 fr=14.68 cc=0.93 raw=0.00 lead=+42.72 | pcr=48.442 head_rel=48.44 lag_ewma=7.47 | q=international games across / three iconic cities. Let's go /
20:34:33.832 CUE cx=[43.68..45.74] adv=2.07 el=0.04 fresh | off=-0.03 fr=14.68 cc=0.93 raw=0.00 lead=+44.78 | pcr=48.442 head_rel=48.44 lag_ewma=7.47 | q=three iconic cities. Let's go / London, Madrid and for the /
20:34:33.833 ANCHOR pend_end=45.74 L=5.80 pinL=2.70 target=0.00 off=-0.03
20:34:33.833 CLOCK stall raw=0.00 prev=0.93 new=0.93 d=+0.000 fr=14.68 dt=0.095 rate=1.00 paused=False backlog=47.51 edge=48.44 div=-
20:34:33.985 CLOCK stall raw=0.00 prev=0.93 new=0.93 d=+0.000 fr=14.68 dt=0.153 rate=1.00 paused=False backlog=47.51 edge=48.44 div=-
20:34:34.088 CLOCK stall raw=0.00 prev=0.93 new=0.93 d=+0.000 fr=15.06 dt=0.103 rate=1.00 paused=False backlog=47.51 edge=48.44 div=-
20:34:34.190 CLOCK stall raw=0.00 prev=0.93 new=0.93 d=+0.000 fr=15.06 dt=0.102 rate=1.00 paused=False backlog=47.51 edge=48.44 div=-
20:34:34.291 CLOCK stall raw=0.00 prev=0.93 new=0.93 d=+0.000 fr=15.06 dt=0.102 rate=1.00 paused=False backlog=47.51 edge=48.44 div=-
20:34:34.394 CLOCK stall raw=0.00 prev=0.93 new=0.93 d=+0.000 fr=15.06 dt=0.103 rate=1.00 paused=False backlog=47.51 edge=48.44 div=-
20:34:34.496 CLOCK stall raw=0.00 prev=0.93 new=0.93 d=+0.000 fr=15.06 dt=0.102 rate=1.00 paused=False backlog=47.51 edge=48.44 div=-
20:34:34.649 CLOCK stall raw=0.00 prev=0.93 new=0.93 d=+0.000 fr=15.06 dt=0.153 rate=1.00 paused=False backlog=47.51 edge=48.44 div=-
20:34:34.752 CLOCK stall raw=0.00 prev=0.93 new=0.93 d=+0.000 fr=15.06 dt=0.102 rate=1.00 paused=False backlog=47.51 edge=48.44 div=-
20:34:34.855 CLOCK stall raw=0.00 prev=0.93 new=0.93 d=+0.000 fr=15.06 dt=0.104 rate=1.00 paused=False backlog=47.51 edge=48.44 div=-
20:34:34.958 CLOCK stall raw=0.00 prev=0.93 new=0.93 d=+0.000 fr=15.06 dt=0.103 rate=1.00 paused=False backlog=47.51 edge=48.44 div=-
20:34:35.086 CLOCK stall raw=0.00 prev=0.93 new=0.93 d=+0.000 fr=15.06 dt=0.128 rate=1.00 paused=False backlog=47.69 edge=48.62 div=-
20:34:35.190 CLOCK stall raw=0.00 prev=0.93 new=0.93 d=+0.000 fr=15.06 dt=0.103 rate=1.00 paused=False backlog=47.69 edge=48.62 div=-
20:34:35.294 CLOCK stall raw=0.00 prev=0.93 new=0.93 d=+0.000 fr=15.06 dt=0.104 rate=1.00 paused=False backlog=47.69 edge=48.62 div=-
20:34:35.396 CLOCK stall raw=0.00 prev=0.93 new=0.93 d=+0.000 fr=15.06 dt=0.102 rate=1.00 paused=False backlog=47.69 edge=48.62 div=-
20:34:35.499 CLOCK stall raw=0.00 prev=0.93 new=0.93 d=+0.000 fr=15.06 dt=0.103 rate=1.00 paused=False backlog=47.69 edge=48.62 div=-
20:34:35.603 CLOCK stall raw=0.00 prev=0.93 new=0.93 d=+0.000 fr=15.06 dt=0.102 rate=1.00 paused=False backlog=47.69 edge=48.62 div=-
20:34:35.755 CLOCK stall raw=0.00 prev=0.93 new=0.93 d=+0.000 fr=15.06 dt=0.153 rate=1.00 paused=False backlog=47.69 edge=48.62 div=-
20:34:35.857 CLOCK stall raw=0.00 prev=0.93 new=0.93 d=+0.000 fr=15.06 dt=0.102 rate=1.00 paused=False backlog=47.69 edge=48.62 div=-
20:34:35.959 CLOCK stall raw=0.00 prev=0.93 new=0.93 d=+0.000 fr=15.06 dt=0.102 rate=1.00 paused=False backlog=47.69 edge=48.62 div=-
20:34:36.061 CLOCK stall raw=0.00 prev=0.93 new=0.93 d=+0.000 fr=15.06 dt=0.102 rate=1.00 paused=False backlog=47.69 edge=48.62 div=-
20:34:36.163 CLOCK stall raw=0.00 prev=0.93 new=0.93 d=+0.000 fr=15.06 dt=0.102 rate=1.00 paused=False backlog=47.69 edge=48.62 div=-
20:34:36.265 CLOCK stall raw=0.00 prev=0.93 new=0.93 d=+0.000 fr=15.06 dt=0.102 rate=1.00 paused=False backlog=47.69 edge=48.62 div=-
20:34:36.366 CLOCK stall raw=0.00 prev=0.93 new=0.93 d=+0.000 fr=15.06 dt=0.101 rate=1.00 paused=False backlog=47.69 edge=48.62 div=-
20:34:36.469 CLOCK stall raw=0.00 prev=0.93 new=0.93 d=+0.000 fr=15.06 dt=0.104 rate=1.00 paused=False backlog=47.69 edge=48.62 div=-
20:34:36.572 CLOCK stall raw=0.00 prev=0.93 new=0.93 d=+0.000 fr=15.06 dt=0.102 rate=1.00 paused=False backlog=47.69 edge=48.62 div=-
20:34:36.724 CLOCK stall raw=0.00 prev=0.93 new=0.93 d=+0.000 fr=15.06 dt=0.154 rate=1.00 paused=False backlog=47.69 edge=48.62 div=-
20:34:36.827 CLOCK stall raw=0.00 prev=0.93 new=0.93 d=+0.000 fr=15.06 dt=0.102 rate=1.00 paused=False backlog=47.69 edge=48.62 div=-
20:34:36.929 CLOCK stall raw=0.00 prev=0.93 new=0.93 d=+0.000 fr=15.06 dt=0.103 rate=1.00 paused=False backlog=47.69 edge=48.62 div=-
20:34:37.034 CLOCK stall raw=0.00 prev=0.93 new=0.93 d=+0.000 fr=15.06 dt=0.105 rate=1.00 paused=False backlog=47.78 edge=48.70 div=-
20:34:37.136 CLOCK stall raw=0.00 prev=0.93 new=0.93 d=+0.000 fr=15.06 dt=0.102 rate=1.00 paused=False backlog=47.78 edge=48.70 div=-
20:34:37.240 CLOCK stall raw=0.00 prev=0.93 new=0.93 d=+0.000 fr=15.06 dt=0.104 rate=1.00 paused=False backlog=47.78 edge=48.70 div=-
20:34:37.342 CLOCK stall raw=0.00 prev=0.93 new=0.93 d=+0.000 fr=15.06 dt=0.102 rate=1.00 paused=False backlog=47.78 edge=48.70 div=-
20:34:37.495 CLOCK stall raw=0.00 prev=0.93 new=0.93 d=+0.000 fr=15.06 dt=0.153 rate=1.00 paused=False backlog=47.78 edge=48.70 div=-
20:34:37.598 CLOCK stall raw=0.00 prev=0.93 new=0.93 d=+0.000 fr=15.06 dt=0.104 rate=1.00 paused=False backlog=47.78 edge=48.70 div=-
20:34:37.701 CLOCK stall raw=0.00 prev=0.93 new=0.93 d=+0.000 fr=15.06 dt=0.102 rate=1.00 paused=False backlog=47.78 edge=48.70 div=-
20:34:37.803 CLOCK stall raw=0.00 prev=0.93 new=0.93 d=+0.000 fr=15.06 dt=0.102 rate=1.00 paused=False backlog=47.78 edge=48.70 div=-
20:34:37.905 CLOCK stall raw=0.00 prev=0.93 new=0.93 d=+0.000 fr=15.06 dt=0.102 rate=1.00 paused=False backlog=47.78 edge=48.70 div=-
20:34:38.007 CLOCK stall raw=0.00 prev=0.93 new=0.93 d=+0.000 fr=15.06 dt=0.102 rate=1.00 paused=False backlog=47.78 edge=48.70 div=-
20:34:38.109 CLOCK stall raw=0.00 prev=0.93 new=0.93 d=+0.000 fr=15.06 dt=0.102 rate=1.00 paused=False backlog=47.78 edge=48.70 div=-
20:34:38.211 CLOCK stall raw=0.00 prev=0.93 new=0.93 d=+0.000 fr=15.06 dt=0.102 rate=1.00 paused=False backlog=47.78 edge=48.70 div=-
20:34:38.363 CLOCK stall raw=0.00 prev=0.93 new=0.93 d=+0.000 fr=15.06 dt=0.153 rate=1.00 paused=False backlog=47.78 edge=48.70 div=-
20:34:38.467 CLOCK stall raw=0.00 prev=0.93 new=0.93 d=+0.000 fr=15.06 dt=0.104 rate=1.00 paused=False backlog=47.78 edge=48.70 div=-
20:34:38.569 CLOCK stall raw=0.00 prev=0.93 new=0.93 d=+0.000 fr=15.06 dt=0.102 rate=1.00 paused=False backlog=47.78 edge=48.70 div=-
20:34:38.713 TICK fr=15.06 cc=0.93 raw=0.00 vid=1.22 playing=1 started=1 stall=0 | d_fr_cc=+14.14 d_fr_raw=+15.06 d_cc_raw=+0.93 | off=-0.02 ccx_end=45.74 since_show=- since_cue=4.8 | pcr=50.270 pid=100 head_rel=50.27 ccx_lag=4.53 | credit=15.1 capped=0.0 | fsize=22450772 feed=21838832 feed_behind=611940 | backlog=47.78 edge=48.70 div=- lag_ewma=5.80
20:34:38.714 CLOCK stall raw=0.00 prev=0.93 new=0.93 d=+0.000 fr=15.06 dt=0.145 rate=1.00 paused=False backlog=47.78 edge=48.70 div=-
20:34:38.851 EDGESNAP err=+3.32 edge->52.02
20:34:38.852 CUE cx=[45.75..49.31] adv=3.57 el=4.99 fresh | off=-0.02 fr=15.06 cc=0.93 raw=0.00 lead=+48.37 | pcr=52.025 head_rel=52.02 lag_ewma=9.12 | q=London, Madrid and for the / first time ever, the NFL in / P
20:34:38.852 CUE cx=[49.32..50.82] adv=1.50 el=0.03 fresh | off=-0.02 fr=15.06 cc=0.93 raw=0.00 lead=+49.87 | pcr=52.025 head_rel=52.02 lag_ewma=9.12 | q=first time ever, the NFL in / Paris. Snooze off. Game on. / 
20:34:38.852 ANCHOR pend_end=50.82 L=6.35 pinL=1.21 target=0.00 off=-0.02
20:34:38.853 CLOCK stall raw=0.00 prev=0.93 new=0.93 d=+0.000 fr=15.06 dt=0.139 rate=1.00 paused=False backlog=51.10 edge=52.02 div=-
20:34:38.905 CLOCK stall raw=0.00 prev=0.93 new=0.93 d=+0.000 fr=19.93 dt=0.052 rate=1.00 paused=False backlog=51.10 edge=52.02 div=-
20:34:39.008 CLOCK stall raw=0.00 prev=0.93 new=0.93 d=+0.000 fr=19.93 dt=0.102 rate=1.00 paused=False backlog=51.10 edge=52.02 div=-
20:34:39.110 CLOCK stall raw=0.00 prev=0.93 new=0.93 d=+0.000 fr=19.93 dt=0.102 rate=1.00 paused=False backlog=51.10 edge=52.02 div=-
20:34:39.211 CLOCK stall raw=0.00 prev=0.93 new=0.93 d=+0.000 fr=19.93 dt=0.101 rate=1.00 paused=False backlog=51.10 edge=52.02 div=-
20:34:39.363 CLOCK stall raw=0.00 prev=0.93 new=0.93 d=+0.000 fr=19.93 dt=0.152 rate=1.00 paused=False backlog=51.10 edge=52.02 div=-
20:34:39.465 CLOCK stall raw=0.00 prev=0.93 new=0.93 d=+0.000 fr=19.93 dt=0.101 rate=1.00 paused=False backlog=51.10 edge=52.02 div=-
20:34:39.566 CLOCK stall raw=0.00 prev=0.93 new=0.93 d=+0.000 fr=19.93 dt=0.102 rate=1.00 paused=False backlog=51.10 edge=52.02 div=-
20:34:39.668 CLOCK stall raw=0.00 prev=0.93 new=0.93 d=+0.000 fr=19.93 dt=0.102 rate=1.00 paused=False backlog=51.10 edge=52.02 div=-
20:34:39.771 CLOCK stall raw=0.00 prev=0.93 new=0.93 d=+0.000 fr=19.93 dt=0.102 rate=1.00 paused=False backlog=51.10 edge=52.02 div=-
20:34:39.873 CLOCK stall raw=0.00 prev=0.93 new=0.93 d=+0.000 fr=19.93 dt=0.102 rate=1.00 paused=False backlog=51.10 edge=52.02 div=-
20:34:39.974 CLOCK stall raw=0.00 prev=0.93 new=0.93 d=+0.000 fr=19.93 dt=0.101 rate=1.00 paused=False backlog=51.10 edge=52.02 div=-
20:34:40.077 CLOCK stall raw=0.00 prev=0.93 new=0.93 d=+0.000 fr=19.93 dt=0.103 rate=1.00 paused=False backlog=51.10 edge=52.02 div=-
20:34:40.230 CLOCK stall raw=0.00 prev=0.93 new=0.93 d=+0.000 fr=19.93 dt=0.152 rate=1.00 paused=False backlog=51.10 edge=52.02 div=-
20:34:40.332 CLOCK stall raw=0.00 prev=0.93 new=0.93 d=+0.000 fr=19.93 dt=0.102 rate=1.00 paused=False backlog=51.10 edge=52.02 div=-
20:34:40.434 CLOCK stall raw=0.00 prev=0.93 new=0.93 d=+0.000 fr=19.93 dt=0.102 rate=1.00 paused=False backlog=51.10 edge=52.02 div=-
20:34:40.537 CLOCK stall raw=0.00 prev=0.93 new=0.93 d=+0.000 fr=19.93 dt=0.103 rate=1.00 paused=False backlog=51.10 edge=52.02 div=-
20:34:40.638 CLOCK stall raw=0.00 prev=0.93 new=0.93 d=+0.000 fr=19.93 dt=0.102 rate=1.00 paused=False backlog=51.10 edge=52.02 div=-
20:34:40.741 CLOCK stall raw=0.00 prev=0.93 new=0.93 d=+0.000 fr=19.93 dt=0.102 rate=1.00 paused=False backlog=51.10 edge=52.02 div=-
20:34:40.842 CLOCK stall raw=0.00 prev=0.93 new=0.93 d=+0.000 fr=19.93 dt=0.101 rate=1.00 paused=False backlog=51.10 edge=52.02 div=-
20:34:40.996 CLOCK stall raw=0.00 prev=0.93 new=0.93 d=+0.000 fr=19.93 dt=0.153 rate=1.00 paused=False backlog=51.10 edge=52.02 div=-
20:34:41.099 CLOCK stall raw=0.00 prev=0.93 new=0.93 d=+0.000 fr=19.93 dt=0.104 rate=1.00 paused=False backlog=51.10 edge=52.02 div=-
20:34:41.202 CLOCK stall raw=0.00 prev=0.93 new=0.93 d=+0.000 fr=19.93 dt=0.102 rate=1.00 paused=False backlog=51.10 edge=52.02 div=-
20:34:41.303 CLOCK stall raw=0.00 prev=0.93 new=0.93 d=+0.000 fr=19.93 dt=0.102 rate=1.00 paused=False backlog=51.10 edge=52.02 div=-
20:34:41.405 CLOCK stall raw=0.00 prev=0.93 new=0.93 d=+0.000 fr=19.93 dt=0.102 rate=1.00 paused=False backlog=51.10 edge=52.02 div=-
20:34:41.506 CLOCK stall raw=0.00 prev=0.93 new=0.93 d=+0.000 fr=19.93 dt=0.101 rate=1.00 paused=False backlog=51.10 edge=52.02 div=-
20:34:41.608 CLOCK stall raw=0.00 prev=0.93 new=0.93 d=+0.000 fr=19.93 dt=0.102 rate=1.00 paused=False backlog=51.10 edge=52.02 div=-
20:34:41.709 CLOCK stall raw=0.00 prev=0.93 new=0.93 d=+0.000 fr=19.93 dt=0.102 rate=1.00 paused=False backlog=51.10 edge=52.02 div=-
20:34:41.861 CLOCK stall raw=0.00 prev=0.93 new=0.93 d=+0.000 fr=19.93 dt=0.152 rate=1.00 paused=False backlog=51.10 edge=52.02 div=-
20:34:41.963 CLOCK stall raw=0.00 prev=0.93 new=0.93 d=+0.000 fr=19.93 dt=0.102 rate=1.00 paused=False backlog=51.10 edge=52.02 div=-
20:34:42.066 CLOCK stall raw=0.00 prev=0.93 new=0.93 d=+0.000 fr=19.93 dt=0.102 rate=1.00 paused=False backlog=51.10 edge=52.02 div=-
20:34:42.168 CLOCK fold raw=0.31 prev=0.93 new=0.31 d=-0.622 fr=19.93 dt=0.103 rate=1.00 paused=False backlog=51.72 edge=52.02 div=-0.00
20:34:42.272 CLOCK trickle raw=0.31 prev=0.31 new=0.31 d=+0.000 fr=19.93 dt=0.103 rate=1.00 paused=False backlog=51.72 edge=52.02 div=-0.00
20:34:42.425 CLOCK trickle raw=0.31 prev=0.31 new=0.31 d=+0.000 fr=19.93 dt=0.153 rate=1.00 paused=False backlog=51.72 edge=52.02 div=-0.00
20:34:42.527 CLOCK fold raw=0.59 prev=0.31 new=0.59 d=+0.283 fr=19.93 dt=0.103 rate=1.00 paused=False backlog=51.43 edge=52.02 div=-0.00
20:34:42.632 CLOCK trickle raw=0.59 prev=0.59 new=0.59 d=+0.000 fr=19.93 dt=0.105 rate=1.00 paused=False backlog=51.46 edge=52.04 div=-0.00
20:34:42.734 CLOCK fold raw=0.87 prev=0.59 new=0.87 d=+0.280 fr=19.93 dt=0.102 rate=1.00 paused=False backlog=51.20 edge=52.06 div=-0.00
20:34:42.836 CLOCK trickle raw=0.87 prev=0.87 new=0.87 d=+0.000 fr=19.93 dt=0.102 rate=1.00 paused=False backlog=51.21 edge=52.08 div=-0.00
20:34:42.939 CLOCK integ raw=0.87 prev=0.87 new=0.97 d=+0.103 fr=19.93 dt=0.103 rate=1.00 paused=False backlog=51.21 edge=52.19 div=-0.00
20:34:43.045 CLOCK fold raw=1.15 prev=0.97 new=1.15 d=+0.179 fr=19.93 dt=0.105 rate=1.00 paused=False backlog=51.06 edge=52.21 div=-0.00
20:34:43.147 CLOCK integ raw=1.15 prev=1.15 new=1.25 d=+0.103 fr=19.93 dt=0.103 rate=1.00 paused=False backlog=51.06 edge=52.31 div=-0.00
20:34:43.249 CLOCK integ raw=1.15 prev=1.25 new=1.36 d=+0.102 fr=19.93 dt=0.102 rate=1.00 paused=False backlog=51.06 edge=52.42 div=-0.00
20:34:43.403 CLOCK fold raw=1.43 prev=1.36 new=1.43 d=+0.076 fr=19.93 dt=0.154 rate=1.00 paused=False backlog=51.14 edge=52.57 div=-0.00
20:34:43.506 CLOCK integ raw=1.43 prev=1.43 new=1.53 d=+0.103 fr=19.93 dt=0.103 rate=1.00 paused=False backlog=51.14 edge=52.67 div=-0.00
20:34:43.610 CLOCK fold raw=1.71 prev=1.53 new=1.71 d=+0.176 fr=19.93 dt=0.104 rate=1.00 paused=False backlog=51.06 edge=52.78 div=-0.00
20:34:43.720 TICK fr=19.93 cc=1.71 raw=1.71 vid=1.43 playing=1 started=1 stall=0 | d_fr_cc=+18.22 d_fr_raw=+18.22 d_cc_raw=+0.00 | off=-0.01 ccx_end=50.82 since_show=- since_cue=4.8 | pcr=53.643 pid=100 head_rel=53.64 ccx_lag=2.83 | credit=19.9 capped=0.0 | fsize=24052720 feed=23254660 feed_behind=798060 | backlog=51.06 edge=52.78 div=-0.00 lag_ewma=6.35
20:34:43.721 CLOCK integ raw=1.71 prev=1.71 new=1.82 d=+0.111 fr=19.93 dt=0.111 rate=1.00 paused=False backlog=51.06 edge=52.89 div=-0.00
20:34:43.826 CLOCK integ raw=1.71 prev=1.82 new=1.93 d=+0.105 fr=24.80 dt=0.105 rate=1.00 paused=False backlog=51.06 edge=52.99 div=-0.00
20:34:43.928 CLOCK fold raw=1.99 prev=1.93 new=1.99 d=+0.067 fr=24.80 dt=0.103 rate=1.00 paused=False backlog=51.10 edge=53.09 div=-0.00
20:34:44.080 EDGESNAP err=+5.91 edge->59.00
20:34:44.080 CUE cx=[50.82..52.58] adv=1.77 el=5.18 fresh | off=-0.01 fr=24.80 cc=1.99 raw=1.99 lead=+50.58 | pcr=59.004 head_rel=59.00 lag_ewma=12.26 | q=Paris. Snooze off. Game on. / Wake up to Sunday morning. / F
20:34:44.082 ANCHOR pend_end=52.58 L=10.21 pinL=6.42 target=0.00 off=-0.01
20:34:44.083 CLOCK integ raw=1.99 prev=1.99 new=2.15 d=+0.153 fr=24.80 dt=0.153 rate=1.00 paused=False backlog=57.01 edge=59.16 div=-0.00
20:34:44.136 CLOCK fold raw=2.28 prev=2.15 new=2.28 d=+0.129 fr=25.21 dt=0.054 rate=1.00 paused=False backlog=56.94 edge=59.21 div=-0.00
20:34:44.239 CLOCK integ raw=2.28 prev=2.28 new=2.38 d=+0.103 fr=25.21 dt=0.103 rate=1.00 paused=False backlog=56.94 edge=59.31 div=-0.00
20:34:44.293 CUE cx=[52.59..56.92] adv=4.34 el=0.26 fresh | off=-0.00 fr=25.21 cc=2.38 raw=2.28 lead=+54.54 | pcr=59.004 head_rel=59.00 lag_ewma=10.21 | q=Wake up to Sunday morning. / Football starts October 4th on 
20:34:44.294 CUE cx=[56.92..57.99] adv=1.07 el=0.00 fresh | off=-0.00 fr=25.21 cc=2.38 raw=2.28 lead=+55.61 | pcr=59.004 head_rel=59.00 lag_ewma=10.21 | q=Football starts October 4th on / NFL network and the ESPN ap
20:34:44.345 ANCHOR pend_end=57.99 L=6.99 pinL=1.01 target=0.08 off=-0.00
20:34:44.345 CLOCK integ raw=2.28 prev=2.38 new=2.49 d=+0.106 fr=25.21 dt=0.106 rate=1.00 paused=False backlog=56.70 edge=59.19 div=-0.00
20:34:44.498 CLOCK fold raw=2.56 prev=2.49 new=2.56 d=+0.072 fr=25.21 dt=0.153 rate=1.00 paused=False backlog=56.78 edge=59.34 div=-0.00
20:34:44.601 CLOCK integ raw=2.56 prev=2.56 new=2.66 d=+0.103 fr=25.21 dt=0.103 rate=1.00 paused=False backlog=56.78 edge=59.44 div=-0.00
20:34:44.703 CLOCK fold raw=2.84 prev=2.66 new=2.84 d=+0.178 fr=25.21 dt=0.102 rate=1.00 paused=False backlog=56.71 edge=59.55 div=-0.00
20:34:44.806 CLOCK integ raw=2.84 prev=2.84 new=2.94 d=+0.103 fr=25.21 dt=0.103 rate=1.00 paused=False backlog=56.71 edge=59.65 div=-0.00
20:34:44.907 CLOCK integ raw=2.84 prev=2.94 new=3.04 d=+0.102 fr=25.21 dt=0.102 rate=1.00 paused=False backlog=56.71 edge=59.75 div=-0.00
20:34:45.010 CLOCK fold raw=3.12 prev=3.04 new=3.12 d=+0.077 fr=25.21 dt=0.103 rate=1.00 paused=False backlog=56.73 edge=59.85 div=-0.00
20:34:45.114 CLOCK integ raw=3.12 prev=3.12 new=3.22 d=+0.104 fr=25.21 dt=0.104 rate=1.00 paused=False backlog=56.31 edge=59.53 div=-0.00
20:34:45.217 CLOCK integ raw=3.12 prev=3.22 new=3.33 d=+0.102 fr=25.21 dt=0.102 rate=1.00 paused=False backlog=56.31 edge=59.63 div=-0.00
20:34:45.320 CLOCK fold raw=3.40 prev=3.33 new=3.40 d=+0.079 fr=25.21 dt=0.103 rate=1.00 paused=False backlog=56.33 edge=59.74 div=-0.00
20:34:45.473 CLOCK integ raw=3.40 prev=3.40 new=3.56 d=+0.153 fr=25.21 dt=0.153 rate=1.00 paused=False backlog=56.33 edge=59.89 div=-0.00
20:34:45.576 CLOCK fold raw=3.68 prev=3.56 new=3.68 d=+0.125 fr=25.21 dt=0.103 rate=1.00 paused=False backlog=56.31 edge=59.99 div=-0.00
20:34:45.678 CLOCK integ raw=3.68 prev=3.68 new=3.78 d=+0.102 fr=25.21 dt=0.102 rate=1.00 paused=False backlog=56.31 edge=60.10 div=-0.00
20:34:45.779 CLOCK integ raw=3.68 prev=3.78 new=3.89 d=+0.101 fr=25.21 dt=0.101 rate=1.00 paused=False backlog=56.31 edge=60.20 div=-0.00
20:34:45.881 CLOCK fold raw=3.96 prev=3.89 new=3.96 d=+0.078 fr=25.21 dt=0.102 rate=1.00 paused=False backlog=56.33 edge=60.30 div=-0.00
20:34:46.083 CLOCK fold raw=4.25 prev=3.96 new=4.25 d=+0.282 fr=25.21 dt=0.202 rate=1.00 paused=False backlog=56.25 edge=60.50 div=-0.00
20:34:46.185 CLOCK integ raw=4.25 prev=4.25 new=4.35 d=+0.101 fr=25.21 dt=0.101 rate=1.00 paused=False backlog=56.25 edge=60.60 div=-0.00
20:34:46.287 CLOCK integ raw=4.25 prev=4.35 new=4.45 d=+0.102 fr=25.21 dt=0.102 rate=1.00 paused=False backlog=56.25 edge=60.70 div=-0.00
20:34:46.389 CLOCK fold raw=4.53 prev=4.45 new=4.53 d=+0.077 fr=25.21 dt=0.102 rate=1.00 paused=False backlog=56.28 edge=60.81 div=-0.00
20:34:46.491 CLOCK integ raw=4.53 prev=4.53 new=4.63 d=+0.102 fr=25.21 dt=0.102 rate=1.00 paused=False backlog=56.28 edge=60.91 div=-0.00
20:34:46.592 CLOCK integ raw=4.53 prev=4.63 new=4.73 d=+0.102 fr=25.21 dt=0.102 rate=1.00 paused=False backlog=56.28 edge=61.01 div=-0.00
20:34:46.694 CLOCK fold raw=4.81 prev=4.73 new=4.81 d=+0.079 fr=25.21 dt=0.102 rate=1.00 paused=False backlog=56.30 edge=61.11 div=-0.00
20:34:46.797 CLOCK integ raw=4.81 prev=4.81 new=4.91 d=+0.102 fr=25.21 dt=0.102 rate=1.00 paused=False backlog=56.30 edge=61.21 div=-0.00
20:34:46.898 CLOCK integ raw=4.81 prev=4.91 new=5.01 d=+0.102 fr=25.21 dt=0.102 rate=1.00 paused=False backlog=56.30 edge=61.32 div=-0.00
20:34:47.000 CLOCK fold raw=5.09 prev=5.01 new=5.09 d=+0.078 fr=25.21 dt=0.102 rate=1.00 paused=False backlog=56.33 edge=61.42 div=-0.00
20:34:47.106 CLOCK integ raw=5.09 prev=5.09 new=5.20 d=+0.106 fr=25.21 dt=0.106 rate=1.00 paused=False backlog=55.12 edge=60.32 div=-0.00
20:34:47.207 CLOCK integ raw=5.09 prev=5.20 new=5.30 d=+0.101 fr=25.21 dt=0.101 rate=1.00 paused=False backlog=55.12 edge=60.42 div=-0.00
20:34:47.309 CLOCK fold raw=5.38 prev=5.30 new=5.38 d=+0.082 fr=25.21 dt=0.102 rate=1.00 paused=False backlog=55.14 edge=60.52 div=-0.00
20:34:47.412 CLOCK integ raw=5.38 prev=5.38 new=5.48 d=+0.103 fr=25.21 dt=0.103 rate=1.00 paused=False backlog=55.14 edge=60.62 div=-0.00
20:34:47.614 CLOCK fold raw=5.66 prev=5.48 new=5.66 d=+0.179 fr=25.21 dt=0.202 rate=1.00 paused=False backlog=55.16 edge=60.82 div=-0.00
20:34:47.716 CLOCK integ raw=5.66 prev=5.66 new=5.76 d=+0.102 fr=25.21 dt=0.102 rate=1.00 paused=False backlog=55.16 edge=60.93 div=-0.00
20:34:47.818 CLOCK fold raw=5.94 prev=5.76 new=5.94 d=+0.178 fr=25.21 dt=0.102 rate=1.00 paused=False backlog=55.09 edge=61.03 div=-0.00
20:34:47.921 CLOCK integ raw=5.94 prev=5.94 new=6.05 d=+0.103 fr=25.21 dt=0.103 rate=1.00 paused=False backlog=55.09 edge=61.13 div=-0.00
20:34:48.024 CLOCK integ raw=5.94 prev=6.05 new=6.15 d=+0.103 fr=25.21 dt=0.103 rate=1.00 paused=False backlog=55.09 edge=61.23 div=-0.00
20:34:48.127 CLOCK fold raw=6.23 prev=6.15 new=6.23 d=+0.080 fr=25.21 dt=0.103 rate=1.00 paused=False backlog=55.11 edge=61.34 div=-0.00
20:34:48.229 CLOCK integ raw=6.23 prev=6.23 new=6.33 d=+0.102 fr=25.21 dt=0.102 rate=1.00 paused=False backlog=55.11 edge=61.44 div=-0.00
20:34:48.331 CLOCK integ raw=6.23 prev=6.33 new=6.43 d=+0.102 fr=25.21 dt=0.102 rate=1.00 paused=False backlog=55.11 edge=61.54 div=-0.00
20:34:48.433 CLOCK fold raw=6.50 prev=6.43 new=6.50 d=+0.072 fr=25.21 dt=0.102 rate=1.00 paused=False backlog=55.14 edge=61.64 div=-0.00
20:34:48.535 CLOCK integ raw=6.50 prev=6.50 new=6.61 d=+0.102 fr=25.21 dt=0.102 rate=1.00 paused=False backlog=55.14 edge=61.75 div=-0.00
20:34:48.638 CLOCK fold raw=6.79 prev=6.61 new=6.79 d=+0.179 fr=29.71 dt=0.104 rate=1.00 paused=False backlog=55.06 edge=61.85 div=-0.00
20:34:48.866 TICK fr=29.71 cc=6.79 raw=6.79 vid=6.79 playing=1 started=1 stall=0 | d_fr_cc=+22.93 d_fr_raw=+22.93 d_cc_raw=+0.00 | off=0.04 ccx_end=57.99 since_show=0.1 since_cue=4.4 | pcr=62.533 pid=100 head_rel=62.53 ccx_lag=4.54 | credit=29.7 capped=0.0 | fsize=28020084 feed=27755756 feed_behind=264328 | backlog=55.06 edge=61.85 div=-0.00 lag_ewma=6.99
20:34:48.867 CLOCK integ raw=6.79 prev=6.79 new=7.02 d=+0.229 fr=29.71 dt=0.229 rate=1.00 paused=False backlog=55.06 edge=62.08 div=-0.00
20:34:48.924 CUE cx=[57.99..59.46] adv=1.47 el=4.58 fresh | off=0.04 fr=29.71 cc=7.02 raw=7.07 lead=+52.48 | pcr=63.730 head_rel=63.73 lag_ewma=6.99 | q=NFL network and the ESPN app. / Hey, let's check out our coo
20:34:48.925 CUE cx=[59.46..61.36] adv=1.90 el=0.06 fresh | off=0.04 fr=29.71 cc=7.02 raw=7.07 lead=+54.38 | pcr=63.730 head_rel=63.73 lag_ewma=6.99 | q=Hey, let's check out our cool / play of the game sponsored b
20:34:49.028 ANCHOR pend_end=61.36 L=5.38 pinL=2.37 target=-0.41 off=0.04
20:34:49.029 CLOCK fold raw=7.07 prev=7.02 new=7.07 d=+0.052 fr=29.71 dt=0.161 rate=1.00 paused=False backlog=56.41 edge=63.48 div=-0.00
20:34:49.132 CLOCK integ raw=7.07 prev=7.07 new=7.17 d=+0.104 fr=30.11 dt=0.104 rate=1.00 paused=False backlog=56.54 edge=63.71 div=-0.00
20:34:49.234 CLOCK fold raw=7.35 prev=7.17 new=7.35 d=+0.177 fr=30.11 dt=0.103 rate=1.00 paused=False backlog=56.46 edge=63.81 div=-0.00
20:34:49.367 EDGESNAP err=+3.24 edge->67.05
20:34:49.367 CUE cx=[61.36..63.83] adv=2.47 el=0.41 fresh | off=-0.19 fr=30.11 cc=7.35 raw=7.35 lead=+56.29 | pcr=67.047 head_rel=67.05 lag_ewma=8.61 | q=play of the game sponsored by / circle K. Isaiah Oliver grew
20:34:49.368 CUE cx=[63.83..65.33] adv=1.50 el=0.03 fresh | off=-0.19 fr=30.11 cc=7.35 raw=7.35 lead=+57.79 | pcr=67.047 head_rel=67.05 lag_ewma=8.61 | q=circle K. Isaiah Oliver grew up / in the 602. Went to Brophy
20:34:49.368 CUE cx=[65.33..66.47] adv=1.13 el=0.00 fresh | off=-0.19 fr=30.11 cc=7.35 raw=7.35 lead=+58.93 | pcr=67.047 head_rel=67.05 lag_ewma=8.61 | q=in the 602. Went to Brophy and / here he is with a big play 
20:34:49.369 ANCHOR pend_end=66.47 L=5.80 pinL=0.58 target=0.00 off=-0.19
20:34:49.369 CLOCK integ raw=7.35 prev=7.35 new=7.48 d=+0.135 fr=30.11 dt=0.135 rate=1.00 paused=False backlog=59.70 edge=67.18 div=-0.00
20:34:49.572 CLOCK fold raw=7.63 prev=7.48 new=7.63 d=+0.145 fr=30.55 dt=0.203 rate=1.00 paused=False backlog=59.76 edge=67.38 div=-0.00
20:34:49.674 CLOCK integ raw=7.63 prev=7.63 new=7.73 d=+0.102 fr=30.55 dt=0.102 rate=1.00 paused=False backlog=59.76 edge=67.49 div=-0.00
20:34:49.775 CLOCK fold raw=7.91 prev=7.73 new=7.91 d=+0.183 fr=30.55 dt=0.102 rate=1.00 paused=False backlog=59.67 edge=67.59 div=-0.00
20:34:49.877 CLOCK integ raw=7.91 prev=7.91 new=8.02 d=+0.102 fr=30.55 dt=0.102 rate=1.00 paused=False backlog=59.67 edge=67.69 div=-0.00
20:34:49.980 CLOCK integ raw=7.91 prev=8.02 new=8.12 d=+0.102 fr=30.55 dt=0.102 rate=1.00 paused=False backlog=59.67 edge=67.79 div=-0.00
20:34:50.081 CLOCK fold raw=8.19 prev=8.12 new=8.19 d=+0.074 fr=30.55 dt=0.101 rate=1.00 paused=False backlog=59.70 edge=67.89 div=-0.00
20:34:50.183 CLOCK integ raw=8.19 prev=8.19 new=8.29 d=+0.102 fr=30.55 dt=0.102 rate=1.00 paused=False backlog=59.70 edge=67.99 div=-0.00
20:34:50.285 CLOCK integ raw=8.19 prev=8.29 new=8.39 d=+0.102 fr=30.55 dt=0.102 rate=1.00 paused=False backlog=59.70 edge=68.10 div=-0.00
20:34:50.387 CLOCK fold raw=8.47 prev=8.39 new=8.47 d=+0.076 fr=30.55 dt=0.102 rate=1.00 paused=False backlog=59.73 edge=68.20 div=-0.00
20:34:50.490 CLOCK integ raw=8.47 prev=8.47 new=8.57 d=+0.104 fr=30.55 dt=0.104 rate=1.00 paused=False backlog=59.73 edge=68.30 div=-0.00
20:34:50.592 CLOCK fold raw=8.75 prev=8.57 new=8.75 d=+0.179 fr=30.55 dt=0.102 rate=1.00 paused=False backlog=59.65 edge=68.40 div=-0.00
20:34:50.693 CLOCK integ raw=8.75 prev=8.75 new=8.86 d=+0.101 fr=30.55 dt=0.101 rate=1.00 paused=False backlog=59.65 edge=68.50 div=-0.00
20:34:50.896 CLOCK fold raw=9.03 prev=8.86 new=9.03 d=+0.178 fr=30.55 dt=0.203 rate=1.00 paused=False backlog=59.67 edge=68.71 div=-0.00
20:34:50.998 CLOCK integ raw=9.03 prev=9.03 new=9.13 d=+0.101 fr=30.55 dt=0.101 rate=1.00 paused=False backlog=59.67 edge=68.81 div=-0.00
20:34:51.101 CLOCK integ raw=9.03 prev=9.13 new=9.24 d=+0.104 fr=30.55 dt=0.104 rate=1.00 paused=False backlog=58.79 edge=68.03 div=-0.00
20:34:51.203 CLOCK fold raw=9.32 prev=9.24 new=9.32 d=+0.078 fr=30.55 dt=0.102 rate=1.00 paused=False backlog=58.82 edge=68.13 div=-0.00
20:34:51.305 CLOCK integ raw=9.32 prev=9.32 new=9.42 d=+0.102 fr=30.55 dt=0.102 rate=1.00 paused=False backlog=58.82 edge=68.23 div=-0.00
20:34:51.410 CLOCK integ raw=9.32 prev=9.42 new=9.52 d=+0.104 fr=30.55 dt=0.104 rate=1.00 paused=False backlog=58.82 edge=68.34 div=-0.00
20:34:51.512 CLOCK fold raw=9.60 prev=9.52 new=9.60 d=+0.075 fr=30.55 dt=0.103 rate=1.00 paused=False backlog=58.85 edge=68.44 div=-0.00
20:34:51.614 CLOCK integ raw=9.60 prev=9.60 new=9.70 d=+0.103 fr=30.55 dt=0.103 rate=1.00 paused=False backlog=58.85 edge=68.54 div=-0.00
20:34:51.716 CLOCK fold raw=9.88 prev=9.70 new=9.88 d=+0.178 fr=30.55 dt=0.102 rate=1.00 paused=False backlog=58.77 edge=68.65 div=-0.00
20:34:51.818 CLOCK integ raw=9.88 prev=9.88 new=9.98 d=+0.102 fr=30.55 dt=0.102 rate=1.00 paused=False backlog=58.77 edge=68.75 div=-0.00
20:34:51.919 CLOCK integ raw=9.88 prev=9.98 new=10.08 d=+0.101 fr=30.55 dt=0.101 rate=1.00 paused=False backlog=58.77 edge=68.85 div=-0.00
20:34:52.021 CLOCK fold raw=10.16 prev=10.08 new=10.16 d=+0.079 fr=30.55 dt=0.102 rate=1.00 paused=False backlog=58.79 edge=68.95 div=-0.00
20:34:52.123 CLOCK integ raw=10.16 prev=10.16 new=10.26 d=+0.103 fr=30.55 dt=0.103 rate=1.00 paused=False backlog=58.79 edge=69.05 div=-0.00
20:34:52.225 CLOCK integ raw=10.16 prev=10.26 new=10.36 d=+0.101 fr=30.55 dt=0.101 rate=1.00 paused=False backlog=58.79 edge=69.15 div=-0.00
20:34:52.328 CLOCK fold raw=10.44 prev=10.36 new=10.44 d=+0.075 fr=30.55 dt=0.102 rate=1.00 paused=False backlog=58.82 edge=69.26 div=-0.00
20:34:52.530 CLOCK integ raw=10.44 prev=10.44 new=10.64 d=+0.203 fr=30.55 dt=0.203 rate=1.00 paused=False backlog=58.82 edge=69.46 div=-0.00
20:34:52.632 CLOCK fold raw=10.72 prev=10.64 new=10.72 d=+0.079 fr=30.55 dt=0.102 rate=1.00 paused=False backlog=58.84 edge=69.56 div=-0.00
20:34:52.735 CLOCK integ raw=10.72 prev=10.72 new=10.82 d=+0.103 fr=30.55 dt=0.103 rate=1.00 paused=False backlog=58.84 edge=69.67 div=-0.00
20:34:52.836 CLOCK integ raw=10.72 prev=10.82 new=10.92 d=+0.102 fr=30.55 dt=0.102 rate=1.00 paused=False backlog=58.84 edge=69.77 div=-0.00
20:34:52.938 CLOCK fold raw=11.00 prev=10.92 new=11.00 d=+0.078 fr=30.55 dt=0.102 rate=1.00 paused=False backlog=58.87 edge=69.87 div=-0.00
20:34:53.040 CLOCK integ raw=11.00 prev=11.00 new=11.10 d=+0.102 fr=30.55 dt=0.102 rate=1.00 paused=False backlog=58.87 edge=69.97 div=-0.00
20:34:53.042 EDGESNAP err=-2.92 edge->67.05
20:34:53.144 CLOCK fold raw=11.28 prev=11.10 new=11.28 d=+0.180 fr=30.55 dt=0.104 rate=1.00 paused=False backlog=55.87 edge=67.15 div=-0.00
20:34:53.245 CLOCK integ raw=11.28 prev=11.28 new=11.39 d=+0.102 fr=30.55 dt=0.102 rate=1.00 paused=False backlog=55.87 edge=67.25 div=-0.00
20:34:53.347 CLOCK integ raw=11.28 prev=11.39 new=11.49 d=+0.102 fr=30.55 dt=0.102 rate=1.00 paused=False backlog=55.87 edge=67.35 div=-0.00
20:34:53.449 CLOCK fold raw=11.56 prev=11.49 new=11.56 d=+0.078 fr=30.55 dt=0.102 rate=1.00 paused=False backlog=55.89 edge=67.45 div=-0.00
20:34:53.552 CLOCK integ raw=11.56 prev=11.56 new=11.67 d=+0.102 fr=30.55 dt=0.102 rate=1.00 paused=False backlog=55.89 edge=67.56 div=-0.00
20:34:53.655 CLOCK integ raw=11.56 prev=11.67 new=11.77 d=+0.103 fr=30.55 dt=0.103 rate=1.00 paused=False backlog=55.89 edge=67.66 div=-0.00
20:34:53.661 TICK fr=30.55 cc=11.77 raw=11.56 vid=11.56 playing=1 started=1 stall=0 | d_fr_cc=+18.78 d_fr_raw=+18.98 d_cc_raw=+0.21 | off=-0.09 ccx_end=66.47 since_show=0.0 since_cue=4.3 | pcr=67.047 pid=100 head_rel=67.05 ccx_lag=0.58 | credit=30.5 capped=0.0 | fsize=29788412 feed=29788412 feed_behind=0 | backlog=55.89 edge=67.66 div=-0.00 lag_ewma=5.80
20:34:53.762 CLOCK fold raw=11.84 prev=11.77 new=11.84 d=+0.073 fr=30.55 dt=0.107 rate=1.00 paused=False backlog=55.92 edge=67.77 div=-0.00
20:34:53.864 CLOCK integ raw=11.84 prev=11.84 new=11.95 d=+0.102 fr=30.55 dt=0.102 rate=1.00 paused=False backlog=55.92 edge=67.87 div=-0.00
20:34:53.966 CLOCK fold raw=12.12 prev=11.95 new=12.12 d=+0.178 fr=30.55 dt=0.102 rate=1.00 paused=False backlog=55.85 edge=67.97 div=-0.00
20:34:54.170 CLOCK integ raw=12.12 prev=12.12 new=12.33 d=+0.203 fr=30.55 dt=0.203 rate=1.00 paused=False backlog=55.85 edge=68.17 div=-0.00
20:34:54.271 CLOCK fold raw=12.40 prev=12.33 new=12.40 d=+0.078 fr=30.55 dt=0.102 rate=1.00 paused=False backlog=55.87 edge=68.28 div=-0.00
20:34:54.373 CLOCK integ raw=12.40 prev=12.40 new=12.51 d=+0.102 fr=30.55 dt=0.102 rate=1.00 paused=False backlog=55.87 edge=68.38 div=-0.00
20:34:54.475 CLOCK integ raw=12.40 prev=12.51 new=12.61 d=+0.102 fr=30.55 dt=0.102 rate=1.00 paused=False backlog=55.87 edge=68.48 div=-0.00
20:34:54.577 CLOCK fold raw=12.69 prev=12.61 new=12.69 d=+0.079 fr=30.55 dt=0.102 rate=1.00 paused=False backlog=55.89 edge=68.58 div=-0.00
20:34:54.679 CLOCK integ raw=12.69 prev=12.69 new=12.79 d=+0.101 fr=30.55 dt=0.101 rate=1.00 paused=False backlog=55.89 edge=68.68 div=-0.00
20:34:54.782 CLOCK integ raw=12.69 prev=12.79 new=12.89 d=+0.103 fr=30.55 dt=0.103 rate=1.00 paused=False backlog=55.89 edge=68.79 div=-0.00
20:34:54.884 CLOCK fold raw=12.97 prev=12.89 new=12.97 d=+0.077 fr=30.55 dt=0.102 rate=1.00 paused=False backlog=55.92 edge=68.89 div=-0.00
20:34:54.987 CLOCK integ raw=12.97 prev=12.97 new=13.07 d=+0.103 fr=30.55 dt=0.103 rate=1.00 paused=False backlog=55.92 edge=68.99 div=-0.00
20:34:55.095 CLOCK fold raw=13.25 prev=13.07 new=13.25 d=+0.175 fr=30.55 dt=0.108 rate=1.00 paused=False backlog=54.88 edge=68.13 div=-0.00
20:34:55.198 CLOCK integ raw=13.25 prev=13.25 new=13.35 d=+0.103 fr=30.55 dt=0.103 rate=1.00 paused=False backlog=54.88 edge=68.23 div=-0.00
20:34:55.301 CLOCK integ raw=13.25 prev=13.35 new=13.45 d=+0.102 fr=30.55 dt=0.102 rate=1.00 paused=False backlog=54.88 edge=68.33 div=-0.00
20:34:55.403 CLOCK fold raw=13.53 prev=13.45 new=13.53 d=+0.075 fr=30.55 dt=0.103 rate=1.00 paused=False backlog=54.91 edge=68.44 div=-0.00
20:34:55.507 CLOCK integ raw=13.53 prev=13.53 new=13.63 d=+0.104 fr=30.55 dt=0.104 rate=1.00 paused=False backlog=54.91 edge=68.54 div=-0.00
20:34:55.610 CLOCK integ raw=13.53 prev=13.63 new=13.73 d=+0.103 fr=30.55 dt=0.103 rate=1.00 paused=False backlog=54.91 edge=68.64 div=-0.00
20:34:55.712 CLOCK fold raw=13.81 prev=13.73 new=13.81 d=+0.077 fr=30.55 dt=0.102 rate=1.00 paused=False backlog=54.93 edge=68.74 div=-0.00
20:34:55.915 CLOCK integ raw=13.81 prev=13.81 new=14.01 d=+0.203 fr=30.55 dt=0.203 rate=1.00 paused=False backlog=54.93 edge=68.95 div=-0.00
20:34:56.018 CLOCK fold raw=14.09 prev=14.01 new=14.09 d=+0.076 fr=30.55 dt=0.103 rate=1.00 paused=False backlog=54.96 edge=69.05 div=-0.00
20:34:56.120 CLOCK integ raw=14.09 prev=14.09 new=14.19 d=+0.102 fr=30.55 dt=0.102 rate=1.00 paused=False backlog=54.96 edge=69.15 div=-0.00
20:34:56.222 CLOCK fold raw=14.37 prev=14.19 new=14.37 d=+0.179 fr=30.55 dt=0.102 rate=1.00 paused=False backlog=54.88 edge=69.25 div=-0.00
20:34:56.324 CLOCK integ raw=14.37 prev=14.37 new=14.47 d=+0.102 fr=30.55 dt=0.102 rate=1.00 paused=False backlog=54.88 edge=69.36 div=-0.00
20:34:56.428 CLOCK integ raw=14.37 prev=14.47 new=14.58 d=+0.103 fr=30.55 dt=0.103 rate=1.00 paused=False backlog=54.88 edge=69.46 div=-0.00
20:34:56.529 CLOCK fold raw=14.66 prev=14.58 new=14.66 d=+0.079 fr=30.55 dt=0.102 rate=1.00 paused=False backlog=54.91 edge=69.56 div=-0.00
20:34:56.631 CLOCK integ raw=14.66 prev=14.66 new=14.76 d=+0.102 fr=30.55 dt=0.102 rate=1.00 paused=False backlog=54.91 edge=69.66 div=-0.00
20:34:56.734 CLOCK integ raw=14.66 prev=14.76 new=14.86 d=+0.102 fr=30.55 dt=0.102 rate=1.00 paused=False backlog=54.91 edge=69.77 div=-0.00
20:34:56.837 CLOCK fold raw=14.94 prev=14.86 new=14.94 d=+0.077 fr=30.55 dt=0.104 rate=1.00 paused=False backlog=54.93 edge=69.87 div=-0.00
20:34:56.939 CLOCK integ raw=14.94 prev=14.94 new=15.04 d=+0.102 fr=30.55 dt=0.102 rate=1.00 paused=False backlog=54.93 edge=69.97 div=-0.00
20:34:57.042 EDGESNAP err=-2.93 edge->67.05
20:34:57.043 CLOCK integ raw=14.94 prev=15.04 new=15.14 d=+0.104 fr=30.55 dt=0.104 rate=1.00 paused=False backlog=52.01 edge=67.15 div=-0.00
20:34:57.144 CLOCK fold raw=15.22 prev=15.14 new=15.22 d=+0.077 fr=30.55 dt=0.101 rate=1.00 paused=False backlog=52.03 edge=67.25 div=-0.00
20:34:57.247 CLOCK integ raw=15.22 prev=15.22 new=15.32 d=+0.102 fr=30.55 dt=0.102 rate=1.00 paused=False backlog=52.03 edge=67.35 div=-0.00
20:34:57.449 CLOCK fold raw=15.50 prev=15.32 new=15.50 d=+0.176 fr=30.55 dt=0.203 rate=1.00 paused=False backlog=52.06 edge=67.56 div=-0.00
20:34:57.552 CLOCK integ raw=15.50 prev=15.50 new=15.60 d=+0.103 fr=30.55 dt=0.103 rate=1.00 paused=False backlog=52.06 edge=67.66 div=-0.00
20:34:57.654 CLOCK fold raw=15.78 prev=15.60 new=15.78 d=+0.178 fr=30.55 dt=0.103 rate=1.00 paused=False backlog=52.06 edge=67.84 div=-0.00
20:34:57.756 CLOCK integ raw=15.78 prev=15.78 new=15.88 d=+0.102 fr=30.55 dt=0.102 rate=1.00 paused=False backlog=52.06 edge=67.94 div=-0.00
20:34:57.859 CLOCK integ raw=15.78 prev=15.88 new=15.98 d=+0.102 fr=30.55 dt=0.102 rate=1.00 paused=False backlog=52.06 edge=68.04 div=-0.00
20:34:57.960 CLOCK fold raw=16.06 prev=15.98 new=16.06 d=+0.077 fr=30.55 dt=0.101 rate=1.00 paused=False backlog=52.06 edge=68.12 div=-0.00
20:34:58.063 CLOCK integ raw=16.06 prev=16.06 new=16.16 d=+0.102 fr=30.55 dt=0.102 rate=1.00 paused=False backlog=52.06 edge=68.22 div=-0.00
20:34:58.164 CLOCK integ raw=16.06 prev=16.16 new=16.26 d=+0.102 fr=30.55 dt=0.102 rate=1.00 paused=False backlog=52.06 edge=68.32 div=-0.00
20:34:58.267 CLOCK fold raw=16.34 prev=16.26 new=16.34 d=+0.077 fr=30.55 dt=0.103 rate=1.00 paused=False backlog=52.06 edge=68.40 div=-0.00
20:34:58.369 CLOCK integ raw=16.34 prev=16.34 new=16.44 d=+0.102 fr=30.55 dt=0.102 rate=1.00 paused=False backlog=52.06 edge=68.50 div=-0.00
20:34:58.473 CLOCK fold raw=16.62 prev=16.44 new=16.62 d=+0.181 fr=30.55 dt=0.104 rate=1.00 paused=False backlog=52.06 edge=68.68 div=-0.00
20:34:58.576 CLOCK integ raw=16.62 prev=16.62 new=16.73 d=+0.103 fr=30.55 dt=0.103 rate=1.00 paused=False backlog=52.06 edge=68.78 div=-0.00
20:34:58.762 TICK fr=30.55 cc=16.73 raw=16.62 vid=16.34 playing=1 started=1 stall=0 | d_fr_cc=+13.82 d_fr_raw=+13.92 d_cc_raw=+0.10 | off=-0.09 ccx_end=66.47 since_show=0.1 since_cue=9.3 | pcr=68.520 pid=100 head_rel=68.52 ccx_lag=2.05 | credit=30.5 capped=0.0 | fsize=30799476 feed=30527064 feed_behind=272412 | backlog=52.06 edge=68.78 div=-0.00 lag_ewma=5.80
20:34:58.763 CLOCK fold raw=16.90 prev=16.73 new=16.90 d=+0.176 fr=30.55 dt=0.187 rate=1.00 paused=False backlog=52.06 edge=68.96 div=-0.00
20:34:58.866 CLOCK integ raw=16.90 prev=16.90 new=17.01 d=+0.103 fr=39.94 dt=0.103 rate=1.00 paused=False backlog=52.06 edge=69.06 div=-0.00
20:34:58.968 CLOCK integ raw=16.90 prev=17.01 new=17.11 d=+0.103 fr=39.94 dt=0.103 rate=1.00 paused=False backlog=52.06 edge=69.17 div=-0.00
20:34:59.070 CLOCK fold raw=17.18 prev=17.11 new=17.18 d=+0.073 fr=39.94 dt=0.102 rate=1.00 paused=False backlog=52.09 edge=69.27 div=-0.00
20:34:59.129 EDGESNAP err=+4.74 edge->74.00
20:34:59.130 CUE cx=[66.47..67.77] adv=1.30 el=9.76 fresh | off=-0.09 fr=39.94 cc=17.18 raw=17.18 lead=+50.49 | pcr=74.005 head_rel=74.00 lag_ewma=5.80 | q=here he is with a big play in / the end zone. Well here's ho
20:34:59.131 CUE cx=[67.77..69.90] adv=2.14 el=0.00 fresh | off=-0.09 fr=39.94 cc=17.18 raw=17.18 lead=+52.63 | pcr=74.005 head_rel=74.00 lag_ewma=5.80 | q=the end zone. Well here's how / the play starts. Keep your e
20:34:59.132 CUE cx=[69.90..71.47] adv=1.57 el=0.00 fresh | off=-0.09 fr=39.94 cc=17.18 raw=17.18 lead=+54.19 | pcr=74.005 head_rel=74.00 lag_ewma=5.80 | q=the play starts. Keep your eye / on number 92. Jonah William
20:34:59.132 CUE cx=[71.47..72.40] adv=0.93 el=0.00 fresh | off=-0.09 fr=39.94 cc=17.18 raw=17.18 lead=+55.13 | pcr=74.005 head_rel=74.00 lag_ewma=5.80 | q=on number 92. Jonah Williams / doesn't get blocked and that'
20:34:59.235 ANCHOR pend_end=72.40 L=4.33 pinL=1.60 target=0.00 off=-0.09
20:34:59.235 CLOCK integ raw=17.18 prev=17.18 new=17.35 d=+0.165 fr=40.31 dt=0.165 rate=1.00 paused=False backlog=56.82 edge=74.17 div=-0.00
20:34:59.339 CLOCK fold raw=17.46 prev=17.35 new=17.46 d=+0.117 fr=40.31 dt=0.103 rate=1.00 paused=False backlog=56.81 edge=74.27 div=-0.00
20:34:59.440 CLOCK integ raw=17.46 prev=17.46 new=17.57 d=+0.102 fr=40.31 dt=0.102 rate=1.00 paused=False backlog=56.81 edge=74.37 div=-0.00
20:34:59.547 CLOCK integ raw=17.46 prev=17.57 new=17.67 d=+0.107 fr=40.31 dt=0.107 rate=1.00 paused=False backlog=56.81 edge=74.48 div=-0.00
20:34:59.750 CLOCK fold raw=17.75 prev=17.67 new=17.75 d=+0.073 fr=40.31 dt=0.203 rate=1.00 paused=False backlog=56.94 edge=74.68 div=-0.00
20:34:59.852 CLOCK integ raw=17.75 prev=17.75 new=17.85 d=+0.102 fr=40.31 dt=0.102 rate=1.00 paused=False backlog=56.94 edge=74.79 div=-0.00
20:34:59.954 CLOCK fold raw=18.03 prev=17.85 new=18.03 d=+0.178 fr=40.31 dt=0.102 rate=1.00 paused=False backlog=56.86 edge=74.89 div=-0.00
20:35:00.056 CLOCK integ raw=18.03 prev=18.03 new=18.13 d=+0.102 fr=40.31 dt=0.102 rate=1.00 paused=False backlog=56.86 edge=74.99 div=-0.00
20:35:00.161 CLOCK fold raw=18.30 prev=18.13 new=18.30 d=+0.177 fr=40.31 dt=0.106 rate=1.00 paused=False backlog=56.79 edge=75.09 div=-0.00
20:35:00.263 CLOCK integ raw=18.30 prev=18.30 new=18.41 d=+0.102 fr=40.31 dt=0.102 rate=1.00 paused=False backlog=56.79 edge=75.20 div=-0.00
20:35:00.365 CLOCK integ raw=18.30 prev=18.41 new=18.51 d=+0.102 fr=40.31 dt=0.102 rate=1.00 paused=False backlog=56.79 edge=75.30 div=-0.00
20:35:00.467 CLOCK fold raw=18.59 prev=18.51 new=18.59 d=+0.080 fr=40.31 dt=0.102 rate=1.00 paused=False backlog=56.81 edge=75.40 div=-0.00
20:35:00.568 CLOCK integ raw=18.59 prev=18.59 new=18.69 d=+0.102 fr=40.31 dt=0.102 rate=1.00 paused=False backlog=56.81 edge=75.50 div=-0.00
20:35:00.670 CLOCK integ raw=18.59 prev=18.69 new=18.79 d=+0.102 fr=40.31 dt=0.102 rate=1.00 paused=False backlog=56.81 edge=75.60 div=-0.00
20:35:00.774 CLOCK fold raw=18.87 prev=18.79 new=18.87 d=+0.077 fr=40.31 dt=0.104 rate=1.00 paused=False backlog=56.84 edge=75.71 div=-0.00
20:35:00.877 CLOCK integ raw=18.87 prev=18.87 new=18.97 d=+0.103 fr=40.31 dt=0.103 rate=1.00 paused=False backlog=56.84 edge=75.81 div=-0.00
20:35:00.979 CLOCK integ raw=18.87 prev=18.97 new=19.07 d=+0.102 fr=40.31 dt=0.102 rate=1.00 paused=False backlog=56.84 edge=75.91 div=-0.00
20:35:01.084 CLOCK fold raw=19.15 prev=19.07 new=19.15 d=+0.076 fr=40.31 dt=0.106 rate=1.00 paused=False backlog=55.91 edge=75.06 div=-0.00
20:35:01.188 CLOCK integ raw=19.15 prev=19.15 new=19.25 d=+0.104 fr=40.31 dt=0.104 rate=1.00 paused=False backlog=55.91 edge=75.17 div=-0.00
20:35:01.291 CLOCK fold raw=19.43 prev=19.25 new=19.43 d=+0.177 fr=40.31 dt=0.103 rate=1.00 paused=False backlog=55.84 edge=75.27 div=-0.00
20:35:01.493 CLOCK integ raw=19.43 prev=19.43 new=19.63 d=+0.202 fr=40.31 dt=0.202 rate=1.00 paused=False backlog=55.84 edge=75.47 div=-0.00
20:35:01.595 CLOCK fold raw=19.71 prev=19.63 new=19.71 d=+0.080 fr=40.31 dt=0.102 rate=1.00 paused=False backlog=55.86 edge=75.57 div=-0.00
20:35:01.696 CLOCK integ raw=19.71 prev=19.71 new=19.81 d=+0.101 fr=40.31 dt=0.101 rate=1.00 paused=False backlog=55.86 edge=75.68 div=-0.00
20:35:01.798 CLOCK integ raw=19.71 prev=19.81 new=19.92 d=+0.102 fr=40.31 dt=0.102 rate=1.00 paused=False backlog=55.86 edge=75.78 div=-0.00
20:35:01.900 CLOCK fold raw=20.00 prev=19.92 new=20.00 d=+0.087 fr=40.31 dt=0.101 rate=1.00 paused=False backlog=55.88 edge=75.88 div=-0.00
20:35:02.002 CLOCK integ raw=20.00 prev=20.00 new=20.10 d=+0.102 fr=40.31 dt=0.102 rate=1.00 paused=False backlog=55.88 edge=75.98 div=-0.00
20:35:02.105 CLOCK integ raw=20.00 prev=20.10 new=20.21 d=+0.103 fr=40.31 dt=0.103 rate=1.00 paused=False backlog=55.88 edge=76.08 div=-0.00
20:35:02.206 CLOCK fold raw=20.30 prev=20.21 new=20.30 d=+0.088 fr=40.31 dt=0.102 rate=1.00 paused=False backlog=55.89 edge=76.19 div=-0.00
20:35:02.309 CLOCK integ raw=20.30 prev=20.30 new=20.40 d=+0.102 fr=40.31 dt=0.102 rate=1.00 paused=False backlog=55.89 edge=76.29 div=-0.00
20:35:02.411 CLOCK fold raw=20.57 prev=20.40 new=20.57 d=+0.172 fr=40.31 dt=0.102 rate=1.00 paused=False backlog=55.82 edge=76.39 div=-0.00
20:35:02.513 CLOCK integ raw=20.57 prev=20.57 new=20.67 d=+0.102 fr=40.31 dt=0.102 rate=1.00 paused=False backlog=55.82 edge=76.49 div=-0.00
20:35:02.616 CLOCK integ raw=20.57 prev=20.67 new=20.78 d=+0.104 fr=40.31 dt=0.104 rate=1.00 paused=False backlog=55.82 edge=76.59 div=-0.00
20:35:02.718 CLOCK fold raw=20.85 prev=20.78 new=20.85 d=+0.077 fr=40.31 dt=0.102 rate=1.00 paused=False backlog=55.85 edge=76.70 div=-0.00
20:35:02.924 CLOCK integ raw=20.85 prev=20.85 new=21.06 d=+0.206 fr=40.31 dt=0.206 rate=1.00 paused=False backlog=55.85 edge=76.90 div=-0.00
20:35:03.025 CLOCK fold raw=21.14 prev=21.06 new=21.14 d=+0.079 fr=40.31 dt=0.102 rate=1.00 paused=False backlog=55.87 edge=77.00 div=-0.00
20:35:03.030 EDGESNAP err=-3.00 edge->74.00
20:35:03.131 CLOCK integ raw=21.14 prev=21.14 new=21.24 d=+0.106 fr=40.31 dt=0.106 rate=1.00 paused=False backlog=52.87 edge=74.11 div=-0.00
20:35:03.233 CLOCK integ raw=21.14 prev=21.24 new=21.34 d=+0.102 fr=40.31 dt=0.102 rate=1.00 paused=False backlog=52.87 edge=74.21 div=-0.00
20:35:03.336 CLOCK fold raw=21.42 prev=21.34 new=21.42 d=+0.072 fr=40.31 dt=0.103 rate=1.00 paused=False backlog=52.90 edge=74.31 div=-0.00
20:35:03.437 CLOCK integ raw=21.42 prev=21.42 new=21.52 d=+0.102 fr=40.31 dt=0.102 rate=1.00 paused=False backlog=52.90 edge=74.42 div=-0.00
20:35:03.540 CLOCK fold raw=21.70 prev=21.52 new=21.70 d=+0.182 fr=40.31 dt=0.102 rate=1.00 paused=False backlog=52.82 edge=74.52 div=-0.00
20:35:03.643 CLOCK integ raw=21.70 prev=21.70 new=21.80 d=+0.103 fr=40.31 dt=0.103 rate=1.00 paused=False backlog=52.82 edge=74.62 div=-0.00
20:35:03.827 TICK fr=40.31 cc=21.80 raw=21.70 vid=21.42 playing=1 started=1 stall=0 | d_fr_cc=+18.51 d_fr_raw=+18.61 d_cc_raw=+0.10 | off=-0.05 ccx_end=72.40 since_show=0.1 since_cue=4.6 | pcr=77.305 pid=100 head_rel=77.30 ccx_lag=4.90 | credit=40.3 capped=0.0 | fsize=34942620 feed=33939640 feed_behind=1002980 | backlog=52.82 edge=74.62 div=-0.00 lag_ewma=4.33
20:35:03.832 CLOCK fold raw=21.98 prev=21.80 new=21.98 d=+0.176 fr=44.91 dt=0.188 rate=1.00 paused=False backlog=52.83 edge=74.81 div=-0.00
20:35:03.934 CLOCK integ raw=21.98 prev=21.98 new=22.08 d=+0.103 fr=44.91 dt=0.103 rate=1.00 paused=False backlog=52.83 edge=74.91 div=-0.00
20:35:04.040 EDGESNAP err=+2.74 edge->77.66
20:35:04.040 CUE cx=[72.41..74.57] adv=2.17 el=4.90 fresh | off=-0.05 fr=44.91 cc=22.08 raw=21.98 lead=+52.44 | pcr=77.656 head_rel=77.66 lag_ewma=7.07 | q=doesn't get blocked and that's / going to actually open / ev
20:35:04.041 CUE cx=[74.58..77.21] adv=2.64 el=0.00 fresh | off=-0.05 fr=44.91 cc=22.08 raw=21.98 lead=+55.08 | pcr=77.656 head_rel=77.66 lag_ewma=7.07 | q=going to actually open / everything up for Oliver. So / boom
20:35:04.042 ANCHOR pend_end=77.21 L=4.75 pinL=0.45 target=0.00 off=-0.05
20:35:04.043 CLOCK integ raw=21.98 prev=22.08 new=22.19 d=+0.109 fr=44.91 dt=0.109 rate=1.00 paused=False backlog=55.57 edge=77.76 div=-0.00
20:35:04.247 CLOCK fold raw=22.26 prev=22.19 new=22.26 d=+0.068 fr=45.22 dt=0.203 rate=1.00 paused=False backlog=55.71 edge=77.97 div=-0.00
20:35:04.349 CLOCK integ raw=22.26 prev=22.26 new=22.36 d=+0.102 fr=45.22 dt=0.102 rate=1.00 paused=False backlog=55.71 edge=78.07 div=-0.00
20:35:04.451 CLOCK fold raw=22.54 prev=22.36 new=22.54 d=+0.179 fr=45.22 dt=0.102 rate=1.00 paused=False backlog=55.63 edge=78.17 div=-0.00
20:35:04.554 CLOCK integ raw=22.54 prev=22.54 new=22.64 d=+0.103 fr=45.22 dt=0.103 rate=1.00 paused=False backlog=55.63 edge=78.27 div=-0.00
20:35:04.657 CLOCK integ raw=22.54 prev=22.64 new=22.75 d=+0.103 fr=45.22 dt=0.103 rate=1.00 paused=False backlog=55.63 edge=78.38 div=-0.00
20:35:04.758 CLOCK fold raw=22.82 prev=22.75 new=22.82 d=+0.075 fr=45.22 dt=0.102 rate=1.00 paused=False backlog=55.66 edge=78.48 div=-0.00
20:35:04.861 CLOCK integ raw=22.82 prev=22.82 new=22.92 d=+0.103 fr=45.22 dt=0.103 rate=1.00 paused=False backlog=55.66 edge=78.58 div=-0.00
20:35:04.965 CLOCK fold raw=23.10 prev=22.92 new=23.10 d=+0.179 fr=45.22 dt=0.104 rate=1.00 paused=False backlog=55.58 edge=78.69 div=-0.00
20:35:05.071 CLOCK integ raw=23.10 prev=23.10 new=23.21 d=+0.106 fr=45.22 dt=0.106 rate=1.00 paused=False backlog=55.07 edge=78.28 div=-0.00
20:35:05.175 CLOCK integ raw=23.10 prev=23.21 new=23.31 d=+0.104 fr=45.22 dt=0.104 rate=1.00 paused=False backlog=55.07 edge=78.38 div=-0.00
20:35:05.277 CLOCK fold raw=23.39 prev=23.31 new=23.39 d=+0.072 fr=45.22 dt=0.103 rate=1.00 paused=False backlog=55.10 edge=78.48 div=-0.00
20:35:05.380 CLOCK integ raw=23.39 prev=23.39 new=23.49 d=+0.103 fr=45.22 dt=0.103 rate=1.00 paused=False backlog=55.10 edge=78.59 div=-0.00
20:35:05.483 CLOCK integ raw=23.39 prev=23.49 new=23.59 d=+0.102 fr=45.22 dt=0.102 rate=1.00 paused=False backlog=55.10 edge=78.69 div=-0.00
20:35:05.584 CLOCK fold raw=23.66 prev=23.59 new=23.66 d=+0.074 fr=45.22 dt=0.102 rate=1.00 paused=False backlog=55.13 edge=78.79 div=-0.00
20:35:05.788 CLOCK fold raw=23.94 prev=23.66 new=23.94 d=+0.279 fr=45.22 dt=0.204 rate=1.00 paused=False backlog=55.05 edge=78.99 div=-0.00
20:35:05.891 CLOCK integ raw=23.94 prev=23.94 new=24.05 d=+0.102 fr=45.22 dt=0.102 rate=1.00 paused=False backlog=55.05 edge=79.10 div=-0.00
20:35:05.993 CLOCK integ raw=23.94 prev=24.05 new=24.15 d=+0.102 fr=45.22 dt=0.102 rate=1.00 paused=False backlog=55.05 edge=79.20 div=-0.00
20:35:06.095 CLOCK fold raw=24.23 prev=24.15 new=24.23 d=+0.079 fr=45.22 dt=0.102 rate=1.00 paused=False backlog=55.07 edge=79.30 div=-0.00
20:35:06.198 CLOCK integ raw=24.23 prev=24.23 new=24.33 d=+0.103 fr=45.22 dt=0.103 rate=1.00 paused=False backlog=55.07 edge=79.40 div=-0.00
20:35:06.299 CLOCK integ raw=24.23 prev=24.33 new=24.43 d=+0.102 fr=45.22 dt=0.102 rate=1.00 paused=False backlog=55.07 edge=79.51 div=-0.00
20:35:06.401 CLOCK fold raw=24.52 prev=24.43 new=24.52 d=+0.086 fr=45.22 dt=0.102 rate=1.00 paused=False backlog=55.09 edge=79.61 div=-0.00
20:35:06.503 CLOCK integ raw=24.52 prev=24.52 new=24.62 d=+0.101 fr=45.22 dt=0.101 rate=1.00 paused=False backlog=55.09 edge=79.71 div=-0.00
20:35:06.606 CLOCK integ raw=24.52 prev=24.62 new=24.72 d=+0.103 fr=45.22 dt=0.103 rate=1.00 paused=False backlog=55.09 edge=79.81 div=-0.00
20:35:06.709 CLOCK fold raw=24.79 prev=24.72 new=24.79 d=+0.067 fr=45.22 dt=0.103 rate=1.00 paused=False backlog=55.13 edge=79.92 div=-0.00
20:35:06.812 CLOCK integ raw=24.79 prev=24.79 new=24.89 d=+0.102 fr=45.22 dt=0.102 rate=1.00 paused=False backlog=55.13 edge=80.02 div=-0.00
20:35:06.914 CLOCK fold raw=25.07 prev=24.89 new=25.07 d=+0.179 fr=45.22 dt=0.102 rate=1.00 paused=False backlog=55.05 edge=80.12 div=-0.00
20:35:07.017 CLOCK integ raw=25.07 prev=25.07 new=25.17 d=+0.103 fr=45.22 dt=0.103 rate=1.00 paused=False backlog=55.05 edge=80.22 div=-0.00
20:35:07.020 EDGESNAP err=-2.57 edge->77.66
20:35:07.122 CLOCK integ raw=25.07 prev=25.17 new=25.28 d=+0.105 fr=45.22 dt=0.105 rate=1.00 paused=False backlog=52.48 edge=77.76 div=-0.00
20:35:07.224 CLOCK fold raw=25.35 prev=25.28 new=25.35 d=+0.072 fr=45.22 dt=0.102 rate=1.00 paused=False backlog=52.51 edge=77.86 div=-0.00
20:35:07.428 CLOCK integ raw=25.35 prev=25.35 new=25.55 d=+0.204 fr=45.22 dt=0.204 rate=1.00 paused=False backlog=52.51 edge=78.07 div=-0.00
20:35:07.530 CLOCK fold raw=25.63 prev=25.55 new=25.63 d=+0.075 fr=45.22 dt=0.103 rate=1.00 paused=False backlog=52.54 edge=78.17 div=-0.00
20:35:07.632 CLOCK integ raw=25.63 prev=25.63 new=25.73 d=+0.102 fr=45.22 dt=0.102 rate=1.00 paused=False backlog=52.54 edge=78.27 div=-0.00
20:35:07.734 CLOCK integ raw=25.63 prev=25.73 new=25.83 d=+0.102 fr=45.22 dt=0.102 rate=1.00 paused=False backlog=52.54 edge=78.37 div=-0.00
20:35:07.836 CLOCK fold raw=25.91 prev=25.83 new=25.91 d=+0.077 fr=45.22 dt=0.102 rate=1.00 paused=False backlog=52.56 edge=78.47 div=-0.00
20:35:07.938 CLOCK integ raw=25.91 prev=25.91 new=26.01 d=+0.102 fr=45.22 dt=0.102 rate=1.00 paused=False backlog=52.56 edge=78.58 div=-0.00
20:35:08.039 CLOCK fold raw=26.19 prev=26.01 new=26.19 d=+0.179 fr=45.22 dt=0.102 rate=1.00 paused=False backlog=52.49 edge=78.68 div=-0.00
20:35:08.142 CLOCK integ raw=26.19 prev=26.19 new=26.29 d=+0.102 fr=45.22 dt=0.102 rate=1.00 paused=False backlog=52.49 edge=78.78 div=-0.00
20:35:08.244 CLOCK integ raw=26.19 prev=26.29 new=26.39 d=+0.103 fr=45.22 dt=0.103 rate=1.00 paused=False backlog=52.49 edge=78.88 div=-0.00
20:35:08.347 CLOCK fold raw=26.47 prev=26.39 new=26.47 d=+0.077 fr=45.22 dt=0.103 rate=1.00 paused=False backlog=52.51 edge=78.99 div=-0.00
20:35:08.449 CLOCK integ raw=26.47 prev=26.47 new=26.57 d=+0.102 fr=45.22 dt=0.102 rate=1.00 paused=False backlog=52.51 edge=79.09 div=-0.00
20:35:08.552 CLOCK integ raw=26.47 prev=26.57 new=26.68 d=+0.103 fr=45.22 dt=0.103 rate=1.00 paused=False backlog=52.51 edge=79.19 div=-0.00
20:35:08.654 CLOCK fold raw=26.75 prev=26.68 new=26.75 d=+0.076 fr=45.22 dt=0.102 rate=1.00 paused=False backlog=52.54 edge=79.29 div=-0.00
20:35:08.699 TICK fr=45.22 cc=26.75 raw=26.75 vid=26.47 playing=1 started=1 stall=0 | d_fr_cc=+18.47 d_fr_raw=+18.47 d_cc_raw=+0.00 | off=-0.02 ccx_end=77.21 since_show=0.0 since_cue=4.6 | pcr=78.710 pid=100 head_rel=78.71 ccx_lag=1.50 | credit=45.2 capped=0.0 | fsize=35592724 feed=35095840 feed_behind=496884 | backlog=52.54 edge=79.29 div=-0.00 lag_ewma=4.75
20:35:08.801 CLOCK integ raw=26.75 prev=26.75 new=26.90 d=+0.146 fr=45.22 dt=0.146 rate=1.00 paused=False backlog=52.54 edge=79.44 div=-0.00
20:35:08.903 CLOCK fold raw=27.03 prev=26.90 new=27.03 d=+0.134 fr=45.22 dt=0.102 rate=1.00 paused=False backlog=52.51 edge=79.54 div=-0.00
20:35:09.005 CLOCK integ raw=27.03 prev=27.03 new=27.13 d=+0.102 fr=50.08 dt=0.102 rate=1.00 paused=False backlog=52.51 edge=79.64 div=-0.00
20:35:09.108 CLOCK integ raw=27.03 prev=27.13 new=27.24 d=+0.103 fr=50.08 dt=0.103 rate=1.00 paused=False backlog=52.32 edge=79.56 div=-0.00
20:35:09.209 CLOCK fold raw=27.31 prev=27.24 new=27.31 d=+0.076 fr=50.08 dt=0.102 rate=1.00 paused=False backlog=52.35 edge=79.66 div=-0.00
20:35:09.311 CLOCK integ raw=27.31 prev=27.31 new=27.42 d=+0.102 fr=50.08 dt=0.102 rate=1.00 paused=False backlog=52.35 edge=79.76 div=-0.00
20:35:09.413 CLOCK integ raw=27.31 prev=27.42 new=27.52 d=+0.102 fr=50.08 dt=0.102 rate=1.00 paused=False backlog=52.35 edge=79.87 div=-0.00
20:35:09.515 CLOCK fold raw=27.59 prev=27.52 new=27.59 d=+0.076 fr=50.08 dt=0.102 rate=1.00 paused=False backlog=52.37 edge=79.97 div=-0.00
20:35:09.617 CLOCK integ raw=27.59 prev=27.59 new=27.70 d=+0.102 fr=50.08 dt=0.102 rate=1.00 paused=False backlog=52.37 edge=80.07 div=-0.00
20:35:09.820 CLOCK fold raw=27.87 prev=27.70 new=27.87 d=+0.178 fr=50.08 dt=0.202 rate=1.00 paused=False backlog=52.40 edge=80.27 div=-0.00
20:35:09.921 CLOCK integ raw=27.87 prev=27.87 new=27.98 d=+0.102 fr=50.90 dt=0.102 rate=1.00 paused=False backlog=52.40 edge=80.37 div=-0.00
20:35:10.024 CLOCK fold raw=28.16 prev=27.98 new=28.16 d=+0.187 fr=50.90 dt=0.103 rate=1.00 paused=False backlog=52.31 edge=80.48 div=-0.00
20:35:10.164 EDGESNAP err=+5.41 edge->85.88
20:35:10.165 CUE cx=[77.21..78.51] adv=1.30 el=6.08 fresh | off=-0.02 fr=50.90 cc=28.16 raw=28.16 lead=+50.32 | pcr=85.883 head_rel=85.88 lag_ewma=10.16 | q=everything up for Oliver. So / boom start with 92. He doesn'
20:35:10.165 CUE cx=[78.51..79.68] adv=1.17 el=0.04 fresh | off=-0.02 fr=50.90 cc=28.16 raw=28.16 lead=+51.49 | pcr=85.883 head_rel=85.88 lag_ewma=10.16 | q=boom start with 92. He doesn't / get blocked. So Sam Howell'
20:35:10.165 CUE cx=[79.68..82.58] adv=2.90 el=0.00 fresh | off=-0.02 fr=50.90 cc=28.16 raw=28.16 lead=+54.39 | pcr=85.883 head_rel=85.88 lag_ewma=10.16 | q=get blocked. So Sam Howell's / fading away. Has to just thro
20:35:10.167 CUE cx=[82.58..83.55] adv=0.97 el=0.00 fresh | off=-0.02 fr=50.90 cc=28.16 raw=28.16 lead=+55.36 | pcr=85.883 head_rel=85.88 lag_ewma=10.16 | q=fading away. Has to just throw / the 5050 ball. And Oliver t
20:35:10.168 ANCHOR pend_end=83.55 L=7.42 pinL=2.33 target=0.00 off=-0.02
20:35:10.168 CLOCK integ raw=28.16 prev=28.16 new=28.31 d=+0.144 fr=50.90 dt=0.144 rate=1.00 paused=False backlog=57.72 edge=86.03 div=-0.00
20:35:10.372 CUE cx=[83.55..84.65] adv=1.10 el=0.21 fresh | off=-0.01 fr=51.25 cc=28.31 raw=28.44 lead=+56.33 | pcr=85.883 head_rel=85.88 lag_ewma=7.42 | q=the 5050 ball. And Oliver the / entire way is tracking that 
20:35:10.373 ANCHOR pend_end=84.65 L=5.25 pinL=1.23 target=0.07 off=-0.01
20:35:10.373 CLOCK fold raw=28.44 prev=28.31 new=28.44 d=+0.130 fr=51.25 dt=0.206 rate=1.00 paused=False backlog=57.72 edge=86.16 div=-0.00
20:35:10.475 CLOCK integ raw=28.44 prev=28.44 new=28.54 d=+0.102 fr=51.25 dt=0.102 rate=1.00 paused=False backlog=57.72 edge=86.26 div=-0.00
20:35:10.576 CLOCK fold raw=28.72 prev=28.54 new=28.72 d=+0.180 fr=51.25 dt=0.101 rate=1.00 paused=False backlog=57.64 edge=86.36 div=-0.00
20:35:10.678 CLOCK integ raw=28.72 prev=28.72 new=28.82 d=+0.102 fr=51.25 dt=0.102 rate=1.00 paused=False backlog=57.64 edge=86.46 div=-0.00
20:35:10.780 CLOCK integ raw=28.72 prev=28.82 new=28.92 d=+0.101 fr=51.25 dt=0.101 rate=1.00 paused=False backlog=57.64 edge=86.57 div=-0.00
20:35:10.881 CLOCK fold raw=29.00 prev=28.92 new=29.00 d=+0.078 fr=51.25 dt=0.101 rate=1.00 paused=False backlog=57.67 edge=86.67 div=-0.00
20:35:10.982 CLOCK integ raw=29.00 prev=29.00 new=29.10 d=+0.101 fr=51.25 dt=0.101 rate=1.00 paused=False backlog=57.67 edge=86.77 div=-0.00
20:35:11.087 CLOCK integ raw=29.00 prev=29.10 new=29.21 d=+0.104 fr=51.25 dt=0.104 rate=1.00 paused=False backlog=57.22 edge=86.43 div=-0.00
20:35:11.189 CLOCK fold raw=29.28 prev=29.21 new=29.28 d=+0.075 fr=51.25 dt=0.102 rate=1.00 paused=False backlog=57.25 edge=86.53 div=-0.00
20:35:11.290 CLOCK integ raw=29.28 prev=29.28 new=29.38 d=+0.102 fr=51.25 dt=0.102 rate=1.00 paused=False backlog=57.25 edge=86.63 div=-0.00
20:35:11.392 CLOCK integ raw=29.28 prev=29.38 new=29.48 d=+0.102 fr=51.25 dt=0.102 rate=1.00 paused=False backlog=57.25 edge=86.73 div=-0.00
20:35:11.494 CLOCK fold raw=29.56 prev=29.48 new=29.56 d=+0.075 fr=51.25 dt=0.101 rate=1.00 paused=False backlog=57.28 edge=86.84 div=-0.00
20:35:11.595 CLOCK integ raw=29.56 prev=29.56 new=29.66 d=+0.102 fr=51.25 dt=0.102 rate=1.00 paused=False backlog=57.28 edge=86.94 div=-0.00
20:35:11.697 CLOCK fold raw=29.84 prev=29.66 new=29.84 d=+0.180 fr=51.25 dt=0.102 rate=1.00 paused=False backlog=57.20 edge=87.04 div=-0.00
20:35:11.900 CLOCK integ raw=29.84 prev=29.84 new=30.04 d=+0.203 fr=51.25 dt=0.203 rate=1.00 paused=False backlog=57.20 edge=87.24 div=-0.00
20:35:12.002 CLOCK fold raw=30.12 prev=30.04 new=30.12 d=+0.077 fr=51.25 dt=0.102 rate=1.00 paused=False backlog=57.22 edge=87.34 div=-0.00
20:35:12.104 CLOCK integ raw=30.12 prev=30.12 new=30.22 d=+0.102 fr=51.25 dt=0.102 rate=1.00 paused=False backlog=57.22 edge=87.45 div=-0.00
20:35:12.205 CLOCK integ raw=30.12 prev=30.22 new=30.33 d=+0.102 fr=51.25 dt=0.102 rate=1.00 paused=False backlog=57.22 edge=87.55 div=-0.00
20:35:12.307 CLOCK fold raw=30.41 prev=30.33 new=30.41 d=+0.081 fr=51.25 dt=0.102 rate=1.00 paused=False backlog=57.24 edge=87.65 div=-0.00
20:35:12.409 CLOCK integ raw=30.41 prev=30.41 new=30.51 d=+0.102 fr=51.25 dt=0.102 rate=1.00 paused=False backlog=57.24 edge=87.75 div=-0.00
20:35:12.511 CLOCK integ raw=30.41 prev=30.51 new=30.61 d=+0.102 fr=51.25 dt=0.102 rate=1.00 paused=False backlog=57.24 edge=87.85 div=-0.00
20:35:12.613 CLOCK fold raw=30.69 prev=30.61 new=30.69 d=+0.080 fr=51.25 dt=0.102 rate=1.00 paused=False backlog=57.27 edge=87.96 div=-0.00
20:35:12.715 CLOCK integ raw=30.69 prev=30.69 new=30.79 d=+0.102 fr=51.25 dt=0.102 rate=1.00 paused=False backlog=57.27 edge=88.06 div=-0.00
20:35:12.817 CLOCK fold raw=30.97 prev=30.79 new=30.97 d=+0.178 fr=51.25 dt=0.103 rate=1.00 paused=False backlog=57.19 edge=88.16 div=-0.00
20:35:12.921 CLOCK integ raw=30.97 prev=30.97 new=31.07 d=+0.102 fr=51.25 dt=0.102 rate=1.00 paused=False backlog=57.19 edge=88.26 div=-0.00
20:35:13.025 CLOCK integ raw=30.97 prev=31.07 new=31.18 d=+0.105 fr=51.25 dt=0.105 rate=1.00 paused=False backlog=56.00 edge=87.18 div=-0.00
20:35:13.127 CLOCK fold raw=31.25 prev=31.18 new=31.25 d=+0.077 fr=51.25 dt=0.102 rate=1.00 paused=False backlog=56.03 edge=87.28 div=-0.00
20:35:13.230 CLOCK integ raw=31.25 prev=31.25 new=31.36 d=+0.103 fr=51.25 dt=0.103 rate=1.00 paused=False backlog=56.03 edge=87.38 div=-0.00
20:35:13.432 CLOCK fold raw=31.53 prev=31.36 new=31.53 d=+0.175 fr=51.25 dt=0.202 rate=1.00 paused=False backlog=56.05 edge=87.58 div=-0.00
20:35:13.535 CLOCK integ raw=31.53 prev=31.53 new=31.63 d=+0.103 fr=51.25 dt=0.103 rate=1.00 paused=False backlog=56.05 edge=87.69 div=-0.00
20:35:13.637 CLOCK integ raw=31.53 prev=31.63 new=31.74 d=+0.102 fr=51.25 dt=0.102 rate=1.00 paused=False backlog=56.05 edge=87.79 div=-0.00
20:35:13.740 TICK fr=51.25 cc=31.74 raw=31.81 vid=31.53 playing=1 started=1 stall=0 | d_fr_cc=+19.51 d_fr_raw=+19.43 d_cc_raw=-0.08 | off=0.03 ccx_end=84.65 since_show=0.1 since_cue=3.4 | pcr=85.883 pid=100 head_rel=85.88 ccx_lag=1.23 | credit=51.2 capped=0.0 | fsize=38624412 feed=38624412 feed_behind=0 | backlog=56.05 edge=87.79 div=-0.00 lag_ewma=5.25
20:35:13.740 CLOCK fold raw=31.81 prev=31.74 new=31.81 d=+0.075 fr=51.25 dt=0.104 rate=1.00 paused=False backlog=56.08 edge=87.89 div=-0.00
20:35:13.842 CLOCK integ raw=31.81 prev=31.81 new=31.91 d=+0.102 fr=51.25 dt=0.102 rate=1.00 paused=False backlog=56.08 edge=87.99 div=-0.00
20:35:13.944 CLOCK fold raw=32.09 prev=31.91 new=32.09 d=+0.179 fr=51.25 dt=0.102 rate=1.00 paused=False backlog=56.00 edge=88.10 div=-0.00
20:35:14.045 CLOCK integ raw=32.09 prev=32.09 new=32.19 d=+0.102 fr=51.25 dt=0.102 rate=1.00 paused=False backlog=56.00 edge=88.20 div=-0.00
20:35:14.147 CLOCK integ raw=32.09 prev=32.19 new=32.30 d=+0.101 fr=51.25 dt=0.101 rate=1.00 paused=False backlog=56.00 edge=88.30 div=-0.00
20:35:14.248 CLOCK fold raw=32.37 prev=32.30 new=32.37 d=+0.077 fr=51.25 dt=0.102 rate=1.00 paused=False backlog=56.03 edge=88.40 div=-0.00
20:35:14.351 CLOCK integ raw=32.37 prev=32.37 new=32.47 d=+0.103 fr=51.25 dt=0.103 rate=1.00 paused=False backlog=56.03 edge=88.50 div=-0.00
20:35:14.453 CLOCK integ raw=32.37 prev=32.47 new=32.58 d=+0.102 fr=51.25 dt=0.102 rate=1.00 paused=False backlog=56.03 edge=88.61 div=-0.00
20:35:14.555 CLOCK fold raw=32.65 prev=32.58 new=32.65 d=+0.076 fr=51.25 dt=0.102 rate=1.00 paused=False backlog=56.05 edge=88.71 div=-0.00
20:35:14.658 CLOCK integ raw=32.65 prev=32.65 new=32.76 d=+0.103 fr=55.73 dt=0.103 rate=1.00 paused=False backlog=56.05 edge=88.81 div=-0.00
20:35:14.859 CLOCK fold raw=32.94 prev=32.76 new=32.94 d=+0.179 fr=55.73 dt=0.201 rate=1.00 paused=False backlog=56.08 edge=89.01 div=-0.00
20:35:14.892 CUE cx=[84.65..85.68] adv=1.03 el=4.49 fresh | off=0.03 fr=55.73 cc=32.94 raw=32.94 lead=+52.78 | pcr=89.676 head_rel=89.67 lag_ewma=5.25 | q=entire way is tracking that / ball. Now I don't know if he /
20:35:14.993 ANCHOR pend_end=85.68 L=4.81 pinL=3.99 target=-0.33 off=0.03
20:35:14.994 CLOCK integ raw=32.94 prev=32.94 new=33.07 d=+0.135 fr=55.73 dt=0.135 rate=1.00 paused=False backlog=56.41 edge=89.48 div=-0.00
20:35:15.097 CLOCK fold raw=33.22 prev=33.07 new=33.22 d=+0.152 fr=56.17 dt=0.102 rate=1.00 paused=False backlog=56.46 edge=89.68 div=-0.00
20:35:15.199 CLOCK integ raw=33.22 prev=33.22 new=33.32 d=+0.102 fr=56.17 dt=0.102 rate=1.00 paused=False backlog=56.46 edge=89.78 div=-0.00
20:35:15.402 CLOCK fold raw=33.50 prev=33.32 new=33.50 d=+0.173 fr=56.17 dt=0.202 rate=1.00 paused=False backlog=56.49 edge=89.98 div=-0.00
20:35:15.504 CLOCK integ raw=33.50 prev=33.50 new=33.60 d=+0.102 fr=56.17 dt=0.102 rate=1.00 paused=False backlog=56.49 edge=90.09 div=-0.00
20:35:15.606 CLOCK integ raw=33.50 prev=33.60 new=33.70 d=+0.102 fr=56.17 dt=0.102 rate=1.00 paused=False backlog=56.49 edge=90.19 div=-0.00
20:35:15.708 CLOCK fold raw=33.78 prev=33.70 new=33.78 d=+0.076 fr=56.17 dt=0.102 rate=1.00 paused=False backlog=56.51 edge=90.29 div=-0.00
20:35:15.809 CLOCK integ raw=33.78 prev=33.78 new=33.88 d=+0.102 fr=56.17 dt=0.102 rate=1.00 paused=False backlog=56.51 edge=90.39 div=-0.00
20:35:15.911 CLOCK fold raw=34.06 prev=33.88 new=34.06 d=+0.177 fr=56.17 dt=0.101 rate=1.00 paused=False backlog=56.44 edge=90.49 div=-0.00
20:35:16.012 CLOCK integ raw=34.06 prev=34.06 new=34.16 d=+0.102 fr=56.17 dt=0.102 rate=1.00 paused=False backlog=56.44 edge=90.59 div=-0.00
20:35:16.114 CLOCK integ raw=34.06 prev=34.16 new=34.26 d=+0.102 fr=56.17 dt=0.102 rate=1.00 paused=False backlog=56.44 edge=90.70 div=-0.00
20:35:16.217 CLOCK fold raw=34.34 prev=34.26 new=34.34 d=+0.078 fr=56.17 dt=0.103 rate=1.00 paused=False backlog=56.46 edge=90.80 div=-0.00
20:35:16.322 CLOCK integ raw=34.34 prev=34.34 new=34.44 d=+0.105 fr=56.17 dt=0.105 rate=1.00 paused=False backlog=56.46 edge=90.90 div=-0.00
20:35:16.424 CLOCK integ raw=34.34 prev=34.44 new=34.55 d=+0.102 fr=56.17 dt=0.102 rate=1.00 paused=False backlog=56.46 edge=91.01 div=-0.00
20:35:16.526 CLOCK fold raw=34.62 prev=34.55 new=34.62 d=+0.079 fr=56.17 dt=0.102 rate=1.00 paused=False backlog=56.48 edge=91.11 div=-0.00
20:35:16.627 CLOCK integ raw=34.62 prev=34.62 new=34.73 d=+0.101 fr=56.17 dt=0.101 rate=1.00 paused=False backlog=56.48 edge=91.21 div=-0.00
20:35:16.730 CLOCK integ raw=34.62 prev=34.73 new=34.83 d=+0.102 fr=56.17 dt=0.102 rate=1.00 paused=False backlog=56.48 edge=91.31 div=-0.00
20:35:16.932 CLOCK fold raw=34.90 prev=34.83 new=34.90 d=+0.074 fr=56.17 dt=0.203 rate=1.00 paused=False backlog=56.61 edge=91.51 div=-0.00
20:35:17.034 CLOCK fold raw=35.18 prev=34.90 new=35.18 d=+0.280 fr=56.17 dt=0.102 rate=1.00 paused=False backlog=56.43 edge=91.62 div=-0.00
20:35:17.138 CLOCK integ raw=35.18 prev=35.18 new=35.29 d=+0.104 fr=56.17 dt=0.104 rate=1.00 paused=False backlog=55.46 edge=90.75 div=-0.00
20:35:17.239 CLOCK integ raw=35.18 prev=35.29 new=35.39 d=+0.102 fr=56.17 dt=0.102 rate=1.00 paused=False backlog=55.46 edge=90.85 div=-0.00
20:35:17.341 CLOCK fold raw=35.46 prev=35.39 new=35.46 d=+0.073 fr=56.17 dt=0.101 rate=1.00 paused=False backlog=55.49 edge=90.95 div=-0.00
20:35:17.442 CLOCK integ raw=35.46 prev=35.46 new=35.56 d=+0.101 fr=56.17 dt=0.101 rate=1.00 paused=False backlog=55.49 edge=91.05 div=-0.00
20:35:17.544 CLOCK integ raw=35.46 prev=35.56 new=35.66 d=+0.102 fr=56.17 dt=0.102 rate=1.00 paused=False backlog=55.49 edge=91.16 div=-0.00
20:35:17.646 CLOCK fold raw=35.74 prev=35.66 new=35.74 d=+0.080 fr=56.17 dt=0.102 rate=1.00 paused=False backlog=55.51 edge=91.26 div=-0.00
20:35:17.749 CLOCK integ raw=35.74 prev=35.74 new=35.85 d=+0.103 fr=56.17 dt=0.103 rate=1.00 paused=False backlog=55.51 edge=91.36 div=-0.00
20:35:17.850 CLOCK integ raw=35.74 prev=35.85 new=35.95 d=+0.102 fr=56.17 dt=0.102 rate=1.00 paused=False backlog=55.51 edge=91.46 div=-0.00
20:35:17.953 CLOCK fold raw=36.02 prev=35.95 new=36.02 d=+0.075 fr=56.17 dt=0.103 rate=1.00 paused=False backlog=55.54 edge=91.56 div=-0.00
20:35:18.055 CLOCK integ raw=36.02 prev=36.02 new=36.13 d=+0.102 fr=56.17 dt=0.102 rate=1.00 paused=False backlog=55.54 edge=91.67 div=-0.00
20:35:18.156 CLOCK fold raw=36.30 prev=36.13 new=36.30 d=+0.178 fr=56.17 dt=0.102 rate=1.00 paused=False backlog=55.46 edge=91.77 div=-0.00
20:35:18.358 CLOCK integ raw=36.30 prev=36.30 new=36.51 d=+0.202 fr=56.17 dt=0.202 rate=1.00 paused=False backlog=55.46 edge=91.97 div=-0.00
20:35:18.460 CLOCK fold raw=36.59 prev=36.51 new=36.59 d=+0.080 fr=56.17 dt=0.102 rate=1.00 paused=False backlog=55.49 edge=92.07 div=-0.00
20:35:18.562 CLOCK integ raw=36.59 prev=36.59 new=36.69 d=+0.102 fr=56.17 dt=0.102 rate=1.00 paused=False backlog=55.49 edge=92.17 div=-0.00
20:35:18.664 CLOCK integ raw=36.59 prev=36.69 new=36.79 d=+0.102 fr=56.17 dt=0.102 rate=1.00 paused=False backlog=55.49 edge=92.28 div=-0.00
20:35:18.666 TICK fr=56.17 cc=36.79 raw=36.59 vid=36.30 playing=1 started=1 stall=0 | d_fr_cc=+19.38 d_fr_raw=+19.59 d_cc_raw=+0.20 | off=-0.15 ccx_end=85.68 since_show=0.0 since_cue=3.8 | pcr=89.676 pid=100 head_rel=89.67 ccx_lag=3.99 | credit=56.2 capped=0.0 | fsize=40438236 feed=40438236 feed_behind=0 | backlog=55.49 edge=92.28 div=-0.00 lag_ewma=4.81
20:35:18.767 CLOCK fold raw=36.87 prev=36.79 new=36.87 d=+0.082 fr=56.17 dt=0.103 rate=1.00 paused=False backlog=55.51 edge=92.38 div=-0.00
20:35:18.869 CLOCK integ raw=36.87 prev=36.87 new=36.97 d=+0.102 fr=56.17 dt=0.102 rate=1.00 paused=False backlog=55.51 edge=92.48 div=-0.00
20:35:18.971 CLOCK integ raw=36.87 prev=36.97 new=37.08 d=+0.102 fr=56.17 dt=0.102 rate=1.00 paused=False backlog=55.51 edge=92.58 div=-0.00
20:35:19.074 EDGESNAP err=-2.91 edge->89.67
20:35:19.074 CLOCK fold raw=37.15 prev=37.08 new=37.15 d=+0.072 fr=56.17 dt=0.103 rate=1.00 paused=False backlog=52.63 edge=89.78 div=-0.00
20:35:19.176 CLOCK integ raw=37.15 prev=37.15 new=37.25 d=+0.102 fr=56.17 dt=0.102 rate=1.00 paused=False backlog=52.63 edge=89.88 div=-0.00
20:35:19.277 CLOCK fold raw=37.43 prev=37.25 new=37.43 d=+0.178 fr=56.17 dt=0.102 rate=1.00 paused=False backlog=52.55 edge=89.98 div=-0.00
20:35:19.378 CLOCK integ raw=37.43 prev=37.43 new=37.53 d=+0.101 fr=56.17 dt=0.101 rate=1.00 paused=False backlog=52.55 edge=90.08 div=-0.00
20:35:19.480 CLOCK integ raw=37.43 prev=37.53 new=37.63 d=+0.101 fr=56.17 dt=0.101 rate=1.00 paused=False backlog=52.55 edge=90.18 div=-0.00
20:35:19.582 CLOCK fold raw=37.71 prev=37.63 new=37.71 d=+0.082 fr=56.17 dt=0.102 rate=1.00 paused=False backlog=52.57 edge=90.29 div=-0.00
20:35:19.684 CLOCK integ raw=37.71 prev=37.71 new=37.81 d=+0.102 fr=56.17 dt=0.102 rate=1.00 paused=False backlog=52.57 edge=90.39 div=-0.00
20:35:19.887 CLOCK fold raw=37.99 prev=37.81 new=37.99 d=+0.175 fr=56.17 dt=0.203 rate=1.00 paused=False backlog=52.60 edge=90.59 div=-0.00
20:35:19.989 CLOCK integ raw=37.99 prev=37.99 new=38.09 d=+0.102 fr=61.07 dt=0.102 rate=1.00 paused=False backlog=52.60 edge=90.69 div=-0.00
20:35:20.091 CLOCK integ raw=37.99 prev=38.09 new=38.19 d=+0.102 fr=61.07 dt=0.102 rate=1.00 paused=False backlog=52.60 edge=90.79 div=-0.00
20:35:20.112 CUE cx=[85.69..90.09] adv=4.41 el=5.23 fresh | off=-0.15 fr=61.07 cc=38.19 raw=38.27 lead=+51.75 | pcr=92.485 head_rel=92.48 lag_ewma=4.81 | q=ball. Now I don't know if he / got touched. He probably coul
20:35:20.213 ANCHOR pend_end=90.09 L=3.97 pinL=2.40 target=-0.84 off=-0.15
20:35:20.213 CLOCK fold raw=38.27 prev=38.19 new=38.27 d=+0.076 fr=61.07 dt=0.123 rate=1.00 paused=False backlog=53.49 edge=91.76 div=-0.00
20:35:20.315 CLOCK integ raw=38.27 prev=38.27 new=38.37 d=+0.102 fr=61.07 dt=0.102 rate=1.00 paused=False backlog=53.49 edge=91.86 div=-0.00
20:35:20.417 CLOCK fold raw=38.55 prev=38.37 new=38.55 d=+0.182 fr=61.07 dt=0.102 rate=1.00 paused=False backlog=53.41 edge=91.97 div=-0.00
20:35:20.518 CLOCK integ raw=38.55 prev=38.55 new=38.65 d=+0.102 fr=61.07 dt=0.102 rate=1.00 paused=False backlog=53.41 edge=92.07 div=-0.00
20:35:20.620 CLOCK integ raw=38.55 prev=38.65 new=38.76 d=+0.101 fr=61.07 dt=0.101 rate=1.00 paused=False backlog=53.41 edge=92.17 div=-0.00
20:35:20.723 CLOCK fold raw=38.84 prev=38.76 new=38.84 d=+0.079 fr=61.07 dt=0.103 rate=1.00 paused=False backlog=53.44 edge=92.27 div=-0.00
20:35:20.825 CLOCK integ raw=38.84 prev=38.84 new=38.94 d=+0.102 fr=61.07 dt=0.102 rate=1.00 paused=False backlog=53.44 edge=92.37 div=-0.00
20:35:20.926 CLOCK integ raw=38.84 prev=38.94 new=39.04 d=+0.101 fr=61.07 dt=0.101 rate=1.00 paused=False backlog=53.44 edge=92.47 div=-0.00
20:35:21.027 CLOCK fold raw=39.11 prev=39.04 new=39.11 d=+0.076 fr=61.07 dt=0.101 rate=1.00 paused=False backlog=53.46 edge=92.58 div=-0.00
20:35:21.131 CLOCK integ raw=39.11 prev=39.11 new=39.22 d=+0.103 fr=61.07 dt=0.103 rate=1.00 paused=False backlog=53.42 edge=92.63 div=-0.00
20:35:21.233 CLOCK integ raw=39.11 prev=39.22 new=39.32 d=+0.102 fr=61.07 dt=0.102 rate=1.00 paused=False backlog=53.42 edge=92.74 div=-0.00
20:35:21.334 CLOCK fold raw=39.40 prev=39.32 new=39.40 d=+0.078 fr=61.07 dt=0.101 rate=1.00 paused=False backlog=53.44 edge=92.84 div=-0.00
20:35:21.537 CLOCK fold raw=39.68 prev=39.40 new=39.68 d=+0.279 fr=61.07 dt=0.203 rate=1.00 paused=False backlog=53.36 edge=93.04 div=-0.00
20:35:21.640 CLOCK integ raw=39.68 prev=39.68 new=39.78 d=+0.103 fr=61.07 dt=0.103 rate=1.00 paused=False backlog=53.36 edge=93.14 div=-0.00
20:35:21.742 CLOCK integ raw=39.68 prev=39.78 new=39.88 d=+0.102 fr=61.07 dt=0.102 rate=1.00 paused=False backlog=53.36 edge=93.24 div=-0.00
20:35:21.843 CLOCK fold raw=39.96 prev=39.88 new=39.96 d=+0.075 fr=61.07 dt=0.101 rate=1.00 paused=False backlog=53.39 edge=93.35 div=-0.00
20:35:21.944 CLOCK integ raw=39.96 prev=39.96 new=40.06 d=+0.101 fr=61.07 dt=0.101 rate=1.00 paused=False backlog=53.39 edge=93.45 div=-0.00
20:35:22.046 CLOCK integ raw=39.96 prev=40.06 new=40.16 d=+0.102 fr=61.07 dt=0.102 rate=1.00 paused=False backlog=53.39 edge=93.55 div=-0.00
20:35:22.149 CLOCK fold raw=40.24 prev=40.16 new=40.24 d=+0.080 fr=61.07 dt=0.102 rate=1.00 paused=False backlog=53.41 edge=93.65 div=-0.00
20:35:22.251 CLOCK integ raw=40.24 prev=40.24 new=40.34 d=+0.103 fr=61.07 dt=0.103 rate=1.00 paused=False backlog=53.41 edge=93.75 div=-0.00
20:35:22.352 CLOCK integ raw=40.24 prev=40.34 new=40.44 d=+0.102 fr=61.07 dt=0.102 rate=1.00 paused=False backlog=53.41 edge=93.85 div=-0.00
20:35:22.454 CLOCK fold raw=40.52 prev=40.44 new=40.52 d=+0.081 fr=61.07 dt=0.102 rate=1.00 paused=False backlog=53.43 edge=93.96 div=-0.00
20:35:22.557 CLOCK integ raw=40.52 prev=40.52 new=40.63 d=+0.102 fr=61.07 dt=0.102 rate=1.00 paused=False backlog=53.43 edge=94.06 div=-0.00
20:35:22.658 CLOCK fold raw=40.80 prev=40.63 new=40.80 d=+0.175 fr=61.07 dt=0.102 rate=1.00 paused=False backlog=53.36 edge=94.16 div=-0.00
20:35:22.762 CLOCK integ raw=40.80 prev=40.80 new=40.90 d=+0.103 fr=61.07 dt=0.103 rate=1.00 paused=False backlog=53.36 edge=94.26 div=-0.00
20:35:22.864 CLOCK integ raw=40.80 prev=40.90 new=41.01 d=+0.103 fr=61.07 dt=0.103 rate=1.00 paused=False backlog=53.36 edge=94.37 div=-0.00
20:35:23.068 CLOCK fold raw=41.09 prev=41.01 new=41.09 d=+0.078 fr=61.07 dt=0.204 rate=1.00 paused=False backlog=53.49 edge=94.57 div=-0.00
20:35:23.173 CLOCK integ raw=41.09 prev=41.09 new=41.19 d=+0.105 fr=61.07 dt=0.105 rate=1.00 paused=False backlog=52.44 edge=93.63 div=-0.00
20:35:23.276 CLOCK fold raw=41.36 prev=41.19 new=41.36 d=+0.174 fr=61.07 dt=0.103 rate=1.00 paused=False backlog=52.37 edge=93.74 div=-0.00
20:35:23.379 CLOCK integ raw=41.36 prev=41.36 new=41.47 d=+0.102 fr=61.07 dt=0.102 rate=1.00 paused=False backlog=52.37 edge=93.84 div=-0.00
20:35:23.481 CLOCK integ raw=41.36 prev=41.47 new=41.57 d=+0.103 fr=61.07 dt=0.103 rate=1.00 paused=False backlog=52.37 edge=93.94 div=-0.00
20:35:23.584 CLOCK fold raw=41.65 prev=41.57 new=41.65 d=+0.078 fr=61.07 dt=0.102 rate=1.00 paused=False backlog=52.40 edge=94.04 div=-0.00
20:35:23.687 CLOCK integ raw=41.65 prev=41.65 new=41.75 d=+0.103 fr=61.07 dt=0.103 rate=1.00 paused=False backlog=52.40 edge=94.15 div=-0.00
20:35:23.691 TICK fr=61.07 cc=41.75 raw=41.65 vid=41.65 playing=1 started=1 stall=0 | d_fr_cc=+19.32 d_fr_raw=+19.42 d_cc_raw=+0.10 | off=-0.50 ccx_end=90.09 since_show=0.0 since_cue=3.6 | pcr=92.485 pid=100 head_rel=92.48 ccx_lag=2.40 | credit=61.1 capped=0.0 | fsize=41801800 feed=41801800 feed_behind=0 | backlog=52.40 edge=94.15 div=-0.00 lag_ewma=3.97
20:35:23.793 CLOCK fold raw=41.93 prev=41.75 new=41.93 d=+0.177 fr=61.07 dt=0.106 rate=1.00 paused=False backlog=52.33 edge=94.25 div=-0.00
20:35:23.895 CLOCK integ raw=41.93 prev=41.93 new=42.03 d=+0.102 fr=61.07 dt=0.102 rate=1.00 paused=False backlog=52.33 edge=94.35 div=-0.00
20:35:23.999 CLOCK integ raw=41.93 prev=42.03 new=42.13 d=+0.103 fr=61.07 dt=0.103 rate=1.00 paused=False backlog=52.33 edge=94.46 div=-0.00
20:35:24.101 CLOCK fold raw=42.21 prev=42.13 new=42.21 d=+0.077 fr=61.07 dt=0.102 rate=1.00 paused=False backlog=52.35 edge=94.56 div=-0.00
20:35:24.202 CLOCK integ raw=42.21 prev=42.21 new=42.31 d=+0.102 fr=61.07 dt=0.102 rate=1.00 paused=False backlog=52.35 edge=94.66 div=-0.00
20:35:24.306 CLOCK integ raw=42.21 prev=42.31 new=42.41 d=+0.103 fr=61.07 dt=0.103 rate=1.00 paused=False backlog=52.35 edge=94.77 div=-0.00
20:35:24.408 CLOCK fold raw=42.49 prev=42.41 new=42.49 d=+0.077 fr=61.07 dt=0.102 rate=1.00 paused=False backlog=52.38 edge=94.87 div=-0.00
20:35:24.510 CLOCK integ raw=42.49 prev=42.49 new=42.59 d=+0.102 fr=61.07 dt=0.102 rate=1.00 paused=False backlog=52.38 edge=94.97 div=-0.00
20:35:24.711 CLOCK fold raw=42.77 prev=42.59 new=42.77 d=+0.177 fr=61.07 dt=0.202 rate=1.00 paused=False backlog=52.40 edge=95.17 div=-0.00
20:35:24.813 CLOCK integ raw=42.77 prev=42.77 new=42.87 d=+0.101 fr=61.07 dt=0.101 rate=1.00 paused=False backlog=52.40 edge=95.27 div=-0.00
20:35:24.956 CUE cx=[90.09..91.92] adv=1.84 el=4.82 fresh | off=-0.50 fr=65.89 cc=42.87 raw=43.05 lead=+48.55 | pcr=95.856 head_rel=95.85 lag_ewma=3.97 | q=got touched. He probably could / have kept on running. But. 
20:35:24.957 CUE cx=[91.93..93.96] adv=2.03 el=0.04 fresh | off=-0.50 fr=65.89 cc=42.87 raw=43.05 lead=+50.59 | pcr=95.856 head_rel=95.85 lag_ewma=3.97 | q=have kept on running. But. / Slowly he stumbles, regains his
20:35:24.958 ANCHOR pend_end=93.96 L=3.24 pinL=1.90 target=-0.15 off=-0.50
20:35:24.958 CLOCK fold raw=43.05 prev=42.87 new=43.05 d=+0.180 fr=65.89 dt=0.145 rate=1.00 paused=False backlog=52.80 edge=95.85 div=-0.00
20:35:25.060 CLOCK integ raw=43.05 prev=43.05 new=43.15 d=+0.102 fr=65.89 dt=0.102 rate=1.00 paused=False backlog=52.80 edge=95.96 div=-0.00
20:35:25.262 CLOCK fold raw=43.33 prev=43.15 new=43.33 d=+0.178 fr=65.89 dt=0.202 rate=1.00 paused=False backlog=52.83 edge=96.16 div=-0.00
20:35:25.364 CLOCK integ raw=43.33 prev=43.33 new=43.43 d=+0.102 fr=66.34 dt=0.102 rate=1.00 paused=False backlog=52.83 edge=96.26 div=-0.00
20:35:25.465 CLOCK fold raw=43.62 prev=43.43 new=43.62 d=+0.184 fr=66.34 dt=0.101 rate=1.00 paused=False backlog=52.74 edge=96.36 div=-0.00
20:35:25.566 CLOCK integ raw=43.62 prev=43.62 new=43.72 d=+0.101 fr=66.34 dt=0.101 rate=1.00 paused=False backlog=52.74 edge=96.46 div=-0.00
20:35:25.669 CLOCK integ raw=43.62 prev=43.72 new=43.82 d=+0.103 fr=66.34 dt=0.103 rate=1.00 paused=False backlog=52.74 edge=96.57 div=-0.00
20:35:25.771 CLOCK fold raw=43.90 prev=43.82 new=43.90 d=+0.077 fr=66.34 dt=0.102 rate=1.00 paused=False backlog=52.77 edge=96.67 div=-0.00
20:35:25.873 CLOCK integ raw=43.90 prev=43.90 new=44.00 d=+0.101 fr=66.34 dt=0.101 rate=1.00 paused=False backlog=52.77 edge=96.77 div=-0.00
20:35:25.974 CLOCK integ raw=43.90 prev=44.00 new=44.10 d=+0.102 fr=66.34 dt=0.102 rate=1.00 paused=False backlog=52.77 edge=96.87 div=-0.00
20:35:26.076 CLOCK fold raw=44.18 prev=44.10 new=44.18 d=+0.080 fr=66.34 dt=0.102 rate=1.00 paused=False backlog=52.79 edge=96.97 div=-0.00
20:35:26.179 CLOCK integ raw=44.18 prev=44.18 new=44.28 d=+0.102 fr=66.34 dt=0.102 rate=1.00 paused=False backlog=52.79 edge=97.08 div=-0.00
20:35:26.281 CLOCK integ raw=44.18 prev=44.28 new=44.39 d=+0.102 fr=66.34 dt=0.102 rate=1.00 paused=False backlog=52.79 edge=97.18 div=-0.00
20:35:26.382 CLOCK fold raw=44.46 prev=44.39 new=44.46 d=+0.075 fr=66.34 dt=0.102 rate=1.00 paused=False backlog=52.82 edge=97.28 div=-0.00
20:35:26.486 CLOCK integ raw=44.46 prev=44.46 new=44.56 d=+0.103 fr=66.34 dt=0.103 rate=1.00 paused=False backlog=52.82 edge=97.38 div=-0.00
20:35:26.591 CLOCK fold raw=44.74 prev=44.56 new=44.74 d=+0.179 fr=66.34 dt=0.105 rate=1.00 paused=False backlog=52.74 edge=97.49 div=-0.00
20:35:26.795 CLOCK integ raw=44.74 prev=44.74 new=44.95 d=+0.204 fr=66.34 dt=0.204 rate=1.00 paused=False backlog=52.74 edge=97.69 div=-0.00
20:35:26.897 CLOCK fold raw=45.02 prev=44.95 new=45.02 d=+0.077 fr=66.34 dt=0.102 rate=1.00 paused=False backlog=52.77 edge=97.79 div=-0.00
20:35:26.998 CLOCK integ raw=45.02 prev=45.02 new=45.13 d=+0.102 fr=66.34 dt=0.102 rate=1.00 paused=False backlog=52.77 edge=97.89 div=-0.00
20:35:27.104 CLOCK integ raw=45.02 prev=45.13 new=45.23 d=+0.106 fr=66.34 dt=0.106 rate=1.00 paused=False backlog=51.75 edge=96.98 div=-0.00
20:35:27.206 CLOCK fold raw=45.30 prev=45.23 new=45.30 d=+0.073 fr=66.34 dt=0.102 rate=1.00 paused=False backlog=51.78 edge=97.08 div=-0.00
20:35:27.309 CLOCK integ raw=45.30 prev=45.30 new=45.41 d=+0.102 fr=66.34 dt=0.102 rate=1.00 paused=False backlog=51.78 edge=97.19 div=-0.00
20:35:27.411 CLOCK integ raw=45.30 prev=45.41 new=45.51 d=+0.102 fr=66.34 dt=0.102 rate=1.00 paused=False backlog=51.78 edge=97.29 div=-0.00
20:35:27.513 CLOCK fold raw=45.59 prev=45.51 new=45.59 d=+0.076 fr=66.34 dt=0.102 rate=1.00 paused=False backlog=51.80 edge=97.39 div=-0.00
20:35:27.615 CLOCK integ raw=45.59 prev=45.59 new=45.69 d=+0.102 fr=66.34 dt=0.102 rate=1.00 paused=False backlog=51.80 edge=97.49 div=-0.00
20:35:27.718 CLOCK fold raw=45.87 prev=45.69 new=45.87 d=+0.181 fr=66.34 dt=0.102 rate=1.00 paused=False backlog=51.72 edge=97.59 div=-0.00
20:35:27.820 CLOCK integ raw=45.87 prev=45.87 new=45.97 d=+0.103 fr=66.34 dt=0.103 rate=1.00 paused=False backlog=51.72 edge=97.70 div=-0.00
20:35:27.923 CLOCK integ raw=45.87 prev=45.97 new=46.07 d=+0.102 fr=66.34 dt=0.102 rate=1.00 paused=False backlog=51.72 edge=97.80 div=-0.00
20:35:28.024 CLOCK fold raw=46.15 prev=46.07 new=46.15 d=+0.078 fr=66.34 dt=0.102 rate=1.00 paused=False backlog=51.75 edge=97.90 div=-0.00
20:35:28.227 CLOCK integ raw=46.15 prev=46.15 new=46.35 d=+0.202 fr=66.34 dt=0.202 rate=1.00 paused=False backlog=51.75 edge=98.10 div=-0.00
20:35:28.328 CLOCK fold raw=46.43 prev=46.35 new=46.43 d=+0.076 fr=66.34 dt=0.102 rate=1.00 paused=False backlog=51.78 edge=98.20 div=-0.00
20:35:28.431 CLOCK integ raw=46.43 prev=46.43 new=46.53 d=+0.102 fr=66.34 dt=0.102 rate=1.00 paused=False backlog=51.78 edge=98.31 div=-0.00
20:35:28.534 CLOCK integ raw=46.43 prev=46.53 new=46.63 d=+0.103 fr=66.34 dt=0.103 rate=1.00 paused=False backlog=51.78 edge=98.41 div=-0.00
20:35:28.635 CLOCK fold raw=46.71 prev=46.63 new=46.71 d=+0.077 fr=66.34 dt=0.102 rate=1.00 paused=False backlog=51.80 edge=98.51 div=-0.00
20:35:28.740 TICK fr=66.34 cc=46.71 raw=46.71 vid=46.43 playing=1 started=1 stall=0 | d_fr_cc=+19.63 d_fr_raw=+19.63 d_cc_raw=+0.00 | off=-0.32 ccx_end=93.96 since_show=0.1 since_cue=3.8 | pcr=95.856 pid=100 head_rel=95.85 ccx_lag=1.90 | credit=66.3 capped=0.0 | fsize=43407696 feed=43407696 feed_behind=0 | backlog=51.80 edge=98.51 div=-0.00 lag_ewma=3.24
20:35:28.740 CLOCK integ raw=46.71 prev=46.71 new=46.82 d=+0.104 fr=66.34 dt=0.104 rate=1.00 paused=False backlog=51.80 edge=98.62 div=-0.00
20:35:28.841 CLOCK fold raw=46.99 prev=46.82 new=46.99 d=+0.176 fr=66.34 dt=0.101 rate=1.00 paused=False backlog=51.73 edge=98.72 div=-0.00
20:35:28.943 CLOCK integ raw=46.99 prev=46.99 new=47.09 d=+0.102 fr=66.34 dt=0.102 rate=1.00 paused=False backlog=51.73 edge=98.82 div=-0.00
20:35:29.045 CLOCK integ raw=46.99 prev=47.09 new=47.19 d=+0.101 fr=66.34 dt=0.101 rate=1.00 paused=False backlog=51.73 edge=98.92 div=-0.00
20:35:29.047 EDGESNAP err=-3.07 edge->95.85
20:35:29.148 CLOCK fold raw=47.27 prev=47.19 new=47.27 d=+0.077 fr=66.34 dt=0.103 rate=1.00 paused=False backlog=48.69 edge=95.96 div=-0.00
20:35:29.249 CLOCK integ raw=47.27 prev=47.27 new=47.37 d=+0.101 fr=66.34 dt=0.101 rate=1.00 paused=False backlog=48.69 edge=96.06 div=-0.00
20:35:29.352 CLOCK integ raw=47.27 prev=47.37 new=47.48 d=+0.103 fr=66.34 dt=0.103 rate=1.00 paused=False backlog=48.69 edge=96.16 div=-0.00
20:35:29.453 CLOCK fold raw=47.55 prev=47.48 new=47.55 d=+0.076 fr=66.34 dt=0.101 rate=1.00 paused=False backlog=48.71 edge=96.26 div=-0.00
20:35:29.555 CLOCK integ raw=47.55 prev=47.55 new=47.65 d=+0.102 fr=66.34 dt=0.102 rate=1.00 paused=False backlog=48.71 edge=96.37 div=-0.00
20:35:29.656 CLOCK integ raw=47.55 prev=47.65 new=47.75 d=+0.102 fr=66.34 dt=0.102 rate=1.00 paused=False backlog=48.71 edge=96.47 div=-0.00
20:35:29.858 CLOCK fold raw=47.83 prev=47.75 new=47.83 d=+0.079 fr=66.34 dt=0.202 rate=1.00 paused=False backlog=48.84 edge=96.67 div=-0.00
20:35:29.960 CLOCK fold raw=48.12 prev=47.83 new=48.12 d=+0.282 fr=66.34 dt=0.102 rate=1.00 paused=False backlog=48.66 edge=96.77 div=-0.00
20:35:30.063 CLOCK integ raw=48.12 prev=48.12 new=48.22 d=+0.102 fr=66.34 dt=0.102 rate=1.00 paused=False backlog=48.66 edge=96.87 div=-0.00
20:35:30.205 EDGESNAP err=+6.78 edge->103.66
20:35:30.206 CUE cx=[93.96..95.83] adv=1.87 el=5.21 fresh | off=-0.32 fr=71.14 cc=48.22 raw=48.12 lead=+47.29 | pcr=103.657 head_rel=103.66 lag_ewma=10.02 | q=Slowly he stumbles, regains his / footing hit and the ball i
20:35:30.207 CUE cx=[95.83..98.53] adv=2.70 el=0.04 fresh | off=-0.32 fr=71.14 cc=48.22 raw=48.12 lead=+49.99 | pcr=103.657 head_rel=103.66 lag_ewma=10.02 | q=footing hit and the ball is out. / Fargo's going to recover 
20:35:30.208 CUE cx=[98.53..101.27] adv=2.74 el=0.00 fresh | off=-0.32 fr=71.14 cc=48.22 raw=48.12 lead=+52.73 | pcr=103.657 head_rel=103.66 lag_ewma=10.02 | q=Fargo's going to recover just / in case he wasn't going forw
20:35:30.208 ANCHOR pend_end=101.27 L=7.35 pinL=2.39 target=0.00 off=-0.32
20:35:30.209 CLOCK integ raw=48.12 prev=48.22 new=48.36 d=+0.146 fr=71.14 dt=0.146 rate=1.00 paused=False backlog=55.44 edge=103.80 div=-0.00
20:35:30.310 CLOCK fold raw=48.40 prev=48.36 new=48.40 d=+0.034 fr=71.14 dt=0.101 rate=1.00 paused=False backlog=55.51 edge=103.90 div=-0.00
20:35:30.412 CUE cx=[101.27..102.27] adv=1.00 el=0.20 fresh | off=-0.16 fr=71.14 cc=48.40 raw=48.40 lead=+53.71 | pcr=103.657 head_rel=103.66 lag_ewma=7.35 | q=in case he wasn't going forward, / but the signal from John 
20:35:30.413 ANCHOR pend_end=102.27 L=5.27 pinL=1.39 target=0.12 off=-0.16
20:35:30.413 CLOCK integ raw=48.40 prev=48.40 new=48.50 d=+0.103 fr=71.14 dt=0.103 rate=1.00 paused=False backlog=55.38 edge=103.88 div=-0.00
20:35:30.514 CLOCK integ raw=48.40 prev=48.50 new=48.60 d=+0.102 fr=71.14 dt=0.102 rate=1.00 paused=False backlog=55.38 edge=103.98 div=-0.00
20:35:30.617 CLOCK fold raw=48.68 prev=48.60 new=48.68 d=+0.077 fr=71.14 dt=0.102 rate=1.00 paused=False backlog=55.41 edge=104.09 div=-0.00
20:35:30.719 CLOCK integ raw=48.68 prev=48.68 new=48.78 d=+0.102 fr=71.14 dt=0.102 rate=1.00 paused=False backlog=55.41 edge=104.19 div=-0.00
20:35:30.820 CLOCK fold raw=48.96 prev=48.78 new=48.96 d=+0.179 fr=71.14 dt=0.101 rate=1.00 paused=False backlog=55.33 edge=104.29 div=-0.00
20:35:30.922 CLOCK integ raw=48.96 prev=48.96 new=49.06 d=+0.103 fr=71.14 dt=0.103 rate=1.00 paused=False backlog=55.33 edge=104.39 div=-0.00
20:35:31.024 CLOCK integ raw=48.96 prev=49.06 new=49.16 d=+0.101 fr=71.14 dt=0.101 rate=1.00 paused=False backlog=55.33 edge=104.49 div=-0.00
20:35:31.127 CLOCK fold raw=49.24 prev=49.16 new=49.24 d=+0.082 fr=71.14 dt=0.103 rate=1.00 paused=False backlog=54.93 edge=104.18 div=-0.00
20:35:31.228 CLOCK integ raw=49.24 prev=49.24 new=49.35 d=+0.102 fr=71.14 dt=0.102 rate=1.00 paused=False backlog=54.93 edge=104.28 div=-0.00
20:35:31.332 CLOCK integ raw=49.24 prev=49.35 new=49.45 d=+0.102 fr=71.14 dt=0.102 rate=1.00 paused=False backlog=54.93 edge=104.38 div=-0.00
20:35:31.432 CLOCK fold raw=49.52 prev=49.45 new=49.52 d=+0.071 fr=71.14 dt=0.102 rate=1.00 paused=False backlog=54.96 edge=104.48 div=-0.00
20:35:31.534 CLOCK integ raw=49.52 prev=49.52 new=49.62 d=+0.101 fr=71.14 dt=0.101 rate=1.00 paused=False backlog=54.96 edge=104.59 div=-0.00
20:35:31.637 CLOCK integ raw=49.52 prev=49.62 new=49.72 d=+0.103 fr=71.14 dt=0.103 rate=1.00 paused=False backlog=54.96 edge=104.69 div=-0.00
20:35:31.841 CLOCK fold raw=49.80 prev=49.72 new=49.80 d=+0.077 fr=71.14 dt=0.204 rate=1.00 paused=False backlog=55.09 edge=104.89 div=-0.00
20:35:31.943 CLOCK fold raw=50.08 prev=49.80 new=50.08 d=+0.281 fr=71.14 dt=0.102 rate=1.00 paused=False backlog=54.91 edge=104.99 div=-0.00
20:35:32.044 CLOCK integ raw=50.08 prev=50.08 new=50.18 d=+0.102 fr=71.14 dt=0.102 rate=1.00 paused=False backlog=54.91 edge=105.10 div=-0.00
20:35:32.146 CLOCK integ raw=50.08 prev=50.18 new=50.29 d=+0.101 fr=71.14 dt=0.101 rate=1.00 paused=False backlog=54.91 edge=105.20 div=-0.00
20:35:32.248 CLOCK fold raw=50.36 prev=50.29 new=50.36 d=+0.078 fr=71.14 dt=0.102 rate=1.00 paused=False backlog=54.94 edge=105.30 div=-0.00
20:35:32.350 CLOCK integ raw=50.36 prev=50.36 new=50.47 d=+0.102 fr=71.14 dt=0.102 rate=1.00 paused=False backlog=54.94 edge=105.40 div=-0.00
20:35:32.453 CLOCK integ raw=50.36 prev=50.47 new=50.57 d=+0.103 fr=71.14 dt=0.103 rate=1.00 paused=False backlog=54.94 edge=105.50 div=-0.00
20:35:32.557 CLOCK fold raw=50.64 prev=50.57 new=50.64 d=+0.075 fr=71.14 dt=0.104 rate=1.00 paused=False backlog=54.97 edge=105.61 div=-0.00
20:35:32.658 CLOCK integ raw=50.64 prev=50.64 new=50.74 d=+0.101 fr=71.14 dt=0.101 rate=1.00 paused=False backlog=54.97 edge=105.71 div=-0.00
20:35:32.760 CLOCK integ raw=50.64 prev=50.74 new=50.85 d=+0.102 fr=71.14 dt=0.102 rate=1.00 paused=False backlog=54.97 edge=105.81 div=-0.00
20:35:32.862 CLOCK fold raw=50.92 prev=50.85 new=50.92 d=+0.078 fr=71.14 dt=0.102 rate=1.00 paused=False backlog=54.99 edge=105.91 div=-0.00
20:35:32.963 CLOCK integ raw=50.92 prev=50.92 new=51.03 d=+0.102 fr=71.14 dt=0.102 rate=1.00 paused=False backlog=54.99 edge=106.01 div=-0.00
20:35:33.067 CLOCK fold raw=51.21 prev=51.03 new=51.21 d=+0.181 fr=71.14 dt=0.103 rate=1.00 paused=False backlog=53.73 edge=104.94 div=-0.00
20:35:33.269 CLOCK integ raw=51.21 prev=51.21 new=51.41 d=+0.202 fr=71.14 dt=0.202 rate=1.00 paused=False backlog=53.73 edge=105.14 div=-0.00
20:35:33.370 CLOCK fold raw=51.49 prev=51.41 new=51.49 d=+0.077 fr=71.14 dt=0.101 rate=1.00 paused=False backlog=53.76 edge=105.24 div=-0.00
20:35:33.471 CLOCK integ raw=51.49 prev=51.49 new=51.59 d=+0.101 fr=71.14 dt=0.101 rate=1.00 paused=False backlog=53.76 edge=105.34 div=-0.00
20:35:33.573 CLOCK integ raw=51.49 prev=51.59 new=51.69 d=+0.102 fr=71.14 dt=0.102 rate=1.00 paused=False backlog=53.76 edge=105.45 div=-0.00
20:35:33.674 CLOCK fold raw=51.77 prev=51.69 new=51.77 d=+0.078 fr=71.14 dt=0.101 rate=1.00 paused=False backlog=53.78 edge=105.55 div=-0.00
20:35:33.676 TICK fr=71.14 cc=51.77 raw=51.77 vid=51.49 playing=1 started=1 stall=0 | d_fr_cc=+19.37 d_fr_raw=+19.37 d_cc_raw=+0.00 | off=-0.02 ccx_end=102.27 since_show=0.0 since_cue=3.3 | pcr=103.657 pid=100 head_rel=103.66 ccx_lag=1.39 | credit=71.1 capped=0.0 | fsize=46888704 feed=46888704 feed_behind=0 | backlog=53.78 edge=105.55 div=-0.00 lag_ewma=5.27
20:35:33.777 CLOCK integ raw=51.77 prev=51.77 new=51.87 d=+0.103 fr=71.14 dt=0.103 rate=1.00 paused=False backlog=53.78 edge=105.65 div=-0.00
20:35:33.880 CLOCK integ raw=51.77 prev=51.87 new=51.97 d=+0.103 fr=71.14 dt=0.103 rate=1.00 paused=False backlog=53.78 edge=105.75 div=-0.00
20:35:33.981 CLOCK fold raw=52.05 prev=51.97 new=52.05 d=+0.079 fr=71.14 dt=0.101 rate=1.00 paused=False backlog=53.80 edge=105.85 div=-0.00
20:35:34.084 CLOCK integ raw=52.05 prev=52.05 new=52.15 d=+0.102 fr=71.14 dt=0.102 rate=1.00 paused=False backlog=53.80 edge=105.96 div=-0.00
20:35:34.185 CLOCK fold raw=52.33 prev=52.15 new=52.33 d=+0.177 fr=71.14 dt=0.101 rate=1.00 paused=False backlog=53.73 edge=106.06 div=-0.00
20:35:34.290 CLOCK integ raw=52.33 prev=52.33 new=52.44 d=+0.104 fr=71.14 dt=0.104 rate=1.00 paused=False backlog=53.73 edge=106.16 div=-0.00
20:35:34.391 CLOCK integ raw=52.33 prev=52.44 new=52.54 d=+0.102 fr=71.14 dt=0.102 rate=1.00 paused=False backlog=53.73 edge=106.26 div=-0.00
20:35:34.492 CLOCK fold raw=52.61 prev=52.54 new=52.61 d=+0.076 fr=71.14 dt=0.102 rate=1.00 paused=False backlog=53.75 edge=106.36 div=-0.00
20:35:34.594 CLOCK integ raw=52.61 prev=52.61 new=52.71 d=+0.102 fr=71.14 dt=0.102 rate=1.00 paused=False backlog=53.75 edge=106.47 div=-0.00
20:35:34.797 CLOCK fold raw=52.90 prev=52.71 new=52.90 d=+0.181 fr=71.14 dt=0.203 rate=1.00 paused=False backlog=53.77 edge=106.67 div=-0.00
20:35:34.900 CLOCK integ raw=52.90 prev=52.90 new=53.00 d=+0.102 fr=71.14 dt=0.102 rate=1.00 paused=False backlog=53.77 edge=106.77 div=-0.00
20:35:34.945 CUE cx=[102.27..105.64] adv=3.37 el=4.49 fresh | off=-0.02 fr=71.14 cc=53.00 raw=52.90 lead=+52.62 | pcr=106.677 head_rel=106.68 lag_ewma=5.27 | q=but the signal from John Hussey / is no incomplete. The arm 
20:35:35.047 ANCHOR pend_end=105.64 L=3.79 pinL=1.04 target=0.02 off=-0.02
20:35:35.048 CLOCK fold raw=53.18 prev=53.00 new=53.18 d=+0.179 fr=76.02 dt=0.148 rate=1.00 paused=False backlog=53.67 edge=106.85 div=-0.00
20:35:35.149 CLOCK integ raw=53.18 prev=53.18 new=53.28 d=+0.102 fr=76.02 dt=0.102 rate=1.00 paused=False backlog=53.67 edge=106.95 div=-0.00
20:35:35.351 CLOCK fold raw=53.46 prev=53.28 new=53.46 d=+0.178 fr=76.02 dt=0.202 rate=1.00 paused=False backlog=53.69 edge=107.15 div=-0.00
20:35:35.453 CLOCK integ raw=53.46 prev=53.46 new=53.56 d=+0.102 fr=76.02 dt=0.102 rate=1.00 paused=False backlog=53.69 edge=107.25 div=-0.00
20:35:35.555 CLOCK integ raw=53.46 prev=53.56 new=53.66 d=+0.102 fr=76.02 dt=0.102 rate=1.00 paused=False backlog=53.69 edge=107.36 div=-0.00
20:35:35.657 CLOCK fold raw=53.75 prev=53.66 new=53.75 d=+0.087 fr=76.02 dt=0.101 rate=1.00 paused=False backlog=53.71 edge=107.46 div=-0.00
20:35:35.758 CLOCK integ raw=53.75 prev=53.75 new=53.85 d=+0.102 fr=76.02 dt=0.102 rate=1.00 paused=False backlog=53.71 edge=107.56 div=-0.00
20:35:35.860 CLOCK fold raw=54.02 prev=53.85 new=54.02 d=+0.175 fr=76.02 dt=0.102 rate=1.00 paused=False backlog=53.64 edge=107.66 div=-0.00
20:35:35.962 CLOCK integ raw=54.02 prev=54.02 new=54.13 d=+0.102 fr=76.02 dt=0.102 rate=1.00 paused=False backlog=53.64 edge=107.76 div=-0.00
20:35:36.064 CLOCK integ raw=54.02 prev=54.13 new=54.23 d=+0.101 fr=76.02 dt=0.101 rate=1.00 paused=False backlog=53.64 edge=107.86 div=-0.00
20:35:36.165 CLOCK fold raw=54.31 prev=54.23 new=54.31 d=+0.083 fr=76.02 dt=0.101 rate=1.00 paused=False backlog=53.65 edge=107.97 div=-0.00
20:35:36.267 CLOCK integ raw=54.31 prev=54.31 new=54.41 d=+0.102 fr=76.02 dt=0.102 rate=1.00 paused=False backlog=53.65 edge=108.07 div=-0.00
20:35:36.368 CLOCK integ raw=54.31 prev=54.41 new=54.51 d=+0.102 fr=76.02 dt=0.102 rate=1.00 paused=False backlog=53.65 edge=108.17 div=-0.00
20:35:36.470 CLOCK fold raw=54.59 prev=54.51 new=54.59 d=+0.077 fr=76.02 dt=0.102 rate=1.00 paused=False backlog=53.68 edge=108.27 div=-0.00
20:35:36.571 CLOCK integ raw=54.59 prev=54.59 new=54.69 d=+0.101 fr=76.02 dt=0.101 rate=1.00 paused=False backlog=53.68 edge=108.37 div=-0.00
20:35:36.673 CLOCK integ raw=54.59 prev=54.69 new=54.79 d=+0.102 fr=76.02 dt=0.102 rate=1.00 paused=False backlog=53.68 edge=108.47 div=-0.00
20:35:36.875 CLOCK fold raw=54.87 prev=54.79 new=54.87 d=+0.078 fr=76.02 dt=0.202 rate=1.00 paused=False backlog=53.80 edge=108.68 div=-0.00
20:35:36.976 CLOCK integ raw=54.87 prev=54.87 new=54.97 d=+0.102 fr=76.02 dt=0.102 rate=1.00 paused=False backlog=53.80 edge=108.78 div=-0.00
20:35:37.078 CLOCK fold raw=55.16 prev=54.97 new=55.16 d=+0.183 fr=76.02 dt=0.102 rate=1.00 paused=False backlog=53.72 edge=108.88 div=-0.00
20:35:37.182 CLOCK integ raw=55.16 prev=55.16 new=55.26 d=+0.104 fr=76.02 dt=0.104 rate=1.00 paused=False backlog=52.62 edge=107.88 div=-0.00
20:35:37.283 CLOCK fold raw=55.44 prev=55.26 new=55.44 d=+0.177 fr=76.02 dt=0.101 rate=1.00 paused=False backlog=52.54 edge=107.98 div=-0.00
20:35:37.384 CLOCK integ raw=55.44 prev=55.44 new=55.54 d=+0.101 fr=76.02 dt=0.101 rate=1.00 paused=False backlog=52.54 edge=108.08 div=-0.00
20:35:37.486 CLOCK integ raw=55.44 prev=55.54 new=55.64 d=+0.102 fr=76.02 dt=0.102 rate=1.00 paused=False backlog=52.54 edge=108.18 div=-0.00
20:35:37.587 CLOCK fold raw=55.72 prev=55.64 new=55.72 d=+0.080 fr=76.02 dt=0.102 rate=1.00 paused=False backlog=52.57 edge=108.29 div=-0.00
20:35:37.689 CLOCK integ raw=55.72 prev=55.72 new=55.82 d=+0.101 fr=76.02 dt=0.101 rate=1.00 paused=False backlog=52.57 edge=108.39 div=-0.00
20:35:37.790 CLOCK integ raw=55.72 prev=55.82 new=55.92 d=+0.101 fr=76.02 dt=0.101 rate=1.00 paused=False backlog=52.57 edge=108.49 div=-0.00
20:35:37.892 CLOCK fold raw=56.01 prev=55.92 new=56.01 d=+0.081 fr=76.02 dt=0.102 rate=1.00 paused=False backlog=52.59 edge=108.59 div=-0.00
20:35:37.993 CLOCK integ raw=56.01 prev=56.01 new=56.11 d=+0.101 fr=76.02 dt=0.101 rate=1.00 paused=False backlog=52.59 edge=108.69 div=-0.00
20:35:38.095 CLOCK integ raw=56.01 prev=56.11 new=56.21 d=+0.102 fr=76.02 dt=0.102 rate=1.00 paused=False backlog=52.59 edge=108.79 div=-0.00
20:35:38.298 CLOCK fold raw=56.29 prev=56.21 new=56.29 d=+0.084 fr=76.02 dt=0.203 rate=1.00 paused=False backlog=52.70 edge=109.00 div=-0.00
20:35:38.400 CLOCK integ raw=56.29 prev=56.29 new=56.39 d=+0.102 fr=76.02 dt=0.102 rate=1.00 paused=False backlog=52.70 edge=109.10 div=-0.00
20:35:38.503 CLOCK fold raw=56.57 prev=56.39 new=56.57 d=+0.180 fr=76.02 dt=0.103 rate=1.00 paused=False backlog=52.63 edge=109.20 div=-0.00
20:35:38.607 CLOCK integ raw=56.57 prev=56.57 new=56.68 d=+0.104 fr=76.02 dt=0.104 rate=1.00 paused=False backlog=52.63 edge=109.31 div=-0.00
20:35:38.710 CLOCK fold raw=56.85 prev=56.68 new=56.85 d=+0.172 fr=76.02 dt=0.103 rate=1.00 paused=False backlog=52.56 edge=109.41 div=-0.00
20:35:38.713 TICK fr=76.02 cc=56.85 raw=56.85 vid=56.57 playing=1 started=1 stall=0 | d_fr_cc=+19.17 d_fr_raw=+19.17 d_cc_raw=+0.00 | off=0.00 ccx_end=105.64 since_show=0.0 since_cue=3.8 | pcr=106.677 pid=100 head_rel=106.68 ccx_lag=1.04 | credit=76.0 capped=0.0 | fsize=48215984 feed=48215984 feed_behind=0 | backlog=52.56 edge=109.41 div=-0.00 lag_ewma=3.79
20:35:38.815 CLOCK integ raw=56.85 prev=56.85 new=56.95 d=+0.105 fr=76.02 dt=0.105 rate=1.00 paused=False backlog=52.56 edge=109.51 div=-0.00
20:35:38.918 CLOCK integ raw=56.85 prev=56.95 new=57.06 d=+0.103 fr=76.02 dt=0.103 rate=1.00 paused=False backlog=52.56 edge=109.62 div=-0.00
20:35:39.019 CLOCK fold raw=57.13 prev=57.06 new=57.13 d=+0.076 fr=76.02 dt=0.101 rate=1.00 paused=False backlog=52.58 edge=109.72 div=-0.00
20:35:39.023 EDGESNAP err=-3.04 edge->106.68
20:35:39.125 CLOCK integ raw=57.13 prev=57.13 new=57.24 d=+0.105 fr=76.02 dt=0.105 rate=1.00 paused=False backlog=49.54 edge=106.78 div=-0.00
20:35:39.226 CLOCK integ raw=57.13 prev=57.24 new=57.34 d=+0.101 fr=76.02 dt=0.101 rate=1.00 paused=False backlog=49.54 edge=106.88 div=-0.00
20:35:39.328 CLOCK fold raw=57.41 prev=57.34 new=57.41 d=+0.072 fr=76.02 dt=0.101 rate=1.00 paused=False backlog=49.57 edge=106.98 div=-0.00
20:35:39.430 CLOCK integ raw=57.41 prev=57.41 new=57.51 d=+0.102 fr=76.02 dt=0.102 rate=1.00 paused=False backlog=49.57 edge=107.09 div=-0.00
20:35:39.532 CLOCK integ raw=57.41 prev=57.51 new=57.62 d=+0.102 fr=76.02 dt=0.102 rate=1.00 paused=False backlog=49.57 edge=107.19 div=-0.00
20:35:39.633 CLOCK fold raw=57.70 prev=57.62 new=57.70 d=+0.080 fr=76.02 dt=0.102 rate=1.00 paused=False backlog=49.59 edge=107.29 div=-0.00
20:35:39.735 CLOCK integ raw=57.70 prev=57.70 new=57.80 d=+0.102 fr=76.02 dt=0.102 rate=1.00 paused=False backlog=49.59 edge=107.39 div=-0.00
20:35:39.838 CLOCK fold raw=57.98 prev=57.80 new=57.98 d=+0.177 fr=80.91 dt=0.103 rate=1.00 paused=False backlog=49.52 edge=107.49 div=-0.00
20:35:40.040 CLOCK integ raw=57.98 prev=57.98 new=58.18 d=+0.202 fr=80.91 dt=0.202 rate=1.00 paused=False backlog=49.52 edge=107.70 div=-0.00
20:35:40.141 CLOCK fold raw=58.26 prev=58.18 new=58.26 d=+0.082 fr=80.91 dt=0.101 rate=1.00 paused=False backlog=49.54 edge=107.80 div=-0.00
20:35:40.164 EDGESNAP err=+3.66 edge->111.46
20:35:40.164 CUE cx=[105.64..107.64] adv=2.00 el=5.24 fresh | off=0.00 fr=80.91 cc=58.26 raw=58.26 lead=+49.38 | pcr=111.456 head_rel=111.46 lag_ewma=7.44 | q=is no incomplete. The arm was / going forward. Valentine sai
20:35:40.164 CUE cx=[107.64..109.44] adv=1.80 el=0.02 fresh | off=0.00 fr=80.91 cc=58.26 raw=58.26 lead=+51.18 | pcr=111.456 head_rel=111.46 lag_ewma=7.44 | q=going forward. Valentine said. / Getting on the football, / 
20:35:40.366 ANCHOR pend_end=109.44 L=5.54 pinL=2.01 target=0.00 off=0.00
20:35:40.366 CLOCK integ raw=58.26 prev=58.26 new=58.48 d=+0.225 fr=81.34 dt=0.225 rate=1.00 paused=False backlog=53.20 edge=111.68 div=-0.00
20:35:40.468 CLOCK fold raw=58.54 prev=58.48 new=58.54 d=+0.057 fr=81.34 dt=0.102 rate=1.00 paused=False backlog=53.24 edge=111.78 div=-0.00
20:35:40.570 CLOCK integ raw=58.54 prev=58.54 new=58.64 d=+0.102 fr=81.34 dt=0.102 rate=1.00 paused=False backlog=53.24 edge=111.88 div=-0.00
20:35:40.671 CLOCK fold raw=58.84 prev=58.64 new=58.84 d=+0.192 fr=81.34 dt=0.102 rate=1.00 paused=False backlog=53.15 edge=111.99 div=-0.00
20:35:40.773 CLOCK integ raw=58.84 prev=58.84 new=58.94 d=+0.102 fr=81.34 dt=0.102 rate=1.00 paused=False backlog=53.15 edge=112.09 div=-0.00
20:35:40.875 CLOCK integ raw=58.84 prev=58.94 new=59.04 d=+0.102 fr=81.34 dt=0.102 rate=1.00 paused=False backlog=53.15 edge=112.19 div=-0.00
20:35:40.977 CLOCK fold raw=59.11 prev=59.04 new=59.11 d=+0.072 fr=81.34 dt=0.102 rate=1.00 paused=False backlog=53.18 edge=112.29 div=-0.00
20:35:41.082 CLOCK integ raw=59.11 prev=59.11 new=59.22 d=+0.105 fr=81.34 dt=0.105 rate=1.00 paused=False backlog=52.76 edge=111.98 div=-0.00
20:35:41.184 CLOCK integ raw=59.11 prev=59.22 new=59.32 d=+0.102 fr=81.34 dt=0.102 rate=1.00 paused=False backlog=52.76 edge=112.08 div=-0.00
20:35:41.285 CLOCK fold raw=59.39 prev=59.32 new=59.39 d=+0.076 fr=81.34 dt=0.101 rate=1.00 paused=False backlog=52.79 edge=112.18 div=-0.00
20:35:41.386 CLOCK integ raw=59.39 prev=59.39 new=59.49 d=+0.101 fr=81.34 dt=0.101 rate=1.00 paused=False backlog=52.79 edge=112.28 div=-0.00
20:35:41.489 CLOCK integ raw=59.39 prev=59.49 new=59.60 d=+0.102 fr=81.34 dt=0.102 rate=1.00 paused=False backlog=52.79 edge=112.39 div=-0.00
20:35:41.691 CLOCK fold raw=59.68 prev=59.60 new=59.68 d=+0.079 fr=81.34 dt=0.202 rate=1.00 paused=False backlog=52.91 edge=112.59 div=-0.00
20:35:41.792 CLOCK integ raw=59.68 prev=59.68 new=59.78 d=+0.101 fr=81.34 dt=0.101 rate=1.00 paused=False backlog=52.91 edge=112.69 div=-0.00
20:35:41.893 CLOCK fold raw=59.96 prev=59.78 new=59.96 d=+0.179 fr=81.34 dt=0.101 rate=1.00 paused=False backlog=52.83 edge=112.79 div=-0.00
20:35:41.995 CLOCK integ raw=59.96 prev=59.96 new=60.06 d=+0.102 fr=81.34 dt=0.102 rate=1.00 paused=False backlog=52.83 edge=112.89 div=-0.00
20:35:42.096 CLOCK fold raw=60.24 prev=60.06 new=60.24 d=+0.185 fr=81.34 dt=0.101 rate=1.00 paused=False backlog=52.75 edge=112.99 div=-0.00
20:35:42.198 CLOCK integ raw=60.24 prev=60.24 new=60.35 d=+0.102 fr=81.34 dt=0.102 rate=1.00 paused=False backlog=52.75 edge=113.09 div=-0.00
20:35:42.300 CLOCK integ raw=60.24 prev=60.35 new=60.45 d=+0.102 fr=81.34 dt=0.102 rate=1.00 paused=False backlog=52.75 edge=113.20 div=-0.00
20:35:42.402 CLOCK fold raw=60.52 prev=60.45 new=60.52 d=+0.072 fr=81.34 dt=0.101 rate=1.00 paused=False backlog=52.78 edge=113.30 div=-0.00
20:35:42.504 CLOCK integ raw=60.52 prev=60.52 new=60.62 d=+0.102 fr=81.34 dt=0.102 rate=1.00 paused=False backlog=52.78 edge=113.40 div=-0.00
20:35:42.605 CLOCK integ raw=60.52 prev=60.62 new=60.72 d=+0.101 fr=81.34 dt=0.101 rate=1.00 paused=False backlog=52.78 edge=113.50 div=-0.00
20:35:42.706 CLOCK fold raw=60.80 prev=60.72 new=60.80 d=+0.076 fr=81.34 dt=0.101 rate=1.00 paused=False backlog=52.80 edge=113.60 div=-0.00
20:35:42.808 CLOCK integ raw=60.80 prev=60.80 new=60.90 d=+0.101 fr=81.34 dt=0.101 rate=1.00 paused=False backlog=52.80 edge=113.70 div=-0.00
20:35:42.910 CLOCK integ raw=60.80 prev=60.90 new=61.00 d=+0.102 fr=81.34 dt=0.102 rate=1.00 paused=False backlog=52.80 edge=113.81 div=-0.00
20:35:43.013 CLOCK fold raw=61.08 prev=61.00 new=61.08 d=+0.080 fr=81.34 dt=0.103 rate=1.00 paused=False backlog=51.65 edge=112.73 div=-0.00
20:35:43.216 CLOCK fold raw=61.36 prev=61.08 new=61.36 d=+0.281 fr=81.34 dt=0.203 rate=1.00 paused=False backlog=51.57 edge=112.94 div=-0.00
20:35:43.319 CLOCK integ raw=61.36 prev=61.36 new=61.47 d=+0.103 fr=81.34 dt=0.103 rate=1.00 paused=False backlog=51.57 edge=113.04 div=-0.00
20:35:43.421 CLOCK integ raw=61.36 prev=61.47 new=61.57 d=+0.102 fr=81.34 dt=0.102 rate=1.00 paused=False backlog=51.57 edge=113.14 div=-0.00
20:35:43.524 CLOCK fold raw=61.65 prev=61.57 new=61.65 d=+0.079 fr=81.34 dt=0.102 rate=1.00 paused=False backlog=51.60 edge=113.24 div=-0.00
20:35:43.626 CLOCK integ raw=61.65 prev=61.65 new=61.75 d=+0.103 fr=81.34 dt=0.103 rate=1.00 paused=False backlog=51.60 edge=113.35 div=-0.00
20:35:43.729 TICK fr=81.34 cc=61.75 raw=61.65 vid=61.65 playing=1 started=1 stall=0 | d_fr_cc=+19.59 d_fr_raw=+19.69 d_cc_raw=+0.10 | off=0.00 ccx_end=109.44 since_show=0.1 since_cue=3.6 | pcr=111.456 pid=100 head_rel=111.46 ccx_lag=2.01 | credit=81.3 capped=0.0 | fsize=50416900 feed=50416900 feed_behind=0 | backlog=51.60 edge=113.35 div=-0.00 lag_ewma=5.54
20:35:43.729 CLOCK integ raw=61.65 prev=61.75 new=61.85 d=+0.104 fr=81.34 dt=0.104 rate=1.00 paused=False backlog=51.60 edge=113.45 div=-0.00
20:35:43.831 CLOCK fold raw=61.93 prev=61.85 new=61.93 d=+0.071 fr=81.34 dt=0.102 rate=1.00 paused=False backlog=51.63 edge=113.55 div=-0.00
20:35:43.933 CLOCK integ raw=61.93 prev=61.93 new=62.03 d=+0.101 fr=81.34 dt=0.101 rate=1.00 paused=False backlog=51.63 edge=113.65 div=-0.00
20:35:44.034 CLOCK integ raw=61.93 prev=62.03 new=62.13 d=+0.101 fr=81.34 dt=0.101 rate=1.00 paused=False backlog=51.63 edge=113.75 div=-0.00
20:35:44.137 CLOCK fold raw=62.21 prev=62.13 new=62.21 d=+0.079 fr=81.34 dt=0.103 rate=1.00 paused=False backlog=51.65 edge=113.86 div=-0.00
20:35:44.239 CLOCK integ raw=62.21 prev=62.21 new=62.31 d=+0.102 fr=81.34 dt=0.102 rate=1.00 paused=False backlog=51.65 edge=113.96 div=-0.00
20:35:44.341 CLOCK fold raw=62.49 prev=62.31 new=62.49 d=+0.181 fr=81.34 dt=0.102 rate=1.00 paused=False backlog=51.57 edge=114.06 div=-0.00
20:35:44.443 CLOCK integ raw=62.49 prev=62.49 new=62.59 d=+0.102 fr=81.34 dt=0.102 rate=1.00 paused=False backlog=51.57 edge=114.16 div=-0.00
20:35:44.547 CLOCK integ raw=62.49 prev=62.59 new=62.70 d=+0.103 fr=81.34 dt=0.103 rate=1.00 paused=False backlog=51.57 edge=114.27 div=-0.00
20:35:44.649 CLOCK fold raw=62.77 prev=62.70 new=62.77 d=+0.076 fr=81.34 dt=0.103 rate=1.00 paused=False backlog=51.60 edge=114.37 div=-0.00
20:35:44.854 CLOCK integ raw=62.77 prev=62.77 new=62.98 d=+0.204 fr=85.83 dt=0.204 rate=1.00 paused=False backlog=51.60 edge=114.57 div=-0.00
20:35:44.956 CLOCK fold raw=63.05 prev=62.98 new=63.05 d=+0.078 fr=85.83 dt=0.103 rate=1.00 paused=False backlog=51.62 edge=114.68 div=-0.00
20:35:45.058 CLOCK integ raw=63.05 prev=63.05 new=63.16 d=+0.102 fr=85.83 dt=0.102 rate=1.00 paused=False backlog=51.62 edge=114.78 div=-0.00
20:35:45.102 EDGESNAP err=+3.71 edge->118.49
20:35:45.103 CUE cx=[109.44..113.21] adv=3.77 el=4.94 fresh | off=0.00 fr=85.83 cc=63.16 raw=63.05 lead=+50.06 | pcr=118.494 head_rel=118.49 lag_ewma=5.54 | q=Getting on the football, / they're showing some nice / quick
20:35:45.104 CUE cx=[113.21..114.88] adv=1.67 el=0.00 fresh | off=0.00 fr=85.83 cc=63.16 raw=63.05 lead=+51.73 | pcr=118.494 head_rel=118.49 lag_ewma=5.54 | q=they're showing some nice / quicks for a big man. Here's / w
20:35:45.105 CUE cx=[114.88..115.95] adv=1.07 el=0.00 fresh | off=0.00 fr=85.83 cc=63.16 raw=63.05 lead=+52.79 | pcr=118.494 head_rel=118.49 lag_ewma=5.54 | q=quicks for a big man. Here's / why this this time of the gam
20:35:45.106 CUE cx=[115.95..117.15] adv=1.20 el=0.00 fresh | off=0.00 fr=85.83 cc=63.16 raw=63.05 lead=+53.99 | pcr=118.494 head_rel=118.49 lag_ewma=5.54 | q=why this this time of the game / matters so much. All the / 
20:35:45.210 ANCHOR pend_end=117.15 L=4.07 pinL=1.34 target=0.00 off=0.00
20:35:45.210 CLOCK fold raw=63.34 prev=63.16 new=63.34 d=+0.179 fr=86.18 dt=0.152 rate=1.00 paused=False backlog=55.31 edge=118.65 div=-0.00
20:35:45.313 CLOCK integ raw=63.34 prev=63.34 new=63.44 d=+0.102 fr=86.18 dt=0.102 rate=1.00 paused=False backlog=55.31 edge=118.75 div=-0.00
20:35:45.515 CLOCK fold raw=63.62 prev=63.44 new=63.62 d=+0.182 fr=86.18 dt=0.203 rate=1.00 paused=False backlog=55.33 edge=118.95 div=-0.00
20:35:45.616 CLOCK integ raw=63.62 prev=63.62 new=63.72 d=+0.102 fr=86.18 dt=0.102 rate=1.00 paused=False backlog=55.33 edge=119.05 div=-0.00
20:35:45.718 CLOCK integ raw=63.62 prev=63.72 new=63.82 d=+0.102 fr=86.18 dt=0.102 rate=1.00 paused=False backlog=55.33 edge=119.15 div=-0.00
20:35:45.819 CLOCK fold raw=63.90 prev=63.82 new=63.90 d=+0.075 fr=86.18 dt=0.102 rate=1.00 paused=False backlog=55.36 edge=119.25 div=-0.00
20:35:45.921 CLOCK integ raw=63.90 prev=63.90 new=64.00 d=+0.101 fr=86.18 dt=0.101 rate=1.00 paused=False backlog=55.36 edge=119.36 div=-0.00
20:35:46.023 CLOCK fold raw=64.19 prev=64.00 new=64.19 d=+0.187 fr=86.18 dt=0.102 rate=1.00 paused=False backlog=55.27 edge=119.46 div=-0.00
20:35:46.124 CLOCK integ raw=64.19 prev=64.19 new=64.29 d=+0.101 fr=86.18 dt=0.101 rate=1.00 paused=False backlog=55.27 edge=119.56 div=-0.00
20:35:46.226 CLOCK integ raw=64.19 prev=64.29 new=64.39 d=+0.102 fr=86.18 dt=0.102 rate=1.00 paused=False backlog=55.27 edge=119.66 div=-0.00
20:35:46.328 CLOCK fold raw=64.47 prev=64.39 new=64.47 d=+0.079 fr=86.18 dt=0.101 rate=1.00 paused=False backlog=55.30 edge=119.76 div=-0.00
20:35:46.430 CLOCK integ raw=64.47 prev=64.47 new=64.57 d=+0.102 fr=86.18 dt=0.102 rate=1.00 paused=False backlog=55.30 edge=119.87 div=-0.00
20:35:46.532 CLOCK integ raw=64.47 prev=64.57 new=64.67 d=+0.102 fr=86.18 dt=0.102 rate=1.00 paused=False backlog=55.30 edge=119.97 div=-0.00
20:35:46.634 CLOCK fold raw=64.75 prev=64.67 new=64.75 d=+0.074 fr=86.18 dt=0.102 rate=1.00 paused=False backlog=55.32 edge=120.07 div=-0.00
20:35:46.736 CLOCK integ raw=64.75 prev=64.75 new=64.85 d=+0.103 fr=86.18 dt=0.103 rate=1.00 paused=False backlog=55.32 edge=120.17 div=-0.00
20:35:46.838 CLOCK integ raw=64.75 prev=64.85 new=64.95 d=+0.102 fr=86.18 dt=0.102 rate=1.00 paused=False backlog=55.32 edge=120.27 div=-0.00
20:35:47.041 CLOCK fold raw=65.03 prev=64.95 new=65.03 d=+0.077 fr=86.18 dt=0.203 rate=1.00 paused=False backlog=55.45 edge=120.48 div=-0.00
20:35:47.143 CLOCK integ raw=65.03 prev=65.03 new=65.13 d=+0.102 fr=86.18 dt=0.102 rate=1.00 paused=False backlog=54.46 edge=119.59 div=-0.00
20:35:47.245 CLOCK fold raw=65.31 prev=65.13 new=65.31 d=+0.180 fr=86.18 dt=0.101 rate=1.00 paused=False backlog=54.38 edge=119.69 div=-0.00
20:35:47.346 CLOCK integ raw=65.31 prev=65.31 new=65.41 d=+0.101 fr=86.18 dt=0.101 rate=1.00 paused=False backlog=54.38 edge=119.79 div=-0.00
20:35:47.448 CLOCK fold raw=65.59 prev=65.41 new=65.59 d=+0.185 fr=86.18 dt=0.102 rate=1.00 paused=False backlog=54.30 edge=119.89 div=-0.00
20:35:47.550 CLOCK integ raw=65.59 prev=65.59 new=65.70 d=+0.102 fr=86.18 dt=0.102 rate=1.00 paused=False backlog=54.30 edge=119.99 div=-0.00
20:35:47.652 CLOCK integ raw=65.59 prev=65.70 new=65.80 d=+0.103 fr=86.18 dt=0.103 rate=1.00 paused=False backlog=54.30 edge=120.10 div=-0.00
20:35:47.754 CLOCK fold raw=65.88 prev=65.80 new=65.88 d=+0.078 fr=86.18 dt=0.102 rate=1.00 paused=False backlog=54.32 edge=120.20 div=-0.00
20:35:47.856 CLOCK integ raw=65.88 prev=65.88 new=65.98 d=+0.102 fr=86.18 dt=0.102 rate=1.00 paused=False backlog=54.32 edge=120.30 div=-0.00
20:35:47.958 CLOCK integ raw=65.88 prev=65.98 new=66.08 d=+0.102 fr=86.18 dt=0.102 rate=1.00 paused=False backlog=54.32 edge=120.40 div=-0.00
20:35:48.060 CLOCK fold raw=66.16 prev=66.08 new=66.16 d=+0.080 fr=86.18 dt=0.102 rate=1.00 paused=False backlog=54.34 edge=120.50 div=-0.00
20:35:48.161 CLOCK integ raw=66.16 prev=66.16 new=66.26 d=+0.101 fr=86.18 dt=0.101 rate=1.00 paused=False backlog=54.34 edge=120.61 div=-0.00
20:35:48.363 CLOCK fold raw=66.44 prev=66.26 new=66.44 d=+0.174 fr=86.18 dt=0.202 rate=1.00 paused=False backlog=54.37 edge=120.81 div=-0.00
20:35:48.465 CLOCK integ raw=66.44 prev=66.44 new=66.54 d=+0.102 fr=86.18 dt=0.102 rate=1.00 paused=False backlog=54.37 edge=120.91 div=-0.00
20:35:48.567 CLOCK fold raw=66.72 prev=66.54 new=66.72 d=+0.182 fr=86.18 dt=0.102 rate=1.00 paused=False backlog=54.29 edge=121.01 div=-0.00
20:35:48.669 CLOCK integ raw=66.72 prev=66.72 new=66.82 d=+0.102 fr=86.18 dt=0.102 rate=1.00 paused=False backlog=54.29 edge=121.11 div=-0.00
20:35:48.673 TICK fr=86.18 cc=66.82 raw=66.72 vid=66.44 playing=1 started=1 stall=0 | d_fr_cc=+19.36 d_fr_raw=+19.46 d_cc_raw=+0.10 | off=0.00 ccx_end=117.15 since_show=0.0 since_cue=3.6 | pcr=118.494 pid=100 head_rel=118.49 ccx_lag=1.34 | credit=86.2 capped=0.0 | fsize=53356844 feed=53356844 feed_behind=0 | backlog=54.29 edge=121.11 div=-0.00 lag_ewma=4.07
20:35:48.774 CLOCK integ raw=66.72 prev=66.82 new=66.93 d=+0.105 fr=86.18 dt=0.105 rate=1.00 paused=False backlog=54.29 edge=121.22 div=-0.00
20:35:48.876 CLOCK fold raw=67.00 prev=66.93 new=67.00 d=+0.073 fr=86.18 dt=0.102 rate=1.00 paused=False backlog=54.32 edge=121.32 div=-0.00
20:35:48.978 CLOCK integ raw=67.00 prev=67.00 new=67.10 d=+0.102 fr=86.18 dt=0.102 rate=1.00 paused=False backlog=54.32 edge=121.42 div=-0.00
20:35:49.082 EDGESNAP err=-2.93 edge->118.49
20:35:49.083 CLOCK integ raw=67.00 prev=67.10 new=67.20 d=+0.104 fr=86.18 dt=0.104 rate=1.00 paused=False backlog=51.39 edge=118.60 div=-0.00
20:35:49.185 CLOCK fold raw=67.28 prev=67.20 new=67.28 d=+0.077 fr=86.18 dt=0.103 rate=1.00 paused=False backlog=51.42 edge=118.70 div=-0.00
20:35:49.289 CLOCK integ raw=67.28 prev=67.28 new=67.39 d=+0.104 fr=86.18 dt=0.104 rate=1.00 paused=False backlog=51.42 edge=118.80 div=-0.00
20:35:49.391 CLOCK integ raw=67.28 prev=67.39 new=67.49 d=+0.102 fr=86.18 dt=0.102 rate=1.00 paused=False backlog=51.42 edge=118.91 div=-0.00
20:35:49.493 CLOCK fold raw=67.56 prev=67.49 new=67.56 d=+0.073 fr=86.18 dt=0.102 rate=1.00 paused=False backlog=51.45 edge=119.01 div=-0.00
20:35:49.595 CLOCK integ raw=67.56 prev=67.56 new=67.66 d=+0.102 fr=86.18 dt=0.102 rate=1.00 paused=False backlog=51.45 edge=119.11 div=-0.00
20:35:49.696 CLOCK fold raw=67.85 prev=67.66 new=67.85 d=+0.186 fr=86.18 dt=0.101 rate=1.00 paused=False backlog=51.36 edge=119.21 div=-0.00
20:35:49.799 CLOCK integ raw=67.85 prev=67.85 new=67.95 d=+0.103 fr=86.18 dt=0.103 rate=1.00 paused=False backlog=51.36 edge=119.31 div=-0.00
20:35:49.939 EDGESNAP err=+3.53 edge->122.85
20:35:49.939 CUE cx=[117.15..118.85] adv=1.70 el=4.79 fresh | off=0.00 fr=86.18 cc=67.95 raw=67.85 lead=+50.90 | pcr=122.849 head_rel=122.85 lag_ewma=7.61 | q=matters so much. All the / players you see on the field / ar
20:35:49.940 CUE cx=[118.85..120.32] adv=1.47 el=0.04 fresh | off=0.00 fr=86.18 cc=67.95 raw=67.85 lead=+52.37 | pcr=122.849 head_rel=122.85 lag_ewma=7.61 | q=players you see on the field / are fighting for something, /
20:35:49.940 CUE cx=[120.32..121.72] adv=1.40 el=0.00 fresh | off=0.00 fr=86.18 cc=67.95 raw=67.85 lead=+53.77 | pcr=122.849 head_rel=122.85 lag_ewma=7.61 | q=are fighting for something, / either to make the 53 man / ro
20:35:49.941 ANCHOR pend_end=121.72 L=5.34 pinL=1.13 target=0.00 off=0.00
20:35:49.941 CLOCK integ raw=67.85 prev=67.95 new=68.09 d=+0.142 fr=86.18 dt=0.142 rate=1.00 paused=False backlog=54.90 edge=122.99 div=-0.00
20:35:50.043 CLOCK fold raw=68.14 prev=68.09 new=68.14 d=+0.041 fr=91.12 dt=0.102 rate=1.00 paused=False backlog=54.96 edge=123.09 div=-0.00
20:35:50.146 CLOCK integ raw=68.14 prev=68.14 new=68.24 d=+0.102 fr=91.12 dt=0.102 rate=1.00 paused=False backlog=54.96 edge=123.19 div=-0.00
20:35:50.247 CLOCK fold raw=68.41 prev=68.24 new=68.41 d=+0.175 fr=91.12 dt=0.102 rate=1.00 paused=False backlog=54.88 edge=123.30 div=-0.00
20:35:50.351 EDGESNAP err=+2.58 edge->125.87
20:35:50.351 CUE cx=[121.72..122.72] adv=1.00 el=0.41 fresh | off=0.00 fr=91.12 cc=68.41 raw=68.41 lead=+54.31 | pcr=125.872 head_rel=125.87 lag_ewma=7.91 | q=either to make the 53 man / roster, to make the practice / s
20:35:50.351 CUE cx=[122.72..123.86] adv=1.13 el=0.00 fresh | off=0.00 fr=91.12 cc=68.41 raw=68.41 lead=+55.44 | pcr=125.872 head_rel=125.87 lag_ewma=7.91 | q=roster, to make the practice / squad. Some of these players 
20:35:50.352 ANCHOR pend_end=123.86 L=5.85 pinL=2.02 target=0.00 off=0.00
20:35:50.352 CLOCK integ raw=68.41 prev=68.41 new=68.52 d=+0.105 fr=91.12 dt=0.105 rate=1.00 paused=False backlog=57.46 edge=125.98 div=-0.00
20:35:50.453 CLOCK integ raw=68.41 prev=68.52 new=68.62 d=+0.101 fr=91.53 dt=0.101 rate=1.00 paused=False backlog=57.46 edge=126.08 div=-0.00
20:35:50.557 CLOCK fold raw=68.70 prev=68.62 new=68.70 d=+0.078 fr=91.53 dt=0.103 rate=1.00 paused=False backlog=57.48 edge=126.18 div=-0.00
20:35:50.759 CLOCK integ raw=68.70 prev=68.70 new=68.90 d=+0.203 fr=91.53 dt=0.203 rate=1.00 paused=False backlog=57.48 edge=126.38 div=-0.00
20:35:50.860 CLOCK fold raw=68.97 prev=68.90 new=68.97 d=+0.074 fr=91.53 dt=0.102 rate=1.00 paused=False backlog=57.51 edge=126.48 div=-0.00
20:35:50.963 CLOCK integ raw=68.97 prev=68.97 new=69.08 d=+0.103 fr=91.53 dt=0.103 rate=1.00 paused=False backlog=57.51 edge=126.59 div=-0.00
20:35:51.064 CLOCK integ raw=68.97 prev=69.08 new=69.18 d=+0.101 fr=91.53 dt=0.101 rate=1.00 paused=False backlog=57.51 edge=126.69 div=-0.00
20:35:51.167 CLOCK fold raw=69.25 prev=69.18 new=69.25 d=+0.078 fr=91.53 dt=0.102 rate=1.00 paused=False backlog=57.13 edge=126.38 div=-0.00
20:35:51.270 CLOCK integ raw=69.25 prev=69.25 new=69.36 d=+0.103 fr=91.53 dt=0.103 rate=1.00 paused=False backlog=57.13 edge=126.49 div=-0.00
20:35:51.372 CLOCK fold raw=69.53 prev=69.36 new=69.53 d=+0.176 fr=91.53 dt=0.102 rate=1.00 paused=False backlog=57.05 edge=126.59 div=-0.00
20:35:51.473 CLOCK integ raw=69.53 prev=69.53 new=69.64 d=+0.101 fr=91.53 dt=0.101 rate=1.00 paused=False backlog=57.05 edge=126.69 div=-0.00
20:35:51.576 CLOCK integ raw=69.53 prev=69.64 new=69.74 d=+0.102 fr=91.53 dt=0.102 rate=1.00 paused=False backlog=57.05 edge=126.79 div=-0.00
20:35:51.678 CLOCK fold raw=69.82 prev=69.74 new=69.82 d=+0.080 fr=91.53 dt=0.103 rate=1.00 paused=False backlog=57.08 edge=126.89 div=-0.00
20:35:51.779 CLOCK integ raw=69.82 prev=69.82 new=69.92 d=+0.101 fr=91.53 dt=0.101 rate=1.00 paused=False backlog=57.08 edge=126.99 div=-0.00
20:35:51.881 CLOCK integ raw=69.82 prev=69.92 new=70.02 d=+0.102 fr=91.53 dt=0.102 rate=1.00 paused=False backlog=57.08 edge=127.10 div=-0.00
20:35:52.083 CLOCK fold raw=70.10 prev=70.02 new=70.10 d=+0.079 fr=91.53 dt=0.202 rate=1.00 paused=False backlog=57.20 edge=127.30 div=-0.00
20:35:52.184 CLOCK integ raw=70.10 prev=70.10 new=70.20 d=+0.101 fr=91.53 dt=0.101 rate=1.00 paused=False backlog=57.20 edge=127.40 div=-0.00
20:35:52.285 CLOCK fold raw=70.38 prev=70.20 new=70.38 d=+0.177 fr=91.53 dt=0.101 rate=1.00 paused=False backlog=57.12 edge=127.50 div=-0.00
20:35:52.387 CLOCK integ raw=70.38 prev=70.38 new=70.48 d=+0.102 fr=91.53 dt=0.102 rate=1.00 paused=False backlog=57.12 edge=127.60 div=-0.00
20:35:52.489 CLOCK integ raw=70.38 prev=70.48 new=70.58 d=+0.102 fr=91.53 dt=0.102 rate=1.00 paused=False backlog=57.12 edge=127.70 div=-0.00
20:35:52.591 CLOCK fold raw=70.66 prev=70.58 new=70.66 d=+0.077 fr=91.53 dt=0.102 rate=1.00 paused=False backlog=57.15 edge=127.81 div=-0.00
20:35:52.692 CLOCK integ raw=70.66 prev=70.66 new=70.76 d=+0.102 fr=91.53 dt=0.102 rate=1.00 paused=False backlog=57.15 edge=127.91 div=-0.00
20:35:52.795 CLOCK fold raw=70.94 prev=70.76 new=70.94 d=+0.179 fr=91.53 dt=0.103 rate=1.00 paused=False backlog=57.07 edge=128.01 div=-0.00
20:35:52.897 CLOCK integ raw=70.94 prev=70.94 new=71.04 d=+0.101 fr=93.97 dt=0.101 rate=1.00 paused=False backlog=57.07 edge=128.11 div=-0.00
20:35:52.998 CLOCK integ raw=70.94 prev=71.04 new=71.14 d=+0.102 fr=93.97 dt=0.102 rate=1.00 paused=False backlog=57.07 edge=128.21 div=-0.00
20:35:53.101 CUE cx=[123.86..125.49] adv=1.64 el=2.75 fresh | off=0.00 fr=93.97 cc=71.14 raw=71.22 lead=+54.35 | pcr=130.294 head_rel=130.29 lag_ewma=5.85 | q=squad. Some of these players / will be the last time they ev
20:35:53.102 CUE cx=[125.49..127.23] adv=1.73 el=0.00 fresh | off=0.00 fr=93.97 cc=71.14 raw=71.22 lead=+56.08 | pcr=130.294 head_rel=130.29 lag_ewma=5.85 | q=will be the last time they ever / play football. And so ther
20:35:53.102 CUE cx=[127.23..128.36] adv=1.13 el=0.00 fresh | off=0.00 fr=93.97 cc=71.14 raw=71.22 lead=+57.22 | pcr=130.294 head_rel=130.29 lag_ewma=5.85 | q=play football. And so there's / so much on the line, but it'
20:35:53.103 CUE cx=[128.36..129.59] adv=1.23 el=0.00 fresh | off=0.00 fr=93.97 cc=71.14 raw=71.22 lead=+58.45 | pcr=130.294 head_rel=130.29 lag_ewma=5.85 | q=so much on the line, but it's / just different. It's not may
20:35:53.105 ANCHOR pend_end=129.59 L=4.05 pinL=0.70 target=-0.06 off=0.00
20:35:53.105 CLOCK fold raw=71.22 prev=71.14 new=71.22 d=+0.080 fr=93.97 dt=0.106 rate=1.00 paused=False backlog=59.11 edge=130.33 div=-0.00
20:35:53.206 CLOCK integ raw=71.22 prev=71.22 new=71.32 d=+0.101 fr=93.97 dt=0.101 rate=1.00 paused=False backlog=59.11 edge=130.44 div=-0.00
20:35:53.308 CLOCK integ raw=71.22 prev=71.32 new=71.43 d=+0.102 fr=94.38 dt=0.102 rate=1.00 paused=False backlog=59.11 edge=130.54 div=-0.00
20:35:53.510 CLOCK fold raw=71.50 prev=71.43 new=71.50 d=+0.075 fr=94.38 dt=0.203 rate=1.00 paused=False backlog=59.24 edge=130.74 div=-0.00
20:35:53.612 CLOCK integ raw=71.50 prev=71.50 new=71.60 d=+0.101 fr=94.38 dt=0.101 rate=1.00 paused=False backlog=59.24 edge=130.84 div=-0.00
20:35:53.713 CLOCK fold raw=71.78 prev=71.60 new=71.78 d=+0.180 fr=94.38 dt=0.102 rate=1.00 paused=False backlog=59.16 edge=130.94 div=-0.00
20:35:53.716 TICK fr=94.38 cc=71.78 raw=71.78 vid=71.78 playing=1 started=1 stall=0 | d_fr_cc=+22.60 d_fr_raw=+22.60 d_cc_raw=+0.00 | off=-0.03 ccx_end=129.59 since_show=0.0 since_cue=0.6 | pcr=130.294 pid=100 head_rel=130.29 ccx_lag=0.70 | credit=94.4 capped=0.0 | fsize=58919764 feed=58919764 feed_behind=0 | backlog=59.16 edge=130.94 div=-0.00 lag_ewma=4.05
20:35:53.817 CLOCK integ raw=71.78 prev=71.78 new=71.89 d=+0.104 fr=94.38 dt=0.104 rate=1.00 paused=False backlog=59.16 edge=131.05 div=-0.00
20:35:53.919 CLOCK fold raw=72.06 prev=71.89 new=72.06 d=+0.176 fr=94.38 dt=0.101 rate=1.00 paused=False backlog=59.09 edge=131.15 div=-0.00
20:35:54.020 CLOCK integ raw=72.06 prev=72.06 new=72.16 d=+0.101 fr=94.38 dt=0.101 rate=1.00 paused=False backlog=59.09 edge=131.25 div=-0.00
20:35:54.121 CLOCK integ raw=72.06 prev=72.16 new=72.26 d=+0.101 fr=94.38 dt=0.101 rate=1.00 paused=False backlog=59.09 edge=131.35 div=-0.00
20:35:54.222 CLOCK fold raw=72.34 prev=72.26 new=72.34 d=+0.078 fr=94.38 dt=0.101 rate=1.00 paused=False backlog=59.11 edge=131.45 div=-0.00
20:35:54.324 CLOCK integ raw=72.34 prev=72.34 new=72.44 d=+0.102 fr=94.38 dt=0.102 rate=1.00 paused=False backlog=59.11 edge=131.55 div=-0.00
20:35:54.426 CLOCK integ raw=72.34 prev=72.44 new=72.55 d=+0.101 fr=94.38 dt=0.101 rate=1.00 paused=False backlog=59.11 edge=131.66 div=-0.00
20:35:54.527 CLOCK fold raw=72.62 prev=72.55 new=72.62 d=+0.078 fr=94.38 dt=0.101 rate=1.00 paused=False backlog=59.13 edge=131.76 div=-0.00
20:35:54.629 CLOCK integ raw=72.62 prev=72.62 new=72.73 d=+0.102 fr=94.38 dt=0.102 rate=1.00 paused=False backlog=59.13 edge=131.86 div=-0.00
20:35:54.731 CLOCK integ raw=72.62 prev=72.73 new=72.83 d=+0.102 fr=94.38 dt=0.102 rate=1.00 paused=False backlog=59.13 edge=131.96 div=-0.00
20:35:54.936 CLOCK fold raw=72.91 prev=72.83 new=72.91 d=+0.079 fr=94.38 dt=0.205 rate=1.00 paused=False backlog=59.26 edge=132.17 div=-0.00
20:35:55.038 CLOCK fold raw=73.19 prev=72.91 new=73.19 d=+0.280 fr=94.38 dt=0.102 rate=1.00 paused=False backlog=59.08 edge=132.27 div=-0.00
20:35:55.142 CLOCK integ raw=73.19 prev=73.19 new=73.29 d=+0.104 fr=94.38 dt=0.104 rate=1.00 paused=False backlog=58.09 edge=131.38 div=-0.00
20:35:55.244 CLOCK integ raw=73.19 prev=73.29 new=73.39 d=+0.101 fr=94.38 dt=0.101 rate=1.00 paused=False backlog=58.09 edge=131.49 div=-0.00
20:35:55.346 CLOCK fold raw=73.47 prev=73.39 new=73.47 d=+0.076 fr=94.38 dt=0.101 rate=1.00 paused=False backlog=58.12 edge=131.59 div=-0.00
20:35:55.447 CLOCK integ raw=73.47 prev=73.47 new=73.57 d=+0.102 fr=94.38 dt=0.102 rate=1.00 paused=False backlog=58.12 edge=131.69 div=-0.00
20:35:55.548 CLOCK integ raw=73.47 prev=73.57 new=73.67 d=+0.101 fr=94.38 dt=0.101 rate=1.00 paused=False backlog=58.12 edge=131.79 div=-0.00
20:35:55.650 CLOCK fold raw=73.75 prev=73.67 new=73.75 d=+0.078 fr=94.38 dt=0.102 rate=1.00 paused=False backlog=58.14 edge=131.89 div=-0.00
20:35:55.752 CLOCK integ raw=73.75 prev=73.75 new=73.85 d=+0.102 fr=94.38 dt=0.102 rate=1.00 paused=False backlog=58.14 edge=131.99 div=-0.00
20:35:55.854 CLOCK integ raw=73.75 prev=73.85 new=73.95 d=+0.102 fr=94.38 dt=0.102 rate=1.00 paused=False backlog=58.14 edge=132.10 div=-0.00
20:35:55.955 CLOCK fold raw=74.03 prev=73.95 new=74.03 d=+0.078 fr=94.38 dt=0.101 rate=1.00 paused=False backlog=58.17 edge=132.20 div=-0.00
20:35:56.056 CLOCK integ raw=74.03 prev=74.03 new=74.13 d=+0.101 fr=94.38 dt=0.101 rate=1.00 paused=False backlog=58.17 edge=132.30 div=-0.00
20:35:56.159 CLOCK fold raw=74.31 prev=74.13 new=74.31 d=+0.179 fr=94.38 dt=0.103 rate=1.00 paused=False backlog=58.09 edge=132.40 div=-0.00
20:35:56.362 CLOCK integ raw=74.31 prev=74.31 new=74.51 d=+0.203 fr=94.38 dt=0.203 rate=1.00 paused=False backlog=58.09 edge=132.60 div=-0.00
20:35:56.464 CLOCK fold raw=74.59 prev=74.51 new=74.59 d=+0.076 fr=94.38 dt=0.101 rate=1.00 paused=False backlog=58.12 edge=132.71 div=-0.00
20:35:56.565 CLOCK integ raw=74.59 prev=74.59 new=74.69 d=+0.101 fr=94.38 dt=0.101 rate=1.00 paused=False backlog=58.12 edge=132.81 div=-0.00
20:35:56.667 CLOCK integ raw=74.59 prev=74.69 new=74.79 d=+0.103 fr=94.38 dt=0.103 rate=1.00 paused=False backlog=58.12 edge=132.91 div=-0.00
20:35:56.770 CLOCK fold raw=74.87 prev=74.79 new=74.87 d=+0.078 fr=94.38 dt=0.102 rate=1.00 paused=False backlog=58.14 edge=133.01 div=-0.00
20:35:56.871 CLOCK integ raw=74.87 prev=74.87 new=74.97 d=+0.102 fr=94.38 dt=0.102 rate=1.00 paused=False backlog=58.14 edge=133.11 div=-0.00
20:35:56.974 CLOCK integ raw=74.87 prev=74.97 new=75.08 d=+0.102 fr=94.38 dt=0.102 rate=1.00 paused=False backlog=58.14 edge=133.22 div=-0.00
20:35:57.077 EDGESNAP err=-2.92 edge->130.29
20:35:57.077 CLOCK fold raw=75.15 prev=75.08 new=75.15 d=+0.077 fr=94.38 dt=0.104 rate=1.00 paused=False backlog=55.24 edge=130.40 div=-0.00
20:35:57.179 CLOCK integ raw=75.15 prev=75.15 new=75.25 d=+0.102 fr=94.38 dt=0.102 rate=1.00 paused=False backlog=55.24 edge=130.50 div=-0.00
20:35:57.280 CLOCK fold raw=75.43 prev=75.25 new=75.43 d=+0.179 fr=94.38 dt=0.101 rate=1.00 paused=False backlog=55.17 edge=130.60 div=-0.00
20:35:57.382 CLOCK integ raw=75.43 prev=75.43 new=75.53 d=+0.102 fr=94.38 dt=0.102 rate=1.00 paused=False backlog=55.17 edge=130.70 div=-0.00
20:35:57.483 CLOCK integ raw=75.43 prev=75.53 new=75.64 d=+0.101 fr=94.38 dt=0.101 rate=1.00 paused=False backlog=55.17 edge=130.80 div=-0.00
20:35:57.585 CLOCK fold raw=75.71 prev=75.64 new=75.71 d=+0.077 fr=94.38 dt=0.102 rate=1.00 paused=False backlog=55.19 edge=130.90 div=-0.00
20:35:57.687 CLOCK integ raw=75.71 prev=75.71 new=75.81 d=+0.102 fr=94.38 dt=0.102 rate=1.00 paused=False backlog=55.19 edge=131.01 div=-0.00
20:35:57.788 CLOCK integ raw=75.71 prev=75.81 new=75.92 d=+0.102 fr=94.38 dt=0.102 rate=1.00 paused=False backlog=55.19 edge=131.11 div=-0.00
20:35:57.924 EDGESNAP err=+3.19 edge->134.30
20:35:57.924 CUE cx=[129.60..130.80] adv=1.20 el=4.79 fresh | off=-0.03 fr=94.38 cc=75.92 raw=76.00 lead=+54.85 | pcr=134.298 head_rel=134.30 lag_ewma=7.24 | q=just different. It's not maybe / to be the number one receiv
20:35:57.925 CUE cx=[130.80..131.93] adv=1.13 el=0.03 fresh | off=-0.03 fr=94.38 cc=75.92 raw=76.00 lead=+55.98 | pcr=134.298 head_rel=134.30 lag_ewma=7.24 | q=to be the number one receiver, / number one defensive tackle
20:35:57.925 ANCHOR pend_end=131.93 L=5.53 pinL=2.37 target=0.00 off=-0.03
20:35:57.926 CLOCK fold raw=76.00 prev=75.92 new=76.00 d=+0.079 fr=94.38 dt=0.137 rate=1.00 paused=False backlog=58.44 edge=134.43 div=-0.00
20:35:58.027 CLOCK integ raw=76.00 prev=76.00 new=76.10 d=+0.102 fr=94.38 dt=0.102 rate=1.00 paused=False backlog=58.44 edge=134.54 div=-0.00
20:35:58.230 CLOCK fold raw=76.28 prev=76.10 new=76.28 d=+0.178 fr=99.21 dt=0.203 rate=1.00 paused=False backlog=58.46 edge=134.74 div=-0.00
20:35:58.331 CLOCK integ raw=76.28 prev=76.28 new=76.38 d=+0.102 fr=99.21 dt=0.102 rate=1.00 paused=False backlog=58.46 edge=134.84 div=-0.00
20:35:58.433 CLOCK fold raw=76.56 prev=76.38 new=76.56 d=+0.180 fr=99.21 dt=0.102 rate=1.00 paused=False backlog=58.38 edge=134.94 div=-0.00
20:35:58.534 CLOCK integ raw=76.56 prev=76.56 new=76.66 d=+0.101 fr=99.21 dt=0.101 rate=1.00 paused=False backlog=58.38 edge=135.04 div=-0.00
20:35:58.636 CLOCK integ raw=76.56 prev=76.66 new=76.76 d=+0.102 fr=99.21 dt=0.102 rate=1.00 paused=False backlog=58.38 edge=135.15 div=-0.00
20:35:58.739 TICK fr=99.21 cc=76.76 raw=76.84 vid=76.56 playing=1 started=1 stall=0 | d_fr_cc=+22.44 d_fr_raw=+22.37 d_cc_raw=-0.08 | off=-0.02 ccx_end=131.93 since_show=0.1 since_cue=0.8 | pcr=134.298 pid=100 head_rel=134.30 ccx_lag=2.37 | credit=99.2 capped=0.0 | fsize=60787168 feed=60787168 feed_behind=0 | backlog=58.38 edge=135.15 div=-0.00 lag_ewma=5.53
20:35:58.739 CLOCK fold raw=76.84 prev=76.76 new=76.84 d=+0.076 fr=99.21 dt=0.103 rate=1.00 paused=False backlog=58.41 edge=135.25 div=-0.00
20:35:58.840 CLOCK integ raw=76.84 prev=76.84 new=76.94 d=+0.101 fr=99.21 dt=0.101 rate=1.00 paused=False backlog=58.41 edge=135.35 div=-0.00
20:35:58.942 CLOCK integ raw=76.84 prev=76.94 new=77.04 d=+0.101 fr=99.21 dt=0.101 rate=1.00 paused=False backlog=58.41 edge=135.45 div=-0.00
20:35:59.044 CLOCK fold raw=77.12 prev=77.04 new=77.12 d=+0.080 fr=99.21 dt=0.102 rate=1.00 paused=False backlog=57.86 edge=134.98 div=-0.00
20:35:59.146 CLOCK integ raw=77.12 prev=77.12 new=77.22 d=+0.102 fr=99.21 dt=0.102 rate=1.00 paused=False backlog=57.86 edge=135.08 div=-0.00
20:35:59.248 CLOCK fold raw=77.40 prev=77.22 new=77.40 d=+0.179 fr=99.21 dt=0.102 rate=1.00 paused=False backlog=57.78 edge=135.18 div=-0.00
20:35:59.349 CLOCK integ raw=77.40 prev=77.40 new=77.50 d=+0.101 fr=99.21 dt=0.101 rate=1.00 paused=False backlog=57.78 edge=135.28 div=-0.00
20:35:59.552 CLOCK fold raw=77.68 prev=77.50 new=77.68 d=+0.180 fr=99.21 dt=0.203 rate=1.00 paused=False backlog=57.80 edge=135.48 div=-0.00
20:35:59.654 CLOCK integ raw=77.68 prev=77.68 new=77.78 d=+0.102 fr=99.21 dt=0.102 rate=1.00 paused=False backlog=57.80 edge=135.59 div=-0.00
20:35:59.756 CLOCK integ raw=77.68 prev=77.78 new=77.88 d=+0.102 fr=99.21 dt=0.102 rate=1.00 paused=False backlog=57.80 edge=135.69 div=-0.00
20:35:59.858 CLOCK fold raw=77.97 prev=77.88 new=77.97 d=+0.084 fr=99.21 dt=0.102 rate=1.00 paused=False backlog=57.82 edge=135.79 div=-0.00
20:35:59.959 CLOCK integ raw=77.97 prev=77.97 new=78.07 d=+0.101 fr=99.21 dt=0.101 rate=1.00 paused=False backlog=57.82 edge=135.89 div=-0.00
20:36:00.060 CLOCK integ raw=77.97 prev=78.07 new=78.17 d=+0.101 fr=99.21 dt=0.101 rate=1.00 paused=False backlog=57.82 edge=135.99 div=-0.00
20:36:00.163 CLOCK fold raw=78.24 prev=78.17 new=78.24 d=+0.072 fr=99.21 dt=0.102 rate=1.00 paused=False backlog=57.85 edge=136.09 div=-0.00
20:36:00.267 CLOCK integ raw=78.24 prev=78.24 new=78.35 d=+0.104 fr=99.21 dt=0.104 rate=1.00 paused=False backlog=57.85 edge=136.20 div=-0.00
20:36:00.370 CLOCK fold raw=78.53 prev=78.35 new=78.53 d=+0.178 fr=99.21 dt=0.103 rate=1.00 paused=False backlog=57.78 edge=136.30 div=-0.00
20:36:00.472 CLOCK integ raw=78.53 prev=78.53 new=78.63 d=+0.102 fr=99.21 dt=0.102 rate=1.00 paused=False backlog=57.78 edge=136.40 div=-0.00
20:36:00.575 CLOCK integ raw=78.53 prev=78.63 new=78.73 d=+0.103 fr=99.21 dt=0.103 rate=1.00 paused=False backlog=57.78 edge=136.51 div=-0.00
20:36:00.676 CLOCK fold raw=78.81 prev=78.73 new=78.81 d=+0.075 fr=99.21 dt=0.101 rate=1.00 paused=False backlog=57.80 edge=136.61 div=-0.00
20:36:00.777 CLOCK integ raw=78.81 prev=78.81 new=78.91 d=+0.102 fr=99.21 dt=0.102 rate=1.00 paused=False backlog=57.80 edge=136.71 div=-0.00
20:36:00.879 CLOCK integ raw=78.81 prev=78.91 new=79.01 d=+0.101 fr=99.21 dt=0.101 rate=1.00 paused=False backlog=57.80 edge=136.81 div=-0.00
20:36:00.983 CLOCK fold raw=79.08 prev=79.01 new=79.08 d=+0.077 fr=99.21 dt=0.104 rate=1.00 paused=False backlog=57.83 edge=136.91 div=-0.00
20:36:01.087 EDGESNAP err=-2.62 edge->134.30
20:36:01.189 CLOCK integ raw=79.08 prev=79.08 new=79.29 d=+0.206 fr=99.21 dt=0.206 rate=1.00 paused=False backlog=55.21 edge=134.50 div=-0.00
20:36:01.291 CLOCK fold raw=79.37 prev=79.29 new=79.37 d=+0.076 fr=99.21 dt=0.102 rate=1.00 paused=False backlog=55.24 edge=134.60 div=-0.00
20:36:01.393 CLOCK integ raw=79.37 prev=79.37 new=79.47 d=+0.102 fr=99.21 dt=0.102 rate=1.00 paused=False backlog=55.24 edge=134.71 div=-0.00
20:36:01.495 CLOCK fold raw=79.65 prev=79.47 new=79.65 d=+0.182 fr=99.21 dt=0.103 rate=1.00 paused=False backlog=55.16 edge=134.81 div=-0.00
20:36:01.597 CLOCK integ raw=79.65 prev=79.65 new=79.75 d=+0.102 fr=99.21 dt=0.102 rate=1.00 paused=False backlog=55.16 edge=134.91 div=-0.00
20:36:01.699 CLOCK integ raw=79.65 prev=79.75 new=79.85 d=+0.102 fr=99.21 dt=0.102 rate=1.00 paused=False backlog=55.16 edge=135.01 div=-0.00
20:36:01.801 CLOCK fold raw=79.93 prev=79.85 new=79.93 d=+0.078 fr=99.21 dt=0.101 rate=1.00 paused=False backlog=55.18 edge=135.11 div=-0.00
20:36:01.902 CLOCK integ raw=79.93 prev=79.93 new=80.03 d=+0.103 fr=99.21 dt=0.103 rate=1.00 paused=False backlog=55.18 edge=135.22 div=-0.00
20:36:02.004 CLOCK integ raw=79.93 prev=80.03 new=80.14 d=+0.102 fr=99.21 dt=0.102 rate=1.00 paused=False backlog=55.18 edge=135.32 div=-0.00
20:36:02.107 CLOCK fold raw=80.22 prev=80.14 new=80.22 d=+0.080 fr=99.21 dt=0.102 rate=1.00 paused=False backlog=55.20 edge=135.42 div=-0.00
20:36:02.209 CLOCK integ raw=80.22 prev=80.22 new=80.32 d=+0.102 fr=99.21 dt=0.102 rate=1.00 paused=False backlog=55.20 edge=135.52 div=-0.00
20:36:02.310 CLOCK integ raw=80.22 prev=80.32 new=80.42 d=+0.102 fr=99.21 dt=0.102 rate=1.00 paused=False backlog=55.20 edge=135.62 div=-0.00
20:36:02.412 CLOCK fold raw=80.50 prev=80.42 new=80.50 d=+0.081 fr=99.21 dt=0.101 rate=1.00 paused=False backlog=55.23 edge=135.73 div=-0.00
20:36:02.513 CLOCK integ raw=80.50 prev=80.50 new=80.60 d=+0.101 fr=99.21 dt=0.101 rate=1.00 paused=False backlog=55.23 edge=135.83 div=-0.00
20:36:02.716 CLOCK fold raw=80.78 prev=80.60 new=80.78 d=+0.177 fr=99.21 dt=0.202 rate=1.00 paused=False backlog=55.25 edge=136.03 div=-0.00
20:36:02.817 CLOCK integ raw=80.78 prev=80.78 new=80.88 d=+0.102 fr=99.21 dt=0.102 rate=1.00 paused=False backlog=55.25 edge=136.13 div=-0.00
20:36:02.919 CLOCK fold raw=81.06 prev=80.88 new=81.06 d=+0.181 fr=99.21 dt=0.102 rate=1.00 paused=False backlog=55.17 edge=136.23 div=-0.00
20:36:03.021 CLOCK integ raw=81.06 prev=81.06 new=81.16 d=+0.102 fr=99.21 dt=0.102 rate=1.00 paused=False backlog=55.17 edge=136.34 div=-0.00
20:36:03.124 CLOCK integ raw=81.06 prev=81.16 new=81.27 d=+0.103 fr=99.21 dt=0.103 rate=1.00 paused=False backlog=54.15 edge=135.42 div=-0.00
20:36:03.225 CLOCK fold raw=81.34 prev=81.27 new=81.34 d=+0.075 fr=99.21 dt=0.101 rate=1.00 paused=False backlog=54.18 edge=135.52 div=-0.00
20:36:03.327 CLOCK integ raw=81.34 prev=81.34 new=81.44 d=+0.102 fr=99.21 dt=0.102 rate=1.00 paused=False backlog=54.18 edge=135.62 div=-0.00
20:36:03.428 CLOCK integ raw=81.34 prev=81.44 new=81.55 d=+0.101 fr=99.21 dt=0.101 rate=1.00 paused=False backlog=54.18 edge=135.72 div=-0.00
20:36:03.530 CLOCK fold raw=81.62 prev=81.55 new=81.62 d=+0.076 fr=99.21 dt=0.102 rate=1.00 paused=False backlog=54.20 edge=135.83 div=-0.00
20:36:03.632 CLOCK integ raw=81.62 prev=81.62 new=81.72 d=+0.101 fr=99.21 dt=0.101 rate=1.00 paused=False backlog=54.20 edge=135.93 div=-0.00
20:36:03.735 TICK fr=99.21 cc=81.72 raw=81.62 vid=81.34 playing=1 started=1 stall=0 | d_fr_cc=+17.48 d_fr_raw=+17.58 d_cc_raw=+0.10 | off=-0.02 ccx_end=131.93 since_show=0.1 since_cue=5.8 | pcr=134.298 pid=100 head_rel=134.30 ccx_lag=2.37 | credit=99.2 capped=0.0 | fsize=60787168 feed=60787168 feed_behind=0 | backlog=54.20 edge=135.93 div=-0.00 lag_ewma=5.53
20:36:03.735 CLOCK integ raw=81.62 prev=81.72 new=81.83 d=+0.103 fr=99.21 dt=0.103 rate=1.00 paused=False backlog=54.20 edge=136.03 div=-0.00
20:36:03.839 CLOCK fold raw=81.90 prev=81.83 new=81.90 d=+0.077 fr=99.21 dt=0.104 rate=1.00 paused=False backlog=54.23 edge=136.13 div=-0.00
20:36:03.940 CLOCK integ raw=81.90 prev=81.90 new=82.00 d=+0.102 fr=99.21 dt=0.102 rate=1.00 paused=False backlog=54.23 edge=136.24 div=-0.00
20:36:04.143 CLOCK fold raw=82.19 prev=82.00 new=82.19 d=+0.183 fr=99.21 dt=0.202 rate=1.00 paused=False backlog=54.25 edge=136.44 div=-0.00
20:36:04.246 CLOCK integ raw=82.19 prev=82.19 new=82.29 d=+0.102 fr=99.21 dt=0.102 rate=1.00 paused=False backlog=54.25 edge=136.54 div=-0.00
20:36:04.348 CLOCK fold raw=82.47 prev=82.29 new=82.47 d=+0.177 fr=99.21 dt=0.103 rate=1.00 paused=False backlog=54.18 edge=136.64 div=-0.00
20:36:04.450 CLOCK integ raw=82.47 prev=82.47 new=82.57 d=+0.102 fr=99.21 dt=0.102 rate=1.00 paused=False backlog=54.18 edge=136.74 div=-0.00
20:36:04.552 CLOCK integ raw=82.47 prev=82.57 new=82.67 d=+0.102 fr=99.21 dt=0.102 rate=1.00 paused=False backlog=54.18 edge=136.85 div=-0.00
20:36:04.654 CLOCK fold raw=82.75 prev=82.67 new=82.75 d=+0.077 fr=99.21 dt=0.102 rate=1.00 paused=False backlog=54.20 edge=136.95 div=-0.00
20:36:04.755 CLOCK integ raw=82.75 prev=82.75 new=82.85 d=+0.101 fr=99.21 dt=0.101 rate=1.00 paused=False backlog=54.20 edge=137.05 div=-0.00
20:36:04.857 CLOCK integ raw=82.75 prev=82.85 new=82.95 d=+0.102 fr=99.21 dt=0.102 rate=1.00 paused=False backlog=54.20 edge=137.15 div=-0.00
20:36:04.958 CLOCK fold raw=83.03 prev=82.95 new=83.03 d=+0.078 fr=99.21 dt=0.101 rate=1.00 paused=False backlog=54.23 edge=137.25 div=-0.00
20:36:05.062 EDGESNAP err=-2.96 edge->134.30
20:36:05.062 CLOCK integ raw=83.03 prev=83.03 new=83.13 d=+0.104 fr=99.21 dt=0.104 rate=1.00 paused=False backlog=51.27 edge=134.40 div=-0.00
20:36:05.163 CLOCK fold raw=83.31 prev=83.13 new=83.31 d=+0.178 fr=99.21 dt=0.102 rate=1.00 paused=False backlog=51.19 edge=134.50 div=-0.00
20:36:05.265 CLOCK integ raw=83.31 prev=83.31 new=83.41 d=+0.101 fr=99.21 dt=0.101 rate=1.00 paused=False backlog=51.19 edge=134.60 div=-0.00
20:36:05.366 CLOCK integ raw=83.31 prev=83.41 new=83.51 d=+0.101 fr=99.21 dt=0.101 rate=1.00 paused=False backlog=51.19 edge=134.70 div=-0.00
20:36:05.469 CLOCK fold raw=83.59 prev=83.51 new=83.59 d=+0.078 fr=99.21 dt=0.102 rate=1.00 paused=False backlog=51.22 edge=134.81 div=-0.00
20:36:05.670 CLOCK integ raw=83.59 prev=83.59 new=83.79 d=+0.203 fr=99.21 dt=0.203 rate=1.00 paused=False backlog=51.22 edge=135.01 div=-0.00
20:36:05.772 CLOCK fold raw=83.87 prev=83.79 new=83.87 d=+0.078 fr=99.21 dt=0.101 rate=1.00 paused=False backlog=51.24 edge=135.11 div=-0.00
20:36:05.873 CLOCK integ raw=83.87 prev=83.87 new=83.97 d=+0.102 fr=99.21 dt=0.102 rate=1.00 paused=False backlog=51.24 edge=135.21 div=-0.00
20:36:05.976 CLOCK integ raw=83.87 prev=83.97 new=84.08 d=+0.103 fr=106.95 dt=0.103 rate=1.00 paused=False backlog=51.24 edge=135.32 div=-0.00
20:36:06.078 CLOCK fold raw=84.15 prev=84.08 new=84.15 d=+0.074 fr=106.95 dt=0.102 rate=1.00 paused=False backlog=51.27 edge=135.42 div=-0.00
20:36:06.214 CUE cx=[131.93..136.10] adv=4.17 el=8.25 fresh | off=-0.02 fr=106.95 cc=84.15 raw=84.15 lead=+51.94 | pcr=137.316 head_rel=137.32 lag_ewma=5.53 | q=number one defensive tackle, / it's to show that you belong 
20:36:06.214 ANCHOR pend_end=136.10 L=4.02 pinL=1.21 target=-0.95 off=-0.02
20:36:06.215 CLOCK integ raw=84.15 prev=84.15 new=84.29 d=+0.137 fr=106.95 dt=0.137 rate=1.00 paused=False backlog=52.22 edge=136.50 div=-0.00
20:36:06.316 CLOCK fold raw=84.43 prev=84.29 new=84.43 d=+0.145 fr=107.29 dt=0.102 rate=1.00 paused=False backlog=52.17 edge=136.60 div=-0.00
20:36:06.419 CLOCK integ raw=84.43 prev=84.43 new=84.53 d=+0.102 fr=107.29 dt=0.102 rate=1.00 paused=False backlog=52.17 edge=136.71 div=-0.00
20:36:06.520 CLOCK integ raw=84.43 prev=84.53 new=84.64 d=+0.102 fr=107.29 dt=0.102 rate=1.00 paused=False backlog=52.17 edge=136.81 div=-0.00
20:36:06.622 CLOCK fold raw=84.71 prev=84.64 new=84.71 d=+0.078 fr=107.29 dt=0.102 rate=1.00 paused=False backlog=52.20 edge=136.91 div=-0.00
20:36:06.725 CLOCK integ raw=84.71 prev=84.71 new=84.82 d=+0.103 fr=107.29 dt=0.103 rate=1.00 paused=False backlog=52.20 edge=137.01 div=-0.00
20:36:06.827 CLOCK integ raw=84.71 prev=84.82 new=84.92 d=+0.102 fr=107.29 dt=0.102 rate=1.00 paused=False backlog=52.20 edge=137.12 div=-0.00
20:36:06.929 CLOCK fold raw=84.99 prev=84.92 new=84.99 d=+0.076 fr=107.29 dt=0.102 rate=1.00 paused=False backlog=52.22 edge=137.22 div=-0.00
20:36:07.031 CLOCK integ raw=84.99 prev=84.99 new=85.10 d=+0.102 fr=107.29 dt=0.102 rate=1.00 paused=False backlog=52.22 edge=137.32 div=-0.00
20:36:07.134 CLOCK fold raw=85.28 prev=85.10 new=85.28 d=+0.183 fr=107.29 dt=0.104 rate=1.00 paused=False backlog=52.14 edge=137.42 div=-0.00
20:36:07.236 CLOCK integ raw=85.28 prev=85.28 new=85.38 d=+0.101 fr=107.29 dt=0.101 rate=1.00 paused=False backlog=52.14 edge=137.52 div=-0.00
20:36:07.338 CLOCK integ raw=85.28 prev=85.38 new=85.48 d=+0.102 fr=107.29 dt=0.102 rate=1.00 paused=False backlog=52.14 edge=137.62 div=-0.00
20:36:07.539 CLOCK fold raw=85.55 prev=85.48 new=85.55 d=+0.071 fr=107.29 dt=0.202 rate=1.00 paused=False backlog=52.27 edge=137.83 div=-0.00
20:36:07.641 CLOCK integ raw=85.55 prev=85.55 new=85.66 d=+0.101 fr=107.29 dt=0.101 rate=1.00 paused=False backlog=52.27 edge=137.93 div=-0.00
20:36:07.743 CLOCK fold raw=85.84 prev=85.66 new=85.84 d=+0.181 fr=107.29 dt=0.102 rate=1.00 paused=False backlog=52.19 edge=138.03 div=-0.00
20:36:07.845 CLOCK integ raw=85.84 prev=85.84 new=85.94 d=+0.102 fr=107.29 dt=0.102 rate=1.00 paused=False backlog=52.19 edge=138.13 div=-0.00
20:36:07.947 CLOCK integ raw=85.84 prev=85.94 new=86.04 d=+0.103 fr=107.29 dt=0.103 rate=1.00 paused=False backlog=52.19 edge=138.23 div=-0.00
20:36:08.049 CLOCK fold raw=86.12 prev=86.04 new=86.12 d=+0.077 fr=107.29 dt=0.102 rate=1.00 paused=False backlog=52.22 edge=138.34 div=-0.00
20:36:08.151 CLOCK integ raw=86.12 prev=86.12 new=86.22 d=+0.102 fr=107.29 dt=0.102 rate=1.00 paused=False backlog=52.22 edge=138.44 div=-0.00
20:36:08.253 CLOCK fold raw=86.40 prev=86.22 new=86.40 d=+0.179 fr=107.29 dt=0.102 rate=1.00 paused=False backlog=52.14 edge=138.54 div=-0.00
20:36:08.356 CLOCK integ raw=86.40 prev=86.40 new=86.50 d=+0.103 fr=107.29 dt=0.103 rate=1.00 paused=False backlog=52.14 edge=138.64 div=-0.00
20:36:08.457 CLOCK integ raw=86.40 prev=86.50 new=86.60 d=+0.102 fr=107.29 dt=0.102 rate=1.00 paused=False backlog=52.14 edge=138.74 div=-0.00
20:36:08.560 CLOCK fold raw=86.68 prev=86.60 new=86.68 d=+0.077 fr=107.29 dt=0.103 rate=1.00 paused=False backlog=52.17 edge=138.85 div=-0.00
20:36:08.662 CLOCK integ raw=86.68 prev=86.68 new=86.78 d=+0.101 fr=107.29 dt=0.101 rate=1.00 paused=False backlog=52.17 edge=138.95 div=-0.00
20:36:08.766 TICK fr=107.29 cc=86.78 raw=86.68 vid=86.68 playing=1 started=1 stall=0 | d_fr_cc=+20.51 d_fr_raw=+20.61 d_cc_raw=+0.10 | off=-0.48 ccx_end=136.10 since_show=0.1 since_cue=2.6 | pcr=137.316 pid=100 head_rel=137.32 ccx_lag=1.21 | credit=107.3 capped=0.0 | fsize=62296808 feed=62296808 feed_behind=0 | backlog=52.17 edge=138.95 div=-0.00 lag_ewma=4.02
20:36:08.766 CLOCK integ raw=86.68 prev=86.78 new=86.89 d=+0.105 fr=107.29 dt=0.105 rate=1.00 paused=False backlog=52.17 edge=139.05 div=-0.00
20:36:08.868 CLOCK fold raw=86.96 prev=86.89 new=86.96 d=+0.074 fr=107.29 dt=0.102 rate=1.00 paused=False backlog=52.19 edge=139.15 div=-0.00
20:36:08.970 CLOCK integ raw=86.96 prev=86.96 new=87.06 d=+0.102 fr=107.29 dt=0.102 rate=1.00 paused=False backlog=52.19 edge=139.26 div=-0.00
20:36:09.078 CLOCK integ raw=86.96 prev=87.06 new=87.17 d=+0.107 fr=107.29 dt=0.107 rate=1.00 paused=False backlog=51.22 edge=138.39 div=-0.00
20:36:09.281 CLOCK fold raw=87.24 prev=87.17 new=87.24 d=+0.072 fr=107.29 dt=0.203 rate=1.00 paused=False backlog=51.35 edge=138.60 div=-0.00
20:36:09.383 CLOCK fold raw=87.52 prev=87.24 new=87.52 d=+0.282 fr=107.29 dt=0.102 rate=1.00 paused=False backlog=51.17 edge=138.70 div=-0.00
20:36:09.485 CLOCK integ raw=87.52 prev=87.52 new=87.63 d=+0.102 fr=107.29 dt=0.102 rate=1.00 paused=False backlog=51.17 edge=138.80 div=-0.00
20:36:09.588 CLOCK integ raw=87.52 prev=87.63 new=87.73 d=+0.103 fr=107.29 dt=0.103 rate=1.00 paused=False backlog=51.17 edge=138.90 div=-0.00
20:36:09.690 CLOCK fold raw=87.80 prev=87.73 new=87.80 d=+0.074 fr=107.29 dt=0.101 rate=1.00 paused=False backlog=51.20 edge=139.01 div=-0.00
20:36:09.791 CLOCK integ raw=87.80 prev=87.80 new=87.91 d=+0.101 fr=107.29 dt=0.101 rate=1.00 paused=False backlog=51.20 edge=139.11 div=-0.00
20:36:09.892 CLOCK integ raw=87.80 prev=87.91 new=88.01 d=+0.101 fr=107.29 dt=0.101 rate=1.00 paused=False backlog=51.20 edge=139.21 div=-0.00
20:36:09.994 CLOCK fold raw=88.08 prev=88.01 new=88.08 d=+0.077 fr=107.29 dt=0.101 rate=1.00 paused=False backlog=51.23 edge=139.31 div=-0.00
20:36:10.095 CLOCK integ raw=88.08 prev=88.08 new=88.19 d=+0.102 fr=107.29 dt=0.102 rate=1.00 paused=False backlog=51.23 edge=139.41 div=-0.00
20:36:10.196 CLOCK integ raw=88.08 prev=88.19 new=88.29 d=+0.101 fr=107.29 dt=0.101 rate=1.00 paused=False backlog=51.23 edge=139.51 div=-0.00
20:36:10.298 CLOCK fold raw=88.36 prev=88.29 new=88.36 d=+0.078 fr=107.29 dt=0.102 rate=1.00 paused=False backlog=51.25 edge=139.61 div=-0.00
20:36:10.401 CLOCK integ raw=88.36 prev=88.36 new=88.47 d=+0.103 fr=107.29 dt=0.103 rate=1.00 paused=False backlog=51.25 edge=139.72 div=-0.00
20:36:10.504 CLOCK fold raw=88.65 prev=88.47 new=88.65 d=+0.186 fr=107.29 dt=0.102 rate=1.00 paused=False backlog=51.17 edge=139.82 div=-0.00
20:36:10.707 CLOCK integ raw=88.65 prev=88.65 new=88.86 d=+0.203 fr=107.29 dt=0.203 rate=1.00 paused=False backlog=51.17 edge=140.02 div=-0.00
20:36:10.808 CLOCK fold raw=88.93 prev=88.86 new=88.93 d=+0.069 fr=107.29 dt=0.102 rate=1.00 paused=False backlog=51.20 edge=140.12 div=-0.00
20:36:10.911 CLOCK integ raw=88.93 prev=88.93 new=89.03 d=+0.102 fr=107.29 dt=0.102 rate=1.00 paused=False backlog=51.20 edge=140.23 div=-0.00
20:36:11.012 CLOCK integ raw=88.93 prev=89.03 new=89.13 d=+0.102 fr=107.29 dt=0.102 rate=1.00 paused=False backlog=51.20 edge=140.33 div=-0.00
20:36:11.165 EDGESNAP err=+5.21 edge->145.54
20:36:11.167 CLOCK fold raw=89.21 prev=89.13 new=89.21 d=+0.078 fr=107.29 dt=0.154 rate=1.00 paused=False backlog=56.49 edge=145.69 div=-0.00
20:36:11.170 CUE cx=[136.10..137.94] adv=1.84 el=4.99 fresh | off=-0.48 fr=112.24 cc=89.21 raw=89.21 lead=+48.25 | pcr=145.541 head_rel=145.54 lag_ewma=4.02 | q=it's to show that you belong in / the NFL. Short set scannin
20:36:11.170 CUE cx=[137.94..139.00] adv=1.07 el=0.00 fresh | off=-0.48 fr=112.24 cc=89.21 raw=89.21 lead=+49.31 | pcr=145.541 head_rel=145.54 lag_ewma=4.02 | q=the NFL. Short set scanning / looking now escaping to his / 
20:36:11.171 CUE cx=[139.01..140.81] adv=1.80 el=0.00 fresh | off=-0.48 fr=112.24 cc=89.21 raw=89.21 lead=+51.12 | pcr=145.541 head_rel=145.54 lag_ewma=4.02 | q=looking now escaping to his / right. He's going to tuck it /
20:36:11.171 CUE cx=[140.81..142.24] adv=1.44 el=0.00 fresh | off=-0.48 fr=112.24 cc=89.21 raw=89.21 lead=+52.55 | pcr=145.541 head_rel=145.54 lag_ewma=4.02 | q=right. He's going to tuck it / and run it to the near sideli
20:36:11.273 ANCHOR pend_end=142.24 L=3.77 pinL=3.30 target=0.01 off=-0.48
20:36:11.274 CLOCK integ raw=89.21 prev=89.21 new=89.31 d=+0.107 fr=112.24 dt=0.107 rate=1.00 paused=False backlog=56.34 edge=145.66 div=-0.00
20:36:11.376 CLOCK fold raw=89.49 prev=89.31 new=89.49 d=+0.174 fr=112.24 dt=0.102 rate=1.00 paused=False backlog=56.27 edge=145.76 div=-0.00
20:36:11.578 CLOCK integ raw=89.49 prev=89.49 new=89.69 d=+0.203 fr=112.24 dt=0.203 rate=1.00 paused=False backlog=56.27 edge=145.96 div=-0.00
20:36:11.682 CLOCK fold raw=89.77 prev=89.69 new=89.77 d=+0.077 fr=112.24 dt=0.104 rate=1.00 paused=False backlog=56.30 edge=146.07 div=-0.00
20:36:11.687 CUE cx=[142.24..144.34] adv=2.10 el=0.51 fresh | off=-0.24 fr=112.24 cc=89.77 raw=89.77 lead=+54.34 | pcr=145.541 head_rel=145.54 lag_ewma=3.77 | q=and run it to the near sideline / across the 30. Picks up th
20:36:11.790 ANCHOR pend_end=144.34 L=2.87 pinL=1.20 target=0.26 off=-0.24
20:36:11.791 CLOCK integ raw=89.77 prev=89.77 new=89.88 d=+0.109 fr=112.24 dt=0.109 rate=1.00 paused=False backlog=56.03 edge=145.91 div=-0.00
20:36:11.892 CLOCK fold raw=90.05 prev=89.88 new=90.05 d=+0.173 fr=112.24 dt=0.101 rate=1.00 paused=False backlog=55.96 edge=146.01 div=-0.00
20:36:11.994 CLOCK integ raw=90.05 prev=90.05 new=90.15 d=+0.102 fr=112.24 dt=0.102 rate=1.00 paused=False backlog=55.96 edge=146.12 div=-0.00
20:36:12.097 CLOCK integ raw=90.05 prev=90.15 new=90.26 d=+0.103 fr=112.24 dt=0.103 rate=1.00 paused=False backlog=55.96 edge=146.22 div=-0.00
20:36:12.200 CLOCK fold raw=90.33 prev=90.26 new=90.33 d=+0.074 fr=112.24 dt=0.103 rate=1.00 paused=False backlog=55.99 edge=146.32 div=-0.00
20:36:12.303 CLOCK integ raw=90.33 prev=90.33 new=90.43 d=+0.102 fr=112.24 dt=0.102 rate=1.00 paused=False backlog=55.99 edge=146.42 div=-0.00
20:36:12.407 CLOCK integ raw=90.33 prev=90.43 new=90.54 d=+0.104 fr=112.24 dt=0.104 rate=1.00 paused=False backlog=55.99 edge=146.53 div=-0.00
20:36:12.509 CLOCK fold raw=90.61 prev=90.54 new=90.61 d=+0.075 fr=112.24 dt=0.103 rate=1.00 paused=False backlog=56.02 edge=146.63 div=-0.00
20:36:12.611 CLOCK integ raw=90.61 prev=90.61 new=90.71 d=+0.102 fr=112.24 dt=0.102 rate=1.00 paused=False backlog=56.02 edge=146.73 div=-0.00
20:36:12.713 CLOCK integ raw=90.61 prev=90.71 new=90.82 d=+0.102 fr=112.24 dt=0.102 rate=1.00 paused=False backlog=56.02 edge=146.83 div=-0.00
20:36:12.816 CLOCK fold raw=90.89 prev=90.82 new=90.89 d=+0.077 fr=112.24 dt=0.103 rate=1.00 paused=False backlog=56.05 edge=146.94 div=-0.00
20:36:12.920 CLOCK integ raw=90.89 prev=90.89 new=91.00 d=+0.104 fr=112.24 dt=0.104 rate=1.00 paused=False backlog=56.05 edge=147.04 div=-0.00
20:36:13.021 CLOCK fold raw=91.18 prev=91.00 new=91.18 d=+0.180 fr=112.24 dt=0.102 rate=1.00 paused=False backlog=55.97 edge=147.14 div=-0.00
20:36:13.126 CLOCK integ raw=91.18 prev=91.18 new=91.28 d=+0.105 fr=112.24 dt=0.105 rate=1.00 paused=False backlog=55.17 edge=146.45 div=-0.00
20:36:13.229 CLOCK integ raw=91.18 prev=91.28 new=91.38 d=+0.103 fr=112.24 dt=0.103 rate=1.00 paused=False backlog=55.17 edge=146.55 div=-0.00
20:36:13.431 CLOCK fold raw=91.45 prev=91.38 new=91.45 d=+0.070 fr=112.24 dt=0.202 rate=1.00 paused=False backlog=55.30 edge=146.75 div=-0.00
20:36:13.532 CLOCK integ raw=91.45 prev=91.45 new=91.56 d=+0.101 fr=112.24 dt=0.101 rate=1.00 paused=False backlog=55.30 edge=146.85 div=-0.00
20:36:13.634 CLOCK fold raw=91.73 prev=91.56 new=91.73 d=+0.180 fr=112.24 dt=0.102 rate=1.00 paused=False backlog=55.22 edge=146.95 div=-0.00
20:36:13.736 CLOCK integ raw=91.73 prev=91.73 new=91.84 d=+0.102 fr=112.24 dt=0.102 rate=1.00 paused=False backlog=55.22 edge=147.06 div=-0.00
20:36:13.739 TICK fr=112.24 cc=91.84 raw=91.73 vid=91.45 playing=1 started=1 stall=0 | d_fr_cc=+20.41 d_fr_raw=+20.51 d_cc_raw=+0.10 | off=0.01 ccx_end=144.34 since_show=0.0 since_cue=2.1 | pcr=145.541 pid=100 head_rel=145.54 ccx_lag=1.20 | credit=112.2 capped=0.0 | fsize=65577972 feed=65577972 feed_behind=0 | backlog=55.22 edge=147.06 div=-0.00 lag_ewma=2.87
20:36:13.840 CLOCK integ raw=91.73 prev=91.84 new=91.94 d=+0.105 fr=112.24 dt=0.105 rate=1.00 paused=False backlog=55.22 edge=147.16 div=-0.00
20:36:13.941 CLOCK fold raw=92.02 prev=91.94 new=92.02 d=+0.075 fr=112.24 dt=0.101 rate=1.00 paused=False backlog=55.25 edge=147.26 div=-0.00
20:36:14.043 CLOCK integ raw=92.02 prev=92.02 new=92.12 d=+0.102 fr=112.24 dt=0.102 rate=1.00 paused=False backlog=55.25 edge=147.36 div=-0.00
20:36:14.146 CLOCK fold raw=92.30 prev=92.12 new=92.30 d=+0.180 fr=112.24 dt=0.102 rate=1.00 paused=False backlog=55.17 edge=147.47 div=-0.00
20:36:14.247 CLOCK integ raw=92.30 prev=92.30 new=92.40 d=+0.102 fr=112.24 dt=0.102 rate=1.00 paused=False backlog=55.17 edge=147.57 div=-0.00
20:36:14.348 CLOCK integ raw=92.30 prev=92.40 new=92.50 d=+0.101 fr=112.24 dt=0.101 rate=1.00 paused=False backlog=55.17 edge=147.67 div=-0.00
20:36:14.451 CLOCK fold raw=92.58 prev=92.50 new=92.58 d=+0.077 fr=112.24 dt=0.103 rate=1.00 paused=False backlog=55.19 edge=147.77 div=-0.00
20:36:14.554 CLOCK integ raw=92.58 prev=92.58 new=92.68 d=+0.103 fr=112.24 dt=0.103 rate=1.00 paused=False backlog=55.19 edge=147.87 div=-0.00
20:36:14.656 CLOCK integ raw=92.58 prev=92.68 new=92.78 d=+0.102 fr=112.24 dt=0.102 rate=1.00 paused=False backlog=55.19 edge=147.98 div=-0.00
20:36:14.859 CLOCK fold raw=92.86 prev=92.78 new=92.86 d=+0.075 fr=112.24 dt=0.203 rate=1.00 paused=False backlog=55.32 edge=148.18 div=-0.00
20:36:14.960 CLOCK integ raw=92.86 prev=92.86 new=92.96 d=+0.101 fr=112.24 dt=0.101 rate=1.00 paused=False backlog=55.32 edge=148.28 div=-0.00
20:36:15.062 CLOCK fold raw=93.14 prev=92.96 new=93.14 d=+0.180 fr=112.24 dt=0.102 rate=1.00 paused=False backlog=55.24 edge=148.38 div=-0.00
20:36:15.064 EDGESNAP err=-2.84 edge->145.54
20:36:15.165 CLOCK integ raw=93.14 prev=93.14 new=93.24 d=+0.103 fr=112.24 dt=0.103 rate=1.00 paused=False backlog=52.40 edge=145.64 div=-0.00
20:36:15.268 CLOCK fold raw=93.42 prev=93.24 new=93.42 d=+0.178 fr=112.24 dt=0.103 rate=1.00 paused=False backlog=52.33 edge=145.75 div=-0.00
20:36:15.369 CLOCK integ raw=93.42 prev=93.42 new=93.52 d=+0.102 fr=112.24 dt=0.102 rate=1.00 paused=False backlog=52.33 edge=145.85 div=-0.00
20:36:15.471 CLOCK integ raw=93.42 prev=93.52 new=93.62 d=+0.101 fr=112.24 dt=0.101 rate=1.00 paused=False backlog=52.33 edge=145.95 div=-0.00
20:36:15.572 CLOCK fold raw=93.70 prev=93.62 new=93.70 d=+0.080 fr=112.24 dt=0.101 rate=1.00 paused=False backlog=52.35 edge=146.05 div=-0.00
20:36:15.674 CLOCK integ raw=93.70 prev=93.70 new=93.80 d=+0.102 fr=112.24 dt=0.102 rate=1.00 paused=False backlog=52.35 edge=146.15 div=-0.00
20:36:15.775 CLOCK integ raw=93.70 prev=93.80 new=93.91 d=+0.101 fr=112.24 dt=0.101 rate=1.00 paused=False backlog=52.35 edge=146.25 div=-0.00
20:36:15.877 CLOCK fold raw=93.98 prev=93.91 new=93.98 d=+0.078 fr=112.24 dt=0.101 rate=1.00 paused=False backlog=52.37 edge=146.36 div=-0.00
20:36:15.978 CLOCK integ raw=93.98 prev=93.98 new=94.09 d=+0.101 fr=117.05 dt=0.101 rate=1.00 paused=False backlog=52.37 edge=146.46 div=-0.00
20:36:16.079 CLOCK integ raw=93.98 prev=94.09 new=94.19 d=+0.102 fr=117.05 dt=0.102 rate=1.00 paused=False backlog=52.37 edge=146.56 div=-0.00
20:36:16.213 CUE cx=[144.34..146.18] adv=1.84 el=4.50 fresh | off=0.01 fr=117.05 cc=94.19 raw=94.26 lead=+52.00 | pcr=148.485 head_rel=148.48 lag_ewma=2.87 | q=across the 30. Picks up the / first down and gets out of / b
20:36:16.213 CUE cx=[146.18..148.05] adv=1.87 el=0.03 fresh | off=0.01 fr=117.05 cc=94.19 raw=94.26 lead=+53.87 | pcr=148.485 head_rel=148.48 lag_ewma=2.87 | q=first down and gets out of / bounds. Jacoby Brissett off the
20:36:16.214 ANCHOR pend_end=148.05 L=2.02 pinL=0.44 target=-0.48 off=0.01
20:36:16.214 CLOCK fold raw=94.26 prev=94.19 new=94.26 d=+0.077 fr=117.05 dt=0.134 rate=1.00 paused=False backlog=53.87 edge=148.14 div=-0.00
20:36:16.315 CLOCK integ raw=94.26 prev=94.26 new=94.37 d=+0.101 fr=117.05 dt=0.101 rate=1.00 paused=False backlog=53.87 edge=148.24 div=-0.00
20:36:16.417 CLOCK fold raw=94.54 prev=94.37 new=94.54 d=+0.179 fr=117.05 dt=0.102 rate=1.00 paused=False backlog=53.80 edge=148.34 div=-0.00
20:36:16.518 CLOCK integ raw=94.54 prev=94.54 new=94.64 d=+0.101 fr=117.05 dt=0.101 rate=1.00 paused=False backlog=53.80 edge=148.44 div=-0.00
20:36:16.620 CLOCK integ raw=94.54 prev=94.64 new=94.75 d=+0.102 fr=117.05 dt=0.102 rate=1.00 paused=False backlog=53.80 edge=148.54 div=-0.00
20:36:16.822 CLOCK fold raw=94.83 prev=94.75 new=94.83 d=+0.078 fr=117.05 dt=0.203 rate=1.00 paused=False backlog=53.92 edge=148.75 div=-0.00
20:36:16.925 CLOCK integ raw=94.83 prev=94.83 new=94.93 d=+0.102 fr=117.05 dt=0.102 rate=1.00 paused=False backlog=53.92 edge=148.85 div=-0.00
20:36:17.026 CLOCK fold raw=95.11 prev=94.93 new=95.11 d=+0.180 fr=117.05 dt=0.101 rate=1.00 paused=False backlog=53.84 edge=148.95 div=-0.00
20:36:17.129 CLOCK integ raw=95.11 prev=95.11 new=95.21 d=+0.103 fr=117.05 dt=0.103 rate=1.00 paused=False backlog=53.61 edge=148.82 div=-0.00
20:36:17.231 CLOCK fold raw=95.39 prev=95.21 new=95.39 d=+0.180 fr=117.05 dt=0.102 rate=1.00 paused=False backlog=53.53 edge=148.92 div=-0.00
20:36:17.334 CLOCK integ raw=95.39 prev=95.39 new=95.49 d=+0.103 fr=117.05 dt=0.103 rate=1.00 paused=False backlog=53.53 edge=149.02 div=-0.00
20:36:17.436 CLOCK integ raw=95.39 prev=95.49 new=95.59 d=+0.102 fr=117.05 dt=0.102 rate=1.00 paused=False backlog=53.53 edge=149.13 div=-0.00
20:36:17.539 CLOCK fold raw=95.67 prev=95.59 new=95.67 d=+0.075 fr=117.05 dt=0.103 rate=1.00 paused=False backlog=53.56 edge=149.23 div=-0.00
20:36:17.642 CLOCK integ raw=95.67 prev=95.67 new=95.77 d=+0.104 fr=117.05 dt=0.104 rate=1.00 paused=False backlog=53.56 edge=149.33 div=-0.00
20:36:17.745 CLOCK integ raw=95.67 prev=95.77 new=95.88 d=+0.102 fr=117.05 dt=0.102 rate=1.00 paused=False backlog=53.56 edge=149.44 div=-0.00
20:36:17.846 CLOCK fold raw=95.95 prev=95.88 new=95.95 d=+0.074 fr=117.05 dt=0.101 rate=1.00 paused=False backlog=53.59 edge=149.54 div=-0.00
20:36:17.948 CLOCK integ raw=95.95 prev=95.95 new=96.05 d=+0.101 fr=117.05 dt=0.101 rate=1.00 paused=False backlog=53.59 edge=149.64 div=-0.00
20:36:18.049 CLOCK integ raw=95.95 prev=96.05 new=96.15 d=+0.101 fr=117.05 dt=0.101 rate=1.00 paused=False backlog=53.59 edge=149.74 div=-0.00
20:36:18.251 CLOCK fold raw=96.23 prev=96.15 new=96.23 d=+0.078 fr=117.05 dt=0.202 rate=1.00 paused=False backlog=53.71 edge=149.94 div=-0.00
20:36:18.353 CLOCK fold raw=96.51 prev=96.23 new=96.51 d=+0.281 fr=117.05 dt=0.102 rate=1.00 paused=False backlog=53.53 edge=150.04 div=-0.00
20:36:18.454 CLOCK integ raw=96.51 prev=96.51 new=96.61 d=+0.102 fr=117.05 dt=0.102 rate=1.00 paused=False backlog=53.53 edge=150.15 div=-0.00
20:36:18.556 CLOCK integ raw=96.51 prev=96.61 new=96.72 d=+0.102 fr=117.05 dt=0.102 rate=1.00 paused=False backlog=53.53 edge=150.25 div=-0.00
20:36:18.658 CLOCK fold raw=96.79 prev=96.72 new=96.79 d=+0.077 fr=117.05 dt=0.101 rate=1.00 paused=False backlog=53.56 edge=150.35 div=-0.00
20:36:18.760 TICK fr=117.05 cc=96.79 raw=96.79 vid=96.51 playing=1 started=1 stall=0 | d_fr_cc=+20.26 d_fr_raw=+20.26 d_cc_raw=+0.00 | off=-0.23 ccx_end=148.05 since_show=0.1 since_cue=2.5 | pcr=148.485 pid=100 head_rel=148.48 ccx_lag=0.44 | credit=117.1 capped=0.0 | fsize=67324868 feed=67324868 feed_behind=0 | backlog=53.56 edge=150.35 div=-0.00 lag_ewma=2.02
20:36:18.760 CLOCK integ raw=96.79 prev=96.79 new=96.90 d=+0.103 fr=117.05 dt=0.103 rate=1.00 paused=False backlog=53.56 edge=150.45 div=-0.00
20:36:18.862 CLOCK integ raw=96.79 prev=96.90 new=97.00 d=+0.102 fr=117.05 dt=0.102 rate=1.00 paused=False backlog=53.56 edge=150.55 div=-0.00
20:36:18.966 CLOCK fold raw=97.08 prev=97.00 new=97.08 d=+0.078 fr=117.05 dt=0.103 rate=1.00 paused=False backlog=53.58 edge=150.66 div=-0.00
20:36:19.071 CLOCK integ raw=97.08 prev=97.08 new=97.18 d=+0.106 fr=117.05 dt=0.106 rate=1.00 paused=False backlog=52.50 edge=149.68 div=-0.00
20:36:19.174 CLOCK integ raw=97.08 prev=97.18 new=97.28 d=+0.103 fr=117.05 dt=0.103 rate=1.00 paused=False backlog=52.50 edge=149.78 div=-0.00
20:36:19.276 CLOCK fold raw=97.36 prev=97.28 new=97.36 d=+0.072 fr=117.05 dt=0.102 rate=1.00 paused=False backlog=52.53 edge=149.88 div=-0.00
20:36:19.378 CLOCK integ raw=97.36 prev=97.36 new=97.46 d=+0.102 fr=117.05 dt=0.102 rate=1.00 paused=False backlog=52.53 edge=149.98 div=-0.00
20:36:19.481 CLOCK fold raw=97.64 prev=97.46 new=97.64 d=+0.183 fr=117.05 dt=0.103 rate=1.00 paused=False backlog=52.44 edge=150.09 div=-0.00
20:36:19.582 CLOCK integ raw=97.64 prev=97.64 new=97.74 d=+0.101 fr=117.05 dt=0.101 rate=1.00 paused=False backlog=52.44 edge=150.19 div=-0.00
20:36:19.684 CLOCK integ raw=97.64 prev=97.74 new=97.84 d=+0.102 fr=117.05 dt=0.102 rate=1.00 paused=False backlog=52.44 edge=150.29 div=-0.00
20:36:19.886 CLOCK fold raw=97.92 prev=97.84 new=97.92 d=+0.076 fr=117.05 dt=0.202 rate=1.00 paused=False backlog=52.57 edge=150.49 div=-0.00
20:36:19.988 CLOCK integ raw=97.92 prev=97.92 new=98.02 d=+0.102 fr=117.05 dt=0.102 rate=1.00 paused=False backlog=52.57 edge=150.59 div=-0.00
20:36:20.090 CLOCK fold raw=98.20 prev=98.02 new=98.20 d=+0.180 fr=117.05 dt=0.102 rate=1.00 paused=False backlog=52.49 edge=150.69 div=-0.00
20:36:20.192 CLOCK integ raw=98.20 prev=98.20 new=98.31 d=+0.103 fr=117.05 dt=0.103 rate=1.00 paused=False backlog=52.49 edge=150.80 div=-0.00
20:36:20.295 CLOCK integ raw=98.20 prev=98.31 new=98.41 d=+0.103 fr=117.05 dt=0.103 rate=1.00 paused=False backlog=52.49 edge=150.90 div=-0.00
20:36:20.397 CLOCK fold raw=98.49 prev=98.41 new=98.49 d=+0.083 fr=117.05 dt=0.102 rate=1.00 paused=False backlog=52.51 edge=151.00 div=-0.00
20:36:20.499 CLOCK integ raw=98.49 prev=98.49 new=98.59 d=+0.102 fr=117.05 dt=0.102 rate=1.00 paused=False backlog=52.51 edge=151.10 div=-0.00
20:36:20.601 CLOCK fold raw=98.76 prev=98.59 new=98.76 d=+0.170 fr=117.05 dt=0.102 rate=1.00 paused=False backlog=52.44 edge=151.21 div=-0.00
20:36:20.703 CLOCK integ raw=98.76 prev=98.76 new=98.86 d=+0.101 fr=117.05 dt=0.101 rate=1.00 paused=False backlog=52.44 edge=151.31 div=-0.00
20:36:20.804 CLOCK integ raw=98.76 prev=98.86 new=98.97 d=+0.102 fr=117.05 dt=0.102 rate=1.00 paused=False backlog=52.44 edge=151.41 div=-0.00
20:36:20.907 CLOCK fold raw=99.04 prev=98.97 new=99.04 d=+0.077 fr=121.98 dt=0.103 rate=1.00 paused=False backlog=52.47 edge=151.51 div=-0.00
20:36:21.008 CLOCK integ raw=99.04 prev=99.04 new=99.14 d=+0.101 fr=121.98 dt=0.101 rate=1.00 paused=False backlog=52.47 edge=151.61 div=-0.00
20:36:21.111 CUE cx=[148.05..149.68] adv=1.64 el=4.90 fresh | off=-0.23 fr=121.98 cc=99.14 raw=99.04 lead=+50.30 | pcr=152.697 head_rel=152.70 lag_ewma=2.02 | q=bounds. Jacoby Brissett off the / sideline giving him a shou
20:36:21.111 CUE cx=[149.68..151.22] adv=1.53 el=0.00 fresh | off=-0.23 fr=121.98 cc=99.14 raw=99.04 lead=+51.84 | pcr=152.697 head_rel=152.70 lag_ewma=2.02 | q=sideline giving him a shout out. / Nikita Slovis isn't neces
20:36:21.112 ANCHOR pend_end=151.22 L=1.83 pinL=1.48 target=-0.14 off=-0.23
20:36:21.112 CLOCK integ raw=99.04 prev=99.14 new=99.25 d=+0.104 fr=121.98 dt=0.104 rate=1.00 paused=False backlog=53.42 edge=152.66 div=-0.00
20:36:21.314 CLOCK fold raw=99.33 prev=99.25 new=99.33 d=+0.077 fr=121.98 dt=0.202 rate=1.00 paused=False backlog=53.54 edge=152.87 div=-0.00
20:36:21.415 CLOCK integ raw=99.33 prev=99.33 new=99.43 d=+0.102 fr=122.39 dt=0.102 rate=1.00 paused=False backlog=53.54 edge=152.97 div=-0.00
20:36:21.517 CLOCK fold raw=99.61 prev=99.43 new=99.61 d=+0.183 fr=122.39 dt=0.102 rate=1.00 paused=False backlog=53.46 edge=153.07 div=-0.00
20:36:21.619 CLOCK integ raw=99.61 prev=99.61 new=99.71 d=+0.102 fr=122.39 dt=0.102 rate=1.00 paused=False backlog=53.46 edge=153.17 div=-0.00
20:36:21.721 CLOCK integ raw=99.61 prev=99.71 new=99.81 d=+0.102 fr=122.39 dt=0.102 rate=1.00 paused=False backlog=53.46 edge=153.27 div=-0.00
20:36:21.823 CLOCK fold raw=99.89 prev=99.81 new=99.89 d=+0.073 fr=122.39 dt=0.102 rate=1.00 paused=False backlog=53.49 edge=153.38 div=-0.00
20:36:21.925 CLOCK integ raw=99.89 prev=99.89 new=99.99 d=+0.102 fr=122.39 dt=0.102 rate=1.00 paused=False backlog=53.49 edge=153.48 div=-0.00
20:36:22.026 CLOCK fold raw=100.17 prev=99.99 new=100.17 d=+0.178 fr=122.39 dt=0.102 rate=1.00 paused=False backlog=53.41 edge=153.58 div=-0.00
20:36:22.128 CLOCK integ raw=100.17 prev=100.17 new=100.27 d=+0.101 fr=122.39 dt=0.101 rate=1.00 paused=False backlog=53.41 edge=153.68 div=-0.00
20:36:22.230 CLOCK integ raw=100.17 prev=100.27 new=100.37 d=+0.102 fr=122.39 dt=0.102 rate=1.00 paused=False backlog=53.41 edge=153.78 div=-0.00
20:36:22.331 CLOCK fold raw=100.45 prev=100.37 new=100.45 d=+0.078 fr=122.39 dt=0.101 rate=1.00 paused=False backlog=53.44 edge=153.88 div=-0.00
20:36:22.433 CLOCK integ raw=100.45 prev=100.45 new=100.55 d=+0.102 fr=122.39 dt=0.102 rate=1.00 paused=False backlog=53.44 edge=153.99 div=-0.00
20:36:22.537 CLOCK integ raw=100.45 prev=100.55 new=100.65 d=+0.104 fr=122.39 dt=0.104 rate=1.00 paused=False backlog=53.44 edge=154.09 div=-0.00
20:36:22.740 CLOCK fold raw=100.73 prev=100.65 new=100.73 d=+0.076 fr=122.39 dt=0.203 rate=1.00 paused=False backlog=53.56 edge=154.29 div=-0.00
20:36:22.842 CLOCK integ raw=100.73 prev=100.73 new=100.83 d=+0.102 fr=122.39 dt=0.102 rate=1.00 paused=False backlog=53.56 edge=154.39 div=-0.00
20:36:22.944 CLOCK fold raw=101.01 prev=100.83 new=101.01 d=+0.177 fr=122.39 dt=0.102 rate=1.00 paused=False backlog=53.49 edge=154.50 div=-0.00
20:36:23.046 CLOCK integ raw=101.01 prev=101.01 new=101.11 d=+0.102 fr=122.39 dt=0.102 rate=1.00 paused=False backlog=53.49 edge=154.60 div=-0.00
20:36:23.150 CLOCK fold raw=101.30 prev=101.11 new=101.30 d=+0.185 fr=122.39 dt=0.104 rate=1.00 paused=False backlog=52.46 edge=153.75 div=-0.00
20:36:23.252 CLOCK integ raw=101.30 prev=101.30 new=101.40 d=+0.102 fr=122.39 dt=0.102 rate=1.00 paused=False backlog=52.46 edge=153.85 div=-0.00
20:36:23.354 CLOCK integ raw=101.30 prev=101.40 new=101.50 d=+0.102 fr=122.39 dt=0.102 rate=1.00 paused=False backlog=52.46 edge=153.96 div=-0.00
20:36:23.457 CLOCK fold raw=101.57 prev=101.50 new=101.57 d=+0.069 fr=122.39 dt=0.102 rate=1.00 paused=False backlog=52.49 edge=154.06 div=-0.00
20:36:23.558 CLOCK integ raw=101.57 prev=101.57 new=101.67 d=+0.102 fr=122.39 dt=0.102 rate=1.00 paused=False backlog=52.49 edge=154.16 div=-0.00
20:36:23.661 CLOCK integ raw=101.57 prev=101.67 new=101.77 d=+0.102 fr=122.39 dt=0.102 rate=1.00 paused=False backlog=52.49 edge=154.26 div=-0.00
20:36:23.765 TICK fr=122.39 cc=101.77 raw=101.85 vid=101.30 playing=1 started=1 stall=0 | d_fr_cc=+20.62 d_fr_raw=+20.54 d_cc_raw=-0.08 | off=-0.18 ccx_end=151.22 since_show=0.1 since_cue=2.7 | pcr=152.697 pid=100 head_rel=152.70 ccx_lag=1.48 | credit=122.4 capped=0.0 | fsize=69353952 feed=69353952 feed_behind=0 | backlog=52.49 edge=154.26 div=-0.00 lag_ewma=1.83
20:36:23.767 CLOCK fold raw=101.85 prev=101.77 new=101.85 d=+0.077 fr=122.39 dt=0.107 rate=1.00 paused=False backlog=52.52 edge=154.37 div=-0.00
20:36:23.869 CLOCK integ raw=101.85 prev=101.85 new=101.95 d=+0.102 fr=122.39 dt=0.102 rate=1.00 paused=False backlog=52.52 edge=154.47 div=-0.00
20:36:23.970 CLOCK fold raw=102.13 prev=101.95 new=102.13 d=+0.179 fr=122.39 dt=0.102 rate=1.00 paused=False backlog=52.44 edge=154.57 div=-0.00
20:36:24.173 CLOCK integ raw=102.13 prev=102.13 new=102.33 d=+0.202 fr=122.39 dt=0.202 rate=1.00 paused=False backlog=52.44 edge=154.77 div=-0.00
20:36:24.275 CLOCK fold raw=102.42 prev=102.33 new=102.42 d=+0.081 fr=122.39 dt=0.102 rate=1.00 paused=False backlog=52.46 edge=154.88 div=-0.00
20:36:24.376 CLOCK integ raw=102.42 prev=102.42 new=102.52 d=+0.101 fr=122.39 dt=0.101 rate=1.00 paused=False backlog=52.46 edge=154.98 div=-0.00
20:36:24.478 CLOCK integ raw=102.42 prev=102.52 new=102.62 d=+0.102 fr=122.39 dt=0.102 rate=1.00 paused=False backlog=52.46 edge=155.08 div=-0.00
20:36:24.580 CLOCK fold raw=102.70 prev=102.62 new=102.70 d=+0.079 fr=122.39 dt=0.102 rate=1.00 paused=False backlog=52.48 edge=155.18 div=-0.00
20:36:24.683 CLOCK integ raw=102.70 prev=102.70 new=102.80 d=+0.103 fr=122.39 dt=0.103 rate=1.00 paused=False backlog=52.48 edge=155.28 div=-0.00
20:36:24.785 CLOCK integ raw=102.70 prev=102.80 new=102.90 d=+0.102 fr=122.39 dt=0.102 rate=1.00 paused=False backlog=52.48 edge=155.39 div=-0.00
20:36:24.886 CLOCK fold raw=102.98 prev=102.90 new=102.98 d=+0.076 fr=122.39 dt=0.101 rate=1.00 paused=False backlog=52.51 edge=155.49 div=-0.00
20:36:24.988 CLOCK integ raw=102.98 prev=102.98 new=103.08 d=+0.102 fr=122.39 dt=0.102 rate=1.00 paused=False backlog=52.51 edge=155.59 div=-0.00
20:36:25.091 EDGESNAP err=-2.89 edge->152.70
20:36:25.091 CLOCK integ raw=102.98 prev=103.08 new=103.18 d=+0.104 fr=122.39 dt=0.104 rate=1.00 paused=False backlog=49.62 edge=152.80 div=-0.00
20:36:25.193 CLOCK fold raw=103.26 prev=103.18 new=103.26 d=+0.077 fr=122.39 dt=0.102 rate=1.00 paused=False backlog=49.64 edge=152.90 div=-0.00
20:36:25.295 CLOCK integ raw=103.26 prev=103.26 new=103.36 d=+0.102 fr=122.39 dt=0.102 rate=1.00 paused=False backlog=49.64 edge=153.00 div=-0.00
20:36:25.396 CLOCK fold raw=103.54 prev=103.36 new=103.54 d=+0.178 fr=122.39 dt=0.102 rate=1.00 paused=False backlog=49.57 edge=153.11 div=-0.00
20:36:25.498 CLOCK integ raw=103.54 prev=103.54 new=103.64 d=+0.102 fr=122.39 dt=0.102 rate=1.00 paused=False backlog=49.57 edge=153.21 div=-0.00
20:36:25.700 CLOCK fold raw=103.82 prev=103.64 new=103.82 d=+0.178 fr=122.39 dt=0.202 rate=1.00 paused=False backlog=49.59 edge=153.41 div=-0.00
20:36:25.802 CLOCK integ raw=103.82 prev=103.82 new=103.92 d=+0.102 fr=126.88 dt=0.102 rate=1.00 paused=False backlog=49.59 edge=153.51 div=-0.00
20:36:25.904 CLOCK integ raw=103.82 prev=103.92 new=104.02 d=+0.101 fr=126.88 dt=0.101 rate=1.00 paused=False backlog=49.59 edge=153.61 div=-0.00
20:36:25.944 EDGESNAP err=+3.30 edge->156.91
20:36:25.945 CUE cx=[151.22..152.68] adv=1.47 el=4.79 fresh | off=-0.18 fr=126.88 cc=104.02 raw=104.10 lead=+48.48 | pcr=156.913 head_rel=156.91 lag_ewma=5.13 | q=Nikita Slovis isn't necessarily / known for his speed, but w
20:36:26.046 ANCHOR pend_end=152.68 L=4.81 pinL=4.23 target=0.00 off=-0.18
20:36:26.046 CLOCK fold raw=104.10 prev=104.02 new=104.10 d=+0.077 fr=126.88 dt=0.143 rate=1.00 paused=False backlog=52.95 edge=157.05 div=-0.00
20:36:26.149 CUE cx=[152.69..154.35] adv=1.67 el=0.25 fresh | off=-0.09 fr=127.22 cc=104.10 raw=104.10 lead=+50.16 | pcr=156.913 head_rel=156.91 lag_ewma=4.81 | q=known for his speed, but when / nothing was open to the left
20:36:26.150 CUE cx=[154.35..155.55] adv=1.20 el=0.00 fresh | off=-0.09 fr=127.22 cc=104.10 raw=104.10 lead=+51.36 | pcr=156.913 head_rel=156.91 lag_ewma=4.81 | q=nothing was open to the left in / his first read to the righ
20:36:26.150 CUE cx=[155.56..156.92] adv=1.37 el=0.00 fresh | off=-0.09 fr=127.22 cc=104.10 raw=104.10 lead=+52.73 | pcr=156.913 head_rel=156.91 lag_ewma=4.81 | q=his first read to the right in / his second read, all of a /
20:36:26.151 CUE cx=[156.92..158.06] adv=1.13 el=0.00 fresh | off=-0.09 fr=127.22 cc=104.10 raw=104.10 lead=+53.86 | pcr=156.913 head_rel=156.91 lag_ewma=4.81 | q=his second read, all of a / sudden he says, okay, I got to /
20:36:26.151 CUE cx=[158.06..159.19] adv=1.13 el=0.00 fresh | off=-0.09 fr=127.22 cc=104.10 raw=104.10 lead=+55.00 | pcr=156.913 head_rel=156.91 lag_ewma=4.81 | q=sudden he says, okay, I got to / get out of here. I don't wa
20:36:26.253 ANCHOR pend_end=159.19 L=4.81 pinL=- target=-7.09 off=-0.09
20:36:26.253 CLOCK fold raw=104.38 prev=104.10 new=104.38 d=+0.282 fr=127.22 dt=0.207 rate=1.00 paused=False backlog=52.74 edge=157.12 div=-0.00
20:36:26.355 CLOCK integ raw=104.38 prev=104.38 new=104.48 d=+0.102 fr=127.22 dt=0.102 rate=1.00 paused=False backlog=52.74 edge=157.23 div=-0.00
20:36:26.457 CLOCK integ raw=104.38 prev=104.48 new=104.59 d=+0.102 fr=127.22 dt=0.102 rate=1.00 paused=False backlog=52.74 edge=157.33 div=-0.00
20:36:26.559 CLOCK fold raw=104.66 prev=104.59 new=104.66 d=+0.077 fr=127.22 dt=0.102 rate=1.00 paused=False backlog=52.77 edge=157.43 div=-0.00
20:36:26.661 CLOCK integ raw=104.66 prev=104.66 new=104.77 d=+0.102 fr=127.22 dt=0.102 rate=1.00 paused=False backlog=52.77 edge=157.53 div=-0.00
20:36:26.762 CLOCK integ raw=104.66 prev=104.77 new=104.87 d=+0.101 fr=127.22 dt=0.101 rate=1.00 paused=False backlog=52.77 edge=157.63 div=-0.00
20:36:26.864 CLOCK fold raw=104.94 prev=104.87 new=104.94 d=+0.078 fr=127.22 dt=0.101 rate=1.00 paused=False backlog=52.79 edge=157.73 div=-0.00
20:36:26.966 CLOCK integ raw=104.94 prev=104.94 new=105.05 d=+0.102 fr=127.22 dt=0.102 rate=1.00 paused=False backlog=52.79 edge=157.84 div=-0.00
20:36:27.068 CLOCK fold raw=105.23 prev=105.05 new=105.23 d=+0.180 fr=127.22 dt=0.103 rate=1.00 paused=False backlog=53.76 edge=158.99 div=-0.00
20:36:27.170 CLOCK integ raw=105.23 prev=105.23 new=105.33 d=+0.101 fr=127.22 dt=0.101 rate=1.00 paused=False backlog=53.76 edge=159.09 div=-0.00
20:36:27.272 CLOCK integ raw=105.23 prev=105.33 new=105.43 d=+0.102 fr=127.22 dt=0.102 rate=1.00 paused=False backlog=53.76 edge=159.19 div=-0.00
20:36:27.474 CLOCK fold raw=105.51 prev=105.43 new=105.51 d=+0.077 fr=127.22 dt=0.202 rate=1.00 paused=False backlog=53.89 edge=159.40 div=-0.00
20:36:27.576 CLOCK integ raw=105.51 prev=105.51 new=105.61 d=+0.102 fr=127.22 dt=0.102 rate=1.00 paused=False backlog=53.89 edge=159.50 div=-0.00
20:36:27.677 CLOCK fold raw=105.79 prev=105.61 new=105.79 d=+0.180 fr=127.22 dt=0.101 rate=1.00 paused=False backlog=53.81 edge=159.60 div=-0.00
20:36:27.779 CLOCK integ raw=105.79 prev=105.79 new=105.89 d=+0.102 fr=127.22 dt=0.102 rate=1.00 paused=False backlog=53.81 edge=159.70 div=-0.00
20:36:27.882 CLOCK integ raw=105.79 prev=105.89 new=105.99 d=+0.103 fr=127.22 dt=0.103 rate=1.00 paused=False backlog=53.81 edge=159.80 div=-0.00
20:36:27.984 CLOCK fold raw=106.07 prev=105.99 new=106.07 d=+0.082 fr=127.22 dt=0.103 rate=1.00 paused=False backlog=53.83 edge=159.91 div=-0.00
20:36:28.086 CLOCK integ raw=106.07 prev=106.07 new=106.18 d=+0.102 fr=127.22 dt=0.102 rate=1.00 paused=False backlog=53.83 edge=160.01 div=-0.00
20:36:28.188 CLOCK fold raw=106.35 prev=106.18 new=106.35 d=+0.174 fr=127.22 dt=0.102 rate=1.00 paused=False backlog=53.76 edge=160.11 div=-0.00
20:36:28.291 CLOCK integ raw=106.35 prev=106.35 new=106.45 d=+0.103 fr=127.22 dt=0.103 rate=1.00 paused=False backlog=53.76 edge=160.21 div=-0.00
20:36:28.393 CLOCK integ raw=106.35 prev=106.45 new=106.55 d=+0.102 fr=127.22 dt=0.102 rate=1.00 paused=False backlog=53.76 edge=160.31 div=-0.00
20:36:28.494 CLOCK fold raw=106.63 prev=106.55 new=106.63 d=+0.076 fr=127.22 dt=0.102 rate=1.00 paused=False backlog=53.79 edge=160.42 div=-0.00
20:36:28.598 CLOCK integ raw=106.63 prev=106.63 new=106.73 d=+0.103 fr=127.22 dt=0.103 rate=1.00 paused=False backlog=53.79 edge=160.52 div=-0.00
20:36:28.701 TICK fr=127.22 cc=106.73 raw=106.63 vid=106.63 playing=1 started=1 stall=0 | d_fr_cc=+20.49 d_fr_raw=+20.59 d_cc_raw=+0.10 | off=-3.59 ccx_end=159.19 since_show=0.1 since_cue=2.5 | pcr=159.941 pid=100 head_rel=159.94 ccx_lag=0.75 | credit=127.2 capped=0.0 | fsize=72188616 feed=72188616 feed_behind=0 | backlog=53.79 edge=160.52 div=-0.00 lag_ewma=4.81
20:36:28.702 CLOCK integ raw=106.63 prev=106.73 new=106.84 d=+0.105 fr=127.22 dt=0.105 rate=1.00 paused=False backlog=53.79 edge=160.62 div=-0.00
20:36:28.803 CLOCK fold raw=106.91 prev=106.84 new=106.91 d=+0.073 fr=127.22 dt=0.101 rate=1.00 paused=False backlog=53.81 edge=160.73 div=-0.00
20:36:29.006 CLOCK integ raw=106.91 prev=106.91 new=107.11 d=+0.202 fr=127.22 dt=0.202 rate=1.00 paused=False backlog=53.81 edge=160.93 div=-0.00
20:36:29.108 CLOCK fold raw=107.19 prev=107.11 new=107.19 d=+0.079 fr=127.22 dt=0.102 rate=1.00 paused=False backlog=53.84 edge=161.03 div=-0.00
20:36:29.211 CLOCK integ raw=107.19 prev=107.19 new=107.30 d=+0.103 fr=127.22 dt=0.103 rate=1.00 paused=False backlog=53.29 edge=160.59 div=-0.00
20:36:29.312 CLOCK fold raw=107.47 prev=107.30 new=107.47 d=+0.178 fr=127.22 dt=0.101 rate=1.00 paused=False backlog=53.22 edge=160.69 div=-0.00
20:36:29.413 CLOCK integ raw=107.47 prev=107.47 new=107.57 d=+0.101 fr=127.22 dt=0.101 rate=1.00 paused=False backlog=53.22 edge=160.79 div=-0.00
20:36:29.515 CLOCK integ raw=107.47 prev=107.57 new=107.68 d=+0.102 fr=127.22 dt=0.102 rate=1.00 paused=False backlog=53.22 edge=160.89 div=-0.00
20:36:29.617 CLOCK fold raw=107.76 prev=107.68 new=107.76 d=+0.083 fr=127.22 dt=0.102 rate=1.00 paused=False backlog=53.24 edge=160.99 div=-0.00
20:36:29.719 CLOCK integ raw=107.76 prev=107.76 new=107.86 d=+0.102 fr=127.22 dt=0.102 rate=1.00 paused=False backlog=53.24 edge=161.10 div=-0.00
20:36:29.822 CLOCK integ raw=107.76 prev=107.86 new=107.96 d=+0.103 fr=127.22 dt=0.103 rate=1.00 paused=False backlog=53.24 edge=161.20 div=-0.00
20:36:29.923 CLOCK fold raw=108.03 prev=107.96 new=108.03 d=+0.071 fr=127.22 dt=0.102 rate=1.00 paused=False backlog=53.27 edge=161.30 div=-0.00
20:36:30.026 CLOCK integ raw=108.03 prev=108.03 new=108.14 d=+0.102 fr=127.22 dt=0.102 rate=1.00 paused=False backlog=53.27 edge=161.40 div=-0.00
20:36:30.127 CLOCK integ raw=108.03 prev=108.14 new=108.24 d=+0.101 fr=127.22 dt=0.101 rate=1.00 paused=False backlog=53.27 edge=161.50 div=-0.00
20:36:30.229 CLOCK fold raw=108.32 prev=108.24 new=108.32 d=+0.081 fr=127.22 dt=0.102 rate=1.00 paused=False backlog=53.29 edge=161.61 div=-0.00
20:36:30.332 CLOCK integ raw=108.32 prev=108.32 new=108.42 d=+0.103 fr=127.22 dt=0.103 rate=1.00 paused=False backlog=53.29 edge=161.71 div=-0.00
20:36:30.433 CLOCK integ raw=108.32 prev=108.42 new=108.52 d=+0.101 fr=127.22 dt=0.101 rate=1.00 paused=False backlog=53.29 edge=161.81 div=-0.00
20:36:30.636 CLOCK fold raw=108.60 prev=108.52 new=108.60 d=+0.081 fr=127.22 dt=0.203 rate=1.00 paused=False backlog=53.41 edge=162.01 div=-0.00
20:36:30.737 CLOCK fold raw=108.89 prev=108.60 new=108.89 d=+0.281 fr=127.22 dt=0.102 rate=1.00 paused=False backlog=53.23 edge=162.11 div=-0.00
20:36:30.838 CLOCK integ raw=108.89 prev=108.89 new=108.99 d=+0.101 fr=127.22 dt=0.101 rate=1.00 paused=False backlog=53.23 edge=162.22 div=-0.00
20:36:30.984 CUE cx=[159.19..160.83] adv=1.63 el=4.79 fresh | off=-3.59 fr=127.22 cc=108.99 raw=108.89 lead=+48.25 | pcr=164.579 head_rel=164.58 lag_ewma=4.81 | q=get out of here. I don't want / to take a sack. It's a littl
20:36:30.985 CUE cx=[160.83..161.83] adv=1.00 el=0.04 fresh | off=-3.59 fr=127.22 cc=108.99 raw=108.89 lead=+49.25 | pcr=164.579 head_rel=164.58 lag_ewma=4.81 | q=to take a sack. It's a little / bit of a little bit of speed
20:36:30.987 ANCHOR pend_end=161.83 L=4.09 pinL=2.75 target=-0.59 off=-3.59
20:36:30.987 CLOCK integ raw=108.89 prev=108.99 new=109.14 d=+0.149 fr=127.22 dt=0.149 rate=1.00 paused=False backlog=55.00 edge=164.14 div=-0.00
20:36:31.191 CLOCK fold raw=109.16 prev=109.14 new=109.16 d=+0.028 fr=132.17 dt=0.204 rate=1.00 paused=False backlog=55.40 edge=164.56 div=-0.00
20:36:31.220 EDGESNAP err=+2.75 edge->167.32
20:36:31.221 CUE cx=[161.83..163.46] adv=1.63 el=0.21 fresh | off=-2.09 fr=132.17 cc=109.16 raw=109.16 lead=+52.21 | pcr=167.317 head_rel=167.32 lag_ewma=6.85 | q=bit of a little bit of speed / showed off there against some
20:36:31.322 ANCHOR pend_end=163.46 L=5.80 pinL=3.85 target=0.00 off=-2.09
20:36:31.322 CLOCK fold raw=109.44 prev=109.16 new=109.44 d=+0.281 fr=132.17 dt=0.131 rate=1.00 paused=False backlog=58.00 edge=167.45 div=-0.00
20:36:31.423 CUE cx=[163.46..165.63] adv=2.17 el=0.23 fresh | off=-1.05 fr=132.17 cc=109.44 raw=109.44 lead=+55.14 | pcr=167.317 head_rel=167.32 lag_ewma=5.80 | q=showed off there against some / of the not as fast defensive
20:36:31.424 ANCHOR pend_end=165.63 L=4.36 pinL=1.68 target=0.07 off=-1.05
20:36:31.424 CLOCK integ raw=109.44 prev=109.44 new=109.55 d=+0.103 fr=132.50 dt=0.103 rate=1.00 paused=False backlog=57.94 edge=167.48 div=-0.00
20:36:31.626 CLOCK fold raw=109.73 prev=109.55 new=109.73 d=+0.179 fr=132.50 dt=0.202 rate=1.00 paused=False backlog=57.96 edge=167.69 div=-0.00
20:36:31.727 CLOCK integ raw=109.73 prev=109.73 new=109.83 d=+0.101 fr=132.50 dt=0.101 rate=1.00 paused=False backlog=57.96 edge=167.79 div=-0.00
20:36:31.828 CLOCK integ raw=109.73 prev=109.83 new=109.93 d=+0.101 fr=132.50 dt=0.101 rate=1.00 paused=False backlog=57.96 edge=167.89 div=-0.00
20:36:31.930 CLOCK fold raw=110.00 prev=109.93 new=110.00 d=+0.077 fr=132.50 dt=0.102 rate=1.00 paused=False backlog=57.98 edge=167.99 div=-0.00
20:36:32.032 CLOCK integ raw=110.00 prev=110.00 new=110.11 d=+0.101 fr=132.50 dt=0.101 rate=1.00 paused=False backlog=57.98 edge=168.09 div=-0.00
20:36:32.135 CLOCK fold raw=110.29 prev=110.11 new=110.29 d=+0.180 fr=132.50 dt=0.102 rate=1.00 paused=False backlog=57.91 edge=168.19 div=-0.00
20:36:32.236 CLOCK integ raw=110.29 prev=110.29 new=110.39 d=+0.102 fr=132.50 dt=0.102 rate=1.00 paused=False backlog=57.91 edge=168.30 div=-0.00
20:36:32.338 CLOCK integ raw=110.29 prev=110.39 new=110.49 d=+0.102 fr=132.50 dt=0.102 rate=1.00 paused=False backlog=57.91 edge=168.40 div=-0.00
20:36:32.440 CLOCK fold raw=110.57 prev=110.49 new=110.57 d=+0.083 fr=132.50 dt=0.102 rate=1.00 paused=False backlog=57.93 edge=168.50 div=-0.00
20:36:32.542 CLOCK integ raw=110.57 prev=110.57 new=110.67 d=+0.101 fr=132.50 dt=0.101 rate=1.00 paused=False backlog=57.93 edge=168.60 div=-0.00
20:36:32.643 CLOCK integ raw=110.57 prev=110.67 new=110.78 d=+0.102 fr=132.50 dt=0.102 rate=1.00 paused=False backlog=57.93 edge=168.70 div=-0.00
20:36:32.745 CLOCK fold raw=110.85 prev=110.78 new=110.85 d=+0.072 fr=132.50 dt=0.102 rate=1.00 paused=False backlog=57.96 edge=168.80 div=-0.00
20:36:32.847 CLOCK integ raw=110.85 prev=110.85 new=110.95 d=+0.102 fr=132.50 dt=0.102 rate=1.00 paused=False backlog=57.96 edge=168.91 div=-0.00
20:36:32.950 CLOCK integ raw=110.85 prev=110.95 new=111.05 d=+0.102 fr=132.50 dt=0.102 rate=1.00 paused=False backlog=57.96 edge=169.01 div=-0.00
20:36:33.055 CLOCK fold raw=111.13 prev=111.05 new=111.13 d=+0.076 fr=132.50 dt=0.106 rate=1.00 paused=False backlog=57.14 edge=168.27 div=-0.00
20:36:33.257 CLOCK fold raw=111.41 prev=111.13 new=111.41 d=+0.281 fr=132.50 dt=0.202 rate=1.00 paused=False backlog=57.06 edge=168.47 div=-0.00
20:36:33.359 CLOCK integ raw=111.41 prev=111.41 new=111.51 d=+0.102 fr=132.50 dt=0.102 rate=1.00 paused=False backlog=57.06 edge=168.57 div=-0.00
20:36:33.461 CLOCK integ raw=111.41 prev=111.51 new=111.61 d=+0.102 fr=132.50 dt=0.102 rate=1.00 paused=False backlog=57.06 edge=168.67 div=-0.00
20:36:33.564 CLOCK fold raw=111.69 prev=111.61 new=111.69 d=+0.077 fr=132.50 dt=0.103 rate=1.00 paused=False backlog=57.09 edge=168.78 div=-0.00
20:36:33.666 CLOCK integ raw=111.69 prev=111.69 new=111.79 d=+0.102 fr=132.50 dt=0.102 rate=1.00 paused=False backlog=57.09 edge=168.88 div=-0.00
20:36:33.774 TICK fr=132.50 cc=111.79 raw=111.69 vid=111.41 playing=1 started=1 stall=0 | d_fr_cc=+20.71 d_fr_raw=+20.81 d_cc_raw=+0.10 | off=-0.49 ccx_end=165.63 since_show=0.1 since_cue=2.3 | pcr=167.317 pid=100 head_rel=167.32 ccx_lag=1.68 | credit=132.5 capped=0.0 | fsize=75473728 feed=75473728 feed_behind=0 | backlog=57.09 edge=168.88 div=-0.00 lag_ewma=4.36
20:36:33.775 CLOCK integ raw=111.69 prev=111.79 new=111.90 d=+0.109 fr=132.50 dt=0.109 rate=1.00 paused=False backlog=57.09 edge=168.99 div=-0.00
20:36:33.880 CLOCK fold raw=111.97 prev=111.90 new=111.97 d=+0.071 fr=132.50 dt=0.104 rate=1.00 paused=False backlog=57.12 edge=169.09 div=-0.00
20:36:33.985 CLOCK integ raw=111.97 prev=111.97 new=112.08 d=+0.105 fr=132.50 dt=0.105 rate=1.00 paused=False backlog=57.12 edge=169.20 div=-0.00
20:36:34.090 CLOCK fold raw=112.25 prev=112.08 new=112.25 d=+0.173 fr=132.50 dt=0.104 rate=1.00 paused=False backlog=57.05 edge=169.30 div=-0.00
20:36:34.191 CLOCK integ raw=112.25 prev=112.25 new=112.35 d=+0.103 fr=132.50 dt=0.103 rate=1.00 paused=False backlog=57.05 edge=169.40 div=-0.00
20:36:34.293 CLOCK integ raw=112.25 prev=112.35 new=112.46 d=+0.102 fr=132.50 dt=0.102 rate=1.00 paused=False backlog=57.05 edge=169.51 div=-0.00
20:36:34.396 CLOCK fold raw=112.53 prev=112.46 new=112.53 d=+0.077 fr=132.50 dt=0.103 rate=1.00 paused=False backlog=57.08 edge=169.61 div=-0.00
20:36:34.498 CLOCK integ raw=112.53 prev=112.53 new=112.64 d=+0.102 fr=132.50 dt=0.102 rate=1.00 paused=False backlog=57.08 edge=169.71 div=-0.00
20:36:34.600 CLOCK integ raw=112.53 prev=112.64 new=112.74 d=+0.101 fr=132.50 dt=0.101 rate=1.00 paused=False backlog=57.08 edge=169.81 div=-0.00
20:36:34.702 CLOCK fold raw=112.81 prev=112.74 new=112.81 d=+0.077 fr=132.50 dt=0.102 rate=1.00 paused=False backlog=57.10 edge=169.91 div=-0.00
20:36:34.904 CLOCK integ raw=112.81 prev=112.81 new=113.02 d=+0.202 fr=132.50 dt=0.202 rate=1.00 paused=False backlog=57.10 edge=170.12 div=-0.00
20:36:35.006 CLOCK fold raw=113.09 prev=113.02 new=113.09 d=+0.077 fr=132.50 dt=0.103 rate=1.00 paused=False backlog=57.13 edge=170.22 div=-0.00
20:36:35.110 EDGESNAP err=-2.90 edge->167.32
20:36:35.111 CLOCK integ raw=113.09 prev=113.09 new=113.20 d=+0.105 fr=132.50 dt=0.105 rate=1.00 paused=False backlog=54.22 edge=167.42 div=-0.00
20:36:35.215 CLOCK fold raw=113.38 prev=113.20 new=113.38 d=+0.177 fr=132.50 dt=0.104 rate=1.00 paused=False backlog=54.15 edge=167.52 div=-0.00
20:36:35.317 CLOCK integ raw=113.38 prev=113.38 new=113.48 d=+0.102 fr=132.50 dt=0.102 rate=1.00 paused=False backlog=54.15 edge=167.63 div=-0.00
20:36:35.421 CLOCK integ raw=113.38 prev=113.48 new=113.58 d=+0.102 fr=132.50 dt=0.102 rate=1.00 paused=False backlog=54.15 edge=167.73 div=-0.00
20:36:35.523 CLOCK fold raw=113.66 prev=113.58 new=113.66 d=+0.076 fr=132.50 dt=0.103 rate=1.00 paused=False backlog=54.18 edge=167.83 div=-0.00
20:36:35.625 CLOCK integ raw=113.66 prev=113.66 new=113.76 d=+0.102 fr=132.50 dt=0.102 rate=1.00 paused=False backlog=54.18 edge=167.93 div=-0.00
20:36:35.727 CLOCK integ raw=113.66 prev=113.76 new=113.86 d=+0.103 fr=132.50 dt=0.103 rate=1.00 paused=False backlog=54.18 edge=168.04 div=-0.00
20:36:35.829 CLOCK fold raw=113.94 prev=113.86 new=113.94 d=+0.077 fr=132.50 dt=0.102 rate=1.00 paused=False backlog=54.20 edge=168.14 div=-0.00
20:36:35.931 CLOCK integ raw=113.94 prev=113.94 new=114.04 d=+0.102 fr=132.50 dt=0.102 rate=1.00 paused=False backlog=54.20 edge=168.24 div=-0.00
20:36:36.033 CLOCK integ raw=113.94 prev=114.04 new=114.14 d=+0.102 fr=132.50 dt=0.102 rate=1.00 paused=False backlog=54.20 edge=168.34 div=-0.00
20:36:36.135 CLOCK fold raw=114.22 prev=114.14 new=114.22 d=+0.076 fr=132.50 dt=0.102 rate=1.00 paused=False backlog=54.23 edge=168.44 div=-0.00
20:36:36.237 CLOCK integ raw=114.22 prev=114.22 new=114.32 d=+0.103 fr=132.50 dt=0.103 rate=1.00 paused=False backlog=54.23 edge=168.55 div=-0.00
20:36:36.341 CLOCK fold raw=114.50 prev=114.32 new=114.50 d=+0.179 fr=132.50 dt=0.102 rate=1.00 paused=False backlog=54.15 edge=168.65 div=-0.00
20:36:36.543 CLOCK integ raw=114.50 prev=114.50 new=114.70 d=+0.203 fr=132.50 dt=0.203 rate=1.00 paused=False backlog=54.15 edge=168.85 div=-0.00
20:36:36.645 CLOCK fold raw=114.78 prev=114.70 new=114.78 d=+0.078 fr=132.50 dt=0.102 rate=1.00 paused=False backlog=54.17 edge=168.95 div=-0.00
20:36:36.747 CLOCK integ raw=114.78 prev=114.78 new=114.88 d=+0.102 fr=132.50 dt=0.102 rate=1.00 paused=False backlog=54.17 edge=169.06 div=-0.00
20:36:36.848 CLOCK integ raw=114.78 prev=114.88 new=114.98 d=+0.102 fr=132.50 dt=0.102 rate=1.00 paused=False backlog=54.17 edge=169.16 div=-0.00
20:36:36.950 CLOCK fold raw=115.06 prev=114.98 new=115.06 d=+0.076 fr=132.50 dt=0.102 rate=1.00 paused=False backlog=54.20 edge=169.26 div=-0.00
20:36:37.053 CLOCK integ raw=115.06 prev=115.06 new=115.16 d=+0.102 fr=132.50 dt=0.102 rate=1.00 paused=False backlog=54.20 edge=169.36 div=-0.00
20:36:37.157 CLOCK integ raw=115.06 prev=115.16 new=115.27 d=+0.104 fr=132.50 dt=0.104 rate=1.00 paused=False backlog=53.18 edge=168.44 div=-0.00
20:36:37.258 CLOCK fold raw=115.34 prev=115.27 new=115.34 d=+0.074 fr=132.50 dt=0.102 rate=1.00 paused=False backlog=53.20 edge=168.54 div=-0.00
20:36:37.360 CLOCK integ raw=115.34 prev=115.34 new=115.44 d=+0.102 fr=132.50 dt=0.102 rate=1.00 paused=False backlog=53.20 edge=168.65 div=-0.00
20:36:37.461 CLOCK integ raw=115.34 prev=115.44 new=115.54 d=+0.101 fr=132.50 dt=0.101 rate=1.00 paused=False backlog=53.20 edge=168.75 div=-0.00
20:36:37.564 CLOCK fold raw=115.63 prev=115.54 new=115.63 d=+0.085 fr=132.50 dt=0.102 rate=1.00 paused=False backlog=53.22 edge=168.85 div=-0.00
20:36:37.666 CLOCK integ raw=115.63 prev=115.63 new=115.73 d=+0.102 fr=132.50 dt=0.102 rate=1.00 paused=False backlog=53.22 edge=168.95 div=-0.00
20:36:37.767 CLOCK fold raw=115.91 prev=115.73 new=115.91 d=+0.181 fr=132.50 dt=0.102 rate=1.00 paused=False backlog=53.14 edge=169.05 div=-0.00
20:36:37.870 CLOCK integ raw=115.91 prev=115.91 new=116.01 d=+0.102 fr=132.50 dt=0.102 rate=1.00 paused=False backlog=53.14 edge=169.16 div=-0.00
20:36:38.072 CLOCK fold raw=116.20 prev=116.01 new=116.20 d=+0.191 fr=132.50 dt=0.203 rate=1.00 paused=False backlog=53.15 edge=169.36 div=-0.00
20:36:38.173 CLOCK integ raw=116.20 prev=116.20 new=116.31 d=+0.101 fr=132.50 dt=0.101 rate=1.00 paused=False backlog=53.15 edge=169.46 div=-0.00
20:36:38.276 CLOCK integ raw=116.20 prev=116.31 new=116.41 d=+0.102 fr=132.50 dt=0.102 rate=1.00 paused=False backlog=53.15 edge=169.56 div=-0.00
20:36:38.379 CLOCK fold raw=116.48 prev=116.41 new=116.48 d=+0.074 fr=132.50 dt=0.103 rate=1.00 paused=False backlog=53.18 edge=169.67 div=-0.00
20:36:38.481 CLOCK integ raw=116.48 prev=116.48 new=116.58 d=+0.102 fr=132.50 dt=0.102 rate=1.00 paused=False backlog=53.18 edge=169.77 div=-0.00
20:36:38.583 CLOCK integ raw=116.48 prev=116.58 new=116.69 d=+0.102 fr=132.50 dt=0.102 rate=1.00 paused=False backlog=53.18 edge=169.87 div=-0.00
20:36:38.685 CLOCK fold raw=116.77 prev=116.69 new=116.77 d=+0.080 fr=132.50 dt=0.102 rate=1.00 paused=False backlog=53.21 edge=169.97 div=-0.00
20:36:38.689 TICK fr=132.50 cc=116.77 raw=116.77 vid=116.48 playing=1 started=1 stall=0 | d_fr_cc=+15.73 d_fr_raw=+15.73 d_cc_raw=+0.00 | off=-0.49 ccx_end=165.63 since_show=0.0 since_cue=7.3 | pcr=167.317 pid=100 head_rel=167.32 ccx_lag=1.68 | credit=132.5 capped=0.0 | fsize=75473728 feed=75473728 feed_behind=0 | backlog=53.21 edge=169.97 div=-0.00 lag_ewma=4.36
20:36:38.791 CLOCK integ raw=116.77 prev=116.77 new=116.87 d=+0.105 fr=132.50 dt=0.105 rate=1.00 paused=False backlog=53.21 edge=170.08 div=-0.00
20:36:38.894 CLOCK fold raw=117.04 prev=116.87 new=117.04 d=+0.172 fr=132.50 dt=0.103 rate=1.00 paused=False backlog=53.14 edge=170.18 div=-0.00
20:36:38.996 CLOCK integ raw=117.04 prev=117.04 new=117.15 d=+0.102 fr=132.50 dt=0.102 rate=1.00 paused=False backlog=53.14 edge=170.28 div=-0.00
20:36:39.144 EDGESNAP err=+2.72 edge->173.00
20:36:39.145 CLOCK integ raw=117.04 prev=117.15 new=117.29 d=+0.150 fr=132.50 dt=0.150 rate=1.00 paused=False backlog=55.85 edge=173.15 div=-0.00
20:36:39.147 CUE cx=[165.63..168.10] adv=2.47 el=7.72 fresh | off=-0.49 fr=140.22 cc=117.29 raw=117.04 lead=+50.32 | pcr=173.001 head_rel=173.00 lag_ewma=4.36 | q=of the not as fast defensive / linemen. So Keaton Slovis was
20:36:39.148 CUE cx=[168.10..170.30] adv=2.20 el=0.00 fresh | off=-0.49 fr=140.22 cc=117.29 raw=117.04 lead=+52.52 | pcr=173.001 head_rel=173.00 lag_ewma=4.36 | q=linemen. So Keaton Slovis was / the highest rated quarterbac
20:36:39.148 CUE cx=[170.30..171.70] adv=1.40 el=0.00 fresh | off=-0.49 fr=140.22 cc=117.29 raw=117.04 lead=+53.92 | pcr=173.001 head_rel=173.00 lag_ewma=4.36 | q=the highest rated quarterback / coming off last weekend's / 
20:36:39.250 ANCHOR pend_end=171.70 L=3.29 pinL=1.30 target=0.02 off=-0.49
20:36:39.250 CLOCK fold raw=117.33 prev=117.29 new=117.33 d=+0.030 fr=140.22 dt=0.105 rate=1.00 paused=False backlog=55.80 edge=173.12 div=-0.00
20:36:39.352 CLOCK integ raw=117.33 prev=117.33 new=117.43 d=+0.102 fr=140.22 dt=0.102 rate=1.00 paused=False backlog=55.80 edge=173.23 div=-0.00
20:36:39.457 CLOCK fold raw=117.61 prev=117.43 new=117.61 d=+0.180 fr=140.22 dt=0.104 rate=1.00 paused=False backlog=55.72 edge=173.33 div=-0.00
20:36:39.560 CLOCK integ raw=117.61 prev=117.61 new=117.71 d=+0.102 fr=140.64 dt=0.102 rate=1.00 paused=False backlog=55.72 edge=173.43 div=-0.00
20:36:39.661 CLOCK integ raw=117.61 prev=117.71 new=117.81 d=+0.102 fr=140.64 dt=0.102 rate=1.00 paused=False backlog=55.72 edge=173.53 div=-0.00
20:36:39.763 CLOCK fold raw=117.89 prev=117.81 new=117.89 d=+0.075 fr=140.64 dt=0.102 rate=1.00 paused=False backlog=55.75 edge=173.64 div=-0.00
20:36:39.865 CLOCK integ raw=117.89 prev=117.89 new=117.99 d=+0.102 fr=140.64 dt=0.102 rate=1.00 paused=False backlog=55.75 edge=173.74 div=-0.00
20:36:39.968 CLOCK integ raw=117.89 prev=117.99 new=118.09 d=+0.104 fr=140.64 dt=0.104 rate=1.00 paused=False backlog=55.75 edge=173.84 div=-0.00
20:36:40.171 CLOCK fold raw=118.17 prev=118.09 new=118.17 d=+0.075 fr=140.64 dt=0.203 rate=1.00 paused=False backlog=55.88 edge=174.04 div=-0.00
20:36:40.273 CLOCK integ raw=118.17 prev=118.17 new=118.27 d=+0.102 fr=140.64 dt=0.102 rate=1.00 paused=False backlog=55.88 edge=174.15 div=-0.00
20:36:40.375 CLOCK fold raw=118.45 prev=118.27 new=118.45 d=+0.179 fr=140.64 dt=0.102 rate=1.00 paused=False backlog=55.80 edge=174.25 div=-0.00
20:36:40.477 CLOCK integ raw=118.45 prev=118.45 new=118.55 d=+0.102 fr=140.64 dt=0.102 rate=1.00 paused=False backlog=55.80 edge=174.35 div=-0.00
20:36:40.578 CLOCK fold raw=118.73 prev=118.55 new=118.73 d=+0.178 fr=140.64 dt=0.101 rate=1.00 paused=False backlog=55.72 edge=174.45 div=-0.00
20:36:40.680 CLOCK integ raw=118.73 prev=118.73 new=118.83 d=+0.102 fr=140.64 dt=0.102 rate=1.00 paused=False backlog=55.72 edge=174.55 div=-0.00
20:36:40.781 CLOCK integ raw=118.73 prev=118.83 new=118.93 d=+0.101 fr=140.64 dt=0.101 rate=1.00 paused=False backlog=55.72 edge=174.65 div=-0.00
20:36:40.882 CLOCK fold raw=119.01 prev=118.93 new=119.01 d=+0.079 fr=140.64 dt=0.102 rate=1.00 paused=False backlog=55.75 edge=174.76 div=-0.00
20:36:40.985 CLOCK integ raw=119.01 prev=119.01 new=119.11 d=+0.102 fr=140.64 dt=0.102 rate=1.00 paused=False backlog=55.75 edge=174.86 div=-0.00
20:36:41.090 CLOCK integ raw=119.01 prev=119.11 new=119.22 d=+0.106 fr=140.64 dt=0.106 rate=1.00 paused=False backlog=55.59 edge=174.81 div=-0.00
20:36:41.192 CLOCK fold raw=119.29 prev=119.22 new=119.29 d=+0.074 fr=140.64 dt=0.103 rate=1.00 paused=False backlog=55.62 edge=174.91 div=-0.00
20:36:41.295 CLOCK integ raw=119.29 prev=119.29 new=119.39 d=+0.102 fr=140.64 dt=0.102 rate=1.00 paused=False backlog=55.62 edge=175.01 div=-0.00
20:36:41.396 CLOCK integ raw=119.29 prev=119.39 new=119.49 d=+0.101 fr=140.64 dt=0.101 rate=1.00 paused=False backlog=55.62 edge=175.11 div=-0.00
20:36:41.498 CLOCK fold raw=119.57 prev=119.49 new=119.57 d=+0.076 fr=140.64 dt=0.103 rate=1.00 paused=False backlog=55.65 edge=175.22 div=-0.00
20:36:41.702 CLOCK fold raw=119.85 prev=119.57 new=119.85 d=+0.281 fr=140.64 dt=0.203 rate=1.00 paused=False backlog=55.57 edge=175.42 div=-0.00
20:36:41.803 CLOCK integ raw=119.85 prev=119.85 new=119.95 d=+0.102 fr=140.64 dt=0.102 rate=1.00 paused=False backlog=55.57 edge=175.52 div=-0.00
20:36:41.905 CLOCK integ raw=119.85 prev=119.95 new=120.05 d=+0.101 fr=140.64 dt=0.101 rate=1.00 paused=False backlog=55.57 edge=175.62 div=-0.00
20:36:42.007 CLOCK fold raw=120.13 prev=120.05 new=120.13 d=+0.079 fr=140.64 dt=0.102 rate=1.00 paused=False backlog=55.59 edge=175.72 div=-0.00
20:36:42.109 CLOCK integ raw=120.13 prev=120.13 new=120.24 d=+0.103 fr=140.64 dt=0.103 rate=1.00 paused=False backlog=55.59 edge=175.83 div=-0.00
20:36:42.211 CLOCK integ raw=120.13 prev=120.24 new=120.34 d=+0.102 fr=140.64 dt=0.102 rate=1.00 paused=False backlog=55.59 edge=175.93 div=-0.00
20:36:42.313 CLOCK fold raw=120.42 prev=120.34 new=120.42 d=+0.081 fr=140.64 dt=0.102 rate=1.00 paused=False backlog=55.61 edge=176.03 div=-0.00
20:36:42.415 CLOCK integ raw=120.42 prev=120.42 new=120.52 d=+0.103 fr=140.64 dt=0.103 rate=1.00 paused=False backlog=55.61 edge=176.13 div=-0.00
20:36:42.518 CLOCK integ raw=120.42 prev=120.52 new=120.62 d=+0.102 fr=140.64 dt=0.102 rate=1.00 paused=False backlog=55.61 edge=176.24 div=-0.00
20:36:42.620 CLOCK fold raw=120.70 prev=120.62 new=120.70 d=+0.073 fr=140.64 dt=0.102 rate=1.00 paused=False backlog=55.64 edge=176.34 div=-0.00
20:36:42.723 CLOCK integ raw=120.70 prev=120.70 new=120.80 d=+0.103 fr=140.64 dt=0.103 rate=1.00 paused=False backlog=55.64 edge=176.44 div=-0.00
20:36:42.825 CLOCK fold raw=120.98 prev=120.80 new=120.98 d=+0.178 fr=140.64 dt=0.102 rate=1.00 paused=False backlog=55.57 edge=176.54 div=-0.00
20:36:42.927 CLOCK integ raw=120.98 prev=120.98 new=121.08 d=+0.102 fr=140.64 dt=0.102 rate=1.00 paused=False backlog=55.57 edge=176.64 div=-0.00
20:36:43.130 CLOCK fold raw=121.26 prev=121.08 new=121.26 d=+0.177 fr=140.64 dt=0.203 rate=1.00 paused=False backlog=54.54 edge=175.80 div=-0.00
20:36:43.233 CLOCK integ raw=121.26 prev=121.26 new=121.36 d=+0.102 fr=140.64 dt=0.102 rate=1.00 paused=False backlog=54.54 edge=175.90 div=-0.00
20:36:43.335 CLOCK integ raw=121.26 prev=121.36 new=121.46 d=+0.102 fr=140.64 dt=0.102 rate=1.00 paused=False backlog=54.54 edge=176.00 div=-0.00
20:36:43.436 CLOCK fold raw=121.54 prev=121.46 new=121.54 d=+0.075 fr=140.64 dt=0.101 rate=1.00 paused=False backlog=54.57 edge=176.11 div=-0.00
20:36:43.540 CLOCK integ raw=121.54 prev=121.54 new=121.64 d=+0.103 fr=140.64 dt=0.103 rate=1.00 paused=False backlog=54.57 edge=176.21 div=-0.00
20:36:43.642 CLOCK integ raw=121.54 prev=121.64 new=121.74 d=+0.102 fr=140.64 dt=0.102 rate=1.00 paused=False backlog=54.57 edge=176.31 div=-0.00
20:36:43.747 TICK fr=140.64 cc=121.74 raw=121.82 vid=121.54 playing=1 started=1 stall=0 | d_fr_cc=+18.89 d_fr_raw=+18.82 d_cc_raw=-0.08 | off=-0.24 ccx_end=171.70 since_show=0.1 since_cue=4.6 | pcr=174.548 pid=100 head_rel=174.55 ccx_lag=2.84 | credit=140.6 capped=0.0 | fsize=79269448 feed=79269448 feed_behind=0 | backlog=54.57 edge=176.31 div=-0.00 lag_ewma=3.29
20:36:43.749 CLOCK fold raw=121.82 prev=121.74 new=121.82 d=+0.078 fr=140.64 dt=0.107 rate=1.00 paused=False backlog=54.60 edge=176.42 div=-0.00
20:36:43.851 CLOCK integ raw=121.82 prev=121.82 new=121.92 d=+0.103 fr=140.64 dt=0.103 rate=1.00 paused=False backlog=54.60 edge=176.52 div=-0.00
20:36:43.953 CLOCK fold raw=122.10 prev=121.92 new=122.10 d=+0.178 fr=140.64 dt=0.102 rate=1.00 paused=False backlog=54.52 edge=176.62 div=-0.00
20:36:44.056 CLOCK integ raw=122.10 prev=122.10 new=122.20 d=+0.103 fr=145.13 dt=0.103 rate=1.00 paused=False backlog=54.52 edge=176.73 div=-0.00
20:36:44.196 CUE cx=[171.71..174.64] adv=2.94 el=5.01 fresh | off=-0.24 fr=145.13 cc=122.20 raw=122.10 lead=+52.20 | pcr=178.129 head_rel=178.13 lag_ewma=3.29 | q=coming off last weekend's / preseason games, according to / 
20:36:44.196 CUE cx=[174.64..176.74] adv=2.10 el=0.04 fresh | off=-0.24 fr=145.13 cc=122.20 raw=122.10 lead=+54.30 | pcr=178.129 head_rel=178.13 lag_ewma=3.29 | q=preseason games, according to / the analytics. And they cite
20:36:44.197 ANCHOR pend_end=176.74 L=2.62 pinL=1.39 target=-0.35 off=-0.24
20:36:44.197 CLOCK integ raw=122.10 prev=122.20 new=122.35 d=+0.141 fr=145.13 dt=0.141 rate=1.00 paused=False backlog=55.57 edge=177.92 div=-0.00
20:36:44.300 CLOCK fold raw=122.38 prev=122.35 new=122.38 d=+0.039 fr=145.13 dt=0.103 rate=1.00 paused=False backlog=55.64 edge=178.02 div=-0.00
20:36:44.402 CLOCK integ raw=122.38 prev=122.38 new=122.49 d=+0.102 fr=145.13 dt=0.102 rate=1.00 paused=False backlog=55.64 edge=178.12 div=-0.00
20:36:44.507 CLOCK fold raw=122.66 prev=122.49 new=122.66 d=+0.176 fr=145.13 dt=0.105 rate=1.00 paused=False backlog=55.57 edge=178.23 div=-0.00
20:36:44.610 CLOCK integ raw=122.66 prev=122.66 new=122.76 d=+0.103 fr=145.13 dt=0.103 rate=1.00 paused=False backlog=55.57 edge=178.33 div=-0.00
20:36:44.713 CLOCK integ raw=122.66 prev=122.76 new=122.87 d=+0.103 fr=145.13 dt=0.103 rate=1.00 paused=False backlog=55.57 edge=178.43 div=-0.00
20:36:44.815 CLOCK fold raw=122.94 prev=122.87 new=122.94 d=+0.077 fr=145.13 dt=0.102 rate=1.00 paused=False backlog=55.59 edge=178.54 div=-0.00
20:36:44.916 CLOCK integ raw=122.94 prev=122.94 new=123.05 d=+0.102 fr=145.13 dt=0.102 rate=1.00 paused=False backlog=55.59 edge=178.64 div=-0.00
20:36:45.019 CLOCK integ raw=122.94 prev=123.05 new=123.15 d=+0.103 fr=145.13 dt=0.103 rate=1.00 paused=False backlog=55.59 edge=178.74 div=-0.00
20:36:45.124 CLOCK fold raw=123.23 prev=123.15 new=123.23 d=+0.077 fr=145.13 dt=0.105 rate=1.00 paused=False backlog=55.31 edge=178.54 div=-0.00
20:36:45.226 CLOCK integ raw=123.23 prev=123.23 new=123.33 d=+0.102 fr=145.13 dt=0.102 rate=1.00 paused=False backlog=55.31 edge=178.64 div=-0.00
20:36:45.329 CLOCK integ raw=123.23 prev=123.33 new=123.43 d=+0.102 fr=145.13 dt=0.102 rate=1.00 paused=False backlog=55.31 edge=178.74 div=-0.00
20:36:45.431 CLOCK fold raw=123.51 prev=123.43 new=123.51 d=+0.076 fr=145.13 dt=0.102 rate=1.00 paused=False backlog=55.34 edge=178.85 div=-0.00
20:36:45.634 CLOCK fold raw=123.79 prev=123.51 new=123.79 d=+0.283 fr=145.13 dt=0.203 rate=1.00 paused=False backlog=55.26 edge=179.05 div=-0.00
20:36:45.736 CLOCK integ raw=123.79 prev=123.79 new=123.89 d=+0.102 fr=145.13 dt=0.102 rate=1.00 paused=False backlog=55.26 edge=179.15 div=-0.00
20:36:45.838 CLOCK integ raw=123.79 prev=123.89 new=123.99 d=+0.103 fr=145.13 dt=0.103 rate=1.00 paused=False backlog=55.26 edge=179.25 div=-0.00
20:36:45.940 CLOCK fold raw=124.07 prev=123.99 new=124.07 d=+0.074 fr=145.13 dt=0.102 rate=1.00 paused=False backlog=55.29 edge=179.36 div=-0.00
20:36:46.042 CLOCK integ raw=124.07 prev=124.07 new=124.17 d=+0.101 fr=145.13 dt=0.101 rate=1.00 paused=False backlog=55.29 edge=179.46 div=-0.00
20:36:46.144 CLOCK integ raw=124.07 prev=124.17 new=124.27 d=+0.102 fr=145.13 dt=0.102 rate=1.00 paused=False backlog=55.29 edge=179.56 div=-0.00
20:36:46.246 CLOCK fold raw=124.35 prev=124.27 new=124.35 d=+0.078 fr=145.13 dt=0.102 rate=1.00 paused=False backlog=55.31 edge=179.66 div=-0.00
20:36:46.347 CLOCK integ raw=124.35 prev=124.35 new=124.45 d=+0.101 fr=145.13 dt=0.101 rate=1.00 paused=False backlog=55.31 edge=179.76 div=-0.00
20:36:46.449 CLOCK integ raw=124.35 prev=124.45 new=124.55 d=+0.102 fr=145.13 dt=0.102 rate=1.00 paused=False backlog=55.31 edge=179.86 div=-0.00
20:36:46.552 CLOCK fold raw=124.63 prev=124.55 new=124.63 d=+0.078 fr=145.13 dt=0.103 rate=1.00 paused=False backlog=55.34 edge=179.97 div=-0.00
20:36:46.655 CLOCK integ raw=124.63 prev=124.63 new=124.73 d=+0.103 fr=145.13 dt=0.103 rate=1.00 paused=False backlog=55.34 edge=180.07 div=-0.00
20:36:46.757 CLOCK fold raw=124.91 prev=124.73 new=124.91 d=+0.176 fr=145.13 dt=0.102 rate=1.00 paused=False backlog=55.26 edge=180.17 div=-0.00
20:36:46.860 CLOCK integ raw=124.91 prev=124.91 new=125.01 d=+0.103 fr=145.13 dt=0.103 rate=1.00 paused=False backlog=55.26 edge=180.28 div=-0.00
20:36:46.962 CLOCK integ raw=124.91 prev=125.01 new=125.12 d=+0.102 fr=145.13 dt=0.102 rate=1.00 paused=False backlog=55.26 edge=180.38 div=-0.00
20:36:47.168 CLOCK fold raw=125.19 prev=125.12 new=125.19 d=+0.078 fr=145.13 dt=0.206 rate=1.00 paused=False backlog=54.27 edge=179.46 div=-0.00
20:36:47.270 CLOCK integ raw=125.19 prev=125.19 new=125.30 d=+0.102 fr=145.13 dt=0.102 rate=1.00 paused=False backlog=54.27 edge=179.56 div=-0.00
20:36:47.373 CLOCK fold raw=125.47 prev=125.30 new=125.47 d=+0.177 fr=145.13 dt=0.103 rate=1.00 paused=False backlog=54.19 edge=179.66 div=-0.00
20:36:47.475 CLOCK integ raw=125.47 prev=125.47 new=125.58 d=+0.102 fr=145.13 dt=0.102 rate=1.00 paused=False backlog=54.19 edge=179.77 div=-0.00
20:36:47.577 CLOCK integ raw=125.47 prev=125.58 new=125.68 d=+0.102 fr=145.13 dt=0.102 rate=1.00 paused=False backlog=54.19 edge=179.87 div=-0.00
20:36:47.679 CLOCK fold raw=125.75 prev=125.68 new=125.75 d=+0.078 fr=145.13 dt=0.102 rate=1.00 paused=False backlog=54.21 edge=179.97 div=-0.00
20:36:47.781 CLOCK integ raw=125.75 prev=125.75 new=125.86 d=+0.102 fr=145.13 dt=0.102 rate=1.00 paused=False backlog=54.21 edge=180.07 div=-0.00
20:36:47.884 CLOCK fold raw=126.05 prev=125.86 new=126.05 d=+0.189 fr=145.13 dt=0.102 rate=1.00 paused=False backlog=54.13 edge=180.17 div=-0.00
20:36:47.987 CLOCK integ raw=126.05 prev=126.05 new=126.15 d=+0.103 fr=145.13 dt=0.103 rate=1.00 paused=False backlog=54.13 edge=180.28 div=-0.00
20:36:48.089 CLOCK integ raw=126.05 prev=126.15 new=126.25 d=+0.102 fr=145.13 dt=0.102 rate=1.00 paused=False backlog=54.13 edge=180.38 div=-0.00
20:36:48.191 CLOCK fold raw=126.32 prev=126.25 new=126.32 d=+0.066 fr=145.13 dt=0.102 rate=1.00 paused=False backlog=54.16 edge=180.48 div=-0.00
20:36:48.293 CLOCK integ raw=126.32 prev=126.32 new=126.42 d=+0.102 fr=145.13 dt=0.102 rate=1.00 paused=False backlog=54.16 edge=180.58 div=-0.00
20:36:48.395 CLOCK integ raw=126.32 prev=126.42 new=126.52 d=+0.102 fr=145.13 dt=0.102 rate=1.00 paused=False backlog=54.16 edge=180.69 div=-0.00
20:36:48.497 CLOCK fold raw=126.60 prev=126.52 new=126.60 d=+0.079 fr=145.13 dt=0.102 rate=1.00 paused=False backlog=54.19 edge=180.79 div=-0.00
20:36:48.700 CLOCK integ raw=126.60 prev=126.60 new=126.80 d=+0.202 fr=145.13 dt=0.202 rate=1.00 paused=False backlog=54.19 edge=180.99 div=-0.00
20:36:48.705 TICK fr=145.13 cc=126.80 raw=126.60 vid=126.60 playing=1 started=1 stall=0 | d_fr_cc=+18.33 d_fr_raw=+18.53 d_cc_raw=+0.20 | off=-0.29 ccx_end=176.74 since_show=0.0 since_cue=4.5 | pcr=178.129 pid=100 head_rel=178.13 ccx_lag=1.39 | credit=145.1 capped=0.0 | fsize=80891888 feed=80891888 feed_behind=0 | backlog=54.19 edge=180.99 div=-0.00 lag_ewma=2.62
20:36:48.808 CLOCK fold raw=126.88 prev=126.80 new=126.88 d=+0.076 fr=145.13 dt=0.108 rate=1.00 paused=False backlog=54.22 edge=181.10 div=-0.00
20:36:48.911 CLOCK integ raw=126.88 prev=126.88 new=126.98 d=+0.102 fr=145.13 dt=0.102 rate=1.00 paused=False backlog=54.22 edge=181.20 div=-0.00
20:36:49.014 CLOCK fold raw=127.16 prev=126.98 new=127.16 d=+0.179 fr=149.99 dt=0.103 rate=1.00 paused=False backlog=54.15 edge=181.30 div=-0.00
20:36:49.172 EDGESNAP err=+3.71 edge->185.01
20:36:49.174 CLOCK integ raw=127.16 prev=127.16 new=127.32 d=+0.160 fr=149.99 dt=0.160 rate=1.00 paused=False backlog=57.85 edge=185.17 div=-0.00
20:36:49.176 CUE cx=[176.74..178.61] adv=1.87 el=4.98 fresh | off=-0.29 fr=149.99 cc=127.32 raw=127.16 lead=+51.00 | pcr=185.014 head_rel=185.01 lag_ewma=2.62 | q=the analytics. And they cited / as big man in the backfield 
20:36:49.176 CUE cx=[178.61..180.78] adv=2.17 el=0.00 fresh | off=-0.29 fr=149.99 cc=127.32 raw=127.16 lead=+53.17 | pcr=185.014 head_rel=185.01 lag_ewma=2.62 | q=as big man in the backfield / flags. Fly will sort this out.
20:36:49.177 CUE cx=[180.78..181.91] adv=1.13 el=0.00 fresh | off=-0.29 fr=149.99 cc=127.32 raw=127.16 lead=+54.30 | pcr=185.014 head_rel=185.01 lag_ewma=2.62 | q=flags. Fly will sort this out. / Bunch of whistles. Trey Ste
20:36:49.278 ANCHOR pend_end=181.91 L=2.79 pinL=3.10 target=0.02 off=-0.29
20:36:49.279 CLOCK fold raw=127.44 prev=127.32 new=127.44 d=+0.122 fr=149.99 dt=0.104 rate=1.00 paused=False backlog=57.70 edge=185.14 div=-0.00
20:36:49.381 CLOCK integ raw=127.44 prev=127.44 new=127.54 d=+0.103 fr=150.46 dt=0.103 rate=1.00 paused=False backlog=57.70 edge=185.24 div=-0.00
20:36:49.484 CLOCK integ raw=127.44 prev=127.54 new=127.65 d=+0.103 fr=150.46 dt=0.103 rate=1.00 paused=False backlog=57.70 edge=185.34 div=-0.00
20:36:49.686 CLOCK fold raw=127.72 prev=127.65 new=127.72 d=+0.074 fr=150.46 dt=0.202 rate=1.00 paused=False backlog=57.82 edge=185.54 div=-0.00
20:36:49.690 CUE cx=[181.92..184.52] adv=2.60 el=0.51 fresh | off=-0.14 fr=150.46 cc=127.72 raw=127.72 lead=+56.66 | pcr=185.364 head_rel=185.36 lag_ewma=2.79 | q=Bunch of whistles. Trey Stewart / recently signed running ba
20:36:49.791 ANCHOR pend_end=184.52 L=2.11 pinL=0.85 target=0.09 off=-0.14
20:36:49.791 CLOCK integ raw=127.72 prev=127.72 new=127.83 d=+0.105 fr=150.46 dt=0.105 rate=1.00 paused=False backlog=57.73 edge=185.56 div=-0.00
20:36:49.894 CLOCK fold raw=128.00 prev=127.83 new=128.00 d=+0.176 fr=150.46 dt=0.102 rate=1.00 paused=False backlog=57.66 edge=185.66 div=-0.00
20:36:49.995 CLOCK integ raw=128.00 prev=128.00 new=128.10 d=+0.102 fr=150.46 dt=0.102 rate=1.00 paused=False backlog=57.66 edge=185.76 div=-0.00
20:36:50.097 CLOCK integ raw=128.00 prev=128.10 new=128.21 d=+0.102 fr=150.46 dt=0.102 rate=1.00 paused=False backlog=57.66 edge=185.86 div=-0.00
20:36:50.199 CLOCK fold raw=128.28 prev=128.21 new=128.28 d=+0.077 fr=150.46 dt=0.102 rate=1.00 paused=False backlog=57.68 edge=185.97 div=-0.00
20:36:50.301 CLOCK integ raw=128.28 prev=128.28 new=128.38 d=+0.102 fr=150.46 dt=0.102 rate=1.00 paused=False backlog=57.68 edge=186.07 div=-0.00
20:36:50.404 CLOCK fold raw=128.56 prev=128.38 new=128.56 d=+0.180 fr=150.46 dt=0.103 rate=1.00 paused=False backlog=57.61 edge=186.17 div=-0.00
20:36:50.506 CLOCK integ raw=128.56 prev=128.56 new=128.67 d=+0.102 fr=150.46 dt=0.102 rate=1.00 paused=False backlog=57.61 edge=186.27 div=-0.00
20:36:50.611 CLOCK integ raw=128.56 prev=128.67 new=128.77 d=+0.104 fr=150.46 dt=0.104 rate=1.00 paused=False backlog=57.61 edge=186.38 div=-0.00
20:36:50.716 CLOCK fold raw=128.84 prev=128.77 new=128.84 d=+0.074 fr=150.46 dt=0.105 rate=1.00 paused=False backlog=57.64 edge=186.48 div=-0.00
20:36:50.819 CLOCK integ raw=128.84 prev=128.84 new=128.95 d=+0.104 fr=150.46 dt=0.104 rate=1.00 paused=False backlog=57.64 edge=186.59 div=-0.00
20:36:50.923 CLOCK integ raw=128.84 prev=128.95 new=129.05 d=+0.103 fr=150.46 dt=0.103 rate=1.00 paused=False backlog=57.64 edge=186.69 div=-0.00
20:36:51.025 CLOCK fold raw=129.12 prev=129.05 new=129.12 d=+0.072 fr=150.46 dt=0.102 rate=1.00 paused=False backlog=57.67 edge=186.79 div=-0.00
20:36:51.130 CLOCK integ raw=129.12 prev=129.12 new=129.23 d=+0.105 fr=150.46 dt=0.105 rate=1.00 paused=False backlog=56.95 edge=186.18 div=-0.00
20:36:51.232 CLOCK integ raw=129.12 prev=129.23 new=129.33 d=+0.102 fr=150.46 dt=0.102 rate=1.00 paused=False backlog=56.95 edge=186.28 div=-0.00
20:36:51.436 CLOCK fold raw=129.41 prev=129.33 new=129.41 d=+0.074 fr=150.46 dt=0.203 rate=1.00 paused=False backlog=57.08 edge=186.49 div=-0.00
20:36:51.538 CLOCK fold raw=129.69 prev=129.41 new=129.69 d=+0.281 fr=150.46 dt=0.103 rate=1.00 paused=False backlog=56.90 edge=186.59 div=-0.00
20:36:51.639 CLOCK integ raw=129.69 prev=129.69 new=129.79 d=+0.101 fr=150.46 dt=0.101 rate=1.00 paused=False backlog=56.90 edge=186.69 div=-0.00
20:36:51.741 CLOCK integ raw=129.69 prev=129.79 new=129.89 d=+0.102 fr=150.46 dt=0.102 rate=1.00 paused=False backlog=56.90 edge=186.79 div=-0.00
20:36:51.843 CLOCK fold raw=129.97 prev=129.89 new=129.97 d=+0.076 fr=150.46 dt=0.102 rate=1.00 paused=False backlog=56.93 edge=186.90 div=-0.00
20:36:51.945 CLOCK integ raw=129.97 prev=129.97 new=130.07 d=+0.102 fr=150.46 dt=0.102 rate=1.00 paused=False backlog=56.93 edge=187.00 div=-0.00
20:36:52.046 CLOCK integ raw=129.97 prev=130.07 new=130.17 d=+0.101 fr=150.46 dt=0.101 rate=1.00 paused=False backlog=56.93 edge=187.10 div=-0.00
20:36:52.147 CLOCK fold raw=130.25 prev=130.17 new=130.25 d=+0.077 fr=150.46 dt=0.101 rate=1.00 paused=False backlog=56.95 edge=187.20 div=-0.00
20:36:52.249 CLOCK integ raw=130.25 prev=130.25 new=130.35 d=+0.102 fr=150.46 dt=0.102 rate=1.00 paused=False backlog=56.95 edge=187.30 div=-0.00
20:36:52.351 CLOCK integ raw=130.25 prev=130.35 new=130.45 d=+0.102 fr=150.46 dt=0.102 rate=1.00 paused=False backlog=56.95 edge=187.40 div=-0.00
20:36:52.452 CLOCK fold raw=130.53 prev=130.45 new=130.53 d=+0.079 fr=150.46 dt=0.102 rate=1.00 paused=False backlog=56.98 edge=187.51 div=-0.00
20:36:52.554 CLOCK integ raw=130.53 prev=130.53 new=130.63 d=+0.102 fr=150.46 dt=0.102 rate=1.00 paused=False backlog=56.98 edge=187.61 div=-0.00
20:36:52.757 CLOCK fold raw=130.81 prev=130.63 new=130.81 d=+0.181 fr=150.46 dt=0.203 rate=1.00 paused=False backlog=57.00 edge=187.81 div=-0.00
20:36:52.859 CLOCK integ raw=130.81 prev=130.81 new=130.91 d=+0.102 fr=150.46 dt=0.102 rate=1.00 paused=False backlog=57.00 edge=187.91 div=-0.00
20:36:52.961 CLOCK fold raw=131.09 prev=130.91 new=131.09 d=+0.176 fr=150.46 dt=0.102 rate=1.00 paused=False backlog=56.93 edge=188.01 div=-0.00
20:36:53.063 CLOCK integ raw=131.09 prev=131.09 new=131.19 d=+0.102 fr=150.46 dt=0.102 rate=1.00 paused=False backlog=56.93 edge=188.12 div=-0.00
20:36:53.065 EDGESNAP err=-2.75 edge->185.36
20:36:53.166 CLOCK integ raw=131.09 prev=131.19 new=131.29 d=+0.103 fr=150.46 dt=0.103 rate=1.00 paused=False backlog=54.17 edge=185.47 div=-0.00
20:36:53.268 CLOCK fold raw=131.37 prev=131.29 new=131.37 d=+0.078 fr=150.46 dt=0.102 rate=1.00 paused=False backlog=54.20 edge=185.57 div=-0.00
20:36:53.369 CLOCK integ raw=131.37 prev=131.37 new=131.47 d=+0.102 fr=150.46 dt=0.102 rate=1.00 paused=False backlog=54.20 edge=185.67 div=-0.00
20:36:53.472 CLOCK integ raw=131.37 prev=131.47 new=131.58 d=+0.103 fr=150.46 dt=0.103 rate=1.00 paused=False backlog=54.20 edge=185.77 div=-0.00
20:36:53.573 CLOCK fold raw=131.65 prev=131.58 new=131.65 d=+0.077 fr=150.46 dt=0.101 rate=1.00 paused=False backlog=54.22 edge=185.87 div=-0.00
20:36:53.675 CLOCK integ raw=131.65 prev=131.65 new=131.75 d=+0.102 fr=150.46 dt=0.102 rate=1.00 paused=False backlog=54.22 edge=185.98 div=-0.00
20:36:53.778 TICK fr=150.46 cc=131.75 raw=131.93 vid=131.37 playing=1 started=1 stall=0 | d_fr_cc=+18.70 d_fr_raw=+18.52 d_cc_raw=-0.18 | off=-0.02 ccx_end=184.52 since_show=0.1 since_cue=4.1 | pcr=185.364 pid=100 head_rel=185.36 ccx_lag=0.85 | credit=150.5 capped=0.0 | fsize=84145416 feed=84145416 feed_behind=0 | backlog=54.22 edge=185.98 div=-0.00 lag_ewma=2.11
20:36:53.779 CLOCK fold raw=131.93 prev=131.75 new=131.93 d=+0.179 fr=150.46 dt=0.104 rate=1.00 paused=False backlog=54.15 edge=186.08 div=-0.00
20:36:53.880 CLOCK integ raw=131.93 prev=131.93 new=132.03 d=+0.101 fr=150.46 dt=0.101 rate=1.00 paused=False backlog=54.15 edge=186.18 div=-0.00
20:36:53.982 CLOCK integ raw=131.93 prev=132.03 new=132.14 d=+0.101 fr=150.46 dt=0.101 rate=1.00 paused=False backlog=54.15 edge=186.28 div=-0.00
20:36:54.083 CLOCK fold raw=132.21 prev=132.14 new=132.21 d=+0.078 fr=150.46 dt=0.102 rate=1.00 paused=False backlog=54.17 edge=186.38 div=-0.00
20:36:54.222 EDGESNAP err=+2.98 edge->189.37
20:36:54.222 CUE cx=[184.52..187.62] adv=3.10 el=4.50 fresh | off=-0.02 fr=150.46 cc=132.21 raw=132.21 lead=+55.38 | pcr=189.367 head_rel=189.37 lag_ewma=5.09 | q=recently signed running back / with the carry offside defens
20:36:54.223 ANCHOR pend_end=187.62 L=3.92 pinL=1.75 target=0.00 off=-0.02
20:36:54.224 CLOCK integ raw=132.21 prev=132.21 new=132.35 d=+0.141 fr=155.30 dt=0.141 rate=1.00 paused=False backlog=57.15 edge=189.51 div=-0.00
20:36:54.325 CLOCK integ raw=132.21 prev=132.35 new=132.45 d=+0.101 fr=155.30 dt=0.101 rate=1.00 paused=False backlog=57.15 edge=189.61 div=-0.00
20:36:54.427 CLOCK fold raw=132.50 prev=132.45 new=132.50 d=+0.040 fr=155.30 dt=0.102 rate=1.00 paused=False backlog=57.22 edge=189.71 div=-0.00
20:36:54.530 CLOCK integ raw=132.50 prev=132.50 new=132.60 d=+0.102 fr=155.30 dt=0.102 rate=1.00 paused=False backlog=57.22 edge=189.81 div=-0.00
20:36:54.632 CLOCK fold raw=132.78 prev=132.60 new=132.78 d=+0.180 fr=155.30 dt=0.103 rate=1.00 paused=False backlog=57.14 edge=189.91 div=-0.00
20:36:54.733 CLOCK integ raw=132.78 prev=132.78 new=132.88 d=+0.102 fr=155.30 dt=0.102 rate=1.00 paused=False backlog=57.14 edge=190.02 div=-0.00
20:36:54.937 CLOCK fold raw=133.06 prev=132.88 new=133.06 d=+0.179 fr=155.30 dt=0.203 rate=1.00 paused=False backlog=57.16 edge=190.22 div=-0.00
20:36:55.039 CLOCK integ raw=133.06 prev=133.06 new=133.16 d=+0.103 fr=155.30 dt=0.103 rate=1.00 paused=False backlog=57.16 edge=190.32 div=-0.00
20:36:55.147 CLOCK integ raw=133.06 prev=133.16 new=133.27 d=+0.108 fr=155.30 dt=0.108 rate=1.00 paused=False backlog=56.68 edge=189.95 div=-0.00
20:36:55.250 CLOCK fold raw=133.34 prev=133.27 new=133.34 d=+0.070 fr=155.30 dt=0.103 rate=1.00 paused=False backlog=56.72 edge=190.06 div=-0.00
20:36:55.353 CLOCK integ raw=133.34 prev=133.34 new=133.44 d=+0.103 fr=155.30 dt=0.103 rate=1.00 paused=False backlog=56.72 edge=190.16 div=-0.00
20:36:55.456 CLOCK integ raw=133.34 prev=133.44 new=133.55 d=+0.104 fr=155.30 dt=0.104 rate=1.00 paused=False backlog=56.72 edge=190.26 div=-0.00
20:36:55.558 CLOCK fold raw=133.62 prev=133.55 new=133.62 d=+0.076 fr=155.30 dt=0.102 rate=1.00 paused=False backlog=56.74 edge=190.36 div=-0.00
20:36:55.659 CLOCK integ raw=133.62 prev=133.62 new=133.72 d=+0.102 fr=155.30 dt=0.102 rate=1.00 paused=False backlog=56.74 edge=190.46 div=-0.00
20:36:55.761 CLOCK fold raw=133.90 prev=133.72 new=133.90 d=+0.178 fr=155.30 dt=0.102 rate=1.00 paused=False backlog=56.67 edge=190.57 div=-0.00
20:36:55.862 CLOCK integ raw=133.90 prev=133.90 new=134.00 d=+0.101 fr=155.30 dt=0.101 rate=1.00 paused=False backlog=56.67 edge=190.67 div=-0.00
20:36:55.964 CLOCK integ raw=133.90 prev=134.00 new=134.10 d=+0.102 fr=155.30 dt=0.102 rate=1.00 paused=False backlog=56.67 edge=190.77 div=-0.00
20:36:56.066 CLOCK fold raw=134.18 prev=134.10 new=134.18 d=+0.075 fr=155.30 dt=0.102 rate=1.00 paused=False backlog=56.69 edge=190.87 div=-0.00
20:36:56.168 CLOCK integ raw=134.18 prev=134.18 new=134.28 d=+0.102 fr=155.30 dt=0.102 rate=1.00 paused=False backlog=56.69 edge=190.97 div=-0.00
20:36:56.269 CLOCK integ raw=134.18 prev=134.28 new=134.38 d=+0.101 fr=155.30 dt=0.101 rate=1.00 paused=False backlog=56.69 edge=191.07 div=-0.00
20:36:56.373 CLOCK fold raw=134.46 prev=134.38 new=134.46 d=+0.079 fr=155.30 dt=0.103 rate=1.00 paused=False backlog=56.72 edge=191.18 div=-0.00
20:36:56.575 CLOCK integ raw=134.46 prev=134.46 new=134.66 d=+0.202 fr=155.30 dt=0.202 rate=1.00 paused=False backlog=56.72 edge=191.38 div=-0.00
20:36:56.677 CLOCK fold raw=134.75 prev=134.66 new=134.75 d=+0.084 fr=155.30 dt=0.102 rate=1.00 paused=False backlog=56.73 edge=191.48 div=-0.00
20:36:56.779 CLOCK integ raw=134.75 prev=134.75 new=134.85 d=+0.102 fr=155.30 dt=0.102 rate=1.00 paused=False backlog=56.73 edge=191.58 div=-0.00
20:36:56.880 CLOCK fold raw=135.02 prev=134.85 new=135.02 d=+0.174 fr=155.30 dt=0.102 rate=1.00 paused=False backlog=56.66 edge=191.69 div=-0.00
20:36:56.982 CLOCK integ raw=135.02 prev=135.02 new=135.13 d=+0.101 fr=155.30 dt=0.101 rate=1.00 paused=False backlog=56.66 edge=191.79 div=-0.00
20:36:57.086 CLOCK integ raw=135.02 prev=135.13 new=135.23 d=+0.105 fr=155.30 dt=0.105 rate=1.00 paused=False backlog=55.45 edge=190.68 div=-0.00
20:36:57.187 CLOCK fold raw=135.30 prev=135.23 new=135.30 d=+0.073 fr=155.30 dt=0.101 rate=1.00 paused=False backlog=55.48 edge=190.78 div=-0.00
20:36:57.289 CLOCK integ raw=135.30 prev=135.30 new=135.40 d=+0.102 fr=155.30 dt=0.102 rate=1.00 paused=False backlog=55.48 edge=190.88 div=-0.00
20:36:57.390 CLOCK integ raw=135.30 prev=135.40 new=135.51 d=+0.101 fr=155.30 dt=0.101 rate=1.00 paused=False backlog=55.48 edge=190.99 div=-0.00
20:36:57.492 CLOCK fold raw=135.58 prev=135.51 new=135.58 d=+0.077 fr=155.30 dt=0.102 rate=1.00 paused=False backlog=55.50 edge=191.09 div=-0.00
20:36:57.594 CLOCK integ raw=135.58 prev=135.58 new=135.68 d=+0.102 fr=155.30 dt=0.102 rate=1.00 paused=False backlog=55.50 edge=191.19 div=-0.00
20:36:57.695 CLOCK integ raw=135.58 prev=135.68 new=135.79 d=+0.101 fr=155.30 dt=0.101 rate=1.00 paused=False backlog=55.50 edge=191.29 div=-0.00
20:36:57.897 CLOCK fold raw=135.87 prev=135.79 new=135.87 d=+0.080 fr=155.30 dt=0.202 rate=1.00 paused=False backlog=55.63 edge=191.49 div=-0.00
20:36:58.000 CLOCK fold raw=136.15 prev=135.87 new=136.15 d=+0.279 fr=155.30 dt=0.103 rate=1.00 paused=False backlog=55.45 edge=191.60 div=-0.00
20:36:58.102 CLOCK integ raw=136.15 prev=136.15 new=136.25 d=+0.102 fr=155.30 dt=0.102 rate=1.00 paused=False backlog=55.45 edge=191.70 div=-0.00
20:36:58.205 CLOCK integ raw=136.15 prev=136.25 new=136.35 d=+0.102 fr=155.30 dt=0.102 rate=1.00 paused=False backlog=55.45 edge=191.80 div=-0.00
20:36:58.307 CLOCK fold raw=136.43 prev=136.35 new=136.43 d=+0.080 fr=155.30 dt=0.102 rate=1.00 paused=False backlog=55.47 edge=191.90 div=-0.00
20:36:58.408 CLOCK integ raw=136.43 prev=136.43 new=136.53 d=+0.102 fr=155.30 dt=0.102 rate=1.00 paused=False backlog=55.47 edge=192.00 div=-0.00
20:36:58.510 CLOCK integ raw=136.43 prev=136.53 new=136.63 d=+0.102 fr=155.30 dt=0.102 rate=1.00 paused=False backlog=55.47 edge=192.11 div=-0.00
20:36:58.612 CLOCK fold raw=136.71 prev=136.63 new=136.71 d=+0.074 fr=155.30 dt=0.101 rate=1.00 paused=False backlog=55.50 edge=192.21 div=-0.00
20:36:58.713 CLOCK integ raw=136.71 prev=136.71 new=136.81 d=+0.101 fr=155.30 dt=0.101 rate=1.00 paused=False backlog=55.50 edge=192.31 div=-0.00
20:36:58.715 TICK fr=155.30 cc=136.81 raw=136.71 vid=136.71 playing=1 started=1 stall=0 | d_fr_cc=+18.49 d_fr_raw=+18.59 d_cc_raw=+0.10 | off=-0.01 ccx_end=187.62 since_show=0.0 since_cue=4.5 | pcr=189.367 pid=100 head_rel=189.37 ccx_lag=1.75 | credit=155.3 capped=0.0 | fsize=86036132 feed=86036132 feed_behind=0 | backlog=55.50 edge=192.31 div=-0.00 lag_ewma=3.92
20:36:58.816 CLOCK integ raw=136.71 prev=136.81 new=136.91 d=+0.103 fr=155.30 dt=0.103 rate=1.00 paused=False backlog=55.50 edge=192.41 div=-0.00
20:36:58.918 CLOCK fold raw=136.99 prev=136.91 new=136.99 d=+0.076 fr=155.30 dt=0.102 rate=1.00 paused=False backlog=55.52 edge=192.51 div=-0.00
20:36:59.019 CLOCK integ raw=136.99 prev=136.99 new=137.09 d=+0.101 fr=155.30 dt=0.101 rate=1.00 paused=False backlog=55.52 edge=192.61 div=-0.00
20:36:59.123 CLOCK fold raw=137.27 prev=137.09 new=137.27 d=+0.179 fr=160.20 dt=0.103 rate=1.00 paused=False backlog=55.40 edge=192.67 div=-0.00
20:36:59.224 CUE cx=[187.62..189.49] adv=1.87 el=5.04 fresh | off=-0.01 fr=160.20 cc=137.27 raw=137.27 lead=+52.21 | pcr=192.526 head_rel=192.53 lag_ewma=3.92 | q=with the carry offside defense / number 93 Five-Yard penalty
20:36:59.224 CUE cx=[189.49..191.22] adv=1.74 el=0.00 fresh | off=-0.01 fr=160.20 cc=137.27 raw=137.27 lead=+53.94 | pcr=192.526 head_rel=192.53 lag_ewma=3.92 | q=number 93 Five-Yard penalty / first down. Keaton Slovis 7 to
20:36:59.225 ANCHOR pend_end=191.22 L=3.01 pinL=1.30 target=0.04 off=-0.01
20:36:59.226 CLOCK integ raw=137.27 prev=137.27 new=137.37 d=+0.104 fr=160.20 dt=0.104 rate=1.00 paused=False backlog=55.29 edge=192.67 div=-0.00
20:36:59.328 CLOCK integ raw=137.27 prev=137.37 new=137.48 d=+0.102 fr=160.20 dt=0.102 rate=1.00 paused=False backlog=55.29 edge=192.77 div=-0.00
20:36:59.429 CLOCK fold raw=137.55 prev=137.48 new=137.55 d=+0.075 fr=160.20 dt=0.101 rate=1.00 paused=False backlog=55.32 edge=192.87 div=-0.00
20:36:59.632 CLOCK integ raw=137.55 prev=137.55 new=137.75 d=+0.203 fr=160.20 dt=0.203 rate=1.00 paused=False backlog=55.32 edge=193.07 div=-0.00
20:36:59.734 CLOCK fold raw=137.83 prev=137.75 new=137.83 d=+0.079 fr=160.20 dt=0.102 rate=1.00 paused=False backlog=55.34 edge=193.17 div=-0.00
20:36:59.837 CLOCK integ raw=137.83 prev=137.83 new=137.93 d=+0.102 fr=160.20 dt=0.102 rate=1.00 paused=False backlog=55.34 edge=193.28 div=-0.00
20:36:59.939 CLOCK integ raw=137.83 prev=137.93 new=138.04 d=+0.103 fr=160.20 dt=0.103 rate=1.00 paused=False backlog=55.34 edge=193.38 div=-0.00
20:37:00.040 CLOCK fold raw=138.11 prev=138.04 new=138.11 d=+0.076 fr=160.20 dt=0.101 rate=1.00 paused=False backlog=55.37 edge=193.48 div=-0.00
20:37:00.141 CLOCK integ raw=138.11 prev=138.11 new=138.21 d=+0.101 fr=160.20 dt=0.101 rate=1.00 paused=False backlog=55.37 edge=193.58 div=-0.00
20:37:00.242 CLOCK fold raw=138.39 prev=138.21 new=138.39 d=+0.180 fr=160.20 dt=0.101 rate=1.00 paused=False backlog=55.29 edge=193.68 div=-0.00
20:37:00.344 CLOCK integ raw=138.39 prev=138.39 new=138.50 d=+0.101 fr=160.20 dt=0.101 rate=1.00 paused=False backlog=55.29 edge=193.78 div=-0.00
20:37:00.447 CLOCK integ raw=138.39 prev=138.50 new=138.60 d=+0.103 fr=160.20 dt=0.103 rate=1.00 paused=False backlog=55.29 edge=193.89 div=-0.00
20:37:00.549 CLOCK fold raw=138.67 prev=138.60 new=138.67 d=+0.076 fr=160.20 dt=0.102 rate=1.00 paused=False backlog=55.32 edge=193.99 div=-0.00
20:37:00.650 CLOCK integ raw=138.67 prev=138.67 new=138.78 d=+0.102 fr=160.20 dt=0.102 rate=1.00 paused=False backlog=55.32 edge=194.09 div=-0.00
20:37:00.752 CLOCK integ raw=138.67 prev=138.78 new=138.88 d=+0.102 fr=160.20 dt=0.102 rate=1.00 paused=False backlog=55.32 edge=194.19 div=-0.00
20:37:00.955 CLOCK fold raw=138.96 prev=138.88 new=138.96 d=+0.078 fr=160.20 dt=0.203 rate=1.00 paused=False backlog=55.44 edge=194.40 div=-0.00
20:37:01.057 CLOCK integ raw=138.96 prev=138.96 new=139.06 d=+0.102 fr=160.20 dt=0.102 rate=1.00 paused=False backlog=55.44 edge=194.50 div=-0.00
20:37:01.162 CLOCK fold raw=139.24 prev=139.06 new=139.24 d=+0.180 fr=160.20 dt=0.105 rate=1.00 paused=False backlog=54.38 edge=193.62 div=-0.00
20:37:01.265 CLOCK integ raw=139.24 prev=139.24 new=139.34 d=+0.104 fr=160.20 dt=0.104 rate=1.00 paused=False backlog=54.38 edge=193.72 div=-0.00
20:37:01.367 CLOCK fold raw=139.52 prev=139.34 new=139.52 d=+0.175 fr=160.20 dt=0.101 rate=1.00 paused=False backlog=54.31 edge=193.82 div=-0.00
20:37:01.468 CLOCK integ raw=139.52 prev=139.52 new=139.62 d=+0.102 fr=160.20 dt=0.102 rate=1.00 paused=False backlog=54.31 edge=193.92 div=-0.00
20:37:01.570 CLOCK integ raw=139.52 prev=139.62 new=139.72 d=+0.102 fr=160.20 dt=0.102 rate=1.00 paused=False backlog=54.31 edge=194.03 div=-0.00
20:37:01.672 CLOCK fold raw=139.80 prev=139.72 new=139.80 d=+0.080 fr=160.20 dt=0.101 rate=1.00 paused=False backlog=54.33 edge=194.13 div=-0.00
20:37:01.774 CLOCK integ raw=139.80 prev=139.80 new=139.90 d=+0.102 fr=160.20 dt=0.102 rate=1.00 paused=False backlog=54.33 edge=194.23 div=-0.00
20:37:01.876 CLOCK integ raw=139.80 prev=139.90 new=140.00 d=+0.102 fr=160.20 dt=0.102 rate=1.00 paused=False backlog=54.33 edge=194.33 div=-0.00
20:37:01.978 CLOCK fold raw=140.08 prev=140.00 new=140.08 d=+0.076 fr=160.20 dt=0.102 rate=1.00 paused=False backlog=54.35 edge=194.43 div=-0.00
20:37:02.080 CLOCK integ raw=140.08 prev=140.08 new=140.18 d=+0.102 fr=160.20 dt=0.102 rate=1.00 paused=False backlog=54.35 edge=194.53 div=-0.00
20:37:02.182 CLOCK integ raw=140.08 prev=140.18 new=140.28 d=+0.102 fr=160.20 dt=0.102 rate=1.00 paused=False backlog=54.35 edge=194.64 div=-0.00
20:37:02.284 CLOCK fold raw=140.36 prev=140.28 new=140.36 d=+0.077 fr=160.20 dt=0.102 rate=1.00 paused=False backlog=54.38 edge=194.74 div=-0.00
20:37:02.487 CLOCK fold raw=140.64 prev=140.36 new=140.64 d=+0.280 fr=160.20 dt=0.203 rate=1.00 paused=False backlog=54.30 edge=194.94 div=-0.00
20:37:02.590 CLOCK integ raw=140.64 prev=140.64 new=140.74 d=+0.102 fr=160.20 dt=0.102 rate=1.00 paused=False backlog=54.30 edge=195.04 div=-0.00
20:37:02.691 CLOCK integ raw=140.64 prev=140.74 new=140.84 d=+0.102 fr=160.20 dt=0.102 rate=1.00 paused=False backlog=54.30 edge=195.15 div=-0.00
20:37:02.794 CLOCK fold raw=140.92 prev=140.84 new=140.92 d=+0.077 fr=160.20 dt=0.103 rate=1.00 paused=False backlog=54.33 edge=195.25 div=-0.00
20:37:02.895 CLOCK integ raw=140.92 prev=140.92 new=141.02 d=+0.101 fr=160.20 dt=0.101 rate=1.00 paused=False backlog=54.33 edge=195.35 div=-0.00
20:37:02.997 CLOCK integ raw=140.92 prev=141.02 new=141.13 d=+0.102 fr=160.20 dt=0.102 rate=1.00 paused=False backlog=54.33 edge=195.45 div=-0.00
20:37:03.100 EDGESNAP err=-2.93 edge->192.53
20:37:03.101 CLOCK fold raw=141.20 prev=141.13 new=141.20 d=+0.078 fr=160.20 dt=0.105 rate=1.00 paused=False backlog=51.43 edge=192.63 div=-0.00
20:37:03.204 CLOCK integ raw=141.20 prev=141.20 new=141.30 d=+0.102 fr=160.20 dt=0.102 rate=1.00 paused=False backlog=51.43 edge=192.73 div=-0.00
20:37:03.305 CLOCK integ raw=141.20 prev=141.30 new=141.41 d=+0.102 fr=160.20 dt=0.102 rate=1.00 paused=False backlog=51.43 edge=192.83 div=-0.00
20:37:03.406 CLOCK fold raw=141.48 prev=141.41 new=141.48 d=+0.077 fr=160.20 dt=0.101 rate=1.00 paused=False backlog=51.45 edge=192.94 div=-0.00
20:37:03.507 CLOCK integ raw=141.48 prev=141.48 new=141.59 d=+0.101 fr=160.20 dt=0.101 rate=1.00 paused=False backlog=51.45 edge=193.04 div=-0.00
20:37:03.609 CLOCK fold raw=141.76 prev=141.59 new=141.76 d=+0.179 fr=160.20 dt=0.102 rate=1.00 paused=False backlog=51.37 edge=193.14 div=-0.00
20:37:03.715 TICK fr=160.20 cc=141.76 raw=141.76 vid=141.48 playing=1 started=1 stall=0 | d_fr_cc=+18.43 d_fr_raw=+18.43 d_cc_raw=+0.00 | off=0.01 ccx_end=191.22 since_show=0.1 since_cue=4.5 | pcr=192.526 pid=100 head_rel=192.53 ccx_lag=1.30 | credit=160.2 capped=0.0 | fsize=87488056 feed=87488056 feed_behind=0 | backlog=51.37 edge=193.14 div=-0.00 lag_ewma=3.01
20:37:03.716 CLOCK integ raw=141.76 prev=141.76 new=141.87 d=+0.106 fr=160.20 dt=0.106 rate=1.00 paused=False backlog=51.37 edge=193.24 div=-0.00
20:37:03.818 CLOCK integ raw=141.76 prev=141.87 new=141.97 d=+0.102 fr=160.20 dt=0.102 rate=1.00 paused=False backlog=51.37 edge=193.35 div=-0.00
20:37:03.990 CUE cx=[191.22..193.32] adv=2.10 el=4.70 fresh | off=0.01 fr=160.20 cc=141.97 raw=142.04 lead=+51.37 | pcr=194.915 head_rel=194.91 lag_ewma=3.01 | q=first down. Keaton Slovis 7 to / 9 passing against the Raide
20:37:03.991 ANCHOR pend_end=193.32 L=2.51 pinL=1.59 target=-0.78 off=0.01
20:37:03.992 CLOCK fold raw=142.04 prev=141.97 new=142.04 d=+0.073 fr=165.07 dt=0.175 rate=1.00 paused=False backlog=52.26 edge=194.31 div=-0.00
20:37:04.094 CLOCK integ raw=142.04 prev=142.04 new=142.15 d=+0.101 fr=165.07 dt=0.101 rate=1.00 paused=False backlog=52.26 edge=194.41 div=-0.00
20:37:04.196 CLOCK fold raw=142.33 prev=142.15 new=142.33 d=+0.180 fr=165.07 dt=0.102 rate=1.00 paused=False backlog=52.18 edge=194.51 div=-0.00
20:37:04.298 CLOCK integ raw=142.33 prev=142.33 new=142.43 d=+0.102 fr=165.07 dt=0.102 rate=1.00 paused=False backlog=52.18 edge=194.61 div=-0.00
20:37:04.401 CLOCK integ raw=142.33 prev=142.43 new=142.53 d=+0.103 fr=165.48 dt=0.103 rate=1.00 paused=False backlog=52.18 edge=194.71 div=-0.00
20:37:04.403 CUE cx=[193.33..194.79] adv=1.47 el=0.48 fresh | off=-0.39 fr=165.48 cc=142.53 raw=142.33 lead=+51.88 | pcr=196.531 head_rel=196.53 lag_ewma=2.51 | q=9 passing against the Raiders. / Had some chunk throws. Didn
20:37:04.506 ANCHOR pend_end=194.79 L=2.24 pinL=1.74 target=-0.91 off=-0.39
20:37:04.506 CLOCK fold raw=142.61 prev=142.53 new=142.61 d=+0.077 fr=165.48 dt=0.105 rate=1.00 paused=False backlog=53.12 edge=195.73 div=-0.00
20:37:04.607 CLOCK integ raw=142.61 prev=142.61 new=142.71 d=+0.102 fr=165.48 dt=0.102 rate=1.00 paused=False backlog=53.12 edge=195.83 div=-0.00
20:37:04.709 CLOCK integ raw=142.61 prev=142.71 new=142.81 d=+0.101 fr=165.48 dt=0.101 rate=1.00 paused=False backlog=53.12 edge=195.93 div=-0.00
20:37:04.810 CLOCK fold raw=142.89 prev=142.81 new=142.89 d=+0.077 fr=165.48 dt=0.101 rate=1.00 paused=False backlog=53.14 edge=196.03 div=-0.00
20:37:04.911 CLOCK integ raw=142.89 prev=142.89 new=142.99 d=+0.102 fr=165.48 dt=0.102 rate=1.00 paused=False backlog=53.14 edge=196.13 div=-0.00
20:37:05.013 CLOCK fold raw=143.17 prev=142.99 new=143.17 d=+0.179 fr=165.48 dt=0.101 rate=1.00 paused=False backlog=53.06 edge=196.23 div=-0.00
20:37:05.218 CLOCK integ raw=143.17 prev=143.17 new=143.37 d=+0.205 fr=165.48 dt=0.205 rate=1.00 paused=False backlog=53.21 edge=196.59 div=-0.00
20:37:05.320 CLOCK fold raw=143.45 prev=143.37 new=143.45 d=+0.078 fr=165.48 dt=0.102 rate=1.00 paused=False backlog=53.24 edge=196.69 div=-0.00
20:37:05.421 CLOCK integ raw=143.45 prev=143.45 new=143.55 d=+0.102 fr=165.48 dt=0.102 rate=1.00 paused=False backlog=53.24 edge=196.79 div=-0.00
20:37:05.523 CLOCK integ raw=143.45 prev=143.55 new=143.65 d=+0.101 fr=165.48 dt=0.101 rate=1.00 paused=False backlog=53.24 edge=196.89 div=-0.00
20:37:05.625 CLOCK fold raw=143.74 prev=143.65 new=143.74 d=+0.081 fr=165.48 dt=0.102 rate=1.00 paused=False backlog=53.26 edge=196.99 div=-0.00
20:37:05.727 CLOCK integ raw=143.74 prev=143.74 new=143.84 d=+0.102 fr=165.48 dt=0.102 rate=1.00 paused=False backlog=53.26 edge=197.10 div=-0.00
20:37:05.828 CLOCK integ raw=143.74 prev=143.84 new=143.94 d=+0.101 fr=165.48 dt=0.101 rate=1.00 paused=False backlog=53.26 edge=197.20 div=-0.00
20:37:05.929 CLOCK fold raw=144.02 prev=143.94 new=144.02 d=+0.079 fr=165.48 dt=0.101 rate=1.00 paused=False backlog=53.28 edge=197.30 div=-0.00
20:37:06.030 CLOCK integ raw=144.02 prev=144.02 new=144.12 d=+0.101 fr=165.48 dt=0.101 rate=1.00 paused=False backlog=53.28 edge=197.40 div=-0.00
20:37:06.133 CLOCK integ raw=144.02 prev=144.12 new=144.22 d=+0.102 fr=165.48 dt=0.102 rate=1.00 paused=False backlog=53.28 edge=197.50 div=-0.00
20:37:06.235 CLOCK fold raw=144.30 prev=144.22 new=144.30 d=+0.078 fr=165.48 dt=0.102 rate=1.00 paused=False backlog=53.31 edge=197.60 div=-0.00
20:37:06.338 CLOCK integ raw=144.30 prev=144.30 new=144.40 d=+0.102 fr=165.48 dt=0.102 rate=1.00 paused=False backlog=53.31 edge=197.71 div=-0.00
20:37:06.440 CLOCK fold raw=144.58 prev=144.40 new=144.58 d=+0.178 fr=165.48 dt=0.102 rate=1.00 paused=False backlog=53.23 edge=197.81 div=-0.00
20:37:06.642 CLOCK integ raw=144.58 prev=144.58 new=144.78 d=+0.203 fr=165.48 dt=0.203 rate=1.00 paused=False backlog=53.23 edge=198.01 div=-0.00
20:37:06.744 CLOCK fold raw=144.86 prev=144.78 new=144.86 d=+0.076 fr=165.48 dt=0.102 rate=1.00 paused=False backlog=53.25 edge=198.11 div=-0.00
20:37:06.846 CLOCK integ raw=144.86 prev=144.86 new=144.96 d=+0.103 fr=165.48 dt=0.103 rate=1.00 paused=False backlog=53.25 edge=198.22 div=-0.00
20:37:06.948 CLOCK integ raw=144.86 prev=144.96 new=145.06 d=+0.102 fr=165.48 dt=0.102 rate=1.00 paused=False backlog=53.25 edge=198.32 div=-0.00
20:37:07.050 CLOCK fold raw=145.14 prev=145.06 new=145.14 d=+0.079 fr=165.48 dt=0.102 rate=1.00 paused=False backlog=53.28 edge=198.42 div=-0.00
20:37:07.155 CLOCK integ raw=145.14 prev=145.14 new=145.25 d=+0.105 fr=165.48 dt=0.105 rate=1.00 paused=False backlog=52.33 edge=197.58 div=-0.00
20:37:07.257 CLOCK integ raw=145.14 prev=145.25 new=145.35 d=+0.102 fr=165.48 dt=0.102 rate=1.00 paused=False backlog=52.33 edge=197.68 div=-0.00
20:37:07.359 CLOCK fold raw=145.42 prev=145.35 new=145.42 d=+0.073 fr=165.48 dt=0.102 rate=1.00 paused=False backlog=52.36 edge=197.78 div=-0.00
20:37:07.461 CLOCK integ raw=145.42 prev=145.42 new=145.52 d=+0.102 fr=165.48 dt=0.102 rate=1.00 paused=False backlog=52.36 edge=197.89 div=-0.00
20:37:07.564 CLOCK fold raw=145.71 prev=145.52 new=145.71 d=+0.185 fr=165.48 dt=0.102 rate=1.00 paused=False backlog=52.28 edge=197.99 div=-0.00
20:37:07.665 CLOCK integ raw=145.71 prev=145.71 new=145.81 d=+0.102 fr=165.48 dt=0.102 rate=1.00 paused=False backlog=52.28 edge=198.09 div=-0.00
20:37:07.767 CLOCK integ raw=145.71 prev=145.81 new=145.91 d=+0.102 fr=165.48 dt=0.102 rate=1.00 paused=False backlog=52.28 edge=198.19 div=-0.00
20:37:07.869 CLOCK fold raw=145.98 prev=145.91 new=145.98 d=+0.071 fr=165.48 dt=0.102 rate=1.00 paused=False backlog=52.31 edge=198.29 div=-0.00
20:37:07.971 CLOCK integ raw=145.98 prev=145.98 new=146.09 d=+0.102 fr=165.48 dt=0.102 rate=1.00 paused=False backlog=52.31 edge=198.40 div=-0.00
20:37:08.072 CLOCK integ raw=145.98 prev=146.09 new=146.19 d=+0.102 fr=165.48 dt=0.102 rate=1.00 paused=False backlog=52.31 edge=198.50 div=-0.00
20:37:08.275 CLOCK fold raw=146.26 prev=146.19 new=146.26 d=+0.075 fr=165.48 dt=0.203 rate=1.00 paused=False backlog=52.44 edge=198.70 div=-0.00
20:37:08.377 CLOCK integ raw=146.26 prev=146.26 new=146.36 d=+0.102 fr=165.48 dt=0.102 rate=1.00 paused=False backlog=52.44 edge=198.80 div=-0.00
20:37:08.480 CLOCK fold raw=146.54 prev=146.36 new=146.54 d=+0.179 fr=165.48 dt=0.102 rate=1.00 paused=False backlog=52.36 edge=198.90 div=-0.00
20:37:08.581 CLOCK integ raw=146.54 prev=146.54 new=146.64 d=+0.101 fr=165.48 dt=0.101 rate=1.00 paused=False backlog=52.36 edge=199.01 div=-0.00
20:37:08.683 CLOCK fold raw=146.82 prev=146.64 new=146.82 d=+0.181 fr=165.48 dt=0.102 rate=1.00 paused=False backlog=52.28 edge=199.11 div=-0.00
20:37:08.787 TICK fr=165.48 cc=146.82 raw=146.82 vid=146.54 playing=1 started=1 stall=0 | d_fr_cc=+18.65 d_fr_raw=+18.65 d_cc_raw=+0.00 | off=-0.65 ccx_end=194.79 since_show=0.1 since_cue=4.4 | pcr=196.531 pid=100 head_rel=196.53 ccx_lag=1.74 | credit=165.5 capped=0.0 | fsize=89212392 feed=89212392 feed_behind=0 | backlog=52.28 edge=199.11 div=-0.00 lag_ewma=2.24
20:37:08.788 CLOCK integ raw=146.82 prev=146.82 new=146.93 d=+0.104 fr=165.48 dt=0.104 rate=1.00 paused=False backlog=52.28 edge=199.21 div=-0.00
20:37:08.889 CLOCK integ raw=146.82 prev=146.93 new=147.03 d=+0.101 fr=165.48 dt=0.101 rate=1.00 paused=False backlog=52.28 edge=199.31 div=-0.00
20:37:08.990 CLOCK fold raw=147.10 prev=147.03 new=147.10 d=+0.074 fr=165.48 dt=0.101 rate=1.00 paused=False backlog=52.31 edge=199.42 div=-0.00
20:37:09.116 CLOCK integ raw=147.10 prev=147.10 new=147.23 d=+0.126 fr=165.48 dt=0.126 rate=1.00 paused=False backlog=51.50 edge=198.73 div=-0.00
20:37:09.218 CUE cx=[194.79..196.19] adv=1.40 el=4.82 fresh | off=-0.65 fr=165.48 cc=147.23 raw=147.10 lead=+48.32 | pcr=197.794 head_rel=197.79 lag_ewma=2.24 | q=Had some chunk throws. Didn't / put the ball in harm's way. 
20:37:09.219 ANCHOR pend_end=196.19 L=2.01 pinL=1.60 target=0.47 off=-0.65
20:37:09.220 CLOCK integ raw=147.10 prev=147.23 new=147.33 d=+0.103 fr=165.48 dt=0.103 rate=1.00 paused=False backlog=51.03 edge=198.36 div=-0.00
20:37:09.322 CLOCK fold raw=147.39 prev=147.33 new=147.39 d=+0.053 fr=170.30 dt=0.103 rate=1.00 paused=False backlog=51.08 edge=198.47 div=-0.00
20:37:09.480 EDGESNAP err=+5.51 edge->203.98
20:37:09.481 CUE cx=[196.20..197.30] adv=1.10 el=0.21 fresh | off=-0.09 fr=170.30 cc=147.39 raw=147.39 lead=+49.82 | pcr=203.980 head_rel=203.98 lag_ewma=7.53 | q=put the ball in harm's way. / These are all things the / ana
20:37:09.482 CUE cx=[197.30..198.26] adv=0.97 el=0.06 fresh | off=-0.09 fr=170.30 cc=147.39 raw=147.39 lead=+50.79 | pcr=203.980 head_rel=203.98 lag_ewma=7.53 | q=These are all things the / analytics measure. And so once / 
20:37:09.482 CUE cx=[198.26..199.83] adv=1.57 el=0.00 fresh | off=-0.09 fr=170.30 cc=147.39 raw=147.39 lead=+52.36 | pcr=203.980 head_rel=203.98 lag_ewma=7.53 | q=analytics measure. And so once / again, for all the quarterb
20:37:09.483 CUE cx=[199.83..200.90] adv=1.07 el=0.00 fresh | off=-0.09 fr=170.30 cc=147.39 raw=147.39 lead=+53.42 | pcr=203.980 head_rel=203.98 lag_ewma=7.53 | q=again, for all the quarterbacks / who played last week, the 
20:37:09.483 CUE cx=[200.90..202.00] adv=1.10 el=0.00 fresh | off=-0.09 fr=170.30 cc=147.39 raw=147.39 lead=+54.52 | pcr=203.980 head_rel=203.98 lag_ewma=7.53 | q=who played last week, the / Cardinals fourth string / quarte
20:37:09.485 ANCHOR pend_end=202.00 L=5.59 pinL=1.98 target=0.00 off=-0.09
20:37:09.485 CLOCK integ raw=147.39 prev=147.39 new=147.55 d=+0.163 fr=170.30 dt=0.163 rate=1.00 paused=False backlog=56.59 edge=204.14 div=-0.00
20:37:09.587 CLOCK fold raw=147.67 prev=147.55 new=147.67 d=+0.116 fr=170.30 dt=0.102 rate=1.00 paused=False backlog=56.58 edge=204.24 div=-0.00
20:37:09.694 CLOCK integ raw=147.67 prev=147.67 new=147.77 d=+0.107 fr=170.77 dt=0.107 rate=1.00 paused=False backlog=56.58 edge=204.35 div=-0.00
20:37:09.798 CLOCK fold raw=147.95 prev=147.77 new=147.95 d=+0.174 fr=170.77 dt=0.104 rate=1.00 paused=False backlog=56.51 edge=204.46 div=-0.00
20:37:09.901 CLOCK integ raw=147.95 prev=147.95 new=148.05 d=+0.103 fr=170.77 dt=0.103 rate=1.00 paused=False backlog=56.51 edge=204.56 div=-0.00
20:37:10.003 CLOCK integ raw=147.95 prev=148.05 new=148.15 d=+0.102 fr=170.77 dt=0.102 rate=1.00 paused=False backlog=56.51 edge=204.66 div=-0.00
20:37:10.104 CLOCK fold raw=148.23 prev=148.15 new=148.23 d=+0.079 fr=170.77 dt=0.101 rate=1.00 paused=False backlog=56.53 edge=204.76 div=-0.00
20:37:10.206 CLOCK integ raw=148.23 prev=148.23 new=148.33 d=+0.102 fr=170.77 dt=0.102 rate=1.00 paused=False backlog=56.53 edge=204.86 div=-0.00
20:37:10.308 CLOCK integ raw=148.23 prev=148.33 new=148.44 d=+0.102 fr=170.77 dt=0.102 rate=1.00 paused=False backlog=56.53 edge=204.97 div=-0.00
20:37:10.409 CLOCK fold raw=148.51 prev=148.44 new=148.51 d=+0.073 fr=170.77 dt=0.101 rate=1.00 paused=False backlog=56.56 edge=205.07 div=-0.00
20:37:10.512 CLOCK integ raw=148.51 prev=148.51 new=148.61 d=+0.103 fr=170.77 dt=0.103 rate=1.00 paused=False backlog=56.56 edge=205.17 div=-0.00
20:37:10.615 CLOCK integ raw=148.51 prev=148.61 new=148.71 d=+0.103 fr=170.77 dt=0.103 rate=1.00 paused=False backlog=56.56 edge=205.27 div=-0.00
20:37:10.717 CLOCK fold raw=148.79 prev=148.71 new=148.79 d=+0.075 fr=170.77 dt=0.102 rate=1.00 paused=False backlog=56.59 edge=205.37 div=-0.00
20:37:10.819 CLOCK integ raw=148.79 prev=148.79 new=148.89 d=+0.101 fr=170.77 dt=0.101 rate=1.00 paused=False backlog=56.59 edge=205.48 div=-0.00
20:37:10.921 CLOCK fold raw=149.07 prev=148.89 new=149.07 d=+0.179 fr=170.77 dt=0.102 rate=1.00 paused=False backlog=56.51 edge=205.58 div=-0.00
20:37:11.022 CLOCK integ raw=149.07 prev=149.07 new=149.17 d=+0.101 fr=170.77 dt=0.101 rate=1.00 paused=False backlog=56.51 edge=205.68 div=-0.00
20:37:11.225 CLOCK fold raw=149.35 prev=149.17 new=149.35 d=+0.181 fr=170.77 dt=0.204 rate=1.00 paused=False backlog=55.68 edge=205.03 div=-0.00
20:37:11.327 CLOCK integ raw=149.35 prev=149.35 new=149.45 d=+0.102 fr=170.77 dt=0.102 rate=1.00 paused=False backlog=55.68 edge=205.13 div=-0.00
20:37:11.429 CLOCK integ raw=149.35 prev=149.45 new=149.55 d=+0.101 fr=170.77 dt=0.101 rate=1.00 paused=False backlog=55.68 edge=205.24 div=-0.00
20:37:11.530 CLOCK fold raw=149.64 prev=149.55 new=149.64 d=+0.083 fr=170.77 dt=0.101 rate=1.00 paused=False backlog=55.70 edge=205.34 div=-0.00
20:37:11.632 CLOCK integ raw=149.64 prev=149.64 new=149.74 d=+0.101 fr=170.77 dt=0.101 rate=1.00 paused=False backlog=55.70 edge=205.44 div=-0.00
20:37:11.735 CLOCK integ raw=149.64 prev=149.74 new=149.84 d=+0.102 fr=170.77 dt=0.102 rate=1.00 paused=False backlog=55.70 edge=205.54 div=-0.00
20:37:11.837 CLOCK fold raw=149.91 prev=149.84 new=149.91 d=+0.071 fr=170.77 dt=0.103 rate=1.00 paused=False backlog=55.73 edge=205.64 div=-0.00
20:37:11.941 CLOCK integ raw=149.91 prev=149.91 new=150.02 d=+0.104 fr=170.77 dt=0.104 rate=1.00 paused=False backlog=55.73 edge=205.75 div=-0.00
20:37:12.042 CLOCK fold raw=150.19 prev=150.02 new=150.19 d=+0.178 fr=170.77 dt=0.102 rate=1.00 paused=False backlog=55.66 edge=205.85 div=-0.00
20:37:12.145 CLOCK integ raw=150.19 prev=150.19 new=150.30 d=+0.103 fr=170.77 dt=0.103 rate=1.00 paused=False backlog=55.66 edge=205.95 div=-0.00
20:37:12.246 CLOCK integ raw=150.19 prev=150.30 new=150.40 d=+0.102 fr=170.77 dt=0.102 rate=1.00 paused=False backlog=55.66 edge=206.05 div=-0.00
20:37:12.348 CLOCK fold raw=150.47 prev=150.40 new=150.47 d=+0.077 fr=170.77 dt=0.102 rate=1.00 paused=False backlog=55.68 edge=206.16 div=-0.00
20:37:12.552 CLOCK integ raw=150.47 prev=150.47 new=150.68 d=+0.204 fr=170.77 dt=0.204 rate=1.00 paused=False backlog=55.68 edge=206.36 div=-0.00
20:37:12.655 CLOCK fold raw=150.75 prev=150.68 new=150.75 d=+0.077 fr=170.77 dt=0.103 rate=1.00 paused=False backlog=55.71 edge=206.46 div=-0.00
20:37:12.756 CLOCK integ raw=150.75 prev=150.75 new=150.86 d=+0.101 fr=170.77 dt=0.101 rate=1.00 paused=False backlog=55.71 edge=206.56 div=-0.00
20:37:12.858 CLOCK integ raw=150.75 prev=150.86 new=150.96 d=+0.101 fr=170.77 dt=0.101 rate=1.00 paused=False backlog=55.71 edge=206.67 div=-0.00
20:37:12.959 CLOCK fold raw=151.03 prev=150.96 new=151.03 d=+0.077 fr=170.77 dt=0.101 rate=1.00 paused=False backlog=55.73 edge=206.77 div=-0.00
20:37:13.060 CLOCK integ raw=151.03 prev=151.03 new=151.14 d=+0.101 fr=170.77 dt=0.101 rate=1.00 paused=False backlog=55.73 edge=206.87 div=-0.00
20:37:13.062 EDGESNAP err=-2.89 edge->203.98
20:37:13.164 CLOCK fold raw=151.32 prev=151.14 new=151.32 d=+0.181 fr=170.77 dt=0.103 rate=1.00 paused=False backlog=52.77 edge=204.08 div=-0.00
20:37:13.265 CLOCK integ raw=151.32 prev=151.32 new=151.42 d=+0.102 fr=170.77 dt=0.102 rate=1.00 paused=False backlog=52.77 edge=204.18 div=-0.00
20:37:13.369 CLOCK integ raw=151.32 prev=151.42 new=151.52 d=+0.104 fr=170.77 dt=0.104 rate=1.00 paused=False backlog=52.77 edge=204.29 div=-0.00
20:37:13.470 CLOCK fold raw=151.60 prev=151.52 new=151.60 d=+0.074 fr=170.77 dt=0.101 rate=1.00 paused=False backlog=52.79 edge=204.39 div=-0.00
20:37:13.572 CLOCK integ raw=151.60 prev=151.60 new=151.70 d=+0.102 fr=170.77 dt=0.102 rate=1.00 paused=False backlog=52.79 edge=204.49 div=-0.00
20:37:13.674 CLOCK integ raw=151.60 prev=151.70 new=151.80 d=+0.101 fr=170.77 dt=0.101 rate=1.00 paused=False backlog=52.79 edge=204.59 div=-0.00
20:37:13.777 TICK fr=170.77 cc=151.80 raw=151.88 vid=151.88 playing=1 started=1 stall=0 | d_fr_cc=+18.97 d_fr_raw=+18.89 d_cc_raw=-0.08 | off=-0.04 ccx_end=202.00 since_show=0.1 since_cue=4.3 | pcr=203.980 pid=100 head_rel=203.98 ccx_lag=1.98 | credit=170.8 capped=0.0 | fsize=92304052 feed=92304052 feed_behind=0 | backlog=52.79 edge=204.59 div=-0.00 lag_ewma=5.59
20:37:13.778 CLOCK fold raw=151.88 prev=151.80 new=151.88 d=+0.079 fr=170.77 dt=0.105 rate=1.00 paused=False backlog=52.82 edge=204.70 div=-0.00
20:37:13.880 CLOCK integ raw=151.88 prev=151.88 new=151.98 d=+0.101 fr=170.77 dt=0.101 rate=1.00 paused=False backlog=52.82 edge=204.80 div=-0.00
20:37:14.084 CLOCK fold raw=152.16 prev=151.98 new=152.16 d=+0.180 fr=170.77 dt=0.203 rate=1.00 paused=False backlog=52.84 edge=205.00 div=-0.00
20:37:14.187 CLOCK integ raw=152.16 prev=152.16 new=152.26 d=+0.103 fr=175.16 dt=0.103 rate=1.00 paused=False backlog=52.84 edge=205.11 div=-0.00
20:37:14.190 CUE cx=[202.00..203.77] adv=1.77 el=4.70 fresh | off=-0.04 fr=175.16 cc=152.26 raw=152.16 lead=+51.46 | pcr=204.754 head_rel=204.75 lag_ewma=5.59 | q=Cardinals fourth string / quarterback was the highest / rate
20:37:14.291 ANCHOR pend_end=203.77 L=3.98 pinL=0.98 target=0.18 off=-0.04
20:37:14.293 CLOCK fold raw=152.44 prev=152.26 new=152.44 d=+0.179 fr=175.16 dt=0.105 rate=1.00 paused=False backlog=52.59 edge=205.03 div=-0.00
20:37:14.394 CLOCK integ raw=152.44 prev=152.44 new=152.54 d=+0.102 fr=175.16 dt=0.102 rate=1.00 paused=False backlog=52.59 edge=205.14 div=-0.00
20:37:14.496 CLOCK integ raw=152.44 prev=152.54 new=152.65 d=+0.102 fr=175.16 dt=0.102 rate=1.00 paused=False backlog=52.59 edge=205.24 div=-0.00
20:37:14.598 CLOCK fold raw=152.72 prev=152.65 new=152.72 d=+0.077 fr=175.16 dt=0.102 rate=1.00 paused=False backlog=52.62 edge=205.34 div=-0.00
20:37:14.700 CLOCK integ raw=152.72 prev=152.72 new=152.82 d=+0.102 fr=175.16 dt=0.102 rate=1.00 paused=False backlog=52.62 edge=205.44 div=-0.00
20:37:14.801 CLOCK integ raw=152.72 prev=152.82 new=152.93 d=+0.102 fr=175.16 dt=0.102 rate=1.00 paused=False backlog=52.62 edge=205.54 div=-0.00
20:37:14.905 CLOCK fold raw=153.00 prev=152.93 new=153.00 d=+0.077 fr=175.16 dt=0.103 rate=1.00 paused=False backlog=52.65 edge=205.65 div=-0.00
20:37:15.008 CLOCK integ raw=153.00 prev=153.00 new=153.11 d=+0.103 fr=175.98 dt=0.103 rate=1.00 paused=False backlog=52.65 edge=205.75 div=-0.00
20:37:15.143 CLOCK fold raw=153.28 prev=153.11 new=153.28 d=+0.177 fr=175.98 dt=0.135 rate=1.00 paused=False backlog=53.51 edge=206.79 div=-0.00
20:37:15.144 CUE cx=[203.77..205.30] adv=1.53 el=0.96 fresh | off=0.07 fr=175.98 cc=153.28 raw=153.28 lead=+52.09 | pcr=207.565 head_rel=207.56 lag_ewma=3.98 | q=quarterback was the highest / rated quarterback in the NFL. 
20:37:15.144 CUE cx=[205.31..206.67] adv=1.37 el=0.00 fresh | off=0.07 fr=175.98 cc=153.28 raw=153.28 lead=+53.45 | pcr=207.565 head_rel=207.56 lag_ewma=3.98 | q=rated quarterback in the NFL. A / great news for him. Maybe 
20:37:15.245 ANCHOR pend_end=206.67 L=2.90 pinL=0.89 target=-0.19 off=0.07
20:37:15.245 CLOCK integ raw=153.28 prev=153.28 new=153.39 d=+0.103 fr=175.98 dt=0.103 rate=1.00 paused=False backlog=54.09 edge=207.47 div=-0.00
20:37:15.348 CLOCK integ raw=153.28 prev=153.39 new=153.49 d=+0.103 fr=176.42 dt=0.103 rate=1.00 paused=False backlog=54.09 edge=207.58 div=-0.00
20:37:15.450 CLOCK fold raw=153.56 prev=153.49 new=153.56 d=+0.076 fr=176.42 dt=0.101 rate=1.00 paused=False backlog=54.11 edge=207.68 div=-0.00
20:37:15.551 CLOCK integ raw=153.56 prev=153.56 new=153.67 d=+0.101 fr=176.42 dt=0.101 rate=1.00 paused=False backlog=54.11 edge=207.78 div=-0.00
20:37:15.653 PHASE DELAY +2 s delay shifts the painted cue live
20:37:15.654 CLOCK integ raw=153.56 prev=153.67 new=153.77 d=+0.102 fr=176.42 dt=0.102 rate=1.00 paused=False backlog=54.11 edge=207.88 div=-0.00
20:37:15.746 CLOCK fold raw=153.85 prev=153.77 new=153.85 d=+0.077 fr=176.42 dt=0.093 rate=1.00 paused=False backlog=54.13 edge=207.97 div=-0.00
20:37:15.869 CLOCK integ raw=153.85 prev=153.85 new=153.97 d=+0.122 fr=176.42 dt=0.122 rate=1.00 paused=False backlog=54.13 edge=208.10 div=-0.00
20:37:15.961 CLOCK integ raw=153.85 prev=153.97 new=154.06 d=+0.092 fr=176.42 dt=0.092 rate=1.00 paused=False backlog=54.13 edge=208.19 div=-0.00
20:37:16.084 CLOCK fold raw=154.13 prev=154.06 new=154.13 d=+0.071 fr=176.42 dt=0.122 rate=1.00 paused=False backlog=54.18 edge=208.31 div=-0.00
20:37:16.178 CLOCK integ raw=154.13 prev=154.13 new=154.23 d=+0.094 fr=176.42 dt=0.094 rate=1.00 paused=False backlog=54.18 edge=208.41 div=-0.00
20:37:16.301 CLOCK fold raw=154.41 prev=154.23 new=154.41 d=+0.181 fr=176.42 dt=0.123 rate=1.00 paused=False backlog=54.12 edge=208.53 div=-0.00
20:37:16.393 CLOCK integ raw=154.41 prev=154.41 new=154.50 d=+0.093 fr=176.42 dt=0.093 rate=1.00 paused=False backlog=54.12 edge=208.62 div=-0.00
20:37:16.517 CLOCK integ raw=154.41 prev=154.50 new=154.62 d=+0.124 fr=176.42 dt=0.124 rate=1.00 paused=False backlog=54.12 edge=208.75 div=-0.00
20:37:16.610 CLOCK fold raw=154.69 prev=154.62 new=154.69 d=+0.065 fr=176.42 dt=0.093 rate=1.00 paused=False backlog=54.15 edge=208.84 div=-0.00
20:37:16.733 CLOCK integ raw=154.69 prev=154.69 new=154.81 d=+0.123 fr=176.42 dt=0.123 rate=1.00 paused=False backlog=54.15 edge=208.96 div=-0.00
20:37:16.856 CLOCK fold raw=154.97 prev=154.81 new=154.97 d=+0.157 fr=176.42 dt=0.123 rate=1.00 paused=False backlog=54.12 edge=209.08 div=-0.00
20:37:16.949 CLOCK integ raw=154.97 prev=154.97 new=155.06 d=+0.093 fr=176.42 dt=0.093 rate=1.00 paused=False backlog=54.12 edge=209.18 div=-0.00
20:37:17.076 CLOCK integ raw=154.97 prev=155.06 new=155.19 d=+0.126 fr=176.42 dt=0.126 rate=1.00 paused=False backlog=53.31 edge=208.50 div=-0.00
20:37:17.170 CLOCK fold raw=155.25 prev=155.19 new=155.25 d=+0.062 fr=176.42 dt=0.094 rate=1.00 paused=False backlog=53.34 edge=208.59 div=-0.00
20:37:17.263 CLOCK integ raw=155.25 prev=155.25 new=155.34 d=+0.093 fr=176.42 dt=0.093 rate=1.00 paused=False backlog=53.34 edge=208.68 div=-0.00
20:37:17.386 CLOCK fold raw=155.53 prev=155.34 new=155.53 d=+0.190 fr=176.42 dt=0.124 rate=1.00 paused=False backlog=53.28 edge=208.81 div=-0.00
20:37:17.480 CLOCK integ raw=155.53 prev=155.53 new=155.63 d=+0.094 fr=176.42 dt=0.094 rate=1.00 paused=False backlog=53.28 edge=208.90 div=-0.00
20:37:17.603 CLOCK integ raw=155.53 prev=155.63 new=155.75 d=+0.124 fr=176.42 dt=0.124 rate=1.00 paused=False backlog=53.28 edge=209.02 div=-0.00
20:37:17.727 CLOCK fold raw=155.81 prev=155.75 new=155.81 d=+0.063 fr=176.42 dt=0.123 rate=1.00 paused=False backlog=53.34 edge=209.15 div=-0.00
20:37:17.851 CLOCK integ raw=155.81 prev=155.81 new=155.94 d=+0.124 fr=176.42 dt=0.124 rate=1.00 paused=False backlog=53.34 edge=209.27 div=-0.00
20:37:17.944 CLOCK fold raw=156.09 prev=155.94 new=156.09 d=+0.157 fr=176.42 dt=0.093 rate=1.00 paused=False backlog=53.27 edge=209.37 div=-0.00
20:37:18.068 CLOCK integ raw=156.09 prev=156.09 new=156.22 d=+0.123 fr=176.42 dt=0.123 rate=1.00 paused=False backlog=53.27 edge=209.49 div=-0.00
20:37:18.160 CLOCK integ raw=156.09 prev=156.22 new=156.31 d=+0.093 fr=176.42 dt=0.093 rate=1.00 paused=False backlog=53.27 edge=209.58 div=-0.00
20:37:18.193 PHASE PAUSE 1 min paused
20:37:18.193 XPORT pause target=- raw_pre=156.09 fr=176.42 cc=156.31 vid=156.09 rate=1.00 
20:37:18.295 CLOCK hold raw=156.09 prev=156.31 new=156.31 d=+0.000 fr=176.42 dt=0.135 rate=1.00 paused=True backlog=53.41 edge=209.72 div=-0.00
20:37:18.397 CLOCK hold raw=156.09 prev=156.31 new=156.31 d=+0.000 fr=176.42 dt=0.101 rate=1.00 paused=True backlog=53.51 edge=209.82 div=-0.00
20:37:18.498 CLOCK hold raw=156.09 prev=156.31 new=156.31 d=+0.000 fr=176.42 dt=0.102 rate=1.00 paused=True backlog=53.61 edge=209.92 div=-0.00
20:37:18.601 CLOCK hold raw=156.09 prev=156.31 new=156.31 d=+0.000 fr=176.42 dt=0.102 rate=1.00 paused=True backlog=53.71 edge=210.02 div=-0.00
20:37:18.704 TICK fr=176.42 cc=156.31 raw=156.09 vid=156.09 playing=0 started=1 stall=0 | d_fr_cc=+20.11 d_fr_raw=+20.33 d_cc_raw=+0.22 | off=-0.06 ccx_end=206.67 since_show=0.1 since_cue=3.6 | pcr=207.565 pid=100 head_rel=207.56 ccx_lag=0.89 | credit=176.4 capped=0.0 | fsize=93783048 feed=93783048 feed_behind=0 | backlog=53.71 edge=210.02 div=-0.00 lag_ewma=2.90
20:37:18.705 CLOCK hold raw=156.09 prev=156.31 new=156.31 d=+0.000 fr=176.42 dt=0.105 rate=1.00 paused=True backlog=53.82 edge=210.13 div=-0.00
20:37:18.907 CLOCK hold raw=156.09 prev=156.31 new=156.31 d=+0.000 fr=176.42 dt=0.202 rate=1.00 paused=True backlog=54.02 edge=210.33 div=-0.00
20:37:19.009 CLOCK hold raw=156.09 prev=156.31 new=156.31 d=+0.000 fr=176.42 dt=0.101 rate=1.00 paused=True backlog=54.12 edge=210.43 div=-0.00
20:37:19.110 CLOCK hold raw=156.09 prev=156.31 new=156.31 d=+0.000 fr=176.42 dt=0.101 rate=1.00 paused=True backlog=54.22 edge=210.53 div=-0.00
20:37:19.111 EDGESNAP err=-2.97 edge->207.56
20:37:19.212 XPORT1s pause raw=156.09 fr=176.42 cc=156.31 vid=156.09
20:37:19.213 CLOCK hold raw=156.09 prev=156.31 new=156.31 d=+0.000 fr=176.42 dt=0.103 rate=1.00 paused=True backlog=51.36 edge=207.67 div=-0.00
20:37:19.314 CLOCK hold raw=156.09 prev=156.31 new=156.31 d=+0.000 fr=176.42 dt=0.101 rate=1.00 paused=True backlog=51.46 edge=207.77 div=-0.00
20:37:19.415 CLOCK hold raw=156.09 prev=156.31 new=156.31 d=+0.000 fr=176.42 dt=0.101 rate=1.00 paused=True backlog=51.56 edge=207.87 div=-0.00
20:37:19.517 CLOCK hold raw=156.09 prev=156.31 new=156.31 d=+0.000 fr=176.42 dt=0.102 rate=1.00 paused=True backlog=51.66 edge=207.97 div=-0.00
20:37:19.618 CLOCK hold raw=156.09 prev=156.31 new=156.31 d=+0.000 fr=176.42 dt=0.101 rate=1.00 paused=True backlog=51.76 edge=208.07 div=-0.00
20:37:19.719 CLOCK hold raw=156.09 prev=156.31 new=156.31 d=+0.000 fr=176.42 dt=0.101 rate=1.00 paused=True backlog=51.86 edge=208.17 div=-0.00
20:37:19.820 CLOCK hold raw=156.09 prev=156.31 new=156.31 d=+0.000 fr=176.42 dt=0.101 rate=1.00 paused=True backlog=51.97 edge=208.27 div=-0.00
20:37:19.921 CLOCK hold raw=156.09 prev=156.31 new=156.31 d=+0.000 fr=176.42 dt=0.101 rate=1.00 paused=True backlog=52.07 edge=208.38 div=-0.00
20:37:20.023 CLOCK hold raw=156.09 prev=156.31 new=156.31 d=+0.000 fr=176.42 dt=0.101 rate=1.00 paused=True backlog=52.17 edge=208.48 div=-0.00
20:37:20.124 CLOCK hold raw=156.09 prev=156.31 new=156.31 d=+0.000 fr=176.42 dt=0.101 rate=1.00 paused=True backlog=52.27 edge=208.58 div=-0.00
20:37:20.247 EDGESNAP err=+2.99 edge->211.57
20:37:20.247 CUE cx=[206.67..207.47] adv=0.80 el=5.08 fresh | off=-0.06 fr=176.42 cc=156.31 raw=156.09 lead=+51.10 | pcr=211.569 head_rel=211.57 lag_ewma=5.89 | q=great news for him. Maybe not / so great news for the Cardin
20:37:20.247 CUE cx=[207.47..209.14] adv=1.67 el=0.02 fresh | off=-0.06 fr=176.42 cc=156.31 raw=156.09 lead=+52.77 | pcr=211.569 head_rel=211.57 lag_ewma=5.89 | q=so great news for the Cardinals, / because that means other 
20:37:20.248 ANCHOR pend_end=209.14 L=4.68 pinL=2.43 target=0.00 off=-0.06
20:37:20.249 CLOCK hold raw=156.09 prev=156.31 new=156.31 d=+0.000 fr=181.32 dt=0.125 rate=1.00 paused=True backlog=55.38 edge=211.69 div=-0.00
20:37:20.350 CLOCK hold raw=156.09 prev=156.31 new=156.31 d=+0.000 fr=181.32 dt=0.101 rate=1.00 paused=True backlog=55.48 edge=211.79 div=-0.00
20:37:20.451 CUE cx=[209.14..210.38] adv=1.23 el=0.20 fresh | off=-0.03 fr=181.32 cc=156.31 raw=156.09 lead=+54.03 | pcr=211.569 head_rel=211.57 lag_ewma=4.68 | q=because that means other teams / might say, we want Kedon Sl
20:37:20.451 ANCHOR pend_end=210.38 L=3.46 pinL=1.19 target=0.11 off=-0.03
20:37:20.453 CLOCK hold raw=156.09 prev=156.31 new=156.31 d=+0.000 fr=181.32 dt=0.103 rate=1.00 paused=True backlog=55.47 edge=211.78 div=-0.00
20:37:20.654 CLOCK hold raw=156.09 prev=156.31 new=156.31 d=+0.000 fr=181.32 dt=0.201 rate=1.00 paused=True backlog=55.68 edge=211.98 div=-0.00
20:37:20.756 CLOCK hold raw=156.09 prev=156.31 new=156.31 d=+0.000 fr=181.32 dt=0.102 rate=1.00 paused=True backlog=55.78 edge=212.09 div=-0.00
20:37:20.857 CLOCK hold raw=156.09 prev=156.31 new=156.31 d=+0.000 fr=181.32 dt=0.101 rate=1.00 paused=True backlog=55.88 edge=212.19 div=-0.00
20:37:20.959 CLOCK hold raw=156.09 prev=156.31 new=156.31 d=+0.000 fr=181.32 dt=0.101 rate=1.00 paused=True backlog=55.98 edge=212.29 div=-0.00
20:37:21.060 CLOCK hold raw=156.09 prev=156.31 new=156.31 d=+0.000 fr=181.32 dt=0.101 rate=1.00 paused=True backlog=56.08 edge=212.39 div=-0.00
20:37:21.163 CLOCK hold raw=156.09 prev=156.31 new=156.31 d=+0.000 fr=181.32 dt=0.103 rate=1.00 paused=True backlog=55.77 edge=212.08 div=-0.00
20:37:21.264 CLOCK hold raw=156.09 prev=156.31 new=156.31 d=+0.000 fr=181.32 dt=0.101 rate=1.00 paused=True backlog=55.87 edge=212.18 div=-0.00
20:37:21.366 CLOCK hold raw=156.09 prev=156.31 new=156.31 d=+0.000 fr=181.32 dt=0.102 rate=1.00 paused=True backlog=55.98 edge=212.28 div=-0.00
20:37:21.468 CLOCK hold raw=156.09 prev=156.31 new=156.31 d=+0.000 fr=181.32 dt=0.102 rate=1.00 paused=True backlog=56.08 edge=212.39 div=-0.00
20:37:21.570 CLOCK hold raw=156.09 prev=156.31 new=156.31 d=+0.000 fr=181.32 dt=0.103 rate=1.00 paused=True backlog=56.18 edge=212.49 div=-0.00
20:37:21.673 CLOCK hold raw=156.09 prev=156.31 new=156.31 d=+0.000 fr=181.32 dt=0.102 rate=1.00 paused=True backlog=56.28 edge=212.59 div=-0.00
20:37:21.774 CLOCK hold raw=156.09 prev=156.31 new=156.31 d=+0.000 fr=181.32 dt=0.102 rate=1.00 paused=True backlog=56.38 edge=212.69 div=-0.00
20:37:21.876 CLOCK hold raw=156.09 prev=156.31 new=156.31 d=+0.000 fr=181.32 dt=0.102 rate=1.00 paused=True backlog=56.49 edge=212.80 div=-0.00
20:37:22.079 CLOCK hold raw=156.09 prev=156.31 new=156.31 d=+0.000 fr=181.32 dt=0.202 rate=1.00 paused=True backlog=56.69 edge=213.00 div=-0.00
20:37:22.181 CLOCK hold raw=156.09 prev=156.31 new=156.31 d=+0.000 fr=181.32 dt=0.102 rate=1.00 paused=True backlog=56.79 edge=213.10 div=-0.00
20:37:22.282 CLOCK hold raw=156.09 prev=156.31 new=156.31 d=+0.000 fr=181.32 dt=0.101 rate=1.00 paused=True backlog=56.89 edge=213.20 div=-0.00
20:37:22.383 CLOCK hold raw=156.09 prev=156.31 new=156.31 d=+0.000 fr=181.32 dt=0.102 rate=1.00 paused=True backlog=56.99 edge=213.30 div=-0.00
20:37:22.485 CLOCK hold raw=156.09 prev=156.31 new=156.31 d=+0.000 fr=181.32 dt=0.101 rate=1.00 paused=True backlog=57.09 edge=213.40 div=-0.00
20:37:22.586 CLOCK hold raw=156.09 prev=156.31 new=156.31 d=+0.000 fr=181.32 dt=0.101 rate=1.00 paused=True backlog=57.20 edge=213.51 div=-0.00
20:37:22.687 CLOCK hold raw=156.09 prev=156.31 new=156.31 d=+0.000 fr=181.32 dt=0.101 rate=1.00 paused=True backlog=57.30 edge=213.61 div=-0.00
20:37:22.788 CLOCK hold raw=156.09 prev=156.31 new=156.31 d=+0.000 fr=181.32 dt=0.101 rate=1.00 paused=True backlog=57.40 edge=213.71 div=-0.00
20:37:22.890 CLOCK hold raw=156.09 prev=156.31 new=156.31 d=+0.000 fr=181.32 dt=0.101 rate=1.00 paused=True backlog=57.50 edge=213.81 div=-0.00
20:37:22.991 CLOCK hold raw=156.09 prev=156.31 new=156.31 d=+0.000 fr=181.32 dt=0.102 rate=1.00 paused=True backlog=57.60 edge=213.91 div=-0.00
20:37:23.094 CLOCK hold raw=156.09 prev=156.31 new=156.31 d=+0.000 fr=181.32 dt=0.102 rate=1.00 paused=True backlog=56.53 edge=212.84 div=-0.00
20:37:23.194 CLOCK hold raw=156.09 prev=156.31 new=156.31 d=+0.000 fr=181.32 dt=0.101 rate=1.00 paused=True backlog=56.63 edge=212.94 div=-0.00
20:37:23.296 CLOCK hold raw=156.09 prev=156.31 new=156.31 d=+0.000 fr=181.32 dt=0.101 rate=1.00 paused=True backlog=56.73 edge=213.04 div=-0.00
20:37:23.498 CLOCK hold raw=156.09 prev=156.31 new=156.31 d=+0.000 fr=181.32 dt=0.202 rate=1.00 paused=True backlog=56.94 edge=213.25 div=-0.00
20:37:23.600 CLOCK hold raw=156.09 prev=156.31 new=156.31 d=+0.000 fr=181.32 dt=0.102 rate=1.00 paused=True backlog=57.04 edge=213.35 div=-0.00
20:37:23.701 CLOCK hold raw=156.09 prev=156.31 new=156.31 d=+0.000 fr=181.32 dt=0.101 rate=1.00 paused=True backlog=57.14 edge=213.45 div=-0.00
20:37:23.703 TICK fr=181.32 cc=156.31 raw=156.09 vid=156.09 playing=0 started=1 stall=0 | d_fr_cc=+25.02 d_fr_raw=+25.23 d_cc_raw=+0.22 | off=0.04 ccx_end=210.38 since_show=0.0 since_cue=3.2 | pcr=211.569 pid=100 head_rel=211.57 ccx_lag=1.19 | credit=181.3 capped=0.0 | fsize=95688428 feed=95688428 feed_behind=0 | backlog=57.14 edge=213.45 div=-0.00 lag_ewma=3.46
20:37:23.805 CLOCK hold raw=156.09 prev=156.31 new=156.31 d=+0.000 fr=181.32 dt=0.104 rate=1.00 paused=True backlog=57.24 edge=213.55 div=-0.00
20:37:23.907 CLOCK hold raw=156.09 prev=156.31 new=156.31 d=+0.000 fr=181.32 dt=0.102 rate=1.00 paused=True backlog=57.35 edge=213.65 div=-0.00
20:37:24.008 CLOCK hold raw=156.09 prev=156.31 new=156.31 d=+0.000 fr=181.32 dt=0.102 rate=1.00 paused=True backlog=57.45 edge=213.76 div=-0.00
20:37:24.110 CLOCK hold raw=156.09 prev=156.31 new=156.31 d=+0.000 fr=181.32 dt=0.102 rate=1.00 paused=True backlog=57.55 edge=213.86 div=-0.00
20:37:24.212 CLOCK hold raw=156.09 prev=156.31 new=156.31 d=+0.000 fr=181.32 dt=0.102 rate=1.00 paused=True backlog=57.65 edge=213.96 div=-0.00
20:37:24.313 CLOCK hold raw=156.09 prev=156.31 new=156.31 d=+0.000 fr=181.32 dt=0.102 rate=1.00 paused=True backlog=57.75 edge=214.06 div=-0.00
20:37:24.416 CLOCK hold raw=156.09 prev=156.31 new=156.31 d=+0.000 fr=181.32 dt=0.103 rate=1.00 paused=True backlog=57.85 edge=214.16 div=-0.00
20:37:24.519 CLOCK hold raw=156.09 prev=156.31 new=156.31 d=+0.000 fr=181.32 dt=0.102 rate=1.00 paused=True backlog=57.96 edge=214.27 div=-0.00
20:37:24.619 CLOCK hold raw=156.09 prev=156.31 new=156.31 d=+0.000 fr=181.32 dt=0.101 rate=1.00 paused=True backlog=58.06 edge=214.37 div=-0.00
20:37:24.721 CLOCK hold raw=156.09 prev=156.31 new=156.31 d=+0.000 fr=181.32 dt=0.101 rate=1.00 paused=True backlog=58.16 edge=214.47 div=-0.00
20:37:24.923 CLOCK hold raw=156.09 prev=156.31 new=156.31 d=+0.000 fr=181.32 dt=0.202 rate=1.00 paused=True backlog=58.36 edge=214.67 div=-0.00
20:37:25.024 CLOCK hold raw=156.09 prev=156.31 new=156.31 d=+0.000 fr=181.32 dt=0.102 rate=1.00 paused=True backlog=58.46 edge=214.77 div=-0.00
20:37:25.125 CLOCK hold raw=156.09 prev=156.31 new=156.31 d=+0.000 fr=186.20 dt=0.101 rate=1.00 paused=True backlog=58.56 edge=214.87 div=-0.00
20:37:25.149 CUE cx=[210.38..213.48] adv=3.10 el=4.70 fresh | off=0.04 fr=186.20 cc=156.31 raw=156.09 lead=+57.21 | pcr=215.572 head_rel=215.57 lag_ewma=3.46 | q=might say, we want Kedon Slovis / on our practice squad. If 
20:37:25.251 ANCHOR pend_end=213.48 L=2.98 pinL=2.09 target=-0.17 off=0.04
20:37:25.251 CLOCK hold raw=156.09 prev=156.31 new=156.31 d=+0.000 fr=186.20 dt=0.126 rate=1.00 paused=True backlog=59.21 edge=215.52 div=-0.00
20:37:25.353 CLOCK hold raw=156.09 prev=156.31 new=156.31 d=+0.000 fr=186.20 dt=0.102 rate=1.00 paused=True backlog=59.31 edge=215.62 div=-0.00
20:37:25.455 CLOCK hold raw=156.09 prev=156.31 new=156.31 d=+0.000 fr=186.20 dt=0.102 rate=1.00 paused=True backlog=59.42 edge=215.73 div=-0.00
20:37:25.486 EDGESNAP err=+3.07 edge->218.80
20:37:25.486 CUE cx=[213.48..215.28] adv=1.80 el=0.31 fresh | off=-0.07 fr=186.20 cc=156.31 raw=156.09 lead=+58.90 | pcr=218.802 head_rel=218.80 lag_ewma=6.05 | q=on our practice squad. If he / ends up getting cut 31 play /
20:37:25.487 CUE cx=[215.28..216.75] adv=1.47 el=0.03 fresh | off=-0.07 fr=186.20 cc=156.31 raw=156.09 lead=+60.37 | pcr=218.802 head_rel=218.80 lag_ewma=6.05 | q=ends up getting cut 31 play / fake pressure on his face and 
20:37:25.589 ANCHOR pend_end=216.75 L=4.65 pinL=2.05 target=0.00 off=-0.07
20:37:25.589 CLOCK hold raw=156.09 prev=156.31 new=156.31 d=+0.000 fr=186.56 dt=0.134 rate=1.00 paused=True backlog=62.63 edge=218.93 div=-0.00
20:37:25.791 CLOCK hold raw=156.09 prev=156.31 new=156.31 d=+0.000 fr=186.56 dt=0.202 rate=1.00 paused=True backlog=62.83 edge=219.14 div=-0.00
20:37:25.892 CLOCK hold raw=156.09 prev=156.31 new=156.31 d=+0.000 fr=186.56 dt=0.101 rate=1.00 paused=True backlog=62.93 edge=219.24 div=-0.00
20:37:25.994 CLOCK hold raw=156.09 prev=156.31 new=156.31 d=+0.000 fr=186.56 dt=0.101 rate=1.00 paused=True backlog=63.03 edge=219.34 div=-0.00
20:37:26.095 CLOCK hold raw=156.09 prev=156.31 new=156.31 d=+0.000 fr=186.56 dt=0.101 rate=1.00 paused=True backlog=63.13 edge=219.44 div=-0.00
20:37:26.196 CLOCK hold raw=156.09 prev=156.31 new=156.31 d=+0.000 fr=186.56 dt=0.101 rate=1.00 paused=True backlog=63.23 edge=219.54 div=-0.00
20:37:26.298 CLOCK hold raw=156.09 prev=156.31 new=156.31 d=+0.000 fr=186.56 dt=0.102 rate=1.00 paused=True backlog=63.33 edge=219.64 div=-0.00
20:37:26.399 CLOCK hold raw=156.09 prev=156.31 new=156.31 d=+0.000 fr=186.56 dt=0.101 rate=1.00 paused=True backlog=63.44 edge=219.75 div=-0.00
20:37:26.501 CLOCK hold raw=156.09 prev=156.31 new=156.31 d=+0.000 fr=186.56 dt=0.101 rate=1.00 paused=True backlog=63.54 edge=219.85 div=-0.00
20:37:26.602 CLOCK hold raw=156.09 prev=156.31 new=156.31 d=+0.000 fr=186.56 dt=0.101 rate=1.00 paused=True backlog=63.64 edge=219.95 div=-0.00
20:37:26.703 CLOCK hold raw=156.09 prev=156.31 new=156.31 d=+0.000 fr=186.56 dt=0.101 rate=1.00 paused=True backlog=63.74 edge=220.05 div=-0.00
20:37:26.804 CLOCK hold raw=156.09 prev=156.31 new=156.31 d=+0.000 fr=186.56 dt=0.101 rate=1.00 paused=True backlog=63.84 edge=220.15 div=-0.00
20:37:27.005 CLOCK hold raw=156.09 prev=156.31 new=156.31 d=+0.000 fr=186.56 dt=0.201 rate=1.00 paused=True backlog=64.04 edge=220.35 div=-0.00
20:37:27.106 CLOCK hold raw=156.09 prev=156.31 new=156.31 d=+0.000 fr=186.56 dt=0.101 rate=1.00 paused=True backlog=64.14 edge=220.45 div=-0.00
20:37:27.209 CLOCK hold raw=156.09 prev=156.31 new=156.31 d=+0.000 fr=186.56 dt=0.103 rate=1.00 paused=True backlog=63.42 edge=219.73 div=-0.00
20:37:27.310 CLOCK hold raw=156.09 prev=156.31 new=156.31 d=+0.000 fr=186.56 dt=0.101 rate=1.00 paused=True backlog=63.52 edge=219.83 div=-0.00
20:37:27.411 CLOCK hold raw=156.09 prev=156.31 new=156.31 d=+0.000 fr=186.56 dt=0.101 rate=1.00 paused=True backlog=63.62 edge=219.93 div=-0.00
20:37:27.513 CLOCK hold raw=156.09 prev=156.31 new=156.31 d=+0.000 fr=186.56 dt=0.101 rate=1.00 paused=True backlog=63.72 edge=220.03 div=-0.00
20:37:27.615 CLOCK hold raw=156.09 prev=156.31 new=156.31 d=+0.000 fr=186.56 dt=0.101 rate=1.00 paused=True backlog=63.83 edge=220.13 div=-0.00
20:37:27.715 CLOCK hold raw=156.09 prev=156.31 new=156.31 d=+0.000 fr=186.56 dt=0.101 rate=1.00 paused=True backlog=63.93 edge=220.24 div=-0.00
20:37:27.817 CLOCK hold raw=156.09 prev=156.31 new=156.31 d=+0.000 fr=186.56 dt=0.101 rate=1.00 paused=True backlog=64.03 edge=220.34 div=-0.00
20:37:27.918 CLOCK hold raw=156.09 prev=156.31 new=156.31 d=+0.000 fr=186.56 dt=0.101 rate=1.00 paused=True backlog=64.13 edge=220.44 div=-0.00
20:37:28.020 CLOCK hold raw=156.09 prev=156.31 new=156.31 d=+0.000 fr=186.56 dt=0.102 rate=1.00 paused=True backlog=64.23 edge=220.54 div=-0.00
20:37:28.121 CLOCK hold raw=156.09 prev=156.31 new=156.31 d=+0.000 fr=186.56 dt=0.101 rate=1.00 paused=True backlog=64.33 edge=220.64 div=-0.00
20:37:28.222 CLOCK hold raw=156.09 prev=156.31 new=156.31 d=+0.000 fr=186.56 dt=0.101 rate=1.00 paused=True backlog=64.43 edge=220.74 div=-0.00
20:37:28.323 CLOCK hold raw=156.09 prev=156.31 new=156.31 d=+0.000 fr=186.56 dt=0.101 rate=1.00 paused=True backlog=64.53 edge=220.84 div=-0.00
20:37:28.526 CLOCK hold raw=156.09 prev=156.31 new=156.31 d=+0.000 fr=186.56 dt=0.202 rate=1.00 paused=True backlog=64.74 edge=221.05 div=-0.00
20:37:28.628 CLOCK hold raw=156.09 prev=156.31 new=156.31 d=+0.000 fr=186.56 dt=0.102 rate=1.00 paused=True backlog=64.84 edge=221.15 div=-0.00
20:37:28.729 CLOCK hold raw=156.09 prev=156.31 new=156.31 d=+0.000 fr=186.56 dt=0.102 rate=1.00 paused=True backlog=64.94 edge=221.25 div=-0.00
20:37:28.732 TICK fr=186.56 cc=156.31 raw=156.09 vid=156.09 playing=0 started=1 stall=0 | d_fr_cc=+30.25 d_fr_raw=+30.47 d_cc_raw=+0.22 | off=-0.03 ccx_end=216.75 since_show=0.0 since_cue=3.2 | pcr=218.802 pid=100 head_rel=218.80 ccx_lag=2.05 | credit=186.6 capped=0.0 | fsize=99392216 feed=99392216 feed_behind=0 | backlog=64.94 edge=221.25 div=-0.00 lag_ewma=4.65
20:37:28.832 CLOCK hold raw=156.09 prev=156.31 new=156.31 d=+0.000 fr=186.56 dt=0.103 rate=1.00 paused=True backlog=65.04 edge=221.35 div=-0.00
20:37:28.933 CLOCK hold raw=156.09 prev=156.31 new=156.31 d=+0.000 fr=186.56 dt=0.101 rate=1.00 paused=True backlog=65.14 edge=221.45 div=-0.00
20:37:29.035 CLOCK hold raw=156.09 prev=156.31 new=156.31 d=+0.000 fr=186.56 dt=0.101 rate=1.00 paused=True backlog=65.25 edge=221.55 div=-0.00
20:37:29.137 EDGESNAP err=-2.75 edge->218.80
20:37:29.138 CLOCK hold raw=156.09 prev=156.31 new=156.31 d=+0.000 fr=186.56 dt=0.104 rate=1.00 paused=True backlog=62.60 edge=218.90 div=-0.00
20:37:29.240 CLOCK hold raw=156.09 prev=156.31 new=156.31 d=+0.000 fr=186.56 dt=0.101 rate=1.00 paused=True backlog=62.70 edge=219.01 div=-0.00
20:37:29.341 CLOCK hold raw=156.09 prev=156.31 new=156.31 d=+0.000 fr=186.56 dt=0.102 rate=1.00 paused=True backlog=62.80 edge=219.11 div=-0.00
20:37:29.443 CLOCK hold raw=156.09 prev=156.31 new=156.31 d=+0.000 fr=186.56 dt=0.101 rate=1.00 paused=True backlog=62.90 edge=219.21 div=-0.00
20:37:29.545 CLOCK hold raw=156.09 prev=156.31 new=156.31 d=+0.000 fr=186.56 dt=0.102 rate=1.00 paused=True backlog=63.00 edge=219.31 div=-0.00
20:37:29.647 CLOCK hold raw=156.09 prev=156.31 new=156.31 d=+0.000 fr=186.56 dt=0.102 rate=1.00 paused=True backlog=63.10 edge=219.41 div=-0.00
20:37:29.748 CLOCK hold raw=156.09 prev=156.31 new=156.31 d=+0.000 fr=186.56 dt=0.102 rate=1.00 paused=True backlog=63.21 edge=219.51 div=-0.00
20:37:29.951 CLOCK hold raw=156.09 prev=156.31 new=156.31 d=+0.000 fr=186.56 dt=0.202 rate=1.00 paused=True backlog=63.41 edge=219.72 div=-0.00
20:37:30.052 CLOCK hold raw=156.09 prev=156.31 new=156.31 d=+0.000 fr=191.03 dt=0.102 rate=1.00 paused=True backlog=63.51 edge=219.82 div=-0.00
20:37:30.153 CLOCK hold raw=156.09 prev=156.31 new=156.31 d=+0.000 fr=191.03 dt=0.101 rate=1.00 paused=True backlog=63.61 edge=219.92 div=-0.00
20:37:30.256 CLOCK hold raw=156.09 prev=156.31 new=156.31 d=+0.000 fr=191.03 dt=0.102 rate=1.00 paused=True backlog=63.71 edge=220.02 div=-0.00
20:37:30.358 CLOCK hold raw=156.09 prev=156.31 new=156.31 d=+0.000 fr=191.03 dt=0.102 rate=1.00 paused=True backlog=63.81 edge=220.12 div=-0.00
20:37:30.489 EDGESNAP err=+6.06 edge->226.18
20:37:30.489 CUE cx=[216.75..220.32] adv=3.57 el=4.97 fresh | off=-0.03 fr=191.44 cc=156.31 raw=156.09 lead=+63.98 | pcr=226.181 head_rel=226.18 lag_ewma=10.71 | q=fake pressure on his face and / he is sandwiched in the / ba
20:37:30.490 CUE cx=[220.32..223.19] adv=2.87 el=0.03 fresh | off=-0.03 fr=191.44 cc=156.31 raw=156.09 lead=+66.85 | pcr=226.181 head_rel=226.18 lag_ewma=10.71 | q=he is sandwiched in the / backfield, no chance. Cowboys / ge
20:37:30.490 ANCHOR pend_end=223.19 L=8.01 pinL=2.99 target=0.00 off=-0.03
20:37:30.490 CLOCK hold raw=156.09 prev=156.31 new=156.31 d=+0.000 fr=191.44 dt=0.133 rate=1.00 paused=True backlog=70.00 edge=226.31 div=-0.00
20:37:30.592 CLOCK hold raw=156.09 prev=156.31 new=156.31 d=+0.000 fr=191.44 dt=0.102 rate=1.00 paused=True backlog=70.11 edge=226.41 div=-0.00
20:37:30.694 CLOCK hold raw=156.09 prev=156.31 new=156.31 d=+0.000 fr=191.44 dt=0.101 rate=1.00 paused=True backlog=70.21 edge=226.52 div=-0.00
20:37:30.695 CUE cx=[223.19..225.02] adv=1.84 el=0.20 fresh | off=-0.02 fr=191.44 cc=156.31 raw=156.09 lead=+68.70 | pcr=226.181 head_rel=226.18 lag_ewma=8.01 | q=backfield, no chance. Cowboys / get home and they are / cele
20:37:30.796 ANCHOR pend_end=225.02 L=5.61 pinL=1.16 target=0.17 off=-0.02
20:37:30.796 CLOCK hold raw=156.09 prev=156.31 new=156.31 d=+0.000 fr=191.87 dt=0.102 rate=1.00 paused=True backlog=70.14 edge=226.45 div=-0.00
20:37:30.897 CLOCK hold raw=156.09 prev=156.31 new=156.31 d=+0.000 fr=191.87 dt=0.101 rate=1.00 paused=True backlog=70.24 edge=226.55 div=-0.00
20:37:30.999 CLOCK hold raw=156.09 prev=156.31 new=156.31 d=+0.000 fr=191.87 dt=0.101 rate=1.00 paused=True backlog=70.34 edge=226.65 div=-0.00
20:37:31.101 CLOCK hold raw=156.09 prev=156.31 new=156.31 d=+0.000 fr=191.87 dt=0.102 rate=1.00 paused=True backlog=70.21 edge=226.52 div=-0.00
20:37:31.203 CLOCK hold raw=156.09 prev=156.31 new=156.31 d=+0.000 fr=191.87 dt=0.101 rate=1.00 paused=True backlog=70.31 edge=226.62 div=-0.00
20:37:31.304 CLOCK hold raw=156.09 prev=156.31 new=156.31 d=+0.000 fr=191.87 dt=0.101 rate=1.00 paused=True backlog=70.41 edge=226.72 div=-0.00
20:37:31.405 CLOCK hold raw=156.09 prev=156.31 new=156.31 d=+0.000 fr=191.87 dt=0.101 rate=1.00 paused=True backlog=70.51 edge=226.82 div=-0.00
20:37:31.506 CLOCK hold raw=156.09 prev=156.31 new=156.31 d=+0.000 fr=191.87 dt=0.101 rate=1.00 paused=True backlog=70.61 edge=226.92 div=-0.00
20:37:31.607 CLOCK hold raw=156.09 prev=156.31 new=156.31 d=+0.000 fr=191.87 dt=0.101 rate=1.00 paused=True backlog=70.72 edge=227.02 div=-0.00
20:37:31.809 CLOCK hold raw=156.09 prev=156.31 new=156.31 d=+0.000 fr=191.87 dt=0.202 rate=1.00 paused=True backlog=70.92 edge=227.23 div=-0.00
20:37:31.910 CLOCK hold raw=156.09 prev=156.31 new=156.31 d=+0.000 fr=191.87 dt=0.101 rate=1.00 paused=True backlog=71.02 edge=227.33 div=-0.00
20:37:32.011 CLOCK hold raw=156.09 prev=156.31 new=156.31 d=+0.000 fr=191.87 dt=0.101 rate=1.00 paused=True backlog=71.12 edge=227.43 div=-0.00
20:37:32.113 CLOCK hold raw=156.09 prev=156.31 new=156.31 d=+0.000 fr=191.87 dt=0.101 rate=1.00 paused=True backlog=71.22 edge=227.53 div=-0.00
20:37:32.214 CLOCK hold raw=156.09 prev=156.31 new=156.31 d=+0.000 fr=191.87 dt=0.101 rate=1.00 paused=True backlog=71.32 edge=227.63 div=-0.00
20:37:32.315 CLOCK hold raw=156.09 prev=156.31 new=156.31 d=+0.000 fr=191.87 dt=0.101 rate=1.00 paused=True backlog=71.42 edge=227.73 div=-0.00
20:37:32.416 CLOCK hold raw=156.09 prev=156.31 new=156.31 d=+0.000 fr=191.87 dt=0.101 rate=1.00 paused=True backlog=71.52 edge=227.83 div=-0.00
20:37:32.518 CLOCK hold raw=156.09 prev=156.31 new=156.31 d=+0.000 fr=191.87 dt=0.102 rate=1.00 paused=True backlog=71.63 edge=227.94 div=-0.00
20:37:32.620 CLOCK hold raw=156.09 prev=156.31 new=156.31 d=+0.000 fr=191.87 dt=0.101 rate=1.00 paused=True backlog=71.73 edge=228.04 div=-0.00
20:37:32.721 CLOCK hold raw=156.09 prev=156.31 new=156.31 d=+0.000 fr=191.87 dt=0.101 rate=1.00 paused=True backlog=71.83 edge=228.14 div=-0.00
20:37:32.822 CLOCK hold raw=156.09 prev=156.31 new=156.31 d=+0.000 fr=191.87 dt=0.101 rate=1.00 paused=True backlog=71.93 edge=228.24 div=-0.00
20:37:32.924 CLOCK hold raw=156.09 prev=156.31 new=156.31 d=+0.000 fr=191.87 dt=0.102 rate=1.00 paused=True backlog=72.03 edge=228.34 div=-0.00
20:37:33.026 CLOCK hold raw=156.09 prev=156.31 new=156.31 d=+0.000 fr=191.87 dt=0.102 rate=1.00 paused=True backlog=72.13 edge=228.44 div=-0.00
20:37:33.228 CLOCK hold raw=156.09 prev=156.31 new=156.31 d=+0.000 fr=191.87 dt=0.203 rate=1.00 paused=True backlog=71.21 edge=227.51 div=-0.00
20:37:33.330 CLOCK hold raw=156.09 prev=156.31 new=156.31 d=+0.000 fr=191.87 dt=0.102 rate=1.00 paused=True backlog=71.31 edge=227.62 div=-0.00
20:37:33.432 CLOCK hold raw=156.09 prev=156.31 new=156.31 d=+0.000 fr=191.87 dt=0.102 rate=1.00 paused=True backlog=71.41 edge=227.72 div=-0.00
20:37:33.534 CLOCK hold raw=156.09 prev=156.31 new=156.31 d=+0.000 fr=191.87 dt=0.102 rate=1.00 paused=True backlog=71.51 edge=227.82 div=-0.00
20:37:33.636 CLOCK hold raw=156.09 prev=156.31 new=156.31 d=+0.000 fr=191.87 dt=0.103 rate=1.00 paused=True backlog=71.61 edge=227.92 div=-0.00
20:37:33.739 CLOCK hold raw=156.09 prev=156.31 new=156.31 d=+0.000 fr=191.87 dt=0.102 rate=1.00 paused=True backlog=71.72 edge=228.02 div=-0.00
20:37:33.741 TICK fr=191.87 cc=156.31 raw=156.09 vid=156.09 playing=0 started=1 stall=0 | d_fr_cc=+35.56 d_fr_raw=+35.78 d_cc_raw=+0.22 | off=0.08 ccx_end=225.02 since_show=0.0 since_cue=3.0 | pcr=226.181 pid=100 head_rel=226.18 ccx_lag=1.16 | credit=191.9 capped=0.0 | fsize=102802912 feed=102802912 feed_behind=0 | backlog=71.72 edge=228.02 div=-0.00 lag_ewma=5.61
20:37:33.842 CLOCK hold raw=156.09 prev=156.31 new=156.31 d=+0.000 fr=191.87 dt=0.104 rate=1.00 paused=True backlog=71.82 edge=228.13 div=-0.00
20:37:33.944 CLOCK hold raw=156.09 prev=156.31 new=156.31 d=+0.000 fr=191.87 dt=0.101 rate=1.00 paused=True backlog=71.92 edge=228.23 div=-0.00
20:37:34.045 CLOCK hold raw=156.09 prev=156.31 new=156.31 d=+0.000 fr=191.87 dt=0.102 rate=1.00 paused=True backlog=72.02 edge=228.33 div=-0.00
20:37:34.147 CLOCK hold raw=156.09 prev=156.31 new=156.31 d=+0.000 fr=191.87 dt=0.102 rate=1.00 paused=True backlog=72.12 edge=228.43 div=-0.00
20:37:34.248 CLOCK hold raw=156.09 prev=156.31 new=156.31 d=+0.000 fr=191.87 dt=0.101 rate=1.00 paused=True backlog=72.23 edge=228.53 div=-0.00
20:37:34.351 CLOCK hold raw=156.09 prev=156.31 new=156.31 d=+0.000 fr=191.87 dt=0.102 rate=1.00 paused=True backlog=72.33 edge=228.64 div=-0.00
20:37:34.453 CLOCK hold raw=156.09 prev=156.31 new=156.31 d=+0.000 fr=191.87 dt=0.103 rate=1.00 paused=True backlog=72.43 edge=228.74 div=-0.00
20:37:34.655 CLOCK hold raw=156.09 prev=156.31 new=156.31 d=+0.000 fr=191.87 dt=0.202 rate=1.00 paused=True backlog=72.63 edge=228.94 div=-0.00
20:37:34.756 CLOCK hold raw=156.09 prev=156.31 new=156.31 d=+0.000 fr=191.87 dt=0.101 rate=1.00 paused=True backlog=72.73 edge=229.04 div=-0.00
20:37:34.858 CLOCK hold raw=156.09 prev=156.31 new=156.31 d=+0.000 fr=191.87 dt=0.102 rate=1.00 paused=True backlog=72.83 edge=229.14 div=-0.00
20:37:34.959 CLOCK hold raw=156.09 prev=156.31 new=156.31 d=+0.000 fr=191.87 dt=0.101 rate=1.00 paused=True backlog=72.94 edge=229.25 div=-0.00
20:37:35.061 CLOCK hold raw=156.09 prev=156.31 new=156.31 d=+0.000 fr=191.87 dt=0.101 rate=1.00 paused=True backlog=73.04 edge=229.35 div=-0.00
20:37:35.199 CLOCK hold raw=156.09 prev=156.31 new=156.31 d=+0.000 fr=191.87 dt=0.139 rate=1.00 paused=True backlog=73.38 edge=229.69 div=-0.00
20:37:35.199 CUE cx=[225.03..229.03] adv=4.00 el=4.50 fresh | off=0.08 fr=191.87 cc=156.31 raw=156.09 lead=+72.79 | pcr=229.764 head_rel=229.76 lag_ewma=5.61 | q=get home and they are / celebrating the sack. Sam / Williams
20:37:35.301 ANCHOR pend_end=229.03 L=3.90 pinL=0.74 target=-0.03 off=0.08
20:37:35.301 CLOCK hold raw=156.09 prev=156.31 new=156.31 d=+0.000 fr=196.28 dt=0.102 rate=1.00 paused=True backlog=73.52 edge=229.83 div=-0.00
20:37:35.403 CLOCK hold raw=156.09 prev=156.31 new=156.31 d=+0.000 fr=196.28 dt=0.102 rate=1.00 paused=True backlog=73.62 edge=229.93 div=-0.00
20:37:35.504 CLOCK hold raw=156.09 prev=156.31 new=156.31 d=+0.000 fr=196.28 dt=0.101 rate=1.00 paused=True backlog=73.72 edge=230.03 div=-0.00
20:37:35.606 CLOCK hold raw=156.09 prev=156.31 new=156.31 d=+0.000 fr=196.28 dt=0.102 rate=1.00 paused=True backlog=73.83 edge=230.13 div=-0.00
20:37:35.707 CLOCK hold raw=156.09 prev=156.31 new=156.31 d=+0.000 fr=196.28 dt=0.101 rate=1.00 paused=True backlog=73.93 edge=230.24 div=-0.00
20:37:35.811 CLOCK hold raw=156.09 prev=156.31 new=156.31 d=+0.000 fr=196.28 dt=0.103 rate=1.00 paused=True backlog=74.03 edge=230.34 div=-0.00
20:37:35.912 CLOCK hold raw=156.09 prev=156.31 new=156.31 d=+0.000 fr=196.28 dt=0.101 rate=1.00 paused=True backlog=74.13 edge=230.44 div=-0.00
20:37:36.015 CLOCK hold raw=156.09 prev=156.31 new=156.31 d=+0.000 fr=196.28 dt=0.102 rate=1.00 paused=True backlog=74.23 edge=230.54 div=-0.00
20:37:36.116 CLOCK hold raw=156.09 prev=156.31 new=156.31 d=+0.000 fr=196.28 dt=0.102 rate=1.00 paused=True backlog=74.34 edge=230.65 div=-0.00
20:37:36.218 CLOCK hold raw=156.09 prev=156.31 new=156.31 d=+0.000 fr=196.28 dt=0.102 rate=1.00 paused=True backlog=74.44 edge=230.75 div=-0.00
20:37:36.319 CLOCK hold raw=156.09 prev=156.31 new=156.31 d=+0.000 fr=196.28 dt=0.101 rate=1.00 paused=True backlog=74.54 edge=230.85 div=-0.00
20:37:36.423 CLOCK hold raw=156.09 prev=156.31 new=156.31 d=+0.000 fr=196.28 dt=0.103 rate=1.00 paused=True backlog=74.64 edge=230.95 div=-0.00
20:37:36.624 CLOCK hold raw=156.09 prev=156.31 new=156.31 d=+0.000 fr=196.28 dt=0.202 rate=1.00 paused=True backlog=74.84 edge=231.15 div=-0.00
20:37:36.726 CLOCK hold raw=156.09 prev=156.31 new=156.31 d=+0.000 fr=196.28 dt=0.101 rate=1.00 paused=True backlog=74.95 edge=231.25 div=-0.00
20:37:36.827 CLOCK hold raw=156.09 prev=156.31 new=156.31 d=+0.000 fr=196.28 dt=0.101 rate=1.00 paused=True backlog=75.05 edge=231.36 div=-0.00
20:37:36.928 CLOCK hold raw=156.09 prev=156.31 new=156.31 d=+0.000 fr=196.28 dt=0.101 rate=1.00 paused=True backlog=75.15 edge=231.46 div=-0.00
20:37:37.030 CLOCK hold raw=156.09 prev=156.31 new=156.31 d=+0.000 fr=196.28 dt=0.102 rate=1.00 paused=True backlog=75.25 edge=231.56 div=-0.00
20:37:37.135 CLOCK hold raw=156.09 prev=156.31 new=156.31 d=+0.000 fr=196.28 dt=0.104 rate=1.00 paused=True backlog=74.56 edge=230.87 div=-0.00
20:37:37.236 CLOCK hold raw=156.09 prev=156.31 new=156.31 d=+0.000 fr=196.28 dt=0.102 rate=1.00 paused=True backlog=74.66 edge=230.97 div=-0.00
20:37:37.338 CLOCK hold raw=156.09 prev=156.31 new=156.31 d=+0.000 fr=196.28 dt=0.102 rate=1.00 paused=True backlog=74.76 edge=231.07 div=-0.00
20:37:37.441 CLOCK hold raw=156.09 prev=156.31 new=156.31 d=+0.000 fr=196.28 dt=0.102 rate=1.00 paused=True backlog=74.87 edge=231.18 div=-0.00
20:37:37.542 CLOCK hold raw=156.09 prev=156.31 new=156.31 d=+0.000 fr=196.28 dt=0.101 rate=1.00 paused=True backlog=74.97 edge=231.28 div=-0.00
20:37:37.643 CLOCK hold raw=156.09 prev=156.31 new=156.31 d=+0.000 fr=196.28 dt=0.101 rate=1.00 paused=True backlog=75.07 edge=231.38 div=-0.00
20:37:37.745 CLOCK hold raw=156.09 prev=156.31 new=156.31 d=+0.000 fr=196.28 dt=0.101 rate=1.00 paused=True backlog=75.17 edge=231.48 div=-0.00
20:37:37.846 CLOCK hold raw=156.09 prev=156.31 new=156.31 d=+0.000 fr=196.28 dt=0.101 rate=1.00 paused=True backlog=75.27 edge=231.58 div=-0.00
20:37:38.047 CLOCK hold raw=156.09 prev=156.31 new=156.31 d=+0.000 fr=196.28 dt=0.201 rate=1.00 paused=True backlog=75.47 edge=231.78 div=-0.00
20:37:38.149 CLOCK hold raw=156.09 prev=156.31 new=156.31 d=+0.000 fr=196.28 dt=0.102 rate=1.00 paused=True backlog=75.58 edge=231.89 div=-0.00
20:37:38.250 CLOCK hold raw=156.09 prev=156.31 new=156.31 d=+0.000 fr=196.28 dt=0.101 rate=1.00 paused=True backlog=75.68 edge=231.99 div=-0.00
20:37:38.352 CLOCK hold raw=156.09 prev=156.31 new=156.31 d=+0.000 fr=196.28 dt=0.102 rate=1.00 paused=True backlog=75.78 edge=232.09 div=-0.00
20:37:38.455 CLOCK hold raw=156.09 prev=156.31 new=156.31 d=+0.000 fr=196.28 dt=0.103 rate=1.00 paused=True backlog=75.88 edge=232.19 div=-0.00
20:37:38.556 CLOCK hold raw=156.09 prev=156.31 new=156.31 d=+0.000 fr=196.28 dt=0.102 rate=1.00 paused=True backlog=75.98 edge=232.29 div=-0.00
20:37:38.658 CLOCK hold raw=156.09 prev=156.31 new=156.31 d=+0.000 fr=196.28 dt=0.102 rate=1.00 paused=True backlog=76.08 edge=232.39 div=-0.00
20:37:38.760 TICK fr=196.28 cc=156.31 raw=156.09 vid=156.09 playing=0 started=1 stall=0 | d_fr_cc=+39.97 d_fr_raw=+40.18 d_cc_raw=+0.22 | off=0.02 ccx_end=229.03 since_show=0.1 since_cue=3.6 | pcr=229.973 pid=100 head_rel=229.97 ccx_lag=0.95 | credit=196.3 capped=0.0 | fsize=104444152 feed=104444152 feed_behind=0 | backlog=76.08 edge=232.39 div=-0.00 lag_ewma=3.90
20:37:38.762 CLOCK hold raw=156.09 prev=156.31 new=156.31 d=+0.000 fr=196.28 dt=0.104 rate=1.00 paused=True backlog=76.19 edge=232.50 div=-0.00
20:37:38.863 CLOCK hold raw=156.09 prev=156.31 new=156.31 d=+0.000 fr=196.28 dt=0.101 rate=1.00 paused=True backlog=76.29 edge=232.60 div=-0.00
20:37:38.965 CLOCK hold raw=156.09 prev=156.31 new=156.31 d=+0.000 fr=196.28 dt=0.102 rate=1.00 paused=True backlog=76.39 edge=232.70 div=-0.00
20:37:39.066 CLOCK hold raw=156.09 prev=156.31 new=156.31 d=+0.000 fr=196.28 dt=0.101 rate=1.00 paused=True backlog=76.49 edge=232.80 div=-0.00
20:37:39.069 EDGESNAP err=-2.83 edge->229.97
20:37:39.171 CLOCK hold raw=156.09 prev=156.31 new=156.31 d=+0.000 fr=196.28 dt=0.105 rate=1.00 paused=True backlog=73.77 edge=230.08 div=-0.00
20:37:39.273 CLOCK hold raw=156.09 prev=156.31 new=156.31 d=+0.000 fr=196.28 dt=0.101 rate=1.00 paused=True backlog=73.87 edge=230.18 div=-0.00
20:37:39.376 CLOCK hold raw=156.09 prev=156.31 new=156.31 d=+0.000 fr=196.28 dt=0.103 rate=1.00 paused=True backlog=73.97 edge=230.28 div=-0.00
20:37:39.577 CLOCK hold raw=156.09 prev=156.31 new=156.31 d=+0.000 fr=196.28 dt=0.202 rate=1.00 paused=True backlog=74.17 edge=230.48 div=-0.00
20:37:39.679 CLOCK hold raw=156.09 prev=156.31 new=156.31 d=+0.000 fr=196.28 dt=0.101 rate=1.00 paused=True backlog=74.28 edge=230.59 div=-0.00
20:37:39.780 CLOCK hold raw=156.09 prev=156.31 new=156.31 d=+0.000 fr=196.28 dt=0.102 rate=1.00 paused=True backlog=74.38 edge=230.69 div=-0.00
20:37:39.881 CLOCK hold raw=156.09 prev=156.31 new=156.31 d=+0.000 fr=196.28 dt=0.101 rate=1.00 paused=True backlog=74.48 edge=230.79 div=-0.00
20:37:39.982 CLOCK hold raw=156.09 prev=156.31 new=156.31 d=+0.000 fr=196.28 dt=0.101 rate=1.00 paused=True backlog=74.58 edge=230.89 div=-0.00
20:37:40.084 CLOCK hold raw=156.09 prev=156.31 new=156.31 d=+0.000 fr=196.28 dt=0.102 rate=1.00 paused=True backlog=74.68 edge=230.99 div=-0.00
20:37:40.185 CLOCK hold raw=156.09 prev=156.31 new=156.31 d=+0.000 fr=201.16 dt=0.102 rate=1.00 paused=True backlog=74.78 edge=231.09 div=-0.00
20:37:40.188 CUE cx=[229.03..230.53] adv=1.50 el=4.99 fresh | off=0.02 fr=201.16 cc=156.31 raw=156.09 lead=+74.24 | pcr=232.992 head_rel=232.99 lag_ewma=3.90 | q=celebrating the sack. Sam / Williams foul Lawson I talked / 
20:37:40.289 ANCHOR pend_end=230.53 L=3.40 pinL=2.46 target=-0.95 off=0.02
20:37:40.289 CLOCK hold raw=156.09 prev=156.31 new=156.31 d=+0.000 fr=201.16 dt=0.104 rate=1.00 paused=True backlog=75.84 edge=232.15 div=-0.00
20:37:40.390 CLOCK hold raw=156.09 prev=156.31 new=156.31 d=+0.000 fr=201.16 dt=0.101 rate=1.00 paused=True backlog=75.94 edge=232.25 div=-0.00
20:37:40.491 CLOCK hold raw=156.09 prev=156.31 new=156.31 d=+0.000 fr=201.16 dt=0.101 rate=1.00 paused=True backlog=76.04 edge=232.35 div=-0.00
20:37:40.593 CLOCK hold raw=156.09 prev=156.31 new=156.31 d=+0.000 fr=201.16 dt=0.102 rate=1.00 paused=True backlog=76.14 edge=232.45 div=-0.00
20:37:40.695 CLOCK hold raw=156.09 prev=156.31 new=156.31 d=+0.000 fr=201.16 dt=0.101 rate=1.00 paused=True backlog=76.24 edge=232.55 div=-0.00
20:37:40.897 CLOCK hold raw=156.09 prev=156.31 new=156.31 d=+0.000 fr=201.16 dt=0.202 rate=1.00 paused=True backlog=76.44 edge=232.75 div=-0.00
20:37:40.998 CLOCK hold raw=156.09 prev=156.31 new=156.31 d=+0.000 fr=201.16 dt=0.101 rate=1.00 paused=True backlog=76.55 edge=232.85 div=-0.00
20:37:41.099 CLOCK hold raw=156.09 prev=156.31 new=156.31 d=+0.000 fr=201.16 dt=0.101 rate=1.00 paused=True backlog=76.65 edge=232.96 div=-0.00
20:37:41.202 CLOCK hold raw=156.09 prev=156.31 new=156.31 d=+0.000 fr=201.16 dt=0.103 rate=1.00 paused=True backlog=76.77 edge=233.08 div=-0.00
20:37:41.303 CLOCK hold raw=156.09 prev=156.31 new=156.31 d=+0.000 fr=201.16 dt=0.101 rate=1.00 paused=True backlog=76.87 edge=233.18 div=-0.00
20:37:41.405 CLOCK hold raw=156.09 prev=156.31 new=156.31 d=+0.000 fr=201.16 dt=0.102 rate=1.00 paused=True backlog=76.97 edge=233.28 div=-0.00
20:37:41.506 CLOCK hold raw=156.09 prev=156.31 new=156.31 d=+0.000 fr=201.16 dt=0.101 rate=1.00 paused=True backlog=77.07 edge=233.38 div=-0.00
20:37:41.608 CLOCK hold raw=156.09 prev=156.31 new=156.31 d=+0.000 fr=201.16 dt=0.101 rate=1.00 paused=True backlog=77.17 edge=233.48 div=-0.00
20:37:41.709 CLOCK hold raw=156.09 prev=156.31 new=156.31 d=+0.000 fr=201.16 dt=0.101 rate=1.00 paused=True backlog=77.27 edge=233.58 div=-0.00
20:37:41.811 CLOCK hold raw=156.09 prev=156.31 new=156.31 d=+0.000 fr=201.16 dt=0.102 rate=1.00 paused=True backlog=77.38 edge=233.68 div=-0.00
20:37:41.912 CLOCK hold raw=156.09 prev=156.31 new=156.31 d=+0.000 fr=201.16 dt=0.101 rate=1.00 paused=True backlog=77.48 edge=233.79 div=-0.00
20:37:42.013 CLOCK hold raw=156.09 prev=156.31 new=156.31 d=+0.000 fr=201.16 dt=0.101 rate=1.00 paused=True backlog=77.58 edge=233.89 div=-0.00
20:37:42.115 CLOCK hold raw=156.09 prev=156.31 new=156.31 d=+0.000 fr=201.16 dt=0.102 rate=1.00 paused=True backlog=77.68 edge=233.99 div=-0.00
20:37:42.216 CLOCK hold raw=156.09 prev=156.31 new=156.31 d=+0.000 fr=201.16 dt=0.101 rate=1.00 paused=True backlog=77.78 edge=234.09 div=-0.00
20:37:42.417 CLOCK hold raw=156.09 prev=156.31 new=156.31 d=+0.000 fr=201.16 dt=0.202 rate=1.00 paused=True backlog=77.98 edge=234.29 div=-0.00
20:37:42.518 CLOCK hold raw=156.09 prev=156.31 new=156.31 d=+0.000 fr=201.16 dt=0.101 rate=1.00 paused=True backlog=78.08 edge=234.39 div=-0.00
20:37:42.619 CLOCK hold raw=156.09 prev=156.31 new=156.31 d=+0.000 fr=201.16 dt=0.101 rate=1.00 paused=True backlog=78.18 edge=234.49 div=-0.00
20:37:42.721 CLOCK hold raw=156.09 prev=156.31 new=156.31 d=+0.000 fr=201.16 dt=0.101 rate=1.00 paused=True backlog=78.29 edge=234.59 div=-0.00
20:37:42.823 CLOCK hold raw=156.09 prev=156.31 new=156.31 d=+0.000 fr=201.16 dt=0.102 rate=1.00 paused=True backlog=78.39 edge=234.70 div=-0.00
20:37:42.925 CLOCK hold raw=156.09 prev=156.31 new=156.31 d=+0.000 fr=201.16 dt=0.102 rate=1.00 paused=True backlog=78.49 edge=234.80 div=-0.00
20:37:43.028 CLOCK hold raw=156.09 prev=156.31 new=156.31 d=+0.000 fr=201.16 dt=0.103 rate=1.00 paused=True backlog=78.59 edge=234.90 div=-0.00
20:37:43.133 CLOCK hold raw=156.09 prev=156.31 new=156.31 d=+0.000 fr=201.16 dt=0.105 rate=1.00 paused=True backlog=77.74 edge=234.05 div=-0.00
20:37:43.235 CLOCK hold raw=156.09 prev=156.31 new=156.31 d=+0.000 fr=201.16 dt=0.102 rate=1.00 paused=True backlog=77.84 edge=234.15 div=-0.00
20:37:43.338 CLOCK hold raw=156.09 prev=156.31 new=156.31 d=+0.000 fr=201.16 dt=0.103 rate=1.00 paused=True backlog=77.95 edge=234.26 div=-0.00
20:37:43.440 CLOCK hold raw=156.09 prev=156.31 new=156.31 d=+0.000 fr=201.16 dt=0.102 rate=1.00 paused=True backlog=78.05 edge=234.36 div=-0.00
20:37:43.542 CLOCK hold raw=156.09 prev=156.31 new=156.31 d=+0.000 fr=201.16 dt=0.102 rate=1.00 paused=True backlog=78.15 edge=234.46 div=-0.00
20:37:43.643 CLOCK hold raw=156.09 prev=156.31 new=156.31 d=+0.000 fr=201.16 dt=0.101 rate=1.00 paused=True backlog=78.25 edge=234.56 div=-0.00
20:37:43.749 TICK fr=201.16 cc=156.31 raw=156.09 vid=156.09 playing=0 started=1 stall=0 | d_fr_cc=+44.85 d_fr_raw=+45.07 d_cc_raw=+0.22 | off=-0.46 ccx_end=230.53 since_show=0.1 since_cue=3.6 | pcr=232.992 pid=100 head_rel=232.99 ccx_lag=2.46 | credit=201.2 capped=0.0 | fsize=105905852 feed=105905852 feed_behind=0 | backlog=78.25 edge=234.56 div=-0.00 lag_ewma=3.40
20:37:43.851 CLOCK hold raw=156.09 prev=156.31 new=156.31 d=+0.000 fr=201.16 dt=0.207 rate=1.00 paused=True backlog=78.46 edge=234.77 div=-0.00
20:37:43.955 CLOCK hold raw=156.09 prev=156.31 new=156.31 d=+0.000 fr=201.16 dt=0.104 rate=1.00 paused=True backlog=78.56 edge=234.87 div=-0.00
20:37:44.057 CLOCK hold raw=156.09 prev=156.31 new=156.31 d=+0.000 fr=201.16 dt=0.103 rate=1.00 paused=True backlog=78.67 edge=234.98 div=-0.00
20:37:44.159 CLOCK hold raw=156.09 prev=156.31 new=156.31 d=+0.000 fr=201.16 dt=0.102 rate=1.00 paused=True backlog=78.77 edge=235.08 div=-0.00
20:37:44.260 CLOCK hold raw=156.09 prev=156.31 new=156.31 d=+0.000 fr=201.16 dt=0.101 rate=1.00 paused=True backlog=78.87 edge=235.18 div=-0.00
20:37:44.361 CLOCK hold raw=156.09 prev=156.31 new=156.31 d=+0.000 fr=201.16 dt=0.101 rate=1.00 paused=True backlog=78.97 edge=235.28 div=-0.00
20:37:44.463 CLOCK hold raw=156.09 prev=156.31 new=156.31 d=+0.000 fr=201.16 dt=0.102 rate=1.00 paused=True backlog=79.07 edge=235.38 div=-0.00
20:37:44.564 CLOCK hold raw=156.09 prev=156.31 new=156.31 d=+0.000 fr=201.16 dt=0.101 rate=1.00 paused=True backlog=79.17 edge=235.48 div=-0.00
20:37:44.666 CLOCK hold raw=156.09 prev=156.31 new=156.31 d=+0.000 fr=201.16 dt=0.102 rate=1.00 paused=True backlog=79.27 edge=235.58 div=-0.00
20:37:44.768 CLOCK hold raw=156.09 prev=156.31 new=156.31 d=+0.000 fr=201.16 dt=0.102 rate=1.00 paused=True backlog=79.38 edge=235.69 div=-0.00
20:37:44.869 CLOCK hold raw=156.09 prev=156.31 new=156.31 d=+0.000 fr=201.16 dt=0.101 rate=1.00 paused=True backlog=79.48 edge=235.79 div=-0.00
20:37:44.994 CUE cx=[230.53..233.30] adv=2.77 el=4.78 fresh | off=-0.46 fr=201.16 cc=156.31 raw=156.09 lead=+76.52 | pcr=235.029 head_rel=235.03 lag_ewma=3.40 | q=Williams foul Lawson I talked / about that Cowboys pass rush
20:37:44.994 ANCHOR pend_end=233.30 L=2.81 pinL=1.73 target=0.38 off=-0.46
20:37:44.995 CLOCK hold raw=156.09 prev=156.31 new=156.31 d=+0.000 fr=206.07 dt=0.126 rate=1.00 paused=True backlog=79.22 edge=235.53 div=-0.00
20:37:45.096 CLOCK hold raw=156.09 prev=156.31 new=156.31 d=+0.000 fr=206.07 dt=0.101 rate=1.00 paused=True backlog=79.33 edge=235.63 div=-0.00
20:37:45.197 CLOCK hold raw=156.09 prev=156.31 new=156.31 d=+0.000 fr=206.07 dt=0.101 rate=1.00 paused=True backlog=79.12 edge=235.43 div=-0.00
20:37:45.299 CLOCK hold raw=156.09 prev=156.31 new=156.31 d=+0.000 fr=206.07 dt=0.102 rate=1.00 paused=True backlog=79.22 edge=235.53 div=-0.00
20:37:45.401 CLOCK hold raw=156.09 prev=156.31 new=156.31 d=+0.000 fr=206.48 dt=0.102 rate=1.00 paused=True backlog=79.33 edge=235.64 div=-0.00
20:37:45.503 CUE cx=[233.30..234.43] adv=1.13 el=0.53 fresh | off=-0.04 fr=206.48 cc=156.31 raw=156.09 lead=+78.08 | pcr=236.573 head_rel=236.57 lag_ewma=2.81 | q=about that Cowboys pass rush at / the very beginning of this
20:37:45.503 CUE cx=[234.44..235.67] adv=1.23 el=0.00 fresh | off=-0.04 fr=206.48 cc=156.31 raw=156.09 lead=+79.32 | pcr=236.573 head_rel=236.57 lag_ewma=2.81 | q=the very beginning of this game. / You have to try to get a 
20:37:45.504 ANCHOR pend_end=235.67 L=2.15 pinL=0.91 target=-0.23 off=-0.04
20:37:45.504 CLOCK hold raw=156.09 prev=156.31 new=156.31 d=+0.000 fr=206.48 dt=0.103 rate=1.00 paused=True backlog=80.13 edge=236.44 div=-0.00
20:37:45.707 CLOCK hold raw=156.09 prev=156.31 new=156.31 d=+0.000 fr=206.48 dt=0.203 rate=1.00 paused=True backlog=80.34 edge=236.64 div=-0.00
20:37:45.809 CLOCK hold raw=156.09 prev=156.31 new=156.31 d=+0.000 fr=206.48 dt=0.102 rate=1.00 paused=True backlog=80.44 edge=236.75 div=-0.00
20:37:45.911 CLOCK hold raw=156.09 prev=156.31 new=156.31 d=+0.000 fr=206.48 dt=0.102 rate=1.00 paused=True backlog=80.54 edge=236.85 div=-0.00
20:37:46.012 CLOCK hold raw=156.09 prev=156.31 new=156.31 d=+0.000 fr=206.48 dt=0.101 rate=1.00 paused=True backlog=80.64 edge=236.95 div=-0.00
20:37:46.113 CLOCK hold raw=156.09 prev=156.31 new=156.31 d=+0.000 fr=206.48 dt=0.101 rate=1.00 paused=True backlog=80.74 edge=237.05 div=-0.00
20:37:46.214 CLOCK hold raw=156.09 prev=156.31 new=156.31 d=+0.000 fr=206.48 dt=0.101 rate=1.00 paused=True backlog=80.84 edge=237.15 div=-0.00
20:37:46.316 CLOCK hold raw=156.09 prev=156.31 new=156.31 d=+0.000 fr=206.48 dt=0.101 rate=1.00 paused=True backlog=80.94 edge=237.25 div=-0.00
20:37:46.417 CLOCK hold raw=156.09 prev=156.31 new=156.31 d=+0.000 fr=206.48 dt=0.102 rate=1.00 paused=True backlog=81.05 edge=237.35 div=-0.00
20:37:46.520 CLOCK hold raw=156.09 prev=156.31 new=156.31 d=+0.000 fr=206.48 dt=0.102 rate=1.00 paused=True backlog=81.15 edge=237.46 div=-0.00
20:37:46.620 CLOCK hold raw=156.09 prev=156.31 new=156.31 d=+0.000 fr=206.48 dt=0.101 rate=1.00 paused=True backlog=81.25 edge=237.56 div=-0.00
20:37:46.721 CLOCK hold raw=156.09 prev=156.31 new=156.31 d=+0.000 fr=206.48 dt=0.101 rate=1.00 paused=True backlog=81.35 edge=237.66 div=-0.00
20:37:46.822 CLOCK hold raw=156.09 prev=156.31 new=156.31 d=+0.000 fr=206.48 dt=0.101 rate=1.00 paused=True backlog=81.45 edge=237.76 div=-0.00
20:37:46.924 CLOCK hold raw=156.09 prev=156.31 new=156.31 d=+0.000 fr=206.48 dt=0.102 rate=1.00 paused=True backlog=81.55 edge=237.86 div=-0.00
20:37:47.026 CLOCK hold raw=156.09 prev=156.31 new=156.31 d=+0.000 fr=206.48 dt=0.101 rate=1.00 paused=True backlog=81.65 edge=237.96 div=-0.00
20:37:47.230 CLOCK hold raw=156.09 prev=156.31 new=156.31 d=+0.000 fr=206.48 dt=0.204 rate=1.00 paused=True backlog=81.16 edge=237.47 div=-0.00
20:37:47.331 CLOCK hold raw=156.09 prev=156.31 new=156.31 d=+0.000 fr=206.48 dt=0.101 rate=1.00 paused=True backlog=81.26 edge=237.57 div=-0.00
20:37:47.432 CLOCK hold raw=156.09 prev=156.31 new=156.31 d=+0.000 fr=206.48 dt=0.101 rate=1.00 paused=True backlog=81.37 edge=237.67 div=-0.00
20:37:47.533 CLOCK hold raw=156.09 prev=156.31 new=156.31 d=+0.000 fr=206.48 dt=0.101 rate=1.00 paused=True backlog=81.47 edge=237.78 div=-0.00
20:37:47.635 CLOCK hold raw=156.09 prev=156.31 new=156.31 d=+0.000 fr=206.48 dt=0.101 rate=1.00 paused=True backlog=81.57 edge=237.88 div=-0.00
20:37:47.736 CLOCK hold raw=156.09 prev=156.31 new=156.31 d=+0.000 fr=206.48 dt=0.101 rate=1.00 paused=True backlog=81.67 edge=237.98 div=-0.00
20:37:47.837 CLOCK hold raw=156.09 prev=156.31 new=156.31 d=+0.000 fr=206.48 dt=0.101 rate=1.00 paused=True backlog=81.77 edge=238.08 div=-0.00
20:37:47.938 CLOCK hold raw=156.09 prev=156.31 new=156.31 d=+0.000 fr=206.48 dt=0.101 rate=1.00 paused=True backlog=81.87 edge=238.18 div=-0.00
20:37:48.040 CLOCK hold raw=156.09 prev=156.31 new=156.31 d=+0.000 fr=206.48 dt=0.101 rate=1.00 paused=True backlog=81.97 edge=238.28 div=-0.00
20:37:48.241 CLOCK hold raw=156.09 prev=156.31 new=156.31 d=+0.000 fr=206.48 dt=0.201 rate=1.00 paused=True backlog=82.17 edge=238.48 div=-0.00
20:37:48.343 CLOCK hold raw=156.09 prev=156.31 new=156.31 d=+0.000 fr=206.48 dt=0.102 rate=1.00 paused=True backlog=82.28 edge=238.59 div=-0.00
20:37:48.445 CLOCK hold raw=156.09 prev=156.31 new=156.31 d=+0.000 fr=206.48 dt=0.101 rate=1.00 paused=True backlog=82.38 edge=238.69 div=-0.00
20:37:48.546 CLOCK hold raw=156.09 prev=156.31 new=156.31 d=+0.000 fr=206.48 dt=0.101 rate=1.00 paused=True backlog=82.48 edge=238.79 div=-0.00
20:37:48.648 CLOCK hold raw=156.09 prev=156.31 new=156.31 d=+0.000 fr=206.48 dt=0.102 rate=1.00 paused=True backlog=82.58 edge=238.89 div=-0.00
20:37:48.750 CLOCK hold raw=156.09 prev=156.31 new=156.31 d=+0.000 fr=206.48 dt=0.102 rate=1.00 paused=True backlog=82.68 edge=238.99 div=-0.00
20:37:48.752 TICK fr=206.48 cc=156.31 raw=156.09 vid=156.09 playing=0 started=1 stall=0 | d_fr_cc=+50.17 d_fr_raw=+50.38 d_cc_raw=+0.22 | off=-0.14 ccx_end=235.67 since_show=0.0 since_cue=3.2 | pcr=236.573 pid=100 head_rel=236.57 ccx_lag=0.91 | credit=206.5 capped=0.0 | fsize=107485804 feed=107485804 feed_behind=0 | backlog=82.68 edge=238.99 div=-0.00 lag_ewma=2.15
20:37:48.854 CLOCK hold raw=156.09 prev=156.31 new=156.31 d=+0.000 fr=206.48 dt=0.104 rate=1.00 paused=True backlog=82.79 edge=239.10 div=-0.00
20:37:48.955 CLOCK hold raw=156.09 prev=156.31 new=156.31 d=+0.000 fr=206.48 dt=0.101 rate=1.00 paused=True backlog=82.89 edge=239.20 div=-0.00
20:37:49.058 CLOCK hold raw=156.09 prev=156.31 new=156.31 d=+0.000 fr=206.48 dt=0.101 rate=1.00 paused=True backlog=82.99 edge=239.30 div=-0.00
20:37:49.160 EDGESNAP err=-2.73 edge->236.57
20:37:49.160 CLOCK hold raw=156.09 prev=156.31 new=156.31 d=+0.000 fr=206.48 dt=0.103 rate=1.00 paused=True backlog=80.37 edge=236.68 div=-0.00
20:37:49.261 CLOCK hold raw=156.09 prev=156.31 new=156.31 d=+0.000 fr=206.48 dt=0.101 rate=1.00 paused=True backlog=80.47 edge=236.78 div=-0.00
20:37:49.362 CLOCK hold raw=156.09 prev=156.31 new=156.31 d=+0.000 fr=206.48 dt=0.101 rate=1.00 paused=True backlog=80.57 edge=236.88 div=-0.00
20:37:49.464 CLOCK hold raw=156.09 prev=156.31 new=156.31 d=+0.000 fr=206.48 dt=0.102 rate=1.00 paused=True backlog=80.67 edge=236.98 div=-0.00
20:37:49.566 CLOCK hold raw=156.09 prev=156.31 new=156.31 d=+0.000 fr=206.48 dt=0.101 rate=1.00 paused=True backlog=80.77 edge=237.08 div=-0.00
20:37:49.669 CLOCK hold raw=156.09 prev=156.31 new=156.31 d=+0.000 fr=206.48 dt=0.103 rate=1.00 paused=True backlog=80.88 edge=237.18 div=-0.00
20:37:49.773 CLOCK hold raw=156.09 prev=156.31 new=156.31 d=+0.000 fr=206.48 dt=0.104 rate=1.00 paused=True backlog=80.98 edge=237.29 div=-0.00
20:37:49.976 CLOCK hold raw=156.09 prev=156.31 new=156.31 d=+0.000 fr=206.48 dt=0.203 rate=1.00 paused=True backlog=81.18 edge=237.49 div=-0.00
20:37:50.078 CLOCK hold raw=156.09 prev=156.31 new=156.31 d=+0.000 fr=206.48 dt=0.102 rate=1.00 paused=True backlog=81.28 edge=237.59 div=-0.00
20:37:50.180 CLOCK hold raw=156.09 prev=156.31 new=156.31 d=+0.000 fr=206.48 dt=0.102 rate=1.00 paused=True backlog=81.39 edge=237.70 div=-0.00
20:37:50.218 EDGESNAP err=+4.92 edge->242.62
20:37:50.219 CUE cx=[235.67..237.37] adv=1.70 el=4.68 fresh | off=-0.14 fr=206.48 cc=156.31 raw=156.09 lead=+80.92 | pcr=242.619 head_rel=242.62 lag_ewma=7.07 | q=You have to try to get a lead / so you can slow down that pa
20:37:50.219 CUE cx=[237.37..238.70] adv=1.34 el=0.04 fresh | off=-0.14 fr=206.48 cc=156.31 raw=156.09 lead=+82.26 | pcr=242.619 head_rel=242.62 lag_ewma=7.07 | q=so you can slow down that pass / rush. Not just the ones or 
20:37:50.422 ANCHOR pend_end=238.70 L=5.96 pinL=3.91 target=0.00 off=-0.14
20:37:50.422 CLOCK hold raw=156.09 prev=156.31 new=156.31 d=+0.000 fr=211.40 dt=0.242 rate=1.00 paused=True backlog=86.55 edge=242.86 div=-0.00
20:37:50.422 CUE cx=[238.71..239.54] adv=0.83 el=0.20 fresh | off=-0.07 fr=211.40 cc=156.31 raw=156.09 lead=+83.16 | pcr=242.619 head_rel=242.62 lag_ewma=5.96 | q=rush. Not just the ones or the / twos, the threes and fours.
20:37:50.423 CUE cx=[239.54..241.01] adv=1.47 el=0.00 fresh | off=-0.07 fr=211.40 cc=156.31 raw=156.09 lead=+84.63 | pcr=242.619 head_rel=242.62 lag_ewma=5.96 | q=twos, the threes and fours. Sam / Williams was an early roun
20:37:50.423 CUE cx=[241.01..242.27] adv=1.27 el=0.00 fresh | off=-0.07 fr=211.40 cc=156.31 raw=156.09 lead=+85.90 | pcr=242.619 head_rel=242.62 lag_ewma=5.96 | q=Williams was an early round / draft pick from not too long /
20:37:50.524 ANCHOR pend_end=242.27 L=4.00 pinL=0.34 target=0.03 off=-0.07
20:37:50.524 CLOCK hold raw=156.09 prev=156.31 new=156.31 d=+0.000 fr=211.40 dt=0.102 rate=1.00 paused=True backlog=86.44 edge=242.75 div=-0.00
20:37:50.626 CLOCK hold raw=156.09 prev=156.31 new=156.31 d=+0.000 fr=211.40 dt=0.101 rate=1.00 paused=True backlog=86.54 edge=242.85 div=-0.00
20:37:50.727 CLOCK hold raw=156.09 prev=156.31 new=156.31 d=+0.000 fr=211.80 dt=0.101 rate=1.00 paused=True backlog=86.64 edge=242.95 div=-0.00
20:37:50.829 CLOCK hold raw=156.09 prev=156.31 new=156.31 d=+0.000 fr=211.80 dt=0.102 rate=1.00 paused=True backlog=86.75 edge=243.05 div=-0.00
20:37:50.930 CLOCK hold raw=156.09 prev=156.31 new=156.31 d=+0.000 fr=211.80 dt=0.101 rate=1.00 paused=True backlog=86.85 edge=243.16 div=-0.00
20:37:51.032 CLOCK hold raw=156.09 prev=156.31 new=156.31 d=+0.000 fr=211.80 dt=0.101 rate=1.00 paused=True backlog=86.95 edge=243.26 div=-0.00
20:37:51.149 CLOCK hold raw=156.09 prev=156.31 new=156.31 d=+0.000 fr=211.80 dt=0.118 rate=1.00 paused=True backlog=87.73 edge=244.04 div=-0.00
20:37:51.251 CLOCK hold raw=156.09 prev=156.31 new=156.31 d=+0.000 fr=211.80 dt=0.102 rate=1.00 paused=True backlog=87.83 edge=244.14 div=-0.00
20:37:51.353 CLOCK hold raw=156.09 prev=156.31 new=156.31 d=+0.000 fr=211.80 dt=0.101 rate=1.00 paused=True backlog=87.93 edge=244.24 div=-0.00
20:37:51.454 CLOCK hold raw=156.09 prev=156.31 new=156.31 d=+0.000 fr=211.80 dt=0.102 rate=1.00 paused=True backlog=88.03 edge=244.34 div=-0.00
20:37:51.556 CLOCK hold raw=156.09 prev=156.31 new=156.31 d=+0.000 fr=211.80 dt=0.102 rate=1.00 paused=True backlog=88.13 edge=244.44 div=-0.00
20:37:51.658 CLOCK hold raw=156.09 prev=156.31 new=156.31 d=+0.000 fr=211.80 dt=0.102 rate=1.00 paused=True backlog=88.24 edge=244.55 div=-0.00
20:37:51.759 CLOCK hold raw=156.09 prev=156.31 new=156.31 d=+0.000 fr=211.80 dt=0.101 rate=1.00 paused=True backlog=88.34 edge=244.65 div=-0.00
20:37:51.860 CLOCK hold raw=156.09 prev=156.31 new=156.31 d=+0.000 fr=211.80 dt=0.102 rate=1.00 paused=True backlog=88.44 edge=244.75 div=-0.00
20:37:51.962 CLOCK hold raw=156.09 prev=156.31 new=156.31 d=+0.000 fr=211.80 dt=0.102 rate=1.00 paused=True backlog=88.54 edge=244.85 div=-0.00
20:37:52.164 CLOCK hold raw=156.09 prev=156.31 new=156.31 d=+0.000 fr=211.80 dt=0.202 rate=1.00 paused=True backlog=88.74 edge=245.05 div=-0.00
20:37:52.266 CLOCK hold raw=156.09 prev=156.31 new=156.31 d=+0.000 fr=211.80 dt=0.101 rate=1.00 paused=True backlog=88.84 edge=245.15 div=-0.00
20:37:52.368 CLOCK hold raw=156.09 prev=156.31 new=156.31 d=+0.000 fr=211.80 dt=0.102 rate=1.00 paused=True backlog=88.95 edge=245.26 div=-0.00
20:37:52.470 CLOCK hold raw=156.09 prev=156.31 new=156.31 d=+0.000 fr=211.80 dt=0.103 rate=1.00 paused=True backlog=89.05 edge=245.36 div=-0.00
20:37:52.571 CLOCK hold raw=156.09 prev=156.31 new=156.31 d=+0.000 fr=211.80 dt=0.101 rate=1.00 paused=True backlog=89.15 edge=245.46 div=-0.00
20:37:52.673 CLOCK hold raw=156.09 prev=156.31 new=156.31 d=+0.000 fr=211.80 dt=0.101 rate=1.00 paused=True backlog=89.25 edge=245.56 div=-0.00
20:37:52.774 CLOCK hold raw=156.09 prev=156.31 new=156.31 d=+0.000 fr=211.80 dt=0.101 rate=1.00 paused=True backlog=89.35 edge=245.66 div=-0.00
20:37:52.875 CLOCK hold raw=156.09 prev=156.31 new=156.31 d=+0.000 fr=211.80 dt=0.101 rate=1.00 paused=True backlog=89.45 edge=245.76 div=-0.00
20:37:52.976 CLOCK hold raw=156.09 prev=156.31 new=156.31 d=+0.000 fr=211.80 dt=0.101 rate=1.00 paused=True backlog=89.56 edge=245.86 div=-0.00
20:37:53.181 CLOCK hold raw=156.09 prev=156.31 new=156.31 d=+0.000 fr=211.80 dt=0.204 rate=1.00 paused=True backlog=89.12 edge=245.43 div=-0.00
20:37:53.282 CLOCK hold raw=156.09 prev=156.31 new=156.31 d=+0.000 fr=211.80 dt=0.102 rate=1.00 paused=True backlog=89.22 edge=245.53 div=-0.00
20:37:53.383 CLOCK hold raw=156.09 prev=156.31 new=156.31 d=+0.000 fr=211.80 dt=0.101 rate=1.00 paused=True backlog=89.32 edge=245.63 div=-0.00
20:37:53.484 CLOCK hold raw=156.09 prev=156.31 new=156.31 d=+0.000 fr=211.80 dt=0.101 rate=1.00 paused=True backlog=89.42 edge=245.73 div=-0.00
20:37:53.586 CLOCK hold raw=156.09 prev=156.31 new=156.31 d=+0.000 fr=211.80 dt=0.102 rate=1.00 paused=True backlog=89.52 edge=245.83 div=-0.00
20:37:53.687 CLOCK hold raw=156.09 prev=156.31 new=156.31 d=+0.000 fr=211.80 dt=0.101 rate=1.00 paused=True backlog=89.62 edge=245.93 div=-0.00
20:37:53.789 TICK fr=211.80 cc=156.31 raw=156.09 vid=156.09 playing=0 started=1 stall=0 | d_fr_cc=+55.49 d_fr_raw=+55.71 d_cc_raw=+0.22 | off=-0.02 ccx_end=242.27 since_show=0.1 since_cue=3.4 | pcr=244.583 pid=100 head_rel=244.58 ccx_lag=2.31 | credit=211.8 capped=0.0 | fsize=110703048 feed=110703048 feed_behind=0 | backlog=89.62 edge=245.93 div=-0.00 lag_ewma=4.00
20:37:53.789 CLOCK hold raw=156.09 prev=156.31 new=156.31 d=+0.000 fr=211.80 dt=0.102 rate=1.00 paused=True backlog=89.73 edge=246.04 div=-0.00
20:37:53.890 CLOCK hold raw=156.09 prev=156.31 new=156.31 d=+0.000 fr=211.80 dt=0.101 rate=1.00 paused=True backlog=89.83 edge=246.14 div=-0.00
20:37:53.992 CLOCK hold raw=156.09 prev=156.31 new=156.31 d=+0.000 fr=211.80 dt=0.101 rate=1.00 paused=True backlog=89.93 edge=246.24 div=-0.00
20:37:54.093 CLOCK hold raw=156.09 prev=156.31 new=156.31 d=+0.000 fr=211.80 dt=0.101 rate=1.00 paused=True backlog=90.03 edge=246.34 div=-0.00
20:37:54.194 CLOCK hold raw=156.09 prev=156.31 new=156.31 d=+0.000 fr=211.80 dt=0.101 rate=1.00 paused=True backlog=90.13 edge=246.44 div=-0.00
20:37:54.295 CLOCK hold raw=156.09 prev=156.31 new=156.31 d=+0.000 fr=211.80 dt=0.101 rate=1.00 paused=True backlog=90.23 edge=246.54 div=-0.00
20:37:54.397 CLOCK hold raw=156.09 prev=156.31 new=156.31 d=+0.000 fr=211.80 dt=0.101 rate=1.00 paused=True backlog=90.33 edge=246.64 div=-0.00
20:37:54.499 CLOCK hold raw=156.09 prev=156.31 new=156.31 d=+0.000 fr=211.80 dt=0.102 rate=1.00 paused=True backlog=90.44 edge=246.75 div=-0.00
20:37:54.601 CLOCK hold raw=156.09 prev=156.31 new=156.31 d=+0.000 fr=211.80 dt=0.102 rate=1.00 paused=True backlog=90.54 edge=246.85 div=-0.00
20:37:54.804 CLOCK hold raw=156.09 prev=156.31 new=156.31 d=+0.000 fr=211.80 dt=0.204 rate=1.00 paused=True backlog=90.74 edge=247.05 div=-0.00
20:37:54.907 CLOCK hold raw=156.09 prev=156.31 new=156.31 d=+0.000 fr=211.80 dt=0.103 rate=1.00 paused=True backlog=90.84 edge=247.15 div=-0.00
20:37:55.009 CLOCK hold raw=156.09 prev=156.31 new=156.31 d=+0.000 fr=211.80 dt=0.103 rate=1.00 paused=True backlog=90.95 edge=247.26 div=-0.00
20:37:55.112 CLOCK hold raw=156.09 prev=156.31 new=156.31 d=+0.000 fr=211.80 dt=0.102 rate=1.00 paused=True backlog=91.05 edge=247.36 div=-0.00
20:37:55.259 CUE cx=[242.28..244.84] adv=2.57 el=4.84 fresh | off=-0.02 fr=216.23 cc=156.31 raw=156.09 lead=+88.51 | pcr=248.446 head_rel=248.45 lag_ewma=4.00 | q=draft pick from not too long / ago. He's fighting for his / 
20:37:55.260 CUE cx=[244.84..246.61] adv=1.77 el=0.00 fresh | off=-0.02 fr=216.23 cc=156.31 raw=156.09 lead=+90.28 | pcr=248.446 head_rel=248.45 lag_ewma=4.00 | q=ago. He's fighting for his / roster spot. So this Cowboys / 
20:37:55.260 CUE cx=[246.61..248.01] adv=1.40 el=0.00 fresh | off=-0.02 fr=216.23 cc=156.31 raw=156.09 lead=+91.68 | pcr=248.446 head_rel=248.45 lag_ewma=4.00 | q=roster spot. So this Cowboys / D-line is is is going to be /
20:37:55.362 ANCHOR pend_end=248.01 L=2.75 pinL=0.43 target=-0.07 off=-0.02
20:37:55.363 CLOCK hold raw=156.09 prev=156.31 new=156.31 d=+0.000 fr=216.23 dt=0.251 rate=1.00 paused=True backlog=92.32 edge=248.63 div=-0.00
20:37:55.465 CLOCK hold raw=156.09 prev=156.31 new=156.31 d=+0.000 fr=216.23 dt=0.102 rate=1.00 paused=True backlog=92.42 edge=248.73 div=-0.00
20:37:55.567 CLOCK hold raw=156.09 prev=156.31 new=156.31 d=+0.000 fr=216.23 dt=0.102 rate=1.00 paused=True backlog=92.52 edge=248.83 div=-0.00
20:37:55.670 CLOCK hold raw=156.09 prev=156.31 new=156.31 d=+0.000 fr=216.64 dt=0.103 rate=1.00 paused=True backlog=92.63 edge=248.93 div=-0.00
20:37:55.774 CLOCK hold raw=156.09 prev=156.31 new=156.31 d=+0.000 fr=216.64 dt=0.103 rate=1.00 paused=True backlog=92.73 edge=249.04 div=-0.00
20:37:55.875 CLOCK hold raw=156.09 prev=156.31 new=156.31 d=+0.000 fr=216.64 dt=0.103 rate=1.00 paused=True backlog=92.83 edge=249.14 div=-0.00
20:37:55.978 CLOCK hold raw=156.09 prev=156.31 new=156.31 d=+0.000 fr=216.64 dt=0.103 rate=1.00 paused=True backlog=92.93 edge=249.24 div=-0.00
20:37:56.080 CLOCK hold raw=156.09 prev=156.31 new=156.31 d=+0.000 fr=216.64 dt=0.102 rate=1.00 paused=True backlog=93.04 edge=249.35 div=-0.00
20:37:56.182 CLOCK hold raw=156.09 prev=156.31 new=156.31 d=+0.000 fr=216.64 dt=0.102 rate=1.00 paused=True backlog=93.14 edge=249.45 div=-0.00
20:37:56.285 CLOCK hold raw=156.09 prev=156.31 new=156.31 d=+0.000 fr=216.64 dt=0.102 rate=1.00 paused=True backlog=93.24 edge=249.55 div=-0.00
20:37:56.386 CLOCK hold raw=156.09 prev=156.31 new=156.31 d=+0.000 fr=216.64 dt=0.101 rate=1.00 paused=True backlog=93.34 edge=249.65 div=-0.00
20:37:56.487 CLOCK hold raw=156.09 prev=156.31 new=156.31 d=+0.000 fr=216.64 dt=0.101 rate=1.00 paused=True backlog=93.44 edge=249.75 div=-0.00
20:37:56.588 CLOCK hold raw=156.09 prev=156.31 new=156.31 d=+0.000 fr=216.64 dt=0.101 rate=1.00 paused=True backlog=93.54 edge=249.85 div=-0.00
20:37:56.689 CLOCK hold raw=156.09 prev=156.31 new=156.31 d=+0.000 fr=216.64 dt=0.101 rate=1.00 paused=True backlog=93.65 edge=249.95 div=-0.00
20:37:56.791 CLOCK hold raw=156.09 prev=156.31 new=156.31 d=+0.000 fr=216.64 dt=0.102 rate=1.00 paused=True backlog=93.75 edge=250.06 div=-0.00
20:37:56.992 CLOCK hold raw=156.09 prev=156.31 new=156.31 d=+0.000 fr=216.64 dt=0.201 rate=1.00 paused=True backlog=93.95 edge=250.26 div=-0.00
20:37:57.094 CLOCK hold raw=156.09 prev=156.31 new=156.31 d=+0.000 fr=216.64 dt=0.101 rate=1.00 paused=True backlog=94.05 edge=250.36 div=-0.00
20:37:57.215 CLOCK hold raw=156.09 prev=156.31 new=156.31 d=+0.000 fr=216.64 dt=0.122 rate=1.00 paused=True backlog=93.28 edge=249.59 div=-0.00
20:37:57.318 CLOCK hold raw=156.09 prev=156.31 new=156.31 d=+0.000 fr=216.64 dt=0.102 rate=1.00 paused=True backlog=93.39 edge=249.70 div=-0.00
20:37:57.419 CLOCK hold raw=156.09 prev=156.31 new=156.31 d=+0.000 fr=216.64 dt=0.101 rate=1.00 paused=True backlog=93.49 edge=249.80 div=-0.00
20:37:57.520 CLOCK hold raw=156.09 prev=156.31 new=156.31 d=+0.000 fr=216.64 dt=0.101 rate=1.00 paused=True backlog=93.59 edge=249.90 div=-0.00
20:37:57.621 CLOCK hold raw=156.09 prev=156.31 new=156.31 d=+0.000 fr=216.64 dt=0.102 rate=1.00 paused=True backlog=93.69 edge=250.00 div=-0.00
20:37:57.723 CLOCK hold raw=156.09 prev=156.31 new=156.31 d=+0.000 fr=216.64 dt=0.102 rate=1.00 paused=True backlog=93.79 edge=250.10 div=-0.00
20:37:57.824 CLOCK hold raw=156.09 prev=156.31 new=156.31 d=+0.000 fr=216.64 dt=0.101 rate=1.00 paused=True backlog=93.89 edge=250.20 div=-0.00
20:37:57.925 CLOCK hold raw=156.09 prev=156.31 new=156.31 d=+0.000 fr=216.64 dt=0.102 rate=1.00 paused=True backlog=93.99 edge=250.30 div=-0.00
20:37:58.026 CLOCK hold raw=156.09 prev=156.31 new=156.31 d=+0.000 fr=216.64 dt=0.101 rate=1.00 paused=True backlog=94.10 edge=250.41 div=-0.00
20:37:58.128 CLOCK hold raw=156.09 prev=156.31 new=156.31 d=+0.000 fr=216.64 dt=0.101 rate=1.00 paused=True backlog=94.20 edge=250.51 div=-0.00
20:37:58.229 CLOCK hold raw=156.09 prev=156.31 new=156.31 d=+0.000 fr=216.64 dt=0.101 rate=1.00 paused=True backlog=94.30 edge=250.61 div=-0.00
20:37:58.330 CLOCK hold raw=156.09 prev=156.31 new=156.31 d=+0.000 fr=216.64 dt=0.101 rate=1.00 paused=True backlog=94.40 edge=250.71 div=-0.00
20:37:58.533 CLOCK hold raw=156.09 prev=156.31 new=156.31 d=+0.000 fr=216.64 dt=0.203 rate=1.00 paused=True backlog=94.60 edge=250.91 div=-0.00
20:37:58.638 CLOCK hold raw=156.09 prev=156.31 new=156.31 d=+0.000 fr=216.64 dt=0.104 rate=1.00 paused=True backlog=94.71 edge=251.01 div=-0.00
20:37:58.740 CLOCK hold raw=156.09 prev=156.31 new=156.31 d=+0.000 fr=216.64 dt=0.103 rate=1.00 paused=True backlog=94.81 edge=251.12 div=-0.00
20:37:58.743 TICK fr=216.64 cc=156.31 raw=156.09 vid=156.09 playing=0 started=1 stall=0 | d_fr_cc=+60.34 d_fr_raw=+60.55 d_cc_raw=+0.22 | off=-0.04 ccx_end=248.01 since_show=0.0 since_cue=3.5 | pcr=248.586 pid=100 head_rel=248.59 ccx_lag=0.57 | credit=216.6 capped=0.0 | fsize=112576092 feed=112576092 feed_behind=0 | backlog=94.81 edge=251.12 div=-0.00 lag_ewma=2.75
20:37:58.845 CLOCK hold raw=156.09 prev=156.31 new=156.31 d=+0.000 fr=216.64 dt=0.105 rate=1.00 paused=True backlog=94.91 edge=251.22 div=-0.00
20:37:58.947 CLOCK hold raw=156.09 prev=156.31 new=156.31 d=+0.000 fr=216.64 dt=0.102 rate=1.00 paused=True backlog=95.02 edge=251.33 div=-0.00
20:37:59.048 CLOCK hold raw=156.09 prev=156.31 new=156.31 d=+0.000 fr=216.64 dt=0.102 rate=1.00 paused=True backlog=95.12 edge=251.43 div=-0.00
20:37:59.151 EDGESNAP err=-2.84 edge->248.59
20:37:59.152 CLOCK hold raw=156.09 prev=156.31 new=156.31 d=+0.000 fr=216.64 dt=0.104 rate=1.00 paused=True backlog=92.38 edge=248.69 div=-0.00
20:37:59.254 CLOCK hold raw=156.09 prev=156.31 new=156.31 d=+0.000 fr=216.64 dt=0.102 rate=1.00 paused=True backlog=92.48 edge=248.79 div=-0.00
20:37:59.355 CLOCK hold raw=156.09 prev=156.31 new=156.31 d=+0.000 fr=216.64 dt=0.101 rate=1.00 paused=True backlog=92.58 edge=248.89 div=-0.00
20:37:59.456 CLOCK hold raw=156.09 prev=156.31 new=156.31 d=+0.000 fr=216.64 dt=0.101 rate=1.00 paused=True backlog=92.68 edge=248.99 div=-0.00
20:37:59.558 CLOCK hold raw=156.09 prev=156.31 new=156.31 d=+0.000 fr=216.64 dt=0.101 rate=1.00 paused=True backlog=92.79 edge=249.09 div=-0.00
20:37:59.659 CLOCK hold raw=156.09 prev=156.31 new=156.31 d=+0.000 fr=216.64 dt=0.101 rate=1.00 paused=True backlog=92.89 edge=249.20 div=-0.00
20:37:59.760 CLOCK hold raw=156.09 prev=156.31 new=156.31 d=+0.000 fr=216.64 dt=0.101 rate=1.00 paused=True backlog=92.99 edge=249.30 div=-0.00
20:37:59.862 CLOCK hold raw=156.09 prev=156.31 new=156.31 d=+0.000 fr=216.64 dt=0.101 rate=1.00 paused=True backlog=93.09 edge=249.40 div=-0.00
20:38:00.063 CLOCK hold raw=156.09 prev=156.31 new=156.31 d=+0.000 fr=216.64 dt=0.202 rate=1.00 paused=True backlog=93.29 edge=249.60 div=-0.00
20:38:00.165 CLOCK hold raw=156.09 prev=156.31 new=156.31 d=+0.000 fr=221.14 dt=0.101 rate=1.00 paused=True backlog=93.39 edge=249.70 div=-0.00
20:38:00.267 CLOCK hold raw=156.09 prev=156.31 new=156.31 d=+0.000 fr=221.14 dt=0.102 rate=1.00 paused=True backlog=93.49 edge=249.80 div=-0.00
20:38:00.369 CLOCK hold raw=156.09 prev=156.31 new=156.31 d=+0.000 fr=221.14 dt=0.102 rate=1.00 paused=True backlog=93.60 edge=249.91 div=-0.00
20:38:00.471 CLOCK hold raw=156.09 prev=156.31 new=156.31 d=+0.000 fr=221.14 dt=0.102 rate=1.00 paused=True backlog=93.70 edge=250.01 div=-0.00
20:38:00.573 CLOCK hold raw=156.09 prev=156.31 new=156.31 d=+0.000 fr=221.14 dt=0.103 rate=1.00 paused=True backlog=93.80 edge=250.11 div=-0.00
20:38:00.674 CLOCK hold raw=156.09 prev=156.31 new=156.31 d=+0.000 fr=221.14 dt=0.102 rate=1.00 paused=True backlog=93.90 edge=250.21 div=-0.00
20:38:00.776 CLOCK hold raw=156.09 prev=156.31 new=156.31 d=+0.000 fr=221.14 dt=0.101 rate=1.00 paused=True backlog=94.00 edge=250.31 div=-0.00
20:38:00.877 CLOCK hold raw=156.09 prev=156.31 new=156.31 d=+0.000 fr=221.14 dt=0.101 rate=1.00 paused=True backlog=94.10 edge=250.41 div=-0.00
20:38:00.978 CLOCK hold raw=156.09 prev=156.31 new=156.31 d=+0.000 fr=221.14 dt=0.102 rate=1.00 paused=True backlog=94.21 edge=250.52 div=-0.00
20:38:01.080 CLOCK hold raw=156.09 prev=156.31 new=156.31 d=+0.000 fr=221.14 dt=0.101 rate=1.00 paused=True backlog=94.31 edge=250.62 div=-0.00
20:38:01.217 CLOCK hold raw=156.09 prev=156.31 new=156.31 d=+0.000 fr=221.14 dt=0.137 rate=1.00 paused=True backlog=95.53 edge=251.84 div=-0.00
20:38:01.219 CUE cx=[248.01..251.32] adv=3.30 el=5.96 fresh | off=-0.04 fr=222.30 cc=156.31 raw=156.09 lead=+94.96 | pcr=252.797 head_rel=252.80 lag_ewma=2.75 | q=D-line is is is going to be / special. A great litmus test /
20:38:01.321 ANCHOR pend_end=251.32 L=2.30 pinL=1.48 target=-0.48 off=-0.04
20:38:01.321 CLOCK hold raw=156.09 prev=156.31 new=156.31 d=+0.000 fr=222.30 dt=0.104 rate=1.00 paused=True backlog=96.11 edge=252.42 div=-0.00
20:38:01.422 CLOCK hold raw=156.09 prev=156.31 new=156.31 d=+0.000 fr=222.30 dt=0.102 rate=1.00 paused=True backlog=96.22 edge=252.53 div=-0.00
20:38:01.524 CLOCK hold raw=156.09 prev=156.31 new=156.31 d=+0.000 fr=222.30 dt=0.102 rate=1.00 paused=True backlog=96.32 edge=252.63 div=-0.00
20:38:01.625 CLOCK hold raw=156.09 prev=156.31 new=156.31 d=+0.000 fr=222.30 dt=0.101 rate=1.00 paused=True backlog=96.42 edge=252.73 div=-0.00
20:38:01.727 CLOCK hold raw=156.09 prev=156.31 new=156.31 d=+0.000 fr=222.30 dt=0.102 rate=1.00 paused=True backlog=96.52 edge=252.83 div=-0.00
20:38:01.829 CLOCK hold raw=156.09 prev=156.31 new=156.31 d=+0.000 fr=222.30 dt=0.101 rate=1.00 paused=True backlog=96.62 edge=252.93 div=-0.00
20:38:02.030 CLOCK hold raw=156.09 prev=156.31 new=156.31 d=+0.000 fr=222.30 dt=0.202 rate=1.00 paused=True backlog=96.82 edge=253.13 div=-0.00
20:38:02.132 CLOCK hold raw=156.09 prev=156.31 new=156.31 d=+0.000 fr=222.30 dt=0.102 rate=1.00 paused=True backlog=96.93 edge=253.23 div=-0.00
20:38:02.233 CLOCK hold raw=156.09 prev=156.31 new=156.31 d=+0.000 fr=222.30 dt=0.101 rate=1.00 paused=True backlog=97.03 edge=253.34 div=-0.00
20:38:02.335 CLOCK hold raw=156.09 prev=156.31 new=156.31 d=+0.000 fr=222.30 dt=0.102 rate=1.00 paused=True backlog=97.13 edge=253.44 div=-0.00
20:38:02.437 CLOCK hold raw=156.09 prev=156.31 new=156.31 d=+0.000 fr=222.30 dt=0.101 rate=1.00 paused=True backlog=97.23 edge=253.54 div=-0.00
20:38:02.538 CLOCK hold raw=156.09 prev=156.31 new=156.31 d=+0.000 fr=222.30 dt=0.102 rate=1.00 paused=True backlog=97.33 edge=253.64 div=-0.00
20:38:02.640 CLOCK hold raw=156.09 prev=156.31 new=156.31 d=+0.000 fr=222.30 dt=0.101 rate=1.00 paused=True backlog=97.43 edge=253.74 div=-0.00
20:38:02.741 CLOCK hold raw=156.09 prev=156.31 new=156.31 d=+0.000 fr=222.30 dt=0.101 rate=1.00 paused=True backlog=97.53 edge=253.84 div=-0.00
20:38:02.842 CLOCK hold raw=156.09 prev=156.31 new=156.31 d=+0.000 fr=222.30 dt=0.101 rate=1.00 paused=True backlog=97.64 edge=253.94 div=-0.00
20:38:02.943 CLOCK hold raw=156.09 prev=156.31 new=156.31 d=+0.000 fr=222.30 dt=0.101 rate=1.00 paused=True backlog=97.74 edge=254.05 div=-0.00
20:38:03.044 CLOCK hold raw=156.09 prev=156.31 new=156.31 d=+0.000 fr=222.30 dt=0.101 rate=1.00 paused=True backlog=97.84 edge=254.15 div=-0.00
20:38:03.148 CLOCK hold raw=156.09 prev=156.31 new=156.31 d=+0.000 fr=222.30 dt=0.103 rate=1.00 paused=True backlog=97.27 edge=253.57 div=-0.00
20:38:03.249 CLOCK hold raw=156.09 prev=156.31 new=156.31 d=+0.000 fr=222.30 dt=0.101 rate=1.00 paused=True backlog=97.37 edge=253.68 div=-0.00
20:38:03.451 CLOCK hold raw=156.09 prev=156.31 new=156.31 d=+0.000 fr=222.30 dt=0.202 rate=1.00 paused=True backlog=97.57 edge=253.88 div=-0.00
20:38:03.552 CLOCK hold raw=156.09 prev=156.31 new=156.31 d=+0.000 fr=222.30 dt=0.102 rate=1.00 paused=True backlog=97.67 edge=253.98 div=-0.00
20:38:03.654 CLOCK hold raw=156.09 prev=156.31 new=156.31 d=+0.000 fr=222.30 dt=0.101 rate=1.00 paused=True backlog=97.77 edge=254.08 div=-0.00
20:38:03.755 CLOCK hold raw=156.09 prev=156.31 new=156.31 d=+0.000 fr=222.30 dt=0.101 rate=1.00 paused=True backlog=97.87 edge=254.18 div=-0.00
20:38:03.756 TICK fr=222.30 cc=156.31 raw=156.09 vid=156.09 playing=0 started=1 stall=0 | d_fr_cc=+65.99 d_fr_raw=+66.20 d_cc_raw=+0.22 | off=-0.26 ccx_end=251.32 since_show=0.0 since_cue=2.5 | pcr=252.797 pid=100 head_rel=252.80 ccx_lag=1.48 | credit=222.3 capped=0.0 | fsize=114768736 feed=114768736 feed_behind=0 | backlog=97.87 edge=254.18 div=-0.00 lag_ewma=2.30
20:38:03.857 CLOCK hold raw=156.09 prev=156.31 new=156.31 d=+0.000 fr=222.30 dt=0.102 rate=1.00 paused=True backlog=97.98 edge=254.28 div=-0.00
20:38:03.958 CLOCK hold raw=156.09 prev=156.31 new=156.31 d=+0.000 fr=222.30 dt=0.101 rate=1.00 paused=True backlog=98.08 edge=254.39 div=-0.00
20:38:04.060 CLOCK hold raw=156.09 prev=156.31 new=156.31 d=+0.000 fr=222.30 dt=0.101 rate=1.00 paused=True backlog=98.18 edge=254.49 div=-0.00
20:38:04.161 CLOCK hold raw=156.09 prev=156.31 new=156.31 d=+0.000 fr=222.30 dt=0.102 rate=1.00 paused=True backlog=98.28 edge=254.59 div=-0.00
20:38:04.262 CLOCK hold raw=156.09 prev=156.31 new=156.31 d=+0.000 fr=222.30 dt=0.101 rate=1.00 paused=True backlog=98.38 edge=254.69 div=-0.00
20:38:04.365 CLOCK hold raw=156.09 prev=156.31 new=156.31 d=+0.000 fr=222.30 dt=0.102 rate=1.00 paused=True backlog=98.48 edge=254.79 div=-0.00
20:38:04.467 CLOCK hold raw=156.09 prev=156.31 new=156.31 d=+0.000 fr=222.30 dt=0.103 rate=1.00 paused=True backlog=98.58 edge=254.89 div=-0.00
20:38:04.569 CLOCK hold raw=156.09 prev=156.31 new=156.31 d=+0.000 fr=222.30 dt=0.102 rate=1.00 paused=True backlog=98.69 edge=255.00 div=-0.00
20:38:04.670 CLOCK hold raw=156.09 prev=156.31 new=156.31 d=+0.000 fr=222.30 dt=0.102 rate=1.00 paused=True backlog=98.79 edge=255.10 div=-0.00
20:38:04.873 CLOCK hold raw=156.09 prev=156.31 new=156.31 d=+0.000 fr=222.30 dt=0.202 rate=1.00 paused=True backlog=98.99 edge=255.30 div=-0.00
20:38:04.974 CLOCK hold raw=156.09 prev=156.31 new=156.31 d=+0.000 fr=222.30 dt=0.101 rate=1.00 paused=True backlog=99.09 edge=255.40 div=-0.00
20:38:05.075 CLOCK hold raw=156.09 prev=156.31 new=156.31 d=+0.000 fr=222.30 dt=0.101 rate=1.00 paused=True backlog=99.19 edge=255.50 div=-0.00
20:38:05.077 EDGESNAP err=-2.71 edge->252.80
20:38:05.178 CLOCK hold raw=156.09 prev=156.31 new=156.31 d=+0.000 fr=222.30 dt=0.103 rate=1.00 paused=True backlog=96.59 edge=252.90 div=-0.00
20:38:05.279 CLOCK hold raw=156.09 prev=156.31 new=156.31 d=+0.000 fr=222.30 dt=0.101 rate=1.00 paused=True backlog=96.69 edge=253.00 div=-0.00
20:38:05.381 CLOCK hold raw=156.09 prev=156.31 new=156.31 d=+0.000 fr=222.30 dt=0.102 rate=1.00 paused=True backlog=96.79 edge=253.10 div=-0.00
20:38:05.482 CLOCK hold raw=156.09 prev=156.31 new=156.31 d=+0.000 fr=222.30 dt=0.101 rate=1.00 paused=True backlog=96.89 edge=253.20 div=-0.00
20:38:05.584 CLOCK hold raw=156.09 prev=156.31 new=156.31 d=+0.000 fr=222.30 dt=0.101 rate=1.00 paused=True backlog=96.99 edge=253.30 div=-0.00
20:38:05.686 CLOCK hold raw=156.09 prev=156.31 new=156.31 d=+0.000 fr=222.30 dt=0.103 rate=1.00 paused=True backlog=97.10 edge=253.41 div=-0.00
20:38:05.787 CLOCK hold raw=156.09 prev=156.31 new=156.31 d=+0.000 fr=222.30 dt=0.101 rate=1.00 paused=True backlog=97.20 edge=253.51 div=-0.00
20:38:05.889 CLOCK hold raw=156.09 prev=156.31 new=156.31 d=+0.000 fr=222.30 dt=0.102 rate=1.00 paused=True backlog=97.30 edge=253.61 div=-0.00
20:38:05.990 CLOCK hold raw=156.09 prev=156.31 new=156.31 d=+0.000 fr=222.30 dt=0.101 rate=1.00 paused=True backlog=97.40 edge=253.71 div=-0.00
20:38:06.093 CLOCK hold raw=156.09 prev=156.31 new=156.31 d=+0.000 fr=227.17 dt=0.103 rate=1.00 paused=True backlog=97.50 edge=253.81 div=-0.00
20:38:06.349 EDGESNAP err=+5.58 edge->259.40
20:38:06.350 CUE cx=[251.32..254.99] adv=3.67 el=5.08 fresh | off=-0.26 fr=227.17 cc=156.31 raw=156.09 lead=+98.42 | pcr=259.398 head_rel=259.40 lag_ewma=7.89 | q=special. A great litmus test / for Arizona offensive line. /
20:38:06.351 ANCHOR pend_end=254.99 L=6.67 pinL=4.41 target=0.00 off=-0.26
20:38:06.351 CLOCK hold raw=156.09 prev=156.31 new=156.31 d=+0.000 fr=227.17 dt=0.258 rate=1.00 paused=True backlog=103.35 edge=259.66 div=-0.00
20:38:06.454 CLOCK hold raw=156.09 prev=156.31 new=156.31 d=+0.000 fr=227.17 dt=0.102 rate=1.00 paused=True backlog=103.45 edge=259.76 div=-0.00
20:38:06.556 CLOCK hold raw=156.09 prev=156.31 new=156.31 d=+0.000 fr=227.63 dt=0.102 rate=1.00 paused=True backlog=103.55 edge=259.86 div=-0.00
20:38:06.658 CLOCK hold raw=156.09 prev=156.31 new=156.31 d=+0.000 fr=227.63 dt=0.102 rate=1.00 paused=True backlog=103.65 edge=259.96 div=-0.00
20:38:06.760 CUE cx=[254.99..257.06] adv=2.07 el=0.46 fresh | off=-0.13 fr=227.63 cc=156.31 raw=156.09 lead=+100.62 | pcr=259.398 head_rel=259.40 lag_ewma=6.67 | q=for Arizona offensive line. / Second and 14 draw. Here it is
20:38:06.761 ANCHOR pend_end=257.06 L=5.16 pinL=2.34 target=0.28 off=-0.13
20:38:06.761 CLOCK hold raw=156.09 prev=156.31 new=156.31 d=+0.000 fr=227.63 dt=0.104 rate=1.00 paused=True backlog=103.47 edge=259.78 div=-0.00
20:38:06.862 CLOCK hold raw=156.09 prev=156.31 new=156.31 d=+0.000 fr=227.63 dt=0.101 rate=1.00 paused=True backlog=103.58 edge=259.88 div=-0.00
20:38:06.964 CLOCK hold raw=156.09 prev=156.31 new=156.31 d=+0.000 fr=227.63 dt=0.102 rate=1.00 paused=True backlog=103.68 edge=259.99 div=-0.00
20:38:07.069 CLOCK hold raw=156.09 prev=156.31 new=156.31 d=+0.000 fr=227.63 dt=0.105 rate=1.00 paused=True backlog=103.49 edge=259.80 div=-0.00
20:38:07.271 CLOCK hold raw=156.09 prev=156.31 new=156.31 d=+0.000 fr=227.63 dt=0.202 rate=1.00 paused=True backlog=103.69 edge=260.00 div=-0.00
20:38:07.373 CLOCK hold raw=156.09 prev=156.31 new=156.31 d=+0.000 fr=227.63 dt=0.101 rate=1.00 paused=True backlog=103.79 edge=260.10 div=-0.00
20:38:07.474 CLOCK hold raw=156.09 prev=156.31 new=156.31 d=+0.000 fr=227.63 dt=0.101 rate=1.00 paused=True backlog=103.89 edge=260.20 div=-0.00
20:38:07.575 CLOCK hold raw=156.09 prev=156.31 new=156.31 d=+0.000 fr=227.63 dt=0.101 rate=1.00 paused=True backlog=103.99 edge=260.30 div=-0.00
20:38:07.676 CLOCK hold raw=156.09 prev=156.31 new=156.31 d=+0.000 fr=227.63 dt=0.101 rate=1.00 paused=True backlog=104.09 edge=260.40 div=-0.00
20:38:07.778 CLOCK hold raw=156.09 prev=156.31 new=156.31 d=+0.000 fr=227.63 dt=0.101 rate=1.00 paused=True backlog=104.20 edge=260.51 div=-0.00
20:38:07.879 CLOCK hold raw=156.09 prev=156.31 new=156.31 d=+0.000 fr=227.63 dt=0.101 rate=1.00 paused=True backlog=104.30 edge=260.61 div=-0.00
20:38:07.980 CLOCK hold raw=156.09 prev=156.31 new=156.31 d=+0.000 fr=227.63 dt=0.101 rate=1.00 paused=True backlog=104.40 edge=260.71 div=-0.00
20:38:08.081 CLOCK hold raw=156.09 prev=156.31 new=156.31 d=+0.000 fr=227.63 dt=0.101 rate=1.00 paused=True backlog=104.50 edge=260.81 div=-0.00
20:38:08.182 CLOCK hold raw=156.09 prev=156.31 new=156.31 d=+0.000 fr=227.63 dt=0.101 rate=1.00 paused=True backlog=104.60 edge=260.91 div=-0.00
20:38:08.284 CLOCK hold raw=156.09 prev=156.31 new=156.31 d=+0.000 fr=227.63 dt=0.102 rate=1.00 paused=True backlog=104.70 edge=261.01 div=-0.00
20:38:08.487 CLOCK hold raw=156.09 prev=156.31 new=156.31 d=+0.000 fr=227.63 dt=0.202 rate=1.00 paused=True backlog=104.90 edge=261.21 div=-0.00
20:38:08.587 CLOCK hold raw=156.09 prev=156.31 new=156.31 d=+0.000 fr=227.63 dt=0.101 rate=1.00 paused=True backlog=105.01 edge=261.32 div=-0.00
20:38:08.689 CLOCK hold raw=156.09 prev=156.31 new=156.31 d=+0.000 fr=227.63 dt=0.101 rate=1.00 paused=True backlog=105.11 edge=261.42 div=-0.00
20:38:08.791 TICK fr=227.63 cc=156.31 raw=156.09 vid=156.09 playing=0 started=1 stall=0 | d_fr_cc=+71.32 d_fr_raw=+71.54 d_cc_raw=+0.22 | off=0.08 ccx_end=257.06 since_show=0.1 since_cue=2.0 | pcr=259.398 pid=100 head_rel=259.40 ccx_lag=2.34 | credit=227.6 capped=0.0 | fsize=117897620 feed=117897620 feed_behind=0 | backlog=105.11 edge=261.42 div=-0.00 lag_ewma=5.16
20:38:08.791 CLOCK hold raw=156.09 prev=156.31 new=156.31 d=+0.000 fr=227.63 dt=0.102 rate=1.00 paused=True backlog=105.21 edge=261.52 div=-0.00
20:38:08.893 CLOCK hold raw=156.09 prev=156.31 new=156.31 d=+0.000 fr=227.63 dt=0.102 rate=1.00 paused=True backlog=105.31 edge=261.62 div=-0.00
20:38:08.994 CLOCK hold raw=156.09 prev=156.31 new=156.31 d=+0.000 fr=227.63 dt=0.101 rate=1.00 paused=True backlog=105.41 edge=261.72 div=-0.00
20:38:09.096 CLOCK hold raw=156.09 prev=156.31 new=156.31 d=+0.000 fr=227.63 dt=0.101 rate=1.00 paused=True backlog=105.51 edge=261.82 div=-0.00
20:38:09.199 CLOCK hold raw=156.09 prev=156.31 new=156.31 d=+0.000 fr=227.63 dt=0.104 rate=1.00 paused=True backlog=104.40 edge=260.71 div=-0.00
20:38:09.301 CLOCK hold raw=156.09 prev=156.31 new=156.31 d=+0.000 fr=227.63 dt=0.102 rate=1.00 paused=True backlog=104.51 edge=260.82 div=-0.00
20:38:09.403 CLOCK hold raw=156.09 prev=156.31 new=156.31 d=+0.000 fr=227.63 dt=0.102 rate=1.00 paused=True backlog=104.61 edge=260.92 div=-0.00
20:38:09.505 CLOCK hold raw=156.09 prev=156.31 new=156.31 d=+0.000 fr=227.63 dt=0.103 rate=1.00 paused=True backlog=104.71 edge=261.02 div=-0.00
20:38:09.607 CLOCK hold raw=156.09 prev=156.31 new=156.31 d=+0.000 fr=227.63 dt=0.102 rate=1.00 paused=True backlog=104.81 edge=261.12 div=-0.00
20:38:09.708 CLOCK hold raw=156.09 prev=156.31 new=156.31 d=+0.000 fr=227.63 dt=0.102 rate=1.00 paused=True backlog=104.91 edge=261.22 div=-0.00
20:38:09.810 CLOCK hold raw=156.09 prev=156.31 new=156.31 d=+0.000 fr=227.63 dt=0.102 rate=1.00 paused=True backlog=105.02 edge=261.32 div=-0.00
20:38:10.012 CLOCK hold raw=156.09 prev=156.31 new=156.31 d=+0.000 fr=227.63 dt=0.202 rate=1.00 paused=True backlog=105.22 edge=261.53 div=-0.00
20:38:10.114 CLOCK hold raw=156.09 prev=156.31 new=156.31 d=+0.000 fr=227.63 dt=0.101 rate=1.00 paused=True backlog=105.32 edge=261.63 div=-0.00
20:38:10.217 CLOCK hold raw=156.09 prev=156.31 new=156.31 d=+0.000 fr=227.63 dt=0.103 rate=1.00 paused=True backlog=105.42 edge=261.73 div=-0.00
20:38:10.320 CLOCK hold raw=156.09 prev=156.31 new=156.31 d=+0.000 fr=227.63 dt=0.103 rate=1.00 paused=True backlog=105.53 edge=261.83 div=-0.00
20:38:10.421 CLOCK hold raw=156.09 prev=156.31 new=156.31 d=+0.000 fr=227.63 dt=0.101 rate=1.00 paused=True backlog=105.63 edge=261.94 div=-0.00
20:38:10.523 CLOCK hold raw=156.09 prev=156.31 new=156.31 d=+0.000 fr=227.63 dt=0.102 rate=1.00 paused=True backlog=105.73 edge=262.04 div=-0.00
20:38:10.624 CLOCK hold raw=156.09 prev=156.31 new=156.31 d=+0.000 fr=227.63 dt=0.101 rate=1.00 paused=True backlog=105.83 edge=262.14 div=-0.00
20:38:10.726 CLOCK hold raw=156.09 prev=156.31 new=156.31 d=+0.000 fr=227.63 dt=0.102 rate=1.00 paused=True backlog=105.93 edge=262.24 div=-0.00
20:38:10.827 CLOCK hold raw=156.09 prev=156.31 new=156.31 d=+0.000 fr=227.63 dt=0.101 rate=1.00 paused=True backlog=106.03 edge=262.34 div=-0.00
20:38:10.928 CLOCK hold raw=156.09 prev=156.31 new=156.31 d=+0.000 fr=227.63 dt=0.101 rate=1.00 paused=True backlog=106.13 edge=262.44 div=-0.00
20:38:11.030 CLOCK hold raw=156.09 prev=156.31 new=156.31 d=+0.000 fr=227.63 dt=0.101 rate=1.00 paused=True backlog=106.24 edge=262.54 div=-0.00
20:38:11.132 EDGESNAP err=-3.15 edge->259.40
20:38:11.132 CLOCK hold raw=156.09 prev=156.31 new=156.31 d=+0.000 fr=227.63 dt=0.102 rate=1.00 paused=True backlog=103.19 edge=259.50 div=-0.00
20:38:11.234 CLOCK hold raw=156.09 prev=156.31 new=156.31 d=+0.000 fr=227.63 dt=0.101 rate=1.00 paused=True backlog=103.29 edge=259.60 div=-0.00
20:38:11.436 CLOCK hold raw=156.09 prev=156.31 new=156.31 d=+0.000 fr=227.63 dt=0.202 rate=1.00 paused=True backlog=103.49 edge=259.80 div=-0.00
20:38:11.538 CLOCK hold raw=156.09 prev=156.31 new=156.31 d=+0.000 fr=227.63 dt=0.102 rate=1.00 paused=True backlog=103.60 edge=259.90 div=-0.00
20:38:11.639 CLOCK hold raw=156.09 prev=156.31 new=156.31 d=+0.000 fr=227.63 dt=0.101 rate=1.00 paused=True backlog=103.70 edge=260.01 div=-0.00
20:38:11.740 CLOCK hold raw=156.09 prev=156.31 new=156.31 d=+0.000 fr=227.63 dt=0.101 rate=1.00 paused=True backlog=103.80 edge=260.11 div=-0.00
20:38:11.842 CLOCK hold raw=156.09 prev=156.31 new=156.31 d=+0.000 fr=227.63 dt=0.102 rate=1.00 paused=True backlog=103.90 edge=260.21 div=-0.00
20:38:11.945 CLOCK hold raw=156.09 prev=156.31 new=156.31 d=+0.000 fr=227.63 dt=0.102 rate=1.00 paused=True backlog=104.00 edge=260.31 div=-0.00
20:38:12.047 CLOCK hold raw=156.09 prev=156.31 new=156.31 d=+0.000 fr=227.63 dt=0.102 rate=1.00 paused=True backlog=104.11 edge=260.41 div=-0.00
20:38:12.148 CLOCK hold raw=156.09 prev=156.31 new=156.31 d=+0.000 fr=227.63 dt=0.101 rate=1.00 paused=True backlog=104.21 edge=260.52 div=-0.00
20:38:12.251 CLOCK hold raw=156.09 prev=156.31 new=156.31 d=+0.000 fr=227.63 dt=0.102 rate=1.00 paused=True backlog=104.31 edge=260.62 div=-0.00
20:38:12.352 CLOCK hold raw=156.09 prev=156.31 new=156.31 d=+0.000 fr=227.63 dt=0.102 rate=1.00 paused=True backlog=104.41 edge=260.72 div=-0.00
20:38:12.454 CLOCK hold raw=156.09 prev=156.31 new=156.31 d=+0.000 fr=227.63 dt=0.102 rate=1.00 paused=True backlog=104.51 edge=260.82 div=-0.00
20:38:12.556 CLOCK hold raw=156.09 prev=156.31 new=156.31 d=+0.000 fr=227.63 dt=0.102 rate=1.00 paused=True backlog=104.61 edge=260.92 div=-0.00
20:38:12.757 CLOCK hold raw=156.09 prev=156.31 new=156.31 d=+0.000 fr=227.63 dt=0.202 rate=1.00 paused=True backlog=104.82 edge=261.12 div=-0.00
20:38:12.858 CLOCK hold raw=156.09 prev=156.31 new=156.31 d=+0.000 fr=227.63 dt=0.101 rate=1.00 paused=True backlog=104.92 edge=261.23 div=-0.00
20:38:12.959 CLOCK hold raw=156.09 prev=156.31 new=156.31 d=+0.000 fr=227.63 dt=0.101 rate=1.00 paused=True backlog=105.02 edge=261.33 div=-0.00
20:38:13.062 CLOCK hold raw=156.09 prev=156.31 new=156.31 d=+0.000 fr=234.14 dt=0.103 rate=1.00 paused=True backlog=105.12 edge=261.43 div=-0.00
20:38:13.192 EDGESNAP err=+3.59 edge->265.02
20:38:13.193 CLOCK hold raw=156.09 prev=156.31 new=156.31 d=+0.000 fr=234.14 dt=0.131 rate=1.00 paused=True backlog=108.84 edge=265.15 div=-0.00
20:38:13.294 CUE cx=[257.06..260.73] adv=3.67 el=6.53 fresh | off=0.08 fr=234.14 cc=156.31 raw=156.09 lead=+104.49 | pcr=265.021 head_rel=265.02 lag_ewma=5.16 | q=Second and 14 draw. Here it is. / Trey Stewart racing across
20:38:13.294 ANCHOR pend_end=260.73 L=4.85 pinL=4.29 target=0.07 off=0.08
20:38:13.294 CLOCK hold raw=156.09 prev=156.31 new=156.31 d=+0.000 fr=234.14 dt=0.101 rate=1.00 paused=True backlog=108.88 edge=265.19 div=-0.00
20:38:13.396 CLOCK hold raw=156.09 prev=156.31 new=156.31 d=+0.000 fr=234.14 dt=0.102 rate=1.00 paused=True backlog=108.98 edge=265.29 div=-0.00
20:38:13.498 CLOCK hold raw=156.09 prev=156.31 new=156.31 d=+0.000 fr=234.47 dt=0.102 rate=1.00 paused=True backlog=109.08 edge=265.39 div=-0.00
20:38:13.500 CUE cx=[260.73..262.19] adv=1.47 el=0.21 fresh | off=0.07 fr=234.47 cc=156.31 raw=156.09 lead=+105.96 | pcr=266.845 head_rel=266.84 lag_ewma=4.85 | q=Trey Stewart racing across the / 35 ended at the 38 yard lin
20:38:13.501 CUE cx=[262.20..263.53] adv=1.33 el=0.00 fresh | off=0.07 fr=234.47 cc=156.31 raw=156.09 lead=+107.29 | pcr=266.845 head_rel=266.84 lag_ewma=4.85 | q=35 ended at the 38 yard line. / It'll be at least two closer
20:38:13.602 ANCHOR pend_end=263.53 L=4.32 pinL=3.32 target=-0.36 off=0.07
20:38:13.602 CLOCK hold raw=156.09 prev=156.31 new=156.31 d=+0.000 fr=234.47 dt=0.104 rate=1.00 paused=True backlog=110.28 edge=266.58 div=-0.00
20:38:13.704 CLOCK hold raw=156.09 prev=156.31 new=156.31 d=+0.000 fr=234.47 dt=0.102 rate=1.00 paused=True backlog=110.38 edge=266.69 div=-0.00
20:38:13.706 TICK fr=234.47 cc=156.31 raw=156.09 vid=156.09 playing=0 started=1 stall=0 | d_fr_cc=+78.16 d_fr_raw=+78.38 d_cc_raw=+0.22 | off=-0.15 ccx_end=263.53 since_show=0.0 since_cue=0.2 | pcr=266.845 pid=100 head_rel=266.84 ccx_lag=3.32 | credit=234.5 capped=0.0 | fsize=121270152 feed=121270152 feed_behind=0 | backlog=110.38 edge=266.69 div=-0.00 lag_ewma=4.32
20:38:13.807 CLOCK hold raw=156.09 prev=156.31 new=156.31 d=+0.000 fr=234.47 dt=0.102 rate=1.00 paused=True backlog=110.48 edge=266.79 div=-0.00
20:38:13.909 CLOCK hold raw=156.09 prev=156.31 new=156.31 d=+0.000 fr=234.47 dt=0.102 rate=1.00 paused=True backlog=110.58 edge=266.89 div=-0.00
20:38:14.010 CLOCK hold raw=156.09 prev=156.31 new=156.31 d=+0.000 fr=234.47 dt=0.101 rate=1.00 paused=True backlog=110.68 edge=266.99 div=-0.00
20:38:14.111 CLOCK hold raw=156.09 prev=156.31 new=156.31 d=+0.000 fr=234.47 dt=0.101 rate=1.00 paused=True backlog=110.78 edge=267.09 div=-0.00
20:38:14.213 CLOCK hold raw=156.09 prev=156.31 new=156.31 d=+0.000 fr=234.47 dt=0.102 rate=1.00 paused=True backlog=110.89 edge=267.20 div=-0.00
20:38:14.314 CLOCK hold raw=156.09 prev=156.31 new=156.31 d=+0.000 fr=234.47 dt=0.102 rate=1.00 paused=True backlog=110.99 edge=267.30 div=-0.00
20:38:14.417 CLOCK hold raw=156.09 prev=156.31 new=156.31 d=+0.000 fr=234.47 dt=0.102 rate=1.00 paused=True backlog=111.09 edge=267.40 div=-0.00
20:38:14.519 CLOCK hold raw=156.09 prev=156.31 new=156.31 d=+0.000 fr=234.47 dt=0.103 rate=1.00 paused=True backlog=111.19 edge=267.50 div=-0.00
20:38:14.722 CLOCK hold raw=156.09 prev=156.31 new=156.31 d=+0.000 fr=234.47 dt=0.203 rate=1.00 paused=True backlog=111.40 edge=267.70 div=-0.00
20:38:14.824 CLOCK hold raw=156.09 prev=156.31 new=156.31 d=+0.000 fr=234.47 dt=0.102 rate=1.00 paused=True backlog=111.50 edge=267.81 div=-0.00
20:38:14.925 CLOCK hold raw=156.09 prev=156.31 new=156.31 d=+0.000 fr=234.47 dt=0.101 rate=1.00 paused=True backlog=111.60 edge=267.91 div=-0.00
20:38:15.027 CLOCK hold raw=156.09 prev=156.31 new=156.31 d=+0.000 fr=234.47 dt=0.102 rate=1.00 paused=True backlog=111.70 edge=268.01 div=-0.00
20:38:15.129 CLOCK hold raw=156.09 prev=156.31 new=156.31 d=+0.000 fr=234.47 dt=0.102 rate=1.00 paused=True backlog=111.80 edge=268.11 div=-0.00
20:38:15.232 CLOCK hold raw=156.09 prev=156.31 new=156.31 d=+0.000 fr=234.47 dt=0.103 rate=1.00 paused=True backlog=111.27 edge=267.58 div=-0.00
20:38:15.333 CLOCK hold raw=156.09 prev=156.31 new=156.31 d=+0.000 fr=234.47 dt=0.101 rate=1.00 paused=True backlog=111.37 edge=267.68 div=-0.00
20:38:15.435 CLOCK hold raw=156.09 prev=156.31 new=156.31 d=+0.000 fr=234.47 dt=0.102 rate=1.00 paused=True backlog=111.47 edge=267.78 div=-0.00
20:38:15.537 CLOCK hold raw=156.09 prev=156.31 new=156.31 d=+0.000 fr=234.47 dt=0.102 rate=1.00 paused=True backlog=111.58 edge=267.89 div=-0.00
20:38:15.639 CLOCK hold raw=156.09 prev=156.31 new=156.31 d=+0.000 fr=234.47 dt=0.101 rate=1.00 paused=True backlog=111.68 edge=267.99 div=-0.00
20:38:15.740 CLOCK hold raw=156.09 prev=156.31 new=156.31 d=+0.000 fr=234.47 dt=0.102 rate=1.00 paused=True backlog=111.78 edge=268.09 div=-0.00
20:38:15.843 CLOCK hold raw=156.09 prev=156.31 new=156.31 d=+0.000 fr=234.47 dt=0.101 rate=1.00 paused=True backlog=111.88 edge=268.19 div=-0.00
20:38:15.944 CLOCK hold raw=156.09 prev=156.31 new=156.31 d=+0.000 fr=234.47 dt=0.102 rate=1.00 paused=True backlog=111.98 edge=268.29 div=-0.00
20:38:16.146 CLOCK hold raw=156.09 prev=156.31 new=156.31 d=+0.000 fr=234.47 dt=0.202 rate=1.00 paused=True backlog=112.19 edge=268.49 div=-0.00
20:38:16.247 CLOCK hold raw=156.09 prev=156.31 new=156.31 d=+0.000 fr=234.47 dt=0.101 rate=1.00 paused=True backlog=112.29 edge=268.60 div=-0.00
20:38:16.349 CLOCK hold raw=156.09 prev=156.31 new=156.31 d=+0.000 fr=234.47 dt=0.102 rate=1.00 paused=True backlog=112.39 edge=268.70 div=-0.00
20:38:16.451 CLOCK hold raw=156.09 prev=156.31 new=156.31 d=+0.000 fr=234.47 dt=0.102 rate=1.00 paused=True backlog=112.49 edge=268.80 div=-0.00
20:38:16.552 CLOCK hold raw=156.09 prev=156.31 new=156.31 d=+0.000 fr=234.47 dt=0.102 rate=1.00 paused=True backlog=112.59 edge=268.90 div=-0.00
20:38:16.653 CLOCK hold raw=156.09 prev=156.31 new=156.31 d=+0.000 fr=234.47 dt=0.101 rate=1.00 paused=True backlog=112.69 edge=269.00 div=-0.00
20:38:16.755 CLOCK hold raw=156.09 prev=156.31 new=156.31 d=+0.000 fr=234.47 dt=0.102 rate=1.00 paused=True backlog=112.79 edge=269.10 div=-0.00
20:38:16.856 CLOCK hold raw=156.09 prev=156.31 new=156.31 d=+0.000 fr=234.47 dt=0.101 rate=1.00 paused=True backlog=112.90 edge=269.21 div=-0.00
20:38:16.957 CLOCK hold raw=156.09 prev=156.31 new=156.31 d=+0.000 fr=234.47 dt=0.101 rate=1.00 paused=True backlog=113.00 edge=269.31 div=-0.00
20:38:17.058 CLOCK hold raw=156.09 prev=156.31 new=156.31 d=+0.000 fr=234.47 dt=0.101 rate=1.00 paused=True backlog=113.10 edge=269.41 div=-0.00
20:38:17.161 EDGESNAP err=-2.56 edge->266.84
20:38:17.161 CLOCK hold raw=156.09 prev=156.31 new=156.31 d=+0.000 fr=234.47 dt=0.102 rate=1.00 paused=True backlog=110.64 edge=266.95 div=-0.00
20:38:17.262 CLOCK hold raw=156.09 prev=156.31 new=156.31 d=+0.000 fr=234.47 dt=0.101 rate=1.00 paused=True backlog=110.74 edge=267.05 div=-0.00
20:38:17.363 CLOCK hold raw=156.09 prev=156.31 new=156.31 d=+0.000 fr=234.47 dt=0.101 rate=1.00 paused=True backlog=110.84 edge=267.15 div=-0.00
20:38:17.565 CLOCK hold raw=156.09 prev=156.31 new=156.31 d=+0.000 fr=234.47 dt=0.202 rate=1.00 paused=True backlog=111.04 edge=267.35 div=-0.00
20:38:17.666 CLOCK hold raw=156.09 prev=156.31 new=156.31 d=+0.000 fr=234.47 dt=0.101 rate=1.00 paused=True backlog=111.14 edge=267.45 div=-0.00
20:38:17.768 CLOCK hold raw=156.09 prev=156.31 new=156.31 d=+0.000 fr=234.47 dt=0.102 rate=1.00 paused=True backlog=111.24 edge=267.55 div=-0.00
20:38:17.869 CLOCK hold raw=156.09 prev=156.31 new=156.31 d=+0.000 fr=234.47 dt=0.101 rate=1.00 paused=True backlog=111.35 edge=267.65 div=-0.00
20:38:17.971 CLOCK hold raw=156.09 prev=156.31 new=156.31 d=+0.000 fr=234.47 dt=0.102 rate=1.00 paused=True backlog=111.45 edge=267.76 div=-0.00
20:38:18.072 CLOCK hold raw=156.09 prev=156.31 new=156.31 d=+0.000 fr=234.47 dt=0.101 rate=1.00 paused=True backlog=111.55 edge=267.86 div=-0.00
20:38:18.173 CLOCK hold raw=156.09 prev=156.31 new=156.31 d=+0.000 fr=234.47 dt=0.101 rate=1.00 paused=True backlog=111.65 edge=267.96 div=-0.00
20:38:18.275 PHASE RESUME 2 min after resume
20:38:18.275 XPORT resume target=- raw_pre=156.09 fr=234.47 cc=156.31 vid=156.09 rate=1.00 
20:38:18.276 CLOCK stall raw=156.09 prev=156.31 new=156.31 d=+0.000 fr=234.47 dt=0.102 rate=1.00 paused=False backlog=111.75 edge=268.06 div=-0.00
20:38:18.279 XPORT rate target=- raw_pre=156.09 fr=234.47 cc=156.31 vid=156.50 rate=1.00 rate=1
20:38:18.279 SEED target=156.31 jump=False backlog=111.75 edge=268.06
20:38:19.059 TICK fr=234.47 cc=156.31 raw=0.00 vid=156.31 playing=0 started=0 stall=0 | d_fr_cc=+78.16 d_fr_raw=+234.47 d_cc_raw=+156.31 | off=-0.15 ccx_end=263.53 since_show=0.8 since_cue=5.6 | pcr=266.845 pid=100 head_rel=266.84 ccx_lag=3.32 | credit=234.5 capped=0.0 | fsize=121270152 feed=121270152 feed_behind=0 | backlog=111.75 edge=268.06 div=-0.00 lag_ewma=4.32
20:38:19.163 CLOCK base raw=0.00 prev=156.31 new=1.00 d=-155.309 fr=234.47 dt=0.885 rate=1.00 paused=False backlog=266.45 edge=267.45 div=-0.00
20:38:19.264 CLOCK trickle raw=0.00 prev=1.00 new=1.00 d=+0.000 fr=234.47 dt=0.101 rate=1.00 paused=False backlog=266.45 edge=267.45 div=-0.00
20:38:19.366 XPORT1s resume raw=0.00 fr=234.47 cc=1.00 vid=156.31
20:38:19.366 XPORT1s rate raw=0.00 fr=234.47 cc=1.00 vid=156.31
20:38:19.367 CLOCK trickle raw=0.00 prev=1.00 new=1.00 d=+0.000 fr=234.47 dt=0.103 rate=1.00 paused=False backlog=266.45 edge=267.45 div=-0.00
20:38:19.469 CLOCK renum raw=156.48 prev=1.00 new=1.00 d=+0.000 fr=234.47 dt=0.102 rate=1.00 paused=False backlog=266.45 edge=267.45 div=155.48 reject=jump(+156.48)
20:38:19.571 CLOCK trickle raw=156.48 prev=1.00 new=1.00 d=+0.000 fr=234.47 dt=0.102 rate=1.00 paused=False backlog=266.47 edge=267.47 div=155.48
20:38:19.672 CLOCK fold raw=156.74 prev=1.00 new=1.26 d=+0.256 fr=234.47 dt=0.101 rate=1.00 paused=False backlog=266.22 edge=267.48 div=155.48
20:38:19.775 CLOCK trickle raw=156.74 prev=1.26 new=1.26 d=+0.000 fr=234.47 dt=0.103 rate=1.00 paused=False backlog=266.24 edge=267.49 div=155.48
20:38:19.876 CLOCK trickle raw=156.74 prev=1.26 new=1.26 d=+0.000 fr=234.47 dt=0.102 rate=1.00 paused=False backlog=266.25 edge=267.50 div=155.48
20:38:20.080 CLOCK fold raw=157.00 prev=1.26 new=1.51 d=+0.257 fr=234.47 dt=0.203 rate=1.00 paused=False backlog=266.19 edge=267.71 div=155.48
20:38:20.182 CLOCK fold raw=157.25 prev=1.51 new=1.77 d=+0.255 fr=234.47 dt=0.102 rate=1.00 paused=False backlog=266.04 edge=267.81 div=155.48
20:38:20.283 CLOCK integ raw=157.25 prev=1.77 new=1.87 d=+0.101 fr=234.47 dt=0.101 rate=1.00 paused=False backlog=266.04 edge=267.91 div=155.48
20:38:20.386 CLOCK integ raw=157.25 prev=1.87 new=1.97 d=+0.103 fr=234.47 dt=0.103 rate=1.00 paused=False backlog=266.04 edge=268.01 div=155.48
20:38:20.487 CLOCK fold raw=157.51 prev=1.97 new=2.03 d=+0.052 fr=234.47 dt=0.101 rate=1.00 paused=False backlog=266.09 edge=268.12 div=155.48
20:38:20.589 CLOCK integ raw=157.51 prev=2.03 new=2.13 d=+0.102 fr=234.47 dt=0.102 rate=1.00 paused=False backlog=266.09 edge=268.22 div=155.48
20:38:20.690 CLOCK fold raw=157.76 prev=2.13 new=2.28 d=+0.155 fr=234.47 dt=0.102 rate=1.00 paused=False backlog=266.04 edge=268.32 div=155.48
20:38:20.794 CLOCK integ raw=157.76 prev=2.28 new=2.38 d=+0.102 fr=234.47 dt=0.102 rate=1.00 paused=False backlog=266.04 edge=268.42 div=155.48
20:38:20.896 CLOCK integ raw=157.76 prev=2.38 new=2.49 d=+0.103 fr=234.47 dt=0.103 rate=1.00 paused=False backlog=266.04 edge=268.52 div=155.48
20:38:20.997 CLOCK fold raw=158.02 prev=2.49 new=2.54 d=+0.050 fr=234.47 dt=0.102 rate=1.00 paused=False backlog=266.09 edge=268.63 div=155.48
20:38:21.140 CLOCK integ raw=158.02 prev=2.54 new=2.68 d=+0.143 fr=234.47 dt=0.143 rate=1.00 paused=False backlog=267.02 edge=269.70 div=155.48
20:38:21.242 CLOCK fold raw=158.28 prev=2.68 new=2.79 d=+0.113 fr=242.22 dt=0.102 rate=1.00 paused=False backlog=267.01 edge=269.81 div=155.48
20:38:21.244 CUE cx=[263.53..266.83] adv=3.30 el=7.74 fresh | off=-0.15 fr=242.22 cc=2.79 raw=158.28 lead=+263.89 | pcr=270.496 head_rel=270.50 lag_ewma=4.32 | q=It'll be at least two closer to / three yards away from a fi
20:38:21.244 CUE cx=[266.83..268.67] adv=1.83 el=0.00 fresh | off=-0.15 fr=242.22 cc=2.79 raw=158.28 lead=+265.73 | pcr=270.496 head_rel=270.50 lag_ewma=4.32 | q=three yards away from a first / down gain of 11. I think you
20:38:21.245 CUE cx=[268.67..270.40] adv=1.74 el=0.00 fresh | off=-0.15 fr=242.22 cc=2.79 raw=158.28 lead=+267.46 | pcr=270.496 head_rel=270.50 lag_ewma=4.32 | q=down gain of 11. I think you / have to remember on second an
20:38:21.246 CUE cx=[270.40..271.80] adv=1.40 el=0.00 fresh | off=-0.15 fr=242.22 cc=2.79 raw=158.28 lead=+268.86 | pcr=270.496 head_rel=270.50 lag_ewma=4.32 | q=have to remember on second and / long is usually teams that 
20:38:21.347 ANCHOR pend_end=271.80 L=4.32 pinL=- target=-5.67 off=-0.15
20:38:21.347 CLOCK integ raw=158.28 prev=2.79 new=2.90 d=+0.105 fr=242.22 dt=0.105 rate=1.00 paused=False backlog=267.66 edge=270.56 div=155.48
20:38:21.449 CLOCK fold raw=158.53 prev=2.90 new=3.05 d=+0.151 fr=242.22 dt=0.102 rate=1.00 paused=False backlog=267.61 edge=270.66 div=155.48
20:38:21.552 CLOCK integ raw=158.53 prev=3.05 new=3.15 d=+0.103 fr=242.63 dt=0.103 rate=1.00 paused=False backlog=267.61 edge=270.76 div=155.48
20:38:21.654 CLOCK integ raw=158.53 prev=3.15 new=3.25 d=+0.101 fr=242.63 dt=0.101 rate=1.00 paused=False backlog=267.61 edge=270.86 div=155.48
20:38:21.756 EDGESNAP err=+3.80 edge->274.66
20:38:21.756 CUE cx=[271.81..273.50] adv=1.70 el=0.51 fresh | off=-2.91 fr=242.63 cc=3.25 raw=158.79 lead=+267.35 | pcr=274.666 head_rel=274.66 lag_ewma=8.12 | q=long is usually teams that do / screens and they do draws. T
20:38:21.756 ANCHOR pend_end=273.50 L=5.68 pinL=1.16 target=0.00 off=-2.91
20:38:21.757 CLOCK fold raw=158.79 prev=3.25 new=3.31 d=+0.052 fr=242.63 dt=0.103 rate=1.00 paused=False backlog=271.46 edge=274.77 div=155.48
20:38:21.858 CLOCK integ raw=158.79 prev=3.31 new=3.41 d=+0.102 fr=242.63 dt=0.102 rate=1.00 paused=False backlog=271.46 edge=274.87 div=155.48
20:38:21.960 CLOCK fold raw=159.04 prev=3.41 new=3.56 d=+0.154 fr=242.63 dt=0.102 rate=1.00 paused=False backlog=271.41 edge=274.97 div=155.48
20:38:22.061 CLOCK integ raw=159.04 prev=3.56 new=3.66 d=+0.101 fr=242.63 dt=0.101 rate=1.00 paused=False backlog=271.41 edge=275.07 div=155.48
20:38:22.061 PAINT after 3.8 s blank (t=3.66)
20:38:22.164 CLOCK integ raw=159.04 prev=3.66 new=3.77 d=+0.103 fr=242.63 dt=0.103 rate=1.00 paused=False backlog=271.41 edge=275.18 div=155.48
20:38:22.367 CLOCK fold raw=159.30 prev=3.77 new=3.82 d=+0.052 fr=242.63 dt=0.202 rate=1.00 paused=False backlog=271.56 edge=275.38 div=155.48
20:38:22.469 CLOCK fold raw=159.56 prev=3.82 new=4.07 d=+0.255 fr=242.63 dt=0.102 rate=1.00 paused=False backlog=271.41 edge=275.48 div=155.48
20:38:22.570 CLOCK integ raw=159.56 prev=4.07 new=4.17 d=+0.101 fr=242.63 dt=0.101 rate=1.00 paused=False backlog=271.41 edge=275.58 div=155.48
20:38:22.672 CLOCK integ raw=159.56 prev=4.17 new=4.27 d=+0.102 fr=242.63 dt=0.102 rate=1.00 paused=False backlog=271.41 edge=275.68 div=155.48
20:38:22.773 CLOCK fold raw=159.81 prev=4.27 new=4.33 d=+0.053 fr=242.63 dt=0.102 rate=1.00 paused=False backlog=271.46 edge=275.78 div=155.48
20:38:22.875 CLOCK integ raw=159.81 prev=4.33 new=4.43 d=+0.102 fr=242.63 dt=0.102 rate=1.00 paused=False backlog=271.46 edge=275.89 div=155.48
20:38:22.977 CLOCK fold raw=160.07 prev=4.43 new=4.58 d=+0.154 fr=242.63 dt=0.102 rate=1.00 paused=False backlog=271.40 edge=275.99 div=155.48
20:38:23.078 CLOCK integ raw=160.07 prev=4.58 new=4.69 d=+0.101 fr=242.63 dt=0.101 rate=1.00 paused=False backlog=271.40 edge=276.09 div=155.48
20:38:23.182 CLOCK integ raw=160.07 prev=4.69 new=4.79 d=+0.103 fr=242.63 dt=0.103 rate=1.00 paused=False backlog=270.69 edge=275.48 div=155.48
20:38:23.285 CLOCK fold raw=160.32 prev=4.79 new=4.84 d=+0.052 fr=242.63 dt=0.103 rate=1.00 paused=False backlog=270.74 edge=275.58 div=155.48
20:38:23.387 CLOCK integ raw=160.32 prev=4.84 new=4.94 d=+0.102 fr=242.63 dt=0.102 rate=1.00 paused=False backlog=270.74 edge=275.69 div=155.48
20:38:23.488 CLOCK fold raw=160.58 prev=4.94 new=5.10 d=+0.153 fr=242.63 dt=0.101 rate=1.00 paused=False backlog=270.69 edge=275.79 div=155.48
20:38:23.690 CLOCK integ raw=160.58 prev=5.10 new=5.30 d=+0.202 fr=242.63 dt=0.202 rate=1.00 paused=False backlog=270.69 edge=275.99 div=155.48
20:38:23.794 TICK fr=242.63 cc=5.30 raw=160.84 vid=160.58 playing=1 started=1 stall=0 | d_fr_cc=+237.33 d_fr_raw=+81.79 d_cc_raw=-155.54 | off=-1.45 ccx_end=273.50 since_show=0.1 since_cue=2.0 | pcr=274.666 pid=100 head_rel=274.66 ccx_lag=1.16 | credit=242.6 capped=0.0 | fsize=124532328 feed=124532328 feed_behind=0 | backlog=270.69 edge=275.99 div=155.48 lag_ewma=5.68
20:38:23.794 CLOCK fold raw=160.84 prev=5.30 new=5.35 d=+0.055 fr=242.63 dt=0.104 rate=1.00 paused=False backlog=270.74 edge=276.09 div=155.48
20:38:23.896 CLOCK integ raw=160.84 prev=5.35 new=5.46 d=+0.102 fr=242.63 dt=0.102 rate=1.00 paused=False backlog=270.74 edge=276.19 div=155.48
20:38:23.998 CLOCK fold raw=161.09 prev=5.46 new=5.61 d=+0.154 fr=242.63 dt=0.101 rate=1.00 paused=False backlog=270.69 edge=276.30 div=155.48
20:38:24.100 CLOCK integ raw=161.09 prev=5.61 new=5.71 d=+0.102 fr=242.63 dt=0.102 rate=1.00 paused=False backlog=270.69 edge=276.40 div=155.48
20:38:24.201 CLOCK integ raw=161.09 prev=5.71 new=5.81 d=+0.101 fr=242.63 dt=0.101 rate=1.00 paused=False backlog=270.69 edge=276.50 div=155.48
20:38:24.303 CLOCK fold raw=161.35 prev=5.81 new=5.87 d=+0.052 fr=242.63 dt=0.101 rate=1.00 paused=False backlog=270.74 edge=276.60 div=155.48
20:38:24.405 CLOCK integ raw=161.35 prev=5.87 new=5.97 d=+0.103 fr=242.63 dt=0.103 rate=1.00 paused=False backlog=270.74 edge=276.70 div=155.48
20:38:24.506 CLOCK fold raw=161.60 prev=5.97 new=6.12 d=+0.152 fr=242.63 dt=0.101 rate=1.00 paused=False backlog=270.69 edge=276.81 div=155.48
20:38:24.608 CLOCK integ raw=161.60 prev=6.12 new=6.22 d=+0.101 fr=242.63 dt=0.101 rate=1.00 paused=False backlog=270.69 edge=276.91 div=155.48
20:38:24.709 CLOCK integ raw=161.60 prev=6.22 new=6.32 d=+0.102 fr=242.63 dt=0.102 rate=1.00 paused=False backlog=270.69 edge=277.01 div=155.48
20:38:24.811 CLOCK fold raw=161.86 prev=6.32 new=6.38 d=+0.054 fr=242.63 dt=0.101 rate=1.00 paused=False backlog=270.73 edge=277.11 div=155.48
20:38:24.914 CLOCK integ raw=161.86 prev=6.38 new=6.48 d=+0.102 fr=242.63 dt=0.102 rate=1.00 paused=False backlog=270.73 edge=277.21 div=155.48
20:38:25.015 CLOCK fold raw=162.12 prev=6.48 new=6.63 d=+0.154 fr=242.63 dt=0.103 rate=1.00 paused=False backlog=270.68 edge=277.31 div=155.48
20:38:25.118 EDGESNAP err=-2.65 edge->274.66
20:38:25.119 CLOCK integ raw=162.12 prev=6.63 new=6.74 d=+0.104 fr=242.63 dt=0.104 rate=1.00 paused=False backlog=268.03 edge=274.77 div=155.48
20:38:25.321 CLOCK fold raw=162.37 prev=6.74 new=6.89 d=+0.152 fr=242.63 dt=0.202 rate=1.00 paused=False backlog=268.08 edge=274.97 div=155.48
20:38:25.423 CLOCK integ raw=162.37 prev=6.89 new=6.99 d=+0.102 fr=242.63 dt=0.102 rate=1.00 paused=False backlog=268.08 edge=275.07 div=155.48
20:38:25.525 CLOCK fold raw=162.63 prev=6.99 new=7.14 d=+0.154 fr=242.63 dt=0.102 rate=1.00 paused=False backlog=268.03 edge=275.17 div=155.48
20:38:25.626 CLOCK integ raw=162.63 prev=7.14 new=7.25 d=+0.101 fr=242.63 dt=0.101 rate=1.00 paused=False backlog=268.03 edge=275.28 div=155.48
20:38:25.729 CLOCK integ raw=162.63 prev=7.25 new=7.35 d=+0.103 fr=242.63 dt=0.103 rate=1.00 paused=False backlog=268.03 edge=275.38 div=155.48
20:38:25.831 CLOCK fold raw=162.88 prev=7.35 new=7.40 d=+0.051 fr=242.63 dt=0.102 rate=1.00 paused=False backlog=268.08 edge=275.48 div=155.48
20:38:25.933 CLOCK integ raw=162.88 prev=7.40 new=7.50 d=+0.102 fr=242.63 dt=0.102 rate=1.00 paused=False backlog=268.08 edge=275.58 div=155.48
20:38:26.035 CLOCK fold raw=163.14 prev=7.50 new=7.66 d=+0.155 fr=247.11 dt=0.102 rate=1.00 paused=False backlog=268.03 edge=275.68 div=155.48
20:38:26.137 CLOCK integ raw=163.14 prev=7.66 new=7.76 d=+0.103 fr=247.11 dt=0.103 rate=1.00 paused=False backlog=268.03 edge=275.79 div=155.48
20:38:26.273 EDGESNAP err=+2.67 edge->278.46
20:38:26.274 CUE cx=[273.51..274.77] adv=1.27 el=4.48 fresh | off=-1.45 fr=247.11 cc=7.76 raw=163.14 lead=+265.56 | pcr=278.462 head_rel=278.46 lag_ewma=8.36 | q=screens and they do draws. The / reason why is that offensiv
20:38:26.275 CUE cx=[274.77..276.48] adv=1.70 el=0.04 fresh | off=-1.45 fr=247.11 cc=7.76 raw=163.14 lead=+267.26 | pcr=278.462 head_rel=278.46 lag_ewma=8.36 | q=reason why is that offensively / you know that the defensean
20:38:26.275 ANCHOR pend_end=276.48 L=6.13 pinL=1.99 target=0.00 off=-1.45
20:38:26.276 CLOCK integ raw=163.14 prev=7.76 new=7.90 d=+0.139 fr=247.11 dt=0.139 rate=1.00 paused=False backlog=270.70 edge=278.60 div=155.48
20:38:26.377 CLOCK fold raw=163.40 prev=7.90 new=7.91 d=+0.014 fr=247.11 dt=0.101 rate=1.00 paused=False backlog=270.79 edge=278.70 div=155.48
20:38:26.478 CLOCK integ raw=163.40 prev=7.91 new=8.01 d=+0.102 fr=247.55 dt=0.102 rate=1.00 paused=False backlog=270.79 edge=278.80 div=155.48
20:38:26.580 CLOCK fold raw=163.65 prev=8.01 new=8.17 d=+0.154 fr=247.55 dt=0.102 rate=1.00 paused=False backlog=270.74 edge=278.90 div=155.48
20:38:26.683 CLOCK integ raw=163.65 prev=8.17 new=8.27 d=+0.103 fr=247.55 dt=0.103 rate=1.00 paused=False backlog=270.74 edge=279.01 div=155.48
20:38:26.787 CLOCK integ raw=163.65 prev=8.27 new=8.37 d=+0.104 fr=247.55 dt=0.104 rate=1.00 paused=False backlog=270.74 edge=279.11 div=155.48
20:38:26.889 CLOCK fold raw=163.91 prev=8.37 new=8.42 d=+0.049 fr=247.55 dt=0.102 rate=1.00 paused=False backlog=270.79 edge=279.21 div=155.48
20:38:26.990 CLOCK integ raw=163.91 prev=8.42 new=8.53 d=+0.102 fr=247.55 dt=0.102 rate=1.00 paused=False backlog=270.79 edge=279.31 div=155.48
20:38:27.094 CLOCK fold raw=164.16 prev=8.53 new=8.68 d=+0.155 fr=247.55 dt=0.103 rate=1.00 paused=False backlog=270.31 edge=278.99 div=155.48
20:38:27.297 CLOCK integ raw=164.16 prev=8.68 new=8.88 d=+0.203 fr=247.55 dt=0.203 rate=1.00 paused=False backlog=270.31 edge=279.19 div=155.48
20:38:27.398 CLOCK fold raw=164.42 prev=8.88 new=8.94 d=+0.052 fr=247.55 dt=0.101 rate=1.00 paused=False backlog=270.36 edge=279.30 div=155.48
20:38:27.500 CLOCK integ raw=164.42 prev=8.94 new=9.04 d=+0.102 fr=247.55 dt=0.102 rate=1.00 paused=False backlog=270.36 edge=279.40 div=155.48
20:38:27.602 CLOCK fold raw=164.68 prev=9.04 new=9.19 d=+0.154 fr=247.55 dt=0.103 rate=1.00 paused=False backlog=270.31 edge=279.50 div=155.48
20:38:27.705 CLOCK integ raw=164.68 prev=9.19 new=9.30 d=+0.103 fr=247.55 dt=0.103 rate=1.00 paused=False backlog=270.31 edge=279.60 div=155.48
20:38:27.807 CLOCK integ raw=164.68 prev=9.30 new=9.40 d=+0.101 fr=247.55 dt=0.101 rate=1.00 paused=False backlog=270.31 edge=279.70 div=155.48
20:38:27.908 CLOCK fold raw=164.93 prev=9.40 new=9.45 d=+0.053 fr=247.55 dt=0.102 rate=1.00 paused=False backlog=270.36 edge=279.81 div=155.48
20:38:28.010 CLOCK integ raw=164.93 prev=9.45 new=9.55 d=+0.101 fr=247.55 dt=0.101 rate=1.00 paused=False backlog=270.36 edge=279.91 div=155.48
20:38:28.111 CLOCK fold raw=165.19 prev=9.55 new=9.70 d=+0.155 fr=247.55 dt=0.102 rate=1.00 paused=False backlog=270.30 edge=280.01 div=155.48
20:38:28.214 CLOCK integ raw=165.19 prev=9.70 new=9.81 d=+0.103 fr=247.55 dt=0.103 rate=1.00 paused=False backlog=270.30 edge=280.11 div=155.48
20:38:28.315 CLOCK integ raw=165.19 prev=9.81 new=9.91 d=+0.102 fr=247.55 dt=0.102 rate=1.00 paused=False backlog=270.30 edge=280.21 div=155.48
20:38:28.419 CLOCK fold raw=165.44 prev=9.91 new=9.96 d=+0.052 fr=247.55 dt=0.103 rate=1.00 paused=False backlog=270.36 edge=280.32 div=155.48
20:38:28.521 CLOCK integ raw=165.44 prev=9.96 new=10.06 d=+0.102 fr=247.55 dt=0.102 rate=1.00 paused=False backlog=270.36 edge=280.42 div=155.48
20:38:28.624 CLOCK fold raw=165.70 prev=10.06 new=10.22 d=+0.154 fr=247.55 dt=0.103 rate=1.00 paused=False backlog=270.31 edge=280.52 div=155.48
20:38:28.726 TICK fr=247.55 cc=10.22 raw=165.70 vid=165.44 playing=1 started=1 stall=0 | d_fr_cc=+237.34 d_fr_raw=+81.85 d_cc_raw=-155.48 | off=-0.73 ccx_end=276.48 since_show=0.1 since_cue=2.5 | pcr=278.462 pid=100 head_rel=278.46 ccx_lag=1.99 | credit=247.6 capped=0.0 | fsize=126133900 feed=126133900 feed_behind=0 | backlog=270.31 edge=280.52 div=155.48 lag_ewma=6.13
20:38:28.828 CLOCK integ raw=165.70 prev=10.22 new=10.42 d=+0.204 fr=247.55 dt=0.204 rate=1.00 paused=False backlog=270.31 edge=280.73 div=155.48
20:38:28.930 CLOCK fold raw=165.96 prev=10.42 new=10.47 d=+0.052 fr=247.55 dt=0.102 rate=1.00 paused=False backlog=270.35 edge=280.83 div=155.48
20:38:29.031 CLOCK integ raw=165.96 prev=10.47 new=10.57 d=+0.101 fr=247.55 dt=0.101 rate=1.00 paused=False backlog=270.35 edge=280.93 div=155.48
20:38:29.133 CLOCK fold raw=166.21 prev=10.57 new=10.73 d=+0.154 fr=247.55 dt=0.102 rate=1.00 paused=False backlog=270.30 edge=281.03 div=155.48
20:38:29.135 EDGESNAP err=-2.57 edge->278.46
20:38:29.236 CLOCK integ raw=166.21 prev=10.73 new=10.83 d=+0.103 fr=247.55 dt=0.103 rate=1.00 paused=False backlog=267.73 edge=278.56 div=155.48
20:38:29.338 CLOCK integ raw=166.21 prev=10.83 new=10.93 d=+0.102 fr=247.55 dt=0.102 rate=1.00 paused=False backlog=267.73 edge=278.67 div=155.48
20:38:29.440 CLOCK fold raw=166.47 prev=10.93 new=10.99 d=+0.055 fr=247.55 dt=0.102 rate=1.00 paused=False backlog=267.78 edge=278.77 div=155.48
20:38:29.541 CLOCK integ raw=166.47 prev=10.99 new=11.09 d=+0.101 fr=247.55 dt=0.101 rate=1.00 paused=False backlog=267.78 edge=278.87 div=155.48
20:38:29.643 CLOCK fold raw=166.72 prev=11.09 new=11.24 d=+0.152 fr=247.55 dt=0.102 rate=1.00 paused=False backlog=267.73 edge=278.97 div=155.48
20:38:29.744 CLOCK integ raw=166.72 prev=11.24 new=11.34 d=+0.102 fr=247.55 dt=0.102 rate=1.00 paused=False backlog=267.73 edge=279.07 div=155.48
20:38:29.846 CLOCK integ raw=166.72 prev=11.34 new=11.44 d=+0.102 fr=247.55 dt=0.102 rate=1.00 paused=False backlog=267.73 edge=279.17 div=155.48
20:38:29.947 CLOCK fold raw=166.98 prev=11.44 new=11.50 d=+0.052 fr=247.55 dt=0.101 rate=1.00 paused=False backlog=267.78 edge=279.28 div=155.48
20:38:30.149 CLOCK fold raw=167.24 prev=11.50 new=11.75 d=+0.257 fr=247.55 dt=0.202 rate=1.00 paused=False backlog=267.72 edge=279.48 div=155.48
20:38:30.251 CLOCK integ raw=167.24 prev=11.75 new=11.85 d=+0.102 fr=247.55 dt=0.102 rate=1.00 paused=False backlog=267.72 edge=279.58 div=155.48
20:38:30.353 CLOCK integ raw=167.24 prev=11.85 new=11.96 d=+0.102 fr=247.55 dt=0.102 rate=1.00 paused=False backlog=267.72 edge=279.68 div=155.48
20:38:30.455 CLOCK fold raw=167.49 prev=11.96 new=12.01 d=+0.051 fr=247.55 dt=0.102 rate=1.00 paused=False backlog=267.78 edge=279.78 div=155.48
20:38:30.557 CLOCK integ raw=167.49 prev=12.01 new=12.11 d=+0.102 fr=247.55 dt=0.102 rate=1.00 paused=False backlog=267.78 edge=279.89 div=155.48
20:38:30.659 CLOCK fold raw=167.75 prev=12.11 new=12.26 d=+0.155 fr=247.55 dt=0.102 rate=1.00 paused=False backlog=267.72 edge=279.99 div=155.48
20:38:30.760 CLOCK integ raw=167.75 prev=12.26 new=12.37 d=+0.102 fr=247.55 dt=0.102 rate=1.00 paused=False backlog=267.72 edge=280.09 div=155.48
20:38:30.862 CLOCK integ raw=167.75 prev=12.37 new=12.47 d=+0.102 fr=247.55 dt=0.102 rate=1.00 paused=False backlog=267.72 edge=280.19 div=155.48
20:38:30.965 CLOCK fold raw=168.00 prev=12.47 new=12.52 d=+0.053 fr=247.55 dt=0.103 rate=1.00 paused=False backlog=267.77 edge=280.29 div=155.48
20:38:31.067 CLOCK integ raw=168.00 prev=12.52 new=12.62 d=+0.102 fr=247.55 dt=0.102 rate=1.00 paused=False backlog=267.77 edge=280.40 div=155.48
20:38:31.211 CLOCK fold raw=168.26 prev=12.62 new=12.78 d=+0.153 fr=247.55 dt=0.143 rate=1.00 paused=False backlog=268.10 edge=280.87 div=155.48
20:38:31.313 CUE cx=[276.48..277.91] adv=1.44 el=5.04 fresh | off=-0.73 fr=247.55 cc=12.78 raw=168.26 lead=+264.41 | pcr=281.067 head_rel=281.07 lag_ewma=6.13 | q=you know that the defenseants / to go get sacks. So you let 
20:38:31.314 CUE cx=[277.91..279.34] adv=1.43 el=0.00 fresh | off=-0.73 fr=247.55 cc=12.78 raw=168.26 lead=+265.84 | pcr=281.067 head_rel=281.07 lag_ewma=6.13 | q=to go get sacks. So you let / them run up the field and you 
20:38:31.314 ANCHOR pend_end=279.34 L=4.59 pinL=1.72 target=-0.05 off=-0.73
20:38:31.315 CLOCK integ raw=168.26 prev=12.78 new=12.88 d=+0.105 fr=247.55 dt=0.105 rate=1.00 paused=False backlog=268.24 edge=281.12 div=155.48
20:38:31.417 CLOCK fold raw=168.52 prev=12.88 new=13.03 d=+0.151 fr=252.39 dt=0.103 rate=1.00 paused=False backlog=268.19 edge=281.23 div=155.48
20:38:31.520 CLOCK integ raw=168.52 prev=13.03 new=13.14 d=+0.102 fr=252.39 dt=0.102 rate=1.00 paused=False backlog=268.19 edge=281.33 div=155.48
20:38:31.553 EDGESNAP err=+4.31 edge->285.63
20:38:31.554 CUE cx=[279.35..282.98] adv=3.64 el=0.21 fresh | off=-0.39 fr=252.39 cc=13.14 raw=168.52 lead=+269.46 | pcr=285.634 head_rel=285.63 lag_ewma=8.89 | q=them run up the field and you / do a draw right underneath t
20:38:31.554 CUE cx=[282.98..284.05] adv=1.07 el=0.03 fresh | off=-0.39 fr=252.39 cc=13.14 raw=168.52 lead=+270.53 | pcr=285.634 head_rel=285.63 lag_ewma=8.89 | q=do a draw right underneath them / or screen right behind the
20:38:31.656 ANCHOR pend_end=284.05 L=6.33 pinL=1.58 target=0.00 off=-0.39
20:38:31.656 CLOCK fold raw=168.77 prev=13.14 new=13.29 d=+0.154 fr=252.39 dt=0.136 rate=1.00 paused=False backlog=272.48 edge=285.77 div=155.48
20:38:31.757 CLOCK integ raw=168.77 prev=13.29 new=13.39 d=+0.102 fr=252.83 dt=0.102 rate=1.00 paused=False backlog=272.48 edge=285.87 div=155.48
20:38:31.860 CLOCK integ raw=168.77 prev=13.39 new=13.49 d=+0.103 fr=252.83 dt=0.103 rate=1.00 paused=False backlog=272.48 edge=285.97 div=155.48
20:38:31.962 CLOCK fold raw=169.03 prev=13.49 new=13.54 d=+0.050 fr=252.83 dt=0.102 rate=1.00 paused=False backlog=272.53 edge=286.08 div=155.48
20:38:32.064 CLOCK integ raw=169.03 prev=13.54 new=13.65 d=+0.102 fr=252.83 dt=0.102 rate=1.00 paused=False backlog=272.53 edge=286.18 div=155.48
20:38:32.166 CLOCK integ raw=169.03 prev=13.65 new=13.75 d=+0.103 fr=252.83 dt=0.103 rate=1.00 paused=False backlog=272.53 edge=286.28 div=155.48
20:38:32.268 CLOCK fold raw=169.28 prev=13.75 new=13.80 d=+0.052 fr=252.83 dt=0.101 rate=1.00 paused=False backlog=272.58 edge=286.38 div=155.48
20:38:32.369 CLOCK integ raw=169.28 prev=13.80 new=13.90 d=+0.101 fr=252.83 dt=0.101 rate=1.00 paused=False backlog=272.58 edge=286.48 div=155.48
20:38:32.471 CLOCK fold raw=169.54 prev=13.90 new=14.06 d=+0.156 fr=252.83 dt=0.102 rate=1.00 paused=False backlog=272.53 edge=286.58 div=155.48
20:38:32.572 CLOCK integ raw=169.54 prev=14.06 new=14.16 d=+0.101 fr=252.83 dt=0.101 rate=1.00 paused=False backlog=272.53 edge=286.69 div=155.48
20:38:32.774 CLOCK fold raw=169.80 prev=14.16 new=14.31 d=+0.155 fr=252.83 dt=0.202 rate=1.00 paused=False backlog=272.58 edge=286.89 div=155.48
20:38:32.876 CLOCK integ raw=169.80 prev=14.31 new=14.41 d=+0.102 fr=252.83 dt=0.102 rate=1.00 paused=False backlog=272.58 edge=286.99 div=155.48
20:38:32.977 CLOCK fold raw=170.05 prev=14.41 new=14.57 d=+0.155 fr=252.83 dt=0.102 rate=1.00 paused=False backlog=272.52 edge=287.09 div=155.48
20:38:33.079 CLOCK integ raw=170.05 prev=14.57 new=14.67 d=+0.102 fr=252.83 dt=0.102 rate=1.00 paused=False backlog=272.52 edge=287.19 div=155.48
20:38:33.181 CLOCK integ raw=170.05 prev=14.67 new=14.77 d=+0.102 fr=252.83 dt=0.102 rate=1.00 paused=False backlog=271.74 edge=286.52 div=155.48
20:38:33.283 CLOCK fold raw=170.31 prev=14.77 new=14.82 d=+0.051 fr=252.83 dt=0.102 rate=1.00 paused=False backlog=271.79 edge=286.62 div=155.48
20:38:33.387 CLOCK integ raw=170.31 prev=14.82 new=14.93 d=+0.104 fr=252.83 dt=0.104 rate=1.00 paused=False backlog=271.79 edge=286.72 div=155.48
20:38:33.489 CLOCK fold raw=170.57 prev=14.93 new=15.09 d=+0.160 fr=252.83 dt=0.101 rate=1.00 paused=False backlog=271.73 edge=286.82 div=155.48
20:38:33.590 CLOCK integ raw=170.57 prev=15.09 new=15.19 d=+0.102 fr=252.83 dt=0.102 rate=1.00 paused=False backlog=271.73 edge=286.92 div=155.48
20:38:33.691 CLOCK integ raw=170.57 prev=15.19 new=15.29 d=+0.101 fr=252.83 dt=0.101 rate=1.00 paused=False backlog=271.73 edge=287.03 div=155.48
20:38:33.795 TICK fr=252.83 cc=15.29 raw=170.84 vid=170.31 playing=1 started=1 stall=0 | d_fr_cc=+237.54 d_fr_raw=+81.99 d_cc_raw=-155.55 | off=-0.19 ccx_end=284.05 since_show=0.1 since_cue=2.2 | pcr=285.634 pid=100 head_rel=285.63 ccx_lag=1.58 | credit=252.8 capped=0.0 | fsize=129392316 feed=129392316 feed_behind=0 | backlog=271.73 edge=287.03 div=155.48 lag_ewma=6.33
20:38:33.796 CLOCK fold raw=170.84 prev=15.29 new=15.36 d=+0.066 fr=252.83 dt=0.104 rate=1.00 paused=False backlog=271.77 edge=287.13 div=155.48
20:38:33.898 CLOCK integ raw=170.84 prev=15.36 new=15.46 d=+0.102 fr=252.83 dt=0.102 rate=1.00 paused=False backlog=271.77 edge=287.23 div=155.48
20:38:33.999 CLOCK fold raw=171.10 prev=15.46 new=15.61 d=+0.154 fr=252.83 dt=0.101 rate=1.00 paused=False backlog=271.72 edge=287.33 div=155.48
20:38:34.100 CLOCK integ raw=171.10 prev=15.61 new=15.72 d=+0.102 fr=252.83 dt=0.102 rate=1.00 paused=False backlog=271.72 edge=287.43 div=155.48
20:38:34.202 CLOCK integ raw=171.10 prev=15.72 new=15.82 d=+0.101 fr=252.83 dt=0.101 rate=1.00 paused=False backlog=271.72 edge=287.54 div=155.48
20:38:34.404 CLOCK fold raw=171.35 prev=15.82 new=15.87 d=+0.054 fr=252.83 dt=0.202 rate=1.00 paused=False backlog=271.87 edge=287.74 div=155.48
20:38:34.506 CLOCK fold raw=171.61 prev=15.87 new=16.13 d=+0.255 fr=252.83 dt=0.102 rate=1.00 paused=False backlog=271.71 edge=287.84 div=155.48
20:38:34.607 CLOCK integ raw=171.61 prev=16.13 new=16.23 d=+0.102 fr=252.83 dt=0.102 rate=1.00 paused=False backlog=271.71 edge=287.94 div=155.48
20:38:34.709 CLOCK integ raw=171.61 prev=16.23 new=16.33 d=+0.101 fr=252.83 dt=0.101 rate=1.00 paused=False backlog=271.71 edge=288.04 div=155.48
20:38:34.810 CLOCK fold raw=171.87 prev=16.33 new=16.38 d=+0.054 fr=252.83 dt=0.101 rate=1.00 paused=False backlog=271.76 edge=288.14 div=155.48
20:38:34.911 CLOCK integ raw=171.87 prev=16.38 new=16.48 d=+0.101 fr=252.83 dt=0.101 rate=1.00 paused=False backlog=271.76 edge=288.25 div=155.48
20:38:35.014 CLOCK fold raw=172.12 prev=16.48 new=16.64 d=+0.154 fr=252.83 dt=0.102 rate=1.00 paused=False backlog=271.71 edge=288.35 div=155.48
20:38:35.115 CLOCK integ raw=172.12 prev=16.64 new=16.74 d=+0.102 fr=252.83 dt=0.102 rate=1.00 paused=False backlog=271.71 edge=288.45 div=155.48
20:38:35.119 EDGESNAP err=-2.82 edge->285.63
20:38:35.220 CLOCK integ raw=172.12 prev=16.74 new=16.84 d=+0.105 fr=252.83 dt=0.105 rate=1.00 paused=False backlog=268.89 edge=285.74 div=155.48
20:38:35.321 CLOCK fold raw=172.38 prev=16.84 new=16.89 d=+0.051 fr=252.83 dt=0.102 rate=1.00 paused=False backlog=268.94 edge=285.84 div=155.48
20:38:35.422 CLOCK integ raw=172.38 prev=16.89 new=17.00 d=+0.101 fr=252.83 dt=0.101 rate=1.00 paused=False backlog=268.94 edge=285.94 div=155.48
20:38:35.524 CLOCK fold raw=172.63 prev=17.00 new=17.15 d=+0.155 fr=252.83 dt=0.101 rate=1.00 paused=False backlog=268.89 edge=286.04 div=155.48
20:38:35.625 CLOCK integ raw=172.63 prev=17.15 new=17.25 d=+0.101 fr=252.83 dt=0.101 rate=1.00 paused=False backlog=268.89 edge=286.14 div=155.48
20:38:35.729 CLOCK integ raw=172.63 prev=17.25 new=17.35 d=+0.102 fr=252.83 dt=0.102 rate=1.00 paused=False backlog=268.89 edge=286.25 div=155.48
20:38:35.931 CLOCK fold raw=172.89 prev=17.35 new=17.41 d=+0.051 fr=252.83 dt=0.203 rate=1.00 paused=False backlog=269.04 edge=286.45 div=155.48
20:38:36.033 CLOCK fold raw=173.15 prev=17.41 new=17.66 d=+0.257 fr=252.83 dt=0.102 rate=1.00 paused=False backlog=268.89 edge=286.55 div=155.48
20:38:36.136 CLOCK integ raw=173.15 prev=17.66 new=17.77 d=+0.102 fr=252.83 dt=0.102 rate=1.00 paused=False backlog=268.89 edge=286.65 div=155.48
20:38:36.238 CLOCK integ raw=173.15 prev=17.77 new=17.87 d=+0.103 fr=257.21 dt=0.103 rate=1.00 paused=False backlog=268.89 edge=286.76 div=155.48
20:38:36.341 CLOCK fold raw=173.41 prev=17.87 new=17.93 d=+0.058 fr=257.21 dt=0.104 rate=1.00 paused=False backlog=268.93 edge=286.86 div=155.48
20:38:36.444 CLOCK integ raw=173.41 prev=17.93 new=18.03 d=+0.103 fr=257.21 dt=0.103 rate=1.00 paused=False backlog=268.93 edge=286.96 div=155.48
20:38:36.546 CLOCK integ raw=173.41 prev=18.03 new=18.13 d=+0.102 fr=257.21 dt=0.102 rate=1.00 paused=False backlog=268.93 edge=287.06 div=155.48
20:38:36.648 CLOCK fold raw=173.68 prev=18.13 new=18.20 d=+0.066 fr=257.72 dt=0.102 rate=1.00 paused=False backlog=268.97 edge=287.17 div=155.48
20:38:36.752 CLOCK integ raw=173.68 prev=18.20 new=18.30 d=+0.103 fr=257.72 dt=0.103 rate=1.00 paused=False backlog=268.97 edge=287.27 div=155.48
20:38:36.854 CLOCK fold raw=173.94 prev=18.30 new=18.45 d=+0.152 fr=257.72 dt=0.103 rate=1.00 paused=False backlog=268.92 edge=287.37 div=155.48
20:38:36.956 CLOCK integ raw=173.94 prev=18.45 new=18.56 d=+0.103 fr=257.72 dt=0.103 rate=1.00 paused=False backlog=268.92 edge=287.47 div=155.48
20:38:37.059 CLOCK integ raw=173.94 prev=18.56 new=18.66 d=+0.102 fr=257.72 dt=0.102 rate=1.00 paused=False backlog=268.92 edge=287.58 div=155.48
20:38:37.162 CLOCK fold raw=174.19 prev=18.66 new=18.71 d=+0.052 fr=257.72 dt=0.103 rate=1.00 paused=False backlog=270.00 edge=288.71 div=155.48
20:38:37.265 CLOCK integ raw=174.19 prev=18.71 new=18.81 d=+0.103 fr=257.72 dt=0.103 rate=1.00 paused=False backlog=270.00 edge=288.81 div=155.48
20:38:37.469 CLOCK fold raw=174.45 prev=18.81 new=18.97 d=+0.152 fr=257.72 dt=0.203 rate=1.00 paused=False backlog=270.05 edge=289.02 div=155.48
20:38:37.571 CLOCK integ raw=174.45 prev=18.97 new=19.07 d=+0.102 fr=257.72 dt=0.102 rate=1.00 paused=False backlog=270.05 edge=289.12 div=155.48
20:38:37.673 CLOCK fold raw=174.70 prev=19.07 new=19.22 d=+0.152 fr=257.72 dt=0.102 rate=1.00 paused=False backlog=270.00 edge=289.22 div=155.48
20:38:37.775 CLOCK integ raw=174.70 prev=19.22 new=19.32 d=+0.102 fr=257.72 dt=0.102 rate=1.00 paused=False backlog=270.00 edge=289.32 div=155.48
20:38:37.878 CLOCK fold raw=174.96 prev=19.32 new=19.48 d=+0.155 fr=257.72 dt=0.104 rate=1.00 paused=False backlog=269.95 edge=289.43 div=155.48
20:38:37.981 CLOCK integ raw=174.96 prev=19.48 new=19.58 d=+0.103 fr=257.72 dt=0.103 rate=1.00 paused=False backlog=269.95 edge=289.53 div=155.48
20:38:38.083 CLOCK integ raw=174.96 prev=19.58 new=19.68 d=+0.102 fr=257.72 dt=0.102 rate=1.00 paused=False backlog=269.95 edge=289.63 div=155.48
20:38:38.185 CLOCK fold raw=175.22 prev=19.68 new=19.73 d=+0.052 fr=257.72 dt=0.102 rate=1.00 paused=False backlog=270.00 edge=289.73 div=155.48
20:38:38.288 CLOCK integ raw=175.22 prev=19.73 new=19.84 d=+0.103 fr=257.72 dt=0.103 rate=1.00 paused=False backlog=270.00 edge=289.84 div=155.48
20:38:38.390 CLOCK fold raw=175.47 prev=19.84 new=19.99 d=+0.151 fr=257.72 dt=0.102 rate=1.00 paused=False backlog=269.95 edge=289.94 div=155.48
20:38:38.492 CLOCK integ raw=175.47 prev=19.99 new=20.09 d=+0.102 fr=257.72 dt=0.102 rate=1.00 paused=False backlog=269.95 edge=290.04 div=155.48
20:38:38.594 CLOCK integ raw=175.47 prev=20.09 new=20.19 d=+0.102 fr=257.72 dt=0.102 rate=1.00 paused=False backlog=269.95 edge=290.14 div=155.48
20:38:38.697 CLOCK fold raw=175.73 prev=20.19 new=20.24 d=+0.053 fr=257.72 dt=0.103 rate=1.00 paused=False backlog=270.00 edge=290.25 div=155.48
20:38:38.699 TICK fr=257.72 cc=20.24 raw=175.73 vid=175.47 playing=1 started=1 stall=0 | d_fr_cc=+237.48 d_fr_raw=+82.00 d_cc_raw=-155.48 | off=-0.19 ccx_end=284.05 since_show=0.0 since_cue=7.1 | pcr=289.639 pid=100 head_rel=289.64 ccx_lag=5.59 | credit=257.7 capped=0.0 | fsize=131177564 feed=131177564 feed_behind=0 | backlog=270.00 edge=290.25 div=155.48 lag_ewma=6.33
20:38:38.801 CLOCK integ raw=175.73 prev=20.24 new=20.35 d=+0.104 fr=257.72 dt=0.104 rate=1.00 paused=False backlog=270.00 edge=290.35 div=155.48
20:38:38.902 CLOCK fold raw=175.98 prev=20.35 new=20.50 d=+0.152 fr=257.72 dt=0.102 rate=1.00 paused=False backlog=269.95 edge=290.45 div=155.48
20:38:39.005 CLOCK integ raw=175.98 prev=20.50 new=20.60 d=+0.103 fr=257.72 dt=0.103 rate=1.00 paused=False backlog=269.95 edge=290.55 div=155.48
20:38:39.207 CLOCK fold raw=176.24 prev=20.60 new=20.76 d=+0.158 fr=257.72 dt=0.203 rate=1.00 paused=False backlog=269.54 edge=290.30 div=155.48
20:38:39.309 CLOCK integ raw=176.24 prev=20.76 new=20.86 d=+0.101 fr=257.72 dt=0.101 rate=1.00 paused=False backlog=269.54 edge=290.40 div=155.48
20:38:39.410 CLOCK fold raw=176.50 prev=20.86 new=21.01 d=+0.150 fr=257.72 dt=0.101 rate=1.00 paused=False backlog=269.49 edge=290.50 div=155.48
20:38:39.514 CLOCK integ raw=176.50 prev=21.01 new=21.12 d=+0.104 fr=257.72 dt=0.104 rate=1.00 paused=False backlog=269.49 edge=290.60 div=155.48
20:38:39.616 CLOCK integ raw=176.50 prev=21.12 new=21.22 d=+0.102 fr=257.72 dt=0.102 rate=1.00 paused=False backlog=269.49 edge=290.71 div=155.48
20:38:39.718 CLOCK fold raw=176.75 prev=21.22 new=21.27 d=+0.049 fr=257.72 dt=0.102 rate=1.00 paused=False backlog=269.54 edge=290.81 div=155.48
20:38:39.821 CLOCK integ raw=176.75 prev=21.27 new=21.37 d=+0.103 fr=257.72 dt=0.103 rate=1.00 paused=False backlog=269.54 edge=290.91 div=155.48
20:38:39.926 CLOCK fold raw=177.02 prev=21.37 new=21.53 d=+0.163 fr=257.72 dt=0.105 rate=1.00 paused=False backlog=269.48 edge=291.02 div=155.48
20:38:40.028 CLOCK integ raw=177.02 prev=21.53 new=21.63 d=+0.102 fr=257.72 dt=0.102 rate=1.00 paused=False backlog=269.48 edge=291.12 div=155.48
20:38:40.130 CLOCK integ raw=177.02 prev=21.63 new=21.74 d=+0.102 fr=257.72 dt=0.102 rate=1.00 paused=False backlog=269.48 edge=291.22 div=155.48
20:38:40.231 CLOCK fold raw=177.28 prev=21.74 new=21.80 d=+0.063 fr=257.72 dt=0.101 rate=1.00 paused=False backlog=269.52 edge=291.32 div=155.48
20:38:40.333 CLOCK integ raw=177.28 prev=21.80 new=21.90 d=+0.102 fr=257.72 dt=0.102 rate=1.00 paused=False backlog=269.52 edge=291.42 div=155.48
20:38:40.435 CLOCK fold raw=177.54 prev=21.90 new=22.06 d=+0.155 fr=257.72 dt=0.102 rate=1.00 paused=False backlog=269.47 edge=291.53 div=155.48
20:38:40.637 CLOCK integ raw=177.54 prev=22.06 new=22.26 d=+0.202 fr=257.72 dt=0.202 rate=1.00 paused=False backlog=269.47 edge=291.73 div=155.48
20:38:40.739 CLOCK fold raw=177.80 prev=22.26 new=22.31 d=+0.054 fr=257.72 dt=0.101 rate=1.00 paused=False backlog=269.52 edge=291.83 div=155.48
20:38:40.840 CLOCK integ raw=177.80 prev=22.31 new=22.41 d=+0.102 fr=257.72 dt=0.102 rate=1.00 paused=False backlog=269.52 edge=291.93 div=155.48
20:38:40.942 CLOCK fold raw=178.05 prev=22.41 new=22.57 d=+0.153 fr=257.72 dt=0.101 rate=1.00 paused=False backlog=269.46 edge=292.03 div=155.48
20:38:41.043 CLOCK integ raw=178.05 prev=22.57 new=22.67 d=+0.101 fr=257.72 dt=0.101 rate=1.00 paused=False backlog=269.46 edge=292.13 div=155.48
20:38:41.166 CLOCK integ raw=178.05 prev=22.67 new=22.79 d=+0.124 fr=262.12 dt=0.124 rate=1.00 paused=False backlog=269.24 edge=292.03 div=155.48
20:38:41.268 CLOCK fold raw=178.31 prev=22.79 new=22.82 d=+0.032 fr=262.12 dt=0.102 rate=1.00 paused=False backlog=269.30 edge=292.13 div=155.48
20:38:41.268 CUE cx=[284.05..290.59] adv=6.54 el=9.71 fresh | off=-0.19 fr=262.12 cc=22.82 raw=178.31 lead=+267.57 | pcr=291.676 head_rel=291.67 lag_ewma=6.33 | q=or screen right behind them. / Again Trey Stewart the runnin
20:38:41.370 ANCHOR pend_end=290.59 L=4.50 pinL=1.09 target=0.23 off=-0.19
20:38:41.370 CLOCK integ raw=178.31 prev=22.82 new=22.93 d=+0.102 fr=262.12 dt=0.102 rate=1.00 paused=False backlog=269.08 edge=292.00 div=155.48
20:38:41.471 CLOCK fold raw=178.56 prev=22.93 new=23.08 d=+0.153 fr=262.12 dt=0.102 rate=1.00 paused=False backlog=269.03 edge=292.11 div=155.48
20:38:41.576 CLOCK integ raw=178.56 prev=23.08 new=23.18 d=+0.105 fr=262.55 dt=0.105 rate=1.00 paused=False backlog=269.03 edge=292.21 div=155.48
20:38:41.677 CLOCK integ raw=178.56 prev=23.18 new=23.29 d=+0.102 fr=262.55 dt=0.102 rate=1.00 paused=False backlog=269.03 edge=292.31 div=155.48
20:38:41.779 CLOCK fold raw=178.82 prev=23.29 new=23.34 d=+0.051 fr=262.55 dt=0.102 rate=1.00 paused=False backlog=269.08 edge=292.41 div=155.48
20:38:41.882 CLOCK integ raw=178.82 prev=23.34 new=23.44 d=+0.103 fr=262.55 dt=0.103 rate=1.00 paused=False backlog=269.08 edge=292.52 div=155.48
20:38:41.984 CLOCK fold raw=179.07 prev=23.44 new=23.59 d=+0.152 fr=262.55 dt=0.102 rate=1.00 paused=False backlog=269.03 edge=292.62 div=155.48
20:38:42.086 CLOCK integ raw=179.07 prev=23.59 new=23.69 d=+0.102 fr=262.55 dt=0.102 rate=1.00 paused=False backlog=269.03 edge=292.72 div=155.48
20:38:42.289 CLOCK fold raw=179.33 prev=23.69 new=23.85 d=+0.155 fr=262.55 dt=0.202 rate=1.00 paused=False backlog=269.07 edge=292.92 div=155.48
20:38:42.391 CLOCK integ raw=179.33 prev=23.85 new=23.95 d=+0.102 fr=262.55 dt=0.102 rate=1.00 paused=False backlog=269.07 edge=293.02 div=155.48
20:38:42.494 CLOCK fold raw=179.59 prev=23.95 new=24.10 d=+0.153 fr=262.55 dt=0.103 rate=1.00 paused=False backlog=269.02 edge=293.13 div=155.48
20:38:42.595 CLOCK integ raw=179.59 prev=24.10 new=24.21 d=+0.102 fr=262.55 dt=0.102 rate=1.00 paused=False backlog=269.02 edge=293.23 div=155.48
20:38:42.698 CLOCK integ raw=179.59 prev=24.21 new=24.31 d=+0.102 fr=262.55 dt=0.102 rate=1.00 paused=False backlog=269.02 edge=293.33 div=155.48
20:38:42.800 CLOCK fold raw=179.84 prev=24.31 new=24.36 d=+0.053 fr=262.55 dt=0.103 rate=1.00 paused=False backlog=269.07 edge=293.43 div=155.48
20:38:42.903 CLOCK integ raw=179.84 prev=24.36 new=24.46 d=+0.102 fr=262.55 dt=0.102 rate=1.00 paused=False backlog=269.07 edge=293.54 div=155.48
20:38:43.005 CLOCK fold raw=180.10 prev=24.46 new=24.62 d=+0.154 fr=262.55 dt=0.103 rate=1.00 paused=False backlog=269.02 edge=293.64 div=155.48
20:38:43.107 CLOCK integ raw=180.10 prev=24.62 new=24.72 d=+0.102 fr=262.55 dt=0.102 rate=1.00 paused=False backlog=269.02 edge=293.74 div=155.48
20:38:43.210 CLOCK integ raw=180.10 prev=24.72 new=24.82 d=+0.103 fr=262.55 dt=0.103 rate=1.00 paused=False backlog=268.48 edge=293.30 div=155.48
20:38:43.311 CLOCK fold raw=180.35 prev=24.82 new=24.87 d=+0.050 fr=262.55 dt=0.102 rate=1.00 paused=False backlog=268.53 edge=293.40 div=155.48
20:38:43.413 CLOCK integ raw=180.35 prev=24.87 new=24.97 d=+0.102 fr=262.55 dt=0.102 rate=1.00 paused=False backlog=268.53 edge=293.50 div=155.48
20:38:43.516 CLOCK fold raw=180.61 prev=24.97 new=25.13 d=+0.155 fr=262.55 dt=0.102 rate=1.00 paused=False backlog=268.48 edge=293.61 div=155.48
20:38:43.618 CLOCK integ raw=180.61 prev=25.13 new=25.23 d=+0.103 fr=262.55 dt=0.103 rate=1.00 paused=False backlog=268.48 edge=293.71 div=155.48
20:38:43.720 TICK fr=262.55 cc=25.23 raw=180.61 vid=180.61 playing=1 started=1 stall=0 | d_fr_cc=+237.32 d_fr_raw=+81.94 d_cc_raw=-155.38 | off=0.02 ccx_end=290.59 since_show=0.1 since_cue=2.5 | pcr=292.658 pid=100 head_rel=292.66 ccx_lag=2.07 | credit=262.5 capped=0.0 | fsize=132577036 feed=132577036 feed_behind=0 | backlog=268.48 edge=293.71 div=155.48 lag_ewma=4.50
20:38:43.721 CLOCK integ raw=180.61 prev=25.23 new=25.34 d=+0.104 fr=262.55 dt=0.104 rate=1.00 paused=False backlog=268.48 edge=293.81 div=155.48
20:38:43.923 CLOCK fold raw=180.87 prev=25.34 new=25.38 d=+0.048 fr=262.55 dt=0.202 rate=1.00 paused=False backlog=268.63 edge=294.02 div=155.48
20:38:44.025 CLOCK fold raw=181.12 prev=25.38 new=25.64 d=+0.256 fr=262.55 dt=0.102 rate=1.00 paused=False backlog=268.48 edge=294.12 div=155.48
20:38:44.127 CLOCK integ raw=181.12 prev=25.64 new=25.74 d=+0.102 fr=262.55 dt=0.102 rate=1.00 paused=False backlog=268.48 edge=294.22 div=155.48
20:38:44.229 CLOCK integ raw=181.12 prev=25.74 new=25.84 d=+0.101 fr=262.55 dt=0.101 rate=1.00 paused=False backlog=268.48 edge=294.32 div=155.48
20:38:44.330 CLOCK fold raw=181.38 prev=25.84 new=25.90 d=+0.053 fr=262.55 dt=0.102 rate=1.00 paused=False backlog=268.53 edge=294.42 div=155.48
20:38:44.433 CLOCK integ raw=181.38 prev=25.90 new=26.00 d=+0.102 fr=262.55 dt=0.102 rate=1.00 paused=False backlog=268.53 edge=294.52 div=155.48
20:38:44.535 CLOCK fold raw=181.64 prev=26.00 new=26.16 d=+0.158 fr=262.55 dt=0.102 rate=1.00 paused=False backlog=268.47 edge=294.63 div=155.48
20:38:44.637 CLOCK integ raw=181.64 prev=26.16 new=26.26 d=+0.102 fr=262.55 dt=0.102 rate=1.00 paused=False backlog=268.47 edge=294.73 div=155.48
20:38:44.738 CLOCK integ raw=181.64 prev=26.26 new=26.36 d=+0.101 fr=262.55 dt=0.101 rate=1.00 paused=False backlog=268.47 edge=294.83 div=155.48
20:38:44.840 CLOCK fold raw=181.89 prev=26.36 new=26.41 d=+0.048 fr=262.55 dt=0.101 rate=1.00 paused=False backlog=268.52 edge=294.93 div=155.48
20:38:44.941 CLOCK integ raw=181.89 prev=26.41 new=26.51 d=+0.101 fr=262.55 dt=0.101 rate=1.00 paused=False backlog=268.52 edge=295.03 div=155.48
20:38:45.042 CLOCK fold raw=182.15 prev=26.51 new=26.66 d=+0.156 fr=262.55 dt=0.101 rate=1.00 paused=False backlog=268.47 edge=295.13 div=155.48
20:38:45.145 CLOCK integ raw=182.15 prev=26.66 new=26.77 d=+0.103 fr=262.55 dt=0.103 rate=1.00 paused=False backlog=267.23 edge=294.00 div=155.48
20:38:45.347 CLOCK fold raw=182.40 prev=26.77 new=26.92 d=+0.152 fr=262.55 dt=0.202 rate=1.00 paused=False backlog=267.28 edge=294.20 div=155.48
20:38:45.449 CLOCK integ raw=182.40 prev=26.92 new=27.02 d=+0.102 fr=262.55 dt=0.102 rate=1.00 paused=False backlog=267.28 edge=294.30 div=155.48
20:38:45.550 CLOCK fold raw=182.66 prev=27.02 new=27.18 d=+0.154 fr=262.55 dt=0.101 rate=1.00 paused=False backlog=267.23 edge=294.40 div=155.48
20:38:45.652 CLOCK integ raw=182.66 prev=27.18 new=27.28 d=+0.102 fr=262.55 dt=0.102 rate=1.00 paused=False backlog=267.23 edge=294.51 div=155.48
20:38:45.754 CLOCK integ raw=182.66 prev=27.28 new=27.38 d=+0.102 fr=262.55 dt=0.102 rate=1.00 paused=False backlog=267.23 edge=294.61 div=155.48
20:38:45.855 CLOCK fold raw=182.92 prev=27.38 new=27.44 d=+0.057 fr=262.55 dt=0.101 rate=1.00 paused=False backlog=267.27 edge=294.71 div=155.48
20:38:45.957 CLOCK integ raw=182.92 prev=27.44 new=27.54 d=+0.102 fr=262.55 dt=0.102 rate=1.00 paused=False backlog=267.27 edge=294.81 div=155.48
20:38:46.083 CUE cx=[290.59..292.32] adv=1.74 el=4.79 fresh | off=0.02 fr=262.55 cc=27.54 raw=183.17 lead=+264.80 | pcr=294.274 head_rel=294.27 lag_ewma=4.50 | q=Again Trey Stewart the running / back 58186 undrafted a year
20:38:46.085 ANCHOR pend_end=292.32 L=3.61 pinL=1.95 target=0.27 off=0.02
20:38:46.085 CLOCK fold raw=183.17 prev=27.54 new=27.69 d=+0.150 fr=262.55 dt=0.127 rate=1.00 paused=False backlog=266.98 edge=294.67 div=155.48
20:38:46.186 CLOCK integ raw=183.17 prev=27.69 new=27.79 d=+0.101 fr=262.55 dt=0.101 rate=1.00 paused=False backlog=266.98 edge=294.77 div=155.48
20:38:46.287 CLOCK integ raw=183.17 prev=27.79 new=27.89 d=+0.102 fr=262.55 dt=0.102 rate=1.00 paused=False backlog=266.98 edge=294.87 div=155.48
20:38:46.391 CLOCK fold raw=183.43 prev=27.89 new=27.94 d=+0.054 fr=267.47 dt=0.103 rate=1.00 paused=False backlog=267.03 edge=294.98 div=155.48
20:38:46.492 CLOCK integ raw=183.43 prev=27.94 new=28.05 d=+0.102 fr=267.47 dt=0.102 rate=1.00 paused=False backlog=267.03 edge=295.08 div=155.48
20:38:46.626 CUE cx=[292.33..294.16] adv=1.83 el=0.54 fresh | off=0.14 fr=267.47 cc=28.05 raw=183.68 lead=+266.26 | pcr=296.873 head_rel=296.87 lag_ewma=3.61 | q=back 58186 undrafted a year ago. / And Slovis sends it to th
20:38:46.627 ANCHOR pend_end=294.16 L=3.29 pinL=2.71 target=-0.90 off=0.14
20:38:46.627 CLOCK fold raw=183.68 prev=28.05 new=28.20 d=+0.153 fr=267.47 dt=0.135 rate=1.00 paused=False backlog=267.91 edge=296.11 div=155.48
20:38:46.729 CLOCK integ raw=183.68 prev=28.20 new=28.30 d=+0.102 fr=267.47 dt=0.102 rate=1.00 paused=False backlog=267.91 edge=296.21 div=155.48
20:38:46.834 CLOCK fold raw=183.94 prev=28.30 new=28.46 d=+0.155 fr=267.47 dt=0.105 rate=1.00 paused=False backlog=267.86 edge=296.32 div=155.48
20:38:46.935 CLOCK integ raw=183.94 prev=28.46 new=28.56 d=+0.101 fr=267.47 dt=0.101 rate=1.00 paused=False backlog=267.86 edge=296.42 div=155.48
20:38:47.037 CLOCK integ raw=183.94 prev=28.56 new=28.66 d=+0.102 fr=267.47 dt=0.102 rate=1.00 paused=False backlog=267.86 edge=296.52 div=155.48
20:38:47.140 CLOCK fold raw=184.20 prev=28.66 new=28.71 d=+0.053 fr=267.47 dt=0.103 rate=1.00 paused=False backlog=268.09 edge=296.80 div=155.48
20:38:47.243 CLOCK integ raw=184.20 prev=28.71 new=28.82 d=+0.102 fr=267.47 dt=0.102 rate=1.00 paused=False backlog=268.09 edge=296.90 div=155.48
20:38:47.344 CLOCK fold raw=184.45 prev=28.82 new=28.97 d=+0.154 fr=267.47 dt=0.103 rate=1.00 paused=False backlog=268.03 edge=297.00 div=155.48
20:38:47.449 CLOCK integ raw=184.45 prev=28.97 new=29.07 d=+0.105 fr=267.47 dt=0.105 rate=1.00 paused=False backlog=268.03 edge=297.11 div=155.48
20:38:47.652 CLOCK fold raw=184.71 prev=29.07 new=29.22 d=+0.151 fr=267.47 dt=0.203 rate=1.00 paused=False backlog=268.09 edge=297.31 div=155.48
20:38:47.754 CLOCK integ raw=184.71 prev=29.22 new=29.33 d=+0.102 fr=267.47 dt=0.102 rate=1.00 paused=False backlog=268.09 edge=297.41 div=155.48
20:38:47.856 CLOCK fold raw=184.96 prev=29.33 new=29.48 d=+0.153 fr=267.47 dt=0.102 rate=1.00 paused=False backlog=268.04 edge=297.52 div=155.48
20:38:47.959 CLOCK integ raw=184.96 prev=29.48 new=29.58 d=+0.102 fr=267.47 dt=0.102 rate=1.00 paused=False backlog=268.04 edge=297.62 div=155.48
20:38:48.061 CLOCK integ raw=184.96 prev=29.58 new=29.68 d=+0.102 fr=267.47 dt=0.102 rate=1.00 paused=False backlog=268.04 edge=297.72 div=155.48
20:38:48.164 CLOCK fold raw=185.22 prev=29.68 new=29.74 d=+0.053 fr=267.47 dt=0.103 rate=1.00 paused=False backlog=268.08 edge=297.82 div=155.48
20:38:48.266 CLOCK integ raw=185.22 prev=29.74 new=29.84 d=+0.102 fr=267.47 dt=0.102 rate=1.00 paused=False backlog=268.08 edge=297.93 div=155.48
20:38:48.370 CLOCK fold raw=185.48 prev=29.84 new=29.99 d=+0.153 fr=267.47 dt=0.104 rate=1.00 paused=False backlog=268.04 edge=298.03 div=155.48
20:38:48.472 CLOCK integ raw=185.48 prev=29.99 new=30.09 d=+0.102 fr=267.47 dt=0.102 rate=1.00 paused=False backlog=268.04 edge=298.13 div=155.48
20:38:48.675 CLOCK fold raw=185.73 prev=30.09 new=30.25 d=+0.153 fr=267.47 dt=0.203 rate=1.00 paused=False backlog=268.09 edge=298.33 div=155.48
20:38:48.776 CLOCK integ raw=185.73 prev=30.25 new=30.35 d=+0.102 fr=267.47 dt=0.102 rate=1.00 paused=False backlog=268.09 edge=298.44 div=155.48
20:38:48.780 TICK fr=267.47 cc=30.35 raw=185.73 vid=185.48 playing=1 started=1 stall=0 | d_fr_cc=+237.12 d_fr_raw=+81.73 d_cc_raw=-155.38 | off=-0.38 ccx_end=294.16 since_show=0.0 since_cue=2.2 | pcr=296.873 pid=100 head_rel=296.87 ccx_lag=2.71 | credit=267.5 capped=0.0 | fsize=134501216 feed=134501216 feed_behind=0 | backlog=268.09 edge=298.44 div=155.48 lag_ewma=3.29
20:38:48.881 CLOCK fold raw=185.99 prev=30.35 new=30.50 d=+0.155 fr=267.47 dt=0.105 rate=1.00 paused=False backlog=268.04 edge=298.54 div=155.48
20:38:48.984 CLOCK integ raw=185.99 prev=30.50 new=30.61 d=+0.102 fr=267.47 dt=0.102 rate=1.00 paused=False backlog=268.04 edge=298.64 div=155.48
20:38:49.087 CLOCK integ raw=185.99 prev=30.61 new=30.71 d=+0.103 fr=267.47 dt=0.103 rate=1.00 paused=False backlog=268.04 edge=298.75 div=155.48
20:38:49.189 CLOCK fold raw=186.24 prev=30.71 new=30.76 d=+0.051 fr=267.47 dt=0.102 rate=1.00 paused=False backlog=267.15 edge=297.91 div=155.48
20:38:49.291 CLOCK integ raw=186.24 prev=30.76 new=30.86 d=+0.102 fr=267.47 dt=0.102 rate=1.00 paused=False backlog=267.15 edge=298.01 div=155.48
20:38:49.392 CLOCK fold raw=186.50 prev=30.86 new=31.02 d=+0.153 fr=267.47 dt=0.102 rate=1.00 paused=False backlog=267.10 edge=298.11 div=155.48
20:38:49.494 CLOCK integ raw=186.50 prev=31.02 new=31.12 d=+0.101 fr=267.47 dt=0.101 rate=1.00 paused=False backlog=267.10 edge=298.22 div=155.48
20:38:49.596 CLOCK integ raw=186.50 prev=31.12 new=31.22 d=+0.102 fr=267.47 dt=0.102 rate=1.00 paused=False backlog=267.10 edge=298.32 div=155.48
20:38:49.697 CLOCK fold raw=186.76 prev=31.22 new=31.28 d=+0.058 fr=267.47 dt=0.101 rate=1.00 paused=False backlog=267.14 edge=298.42 div=155.48
20:38:49.799 CLOCK integ raw=186.76 prev=31.28 new=31.38 d=+0.102 fr=267.47 dt=0.102 rate=1.00 paused=False backlog=267.14 edge=298.52 div=155.48
20:38:49.901 CLOCK fold raw=187.01 prev=31.38 new=31.53 d=+0.148 fr=267.47 dt=0.102 rate=1.00 paused=False backlog=267.10 edge=298.62 div=155.48
20:38:50.002 CLOCK integ raw=187.01 prev=31.53 new=31.63 d=+0.101 fr=267.47 dt=0.101 rate=1.00 paused=False backlog=267.10 edge=298.72 div=155.48
20:38:50.104 CLOCK integ raw=187.01 prev=31.63 new=31.73 d=+0.102 fr=267.47 dt=0.102 rate=1.00 paused=False backlog=267.10 edge=298.83 div=155.48
20:38:50.306 CLOCK fold raw=187.27 prev=31.73 new=31.78 d=+0.053 fr=267.47 dt=0.203 rate=1.00 paused=False backlog=267.24 edge=299.03 div=155.48
20:38:50.408 CLOCK fold raw=187.52 prev=31.78 new=32.04 d=+0.256 fr=267.47 dt=0.102 rate=1.00 paused=False backlog=267.09 edge=299.13 div=155.48
20:38:50.510 CLOCK integ raw=187.52 prev=32.04 new=32.14 d=+0.102 fr=267.47 dt=0.102 rate=1.00 paused=False backlog=267.09 edge=299.23 div=155.48
20:38:50.611 CLOCK integ raw=187.52 prev=32.14 new=32.24 d=+0.101 fr=267.47 dt=0.101 rate=1.00 paused=False backlog=267.09 edge=299.33 div=155.48
20:38:50.713 CLOCK fold raw=187.78 prev=32.24 new=32.30 d=+0.054 fr=267.47 dt=0.101 rate=1.00 paused=False backlog=267.14 edge=299.43 div=155.48
20:38:50.814 CLOCK integ raw=187.78 prev=32.30 new=32.40 d=+0.102 fr=267.47 dt=0.102 rate=1.00 paused=False backlog=267.14 edge=299.54 div=155.48
20:38:50.916 CLOCK integ raw=187.78 prev=32.40 new=32.50 d=+0.102 fr=267.47 dt=0.102 rate=1.00 paused=False backlog=267.14 edge=299.64 div=155.48
20:38:51.018 CLOCK fold raw=188.04 prev=32.50 new=32.55 d=+0.053 fr=267.47 dt=0.102 rate=1.00 paused=False backlog=267.19 edge=299.74 div=155.48
20:38:51.132 CLOCK integ raw=188.04 prev=32.55 new=32.67 d=+0.114 fr=267.47 dt=0.114 rate=1.00 paused=False backlog=265.96 edge=298.63 div=155.48
20:38:51.235 CLOCK fold raw=188.29 prev=32.67 new=32.81 d=+0.142 fr=272.31 dt=0.103 rate=1.00 paused=False backlog=265.93 edge=298.73 div=155.48
20:38:51.338 CUE cx=[294.16..297.00] adv=2.84 el=4.74 fresh | off=-0.38 fr=272.31 cc=32.81 raw=188.29 lead=+263.81 | pcr=297.295 head_rel=297.29 lag_ewma=3.29 | q=And Slovis sends it to the / sideline not in sync with / Bry
20:38:51.338 ANCHOR pend_end=297.00 L=2.25 pinL=0.30 target=0.72 off=-0.38
20:38:51.338 CLOCK integ raw=188.29 prev=32.81 new=32.91 d=+0.103 fr=272.31 dt=0.103 rate=1.00 paused=False backlog=265.21 edge=298.12 div=155.48
20:38:51.439 CLOCK fold raw=188.55 prev=32.91 new=33.06 d=+0.152 fr=272.31 dt=0.102 rate=1.00 paused=False backlog=265.15 edge=298.22 div=155.48
20:38:51.541 CLOCK integ raw=188.55 prev=33.06 new=33.17 d=+0.102 fr=272.31 dt=0.102 rate=1.00 paused=False backlog=265.15 edge=298.32 div=155.48
20:38:51.744 CLOCK fold raw=188.80 prev=33.17 new=33.32 d=+0.155 fr=272.31 dt=0.203 rate=1.00 paused=False backlog=265.20 edge=298.52 div=155.48
20:38:51.845 CLOCK integ raw=188.80 prev=33.32 new=33.42 d=+0.102 fr=272.31 dt=0.102 rate=1.00 paused=False backlog=265.20 edge=298.62 div=155.48
20:38:51.947 CLOCK fold raw=189.06 prev=33.42 new=33.58 d=+0.154 fr=272.31 dt=0.101 rate=1.00 paused=False backlog=265.15 edge=298.73 div=155.48
20:38:52.049 CLOCK integ raw=189.06 prev=33.58 new=33.68 d=+0.102 fr=272.31 dt=0.102 rate=1.00 paused=False backlog=265.15 edge=298.83 div=155.48
20:38:52.151 CLOCK integ raw=189.06 prev=33.68 new=33.78 d=+0.103 fr=273.13 dt=0.103 rate=1.00 paused=False backlog=265.15 edge=298.93 div=155.48
20:38:52.252 CLOCK fold raw=189.31 prev=33.78 new=33.83 d=+0.050 fr=273.13 dt=0.101 rate=1.00 paused=False backlog=265.20 edge=299.03 div=155.48
20:38:52.354 CLOCK integ raw=189.31 prev=33.83 new=33.93 d=+0.102 fr=273.13 dt=0.102 rate=1.00 paused=False backlog=265.20 edge=299.13 div=155.48
20:38:52.458 CLOCK fold raw=189.57 prev=33.93 new=34.09 d=+0.155 fr=273.53 dt=0.104 rate=1.00 paused=False backlog=265.15 edge=299.24 div=155.48
20:38:52.603 EDGESNAP err=+4.10 edge->303.34
20:38:52.603 CUE cx=[297.00..300.23] adv=3.24 el=1.22 fresh | off=0.17 fr=273.53 cc=34.09 raw=189.57 lead=+266.31 | pcr=303.336 head_rel=303.34 lag_ewma=6.34 | q=sideline not in sync with / Bryson Green. That ball / airmai
20:38:52.605 ANCHOR pend_end=300.23 L=5.21 pinL=3.10 target=0.00 off=0.17
20:38:52.606 CLOCK integ raw=189.57 prev=34.09 new=34.24 d=+0.147 fr=273.53 dt=0.147 rate=1.00 paused=False backlog=269.25 edge=303.48 div=155.48
20:38:52.707 CLOCK integ raw=189.57 prev=34.24 new=34.34 d=+0.102 fr=273.53 dt=0.102 rate=1.00 paused=False backlog=269.25 edge=303.58 div=155.48
20:38:52.811 CLOCK fold raw=189.83 prev=34.34 new=34.34 d=+0.007 fr=273.53 dt=0.103 rate=1.00 paused=False backlog=269.34 edge=303.69 div=155.48
20:38:52.913 CLOCK integ raw=189.83 prev=34.34 new=34.45 d=+0.103 fr=273.89 dt=0.103 rate=1.00 paused=False backlog=269.34 edge=303.79 div=155.48
20:38:53.017 CLOCK fold raw=190.09 prev=34.45 new=34.60 d=+0.154 fr=273.89 dt=0.103 rate=1.00 paused=False backlog=269.29 edge=303.89 div=155.48
20:38:53.121 CUE cx=[300.23..302.10] adv=1.87 el=0.56 fresh | off=0.09 fr=273.89 cc=34.60 raw=190.09 lead=+267.58 | pcr=303.900 head_rel=303.90 lag_ewma=5.21 | q=Bryson Green. That ball / airmails the intended target. / So
20:38:53.122 ANCHOR pend_end=302.10 L=4.02 pinL=1.80 target=-0.00 off=0.09
20:38:53.122 CLOCK integ raw=190.09 prev=34.60 new=34.71 d=+0.106 fr=273.89 dt=0.106 rate=1.00 paused=False backlog=269.29 edge=304.00 div=155.48
20:38:53.224 CLOCK fold raw=190.34 prev=34.71 new=34.86 d=+0.148 fr=273.89 dt=0.102 rate=1.00 paused=False backlog=269.20 edge=304.05 div=155.48
20:38:53.328 CLOCK integ raw=190.34 prev=34.86 new=34.96 d=+0.104 fr=273.89 dt=0.104 rate=1.00 paused=False backlog=269.20 edge=304.16 div=155.48
20:38:53.430 CLOCK integ raw=190.34 prev=34.96 new=35.06 d=+0.101 fr=273.89 dt=0.101 rate=1.00 paused=False backlog=269.20 edge=304.26 div=155.48
20:38:53.532 CLOCK fold raw=190.59 prev=35.06 new=35.11 d=+0.050 fr=273.89 dt=0.102 rate=1.00 paused=False backlog=269.25 edge=304.36 div=155.48
20:38:53.638 CLOCK integ raw=190.59 prev=35.11 new=35.22 d=+0.106 fr=273.89 dt=0.106 rate=1.00 paused=False backlog=269.25 edge=304.47 div=155.48
20:38:53.745 TICK fr=273.89 cc=35.22 raw=190.85 vid=190.59 playing=1 started=1 stall=0 | d_fr_cc=+238.67 d_fr_raw=+83.04 d_cc_raw=-155.63 | off=0.04 ccx_end=302.10 since_show=0.1 since_cue=0.6 | pcr=303.900 pid=100 head_rel=303.90 ccx_lag=1.80 | credit=273.9 capped=0.0 | fsize=138067200 feed=138067200 feed_behind=0 | backlog=269.25 edge=304.47 div=155.48 lag_ewma=4.02
20:38:53.746 CLOCK fold raw=190.85 prev=35.22 new=35.37 d=+0.152 fr=273.89 dt=0.108 rate=1.00 paused=False backlog=269.20 edge=304.57 div=155.48
20:38:53.849 CLOCK integ raw=190.85 prev=35.37 new=35.47 d=+0.103 fr=273.89 dt=0.103 rate=1.00 paused=False backlog=269.20 edge=304.68 div=155.48
20:38:53.951 CLOCK integ raw=190.85 prev=35.47 new=35.58 d=+0.102 fr=273.89 dt=0.102 rate=1.00 paused=False backlog=269.20 edge=304.78 div=155.48
20:38:54.155 CLOCK fold raw=191.11 prev=35.58 new=35.63 d=+0.056 fr=273.89 dt=0.204 rate=1.00 paused=False backlog=269.35 edge=304.98 div=155.48
20:38:54.257 CLOCK fold raw=191.37 prev=35.63 new=35.88 d=+0.251 fr=273.89 dt=0.102 rate=1.00 paused=False backlog=269.20 edge=305.08 div=155.48
20:38:54.358 CLOCK integ raw=191.37 prev=35.88 new=35.98 d=+0.102 fr=273.89 dt=0.102 rate=1.00 paused=False backlog=269.20 edge=305.19 div=155.48
20:38:54.460 CLOCK integ raw=191.37 prev=35.98 new=36.08 d=+0.101 fr=273.89 dt=0.101 rate=1.00 paused=False backlog=269.20 edge=305.29 div=155.48
20:38:54.561 CLOCK fold raw=191.62 prev=36.08 new=36.14 d=+0.052 fr=273.89 dt=0.102 rate=1.00 paused=False backlog=269.25 edge=305.39 div=155.48
20:38:54.662 CLOCK integ raw=191.62 prev=36.14 new=36.24 d=+0.101 fr=273.89 dt=0.101 rate=1.00 paused=False backlog=269.25 edge=305.49 div=155.48
20:38:54.764 CLOCK fold raw=191.88 prev=36.24 new=36.39 d=+0.154 fr=273.89 dt=0.102 rate=1.00 paused=False backlog=269.20 edge=305.59 div=155.48
20:38:54.866 CLOCK integ raw=191.88 prev=36.39 new=36.49 d=+0.102 fr=273.89 dt=0.102 rate=1.00 paused=False backlog=269.20 edge=305.69 div=155.48
20:38:54.969 CLOCK integ raw=191.88 prev=36.49 new=36.60 d=+0.103 fr=273.89 dt=0.103 rate=1.00 paused=False backlog=269.20 edge=305.80 div=155.48
20:38:55.070 CLOCK fold raw=192.13 prev=36.60 new=36.65 d=+0.051 fr=273.89 dt=0.102 rate=1.00 paused=False backlog=269.25 edge=305.90 div=155.48
20:38:55.172 CLOCK integ raw=192.13 prev=36.65 new=36.75 d=+0.102 fr=273.89 dt=0.102 rate=1.00 paused=False backlog=268.25 edge=305.00 div=155.48
20:38:55.275 CLOCK fold raw=192.39 prev=36.75 new=36.91 d=+0.155 fr=273.89 dt=0.103 rate=1.00 paused=False backlog=268.20 edge=305.10 div=155.48
20:38:55.376 CLOCK integ raw=192.39 prev=36.91 new=37.01 d=+0.101 fr=273.89 dt=0.101 rate=1.00 paused=False backlog=268.20 edge=305.20 div=155.48
20:38:55.578 CLOCK fold raw=192.64 prev=37.01 new=37.16 d=+0.155 fr=273.89 dt=0.202 rate=1.00 paused=False backlog=268.25 edge=305.41 div=155.48
20:38:55.680 CLOCK integ raw=192.64 prev=37.16 new=37.26 d=+0.101 fr=273.89 dt=0.101 rate=1.00 paused=False backlog=268.25 edge=305.51 div=155.48
20:38:55.781 CLOCK integ raw=192.64 prev=37.26 new=37.36 d=+0.101 fr=273.89 dt=0.101 rate=1.00 paused=False backlog=268.25 edge=305.61 div=155.48
20:38:55.883 CLOCK fold raw=192.90 prev=37.36 new=37.42 d=+0.052 fr=273.89 dt=0.102 rate=1.00 paused=False backlog=268.29 edge=305.71 div=155.48
20:38:55.985 CLOCK integ raw=192.90 prev=37.42 new=37.52 d=+0.102 fr=273.89 dt=0.102 rate=1.00 paused=False backlog=268.29 edge=305.81 div=155.48
20:38:56.086 CLOCK fold raw=193.16 prev=37.52 new=37.67 d=+0.154 fr=273.89 dt=0.101 rate=1.00 paused=False backlog=268.24 edge=305.91 div=155.48
20:38:56.188 CLOCK integ raw=193.16 prev=37.67 new=37.77 d=+0.102 fr=273.89 dt=0.102 rate=1.00 paused=False backlog=268.24 edge=306.02 div=155.48
20:38:56.289 CLOCK integ raw=193.16 prev=37.77 new=37.87 d=+0.101 fr=273.89 dt=0.101 rate=1.00 paused=False backlog=268.24 edge=306.12 div=155.48
20:38:56.390 CLOCK fold raw=193.41 prev=37.87 new=37.93 d=+0.053 fr=273.89 dt=0.101 rate=1.00 paused=False backlog=268.29 edge=306.22 div=155.48
20:38:56.493 CLOCK integ raw=193.41 prev=37.93 new=38.03 d=+0.103 fr=273.89 dt=0.103 rate=1.00 paused=False backlog=268.29 edge=306.32 div=155.48
20:38:56.594 CLOCK fold raw=193.67 prev=38.03 new=38.19 d=+0.155 fr=273.89 dt=0.101 rate=1.00 paused=False backlog=268.24 edge=306.42 div=155.48
20:38:56.696 CLOCK integ raw=193.67 prev=38.19 new=38.29 d=+0.102 fr=273.89 dt=0.102 rate=1.00 paused=False backlog=268.24 edge=306.52 div=155.48
20:38:56.798 CLOCK integ raw=193.67 prev=38.29 new=38.39 d=+0.102 fr=273.89 dt=0.102 rate=1.00 paused=False backlog=268.24 edge=306.63 div=155.48
20:38:57.002 CLOCK fold raw=193.92 prev=38.39 new=38.44 d=+0.051 fr=273.89 dt=0.203 rate=1.00 paused=False backlog=268.39 edge=306.83 div=155.48
20:38:57.103 CLOCK fold raw=194.18 prev=38.44 new=38.70 d=+0.255 fr=273.89 dt=0.102 rate=1.00 paused=False backlog=268.24 edge=306.93 div=155.48
20:38:57.289 CLOCK integ raw=194.18 prev=38.70 new=38.88 d=+0.185 fr=273.89 dt=0.185 rate=1.00 paused=False backlog=267.81 edge=306.69 div=155.48
20:38:57.435 CUE cx=[302.10..304.04] adv=1.94 el=4.27 fresh | off=0.04 fr=278.37 cc=38.88 raw=194.44 lead=+265.20 | pcr=307.484 head_rel=307.48 lag_ewma=4.02 | q=airmails the intended target. / So Sam you're a believer in 
20:38:57.436 ANCHOR pend_end=304.04 L=3.82 pinL=3.45 target=-0.40 off=0.04
20:38:57.436 CLOCK fold raw=194.44 prev=38.88 new=38.95 d=+0.074 fr=278.37 dt=0.147 rate=1.00 paused=False backlog=268.28 edge=307.23 div=155.48
20:38:57.537 CLOCK integ raw=194.44 prev=38.95 new=39.06 d=+0.102 fr=278.37 dt=0.102 rate=1.00 paused=False backlog=268.28 edge=307.34 div=155.48
20:38:57.639 CUE cx=[304.04..305.30] adv=1.27 el=0.25 fresh | off=-0.18 fr=278.37 cc=39.06 raw=194.69 lead=+266.07 | pcr=307.484 head_rel=307.48 lag_ewma=3.82 | q=So Sam you're a believer in / this revamped Dallas defense. 
20:38:57.641 CUE cx=[305.31..306.81] adv=1.50 el=0.00 fresh | off=-0.18 fr=278.37 cc=39.06 raw=194.69 lead=+267.57 | pcr=307.484 head_rel=307.48 lag_ewma=3.82 | q=this revamped Dallas defense. / Oh absolutely. A couple of /
20:38:57.641 ANCHOR pend_end=306.81 L=2.72 pinL=0.68 target=-0.04 off=-0.18
20:38:57.641 CLOCK fold raw=194.69 prev=39.06 new=39.21 d=+0.151 fr=278.37 dt=0.103 rate=1.00 paused=False backlog=268.34 edge=307.55 div=155.48
20:38:57.742 CLOCK integ raw=194.69 prev=39.21 new=39.31 d=+0.102 fr=278.37 dt=0.102 rate=1.00 paused=False backlog=268.34 edge=307.65 div=155.48
20:38:57.846 CLOCK fold raw=194.95 prev=39.31 new=39.46 d=+0.154 fr=278.37 dt=0.103 rate=1.00 paused=False backlog=268.29 edge=307.75 div=155.48
20:38:57.948 CLOCK integ raw=194.95 prev=39.46 new=39.57 d=+0.102 fr=278.37 dt=0.102 rate=1.00 paused=False backlog=268.29 edge=307.86 div=155.48
20:38:58.050 CLOCK integ raw=194.95 prev=39.57 new=39.67 d=+0.102 fr=278.37 dt=0.102 rate=1.00 paused=False backlog=268.29 edge=307.96 div=155.48
20:38:58.153 CLOCK fold raw=195.20 prev=39.67 new=39.72 d=+0.053 fr=278.37 dt=0.104 rate=1.00 paused=False backlog=268.34 edge=308.06 div=155.48
20:38:58.255 CLOCK integ raw=195.20 prev=39.72 new=39.82 d=+0.102 fr=278.37 dt=0.102 rate=1.00 paused=False backlog=268.34 edge=308.16 div=155.48
20:38:58.358 CLOCK fold raw=195.46 prev=39.82 new=39.98 d=+0.154 fr=278.37 dt=0.103 rate=1.00 paused=False backlog=268.29 edge=308.27 div=155.48
20:38:58.459 CLOCK integ raw=195.46 prev=39.98 new=40.08 d=+0.102 fr=278.37 dt=0.102 rate=1.00 paused=False backlog=268.29 edge=308.37 div=155.48
20:38:58.561 CLOCK integ raw=195.46 prev=40.08 new=40.18 d=+0.102 fr=278.37 dt=0.102 rate=1.00 paused=False backlog=268.29 edge=308.47 div=155.48
20:38:58.663 CLOCK fold raw=195.72 prev=40.18 new=40.23 d=+0.052 fr=278.37 dt=0.102 rate=1.00 paused=False backlog=268.34 edge=308.57 div=155.48
20:38:58.767 TICK fr=278.37 cc=40.23 raw=195.72 vid=195.46 playing=1 started=1 stall=0 | d_fr_cc=+238.13 d_fr_raw=+82.65 d_cc_raw=-155.48 | off=-0.11 ccx_end=306.81 since_show=0.1 since_cue=1.1 | pcr=307.484 pid=100 head_rel=307.48 ccx_lag=0.68 | credit=278.4 capped=0.0 | fsize=139691708 feed=139691708 feed_behind=0 | backlog=268.34 edge=308.57 div=155.48 lag_ewma=2.72
20:38:58.767 CLOCK integ raw=195.72 prev=40.23 new=40.34 d=+0.104 fr=278.37 dt=0.104 rate=1.00 paused=False backlog=268.34 edge=308.68 div=155.48
20:38:58.869 CLOCK fold raw=195.97 prev=40.34 new=40.49 d=+0.153 fr=278.37 dt=0.102 rate=1.00 paused=False backlog=268.29 edge=308.78 div=155.48
20:38:59.072 CLOCK integ raw=195.97 prev=40.49 new=40.69 d=+0.203 fr=278.37 dt=0.203 rate=1.00 paused=False backlog=268.29 edge=308.98 div=155.48
20:38:59.175 CLOCK fold raw=196.23 prev=40.69 new=40.75 d=+0.053 fr=278.37 dt=0.104 rate=1.00 paused=False backlog=267.59 edge=308.34 div=155.48
20:38:59.277 CLOCK integ raw=196.23 prev=40.75 new=40.85 d=+0.101 fr=278.37 dt=0.101 rate=1.00 paused=False backlog=267.59 edge=308.44 div=155.48
20:38:59.381 CLOCK fold raw=196.48 prev=40.85 new=41.00 d=+0.155 fr=278.37 dt=0.104 rate=1.00 paused=False backlog=267.54 edge=308.54 div=155.48
20:38:59.482 CLOCK integ raw=196.48 prev=41.00 new=41.10 d=+0.102 fr=278.37 dt=0.102 rate=1.00 paused=False backlog=267.54 edge=308.64 div=155.48
20:38:59.584 CLOCK integ raw=196.48 prev=41.10 new=41.20 d=+0.102 fr=278.37 dt=0.102 rate=1.00 paused=False backlog=267.54 edge=308.75 div=155.48
20:38:59.686 CLOCK fold raw=196.74 prev=41.20 new=41.26 d=+0.052 fr=278.37 dt=0.102 rate=1.00 paused=False backlog=267.59 edge=308.85 div=155.48
20:38:59.788 CLOCK integ raw=196.74 prev=41.26 new=41.36 d=+0.102 fr=278.37 dt=0.102 rate=1.00 paused=False backlog=267.59 edge=308.95 div=155.48
20:38:59.890 CLOCK fold raw=197.00 prev=41.36 new=41.51 d=+0.156 fr=278.37 dt=0.102 rate=1.00 paused=False backlog=267.54 edge=309.05 div=155.48
20:38:59.991 CLOCK integ raw=197.00 prev=41.51 new=41.62 d=+0.101 fr=278.37 dt=0.101 rate=1.00 paused=False backlog=267.54 edge=309.15 div=155.48
20:39:00.092 CLOCK integ raw=197.00 prev=41.62 new=41.72 d=+0.101 fr=278.37 dt=0.101 rate=1.00 paused=False backlog=267.54 edge=309.25 div=155.48
20:39:00.194 CLOCK fold raw=197.25 prev=41.72 new=41.77 d=+0.051 fr=278.37 dt=0.101 rate=1.00 paused=False backlog=267.59 edge=309.35 div=155.48
20:39:00.296 CLOCK integ raw=197.25 prev=41.77 new=41.87 d=+0.102 fr=278.37 dt=0.102 rate=1.00 paused=False backlog=267.59 edge=309.46 div=155.48
20:39:00.498 CLOCK fold raw=197.51 prev=41.87 new=42.03 d=+0.155 fr=278.37 dt=0.202 rate=1.00 paused=False backlog=267.63 edge=309.66 div=155.48
20:39:00.604 CLOCK integ raw=197.51 prev=42.03 new=42.13 d=+0.106 fr=278.37 dt=0.106 rate=1.00 paused=False backlog=267.63 edge=309.76 div=155.48
20:39:00.706 CLOCK fold raw=197.76 prev=42.13 new=42.28 d=+0.150 fr=278.37 dt=0.102 rate=1.00 paused=False backlog=267.59 edge=309.87 div=155.48
20:39:00.808 CLOCK integ raw=197.76 prev=42.28 new=42.38 d=+0.102 fr=278.37 dt=0.102 rate=1.00 paused=False backlog=267.59 edge=309.97 div=155.48
20:39:00.909 CLOCK fold raw=198.02 prev=42.38 new=42.54 d=+0.154 fr=278.37 dt=0.102 rate=1.00 paused=False backlog=267.53 edge=310.07 div=155.48
20:39:01.011 CLOCK integ raw=198.02 prev=42.54 new=42.64 d=+0.102 fr=278.37 dt=0.102 rate=1.00 paused=False backlog=267.53 edge=310.17 div=155.48
20:39:01.113 CLOCK integ raw=198.02 prev=42.64 new=42.74 d=+0.102 fr=278.37 dt=0.102 rate=1.00 paused=False backlog=267.53 edge=310.27 div=155.48
20:39:01.116 EDGESNAP err=-2.79 edge->307.48
20:39:01.217 CLOCK fold raw=198.28 prev=42.74 new=42.79 d=+0.051 fr=278.37 dt=0.104 rate=1.00 paused=False backlog=264.80 edge=307.59 div=155.48
20:39:01.319 CLOCK integ raw=198.28 prev=42.79 new=42.89 d=+0.102 fr=278.37 dt=0.102 rate=1.00 paused=False backlog=264.80 edge=307.69 div=155.48
20:39:01.422 CLOCK fold raw=198.53 prev=42.89 new=43.05 d=+0.155 fr=278.37 dt=0.103 rate=1.00 paused=False backlog=264.74 edge=307.79 div=155.48
20:39:01.523 CLOCK integ raw=198.53 prev=43.05 new=43.15 d=+0.102 fr=278.37 dt=0.102 rate=1.00 paused=False backlog=264.74 edge=307.89 div=155.48
20:39:01.625 CLOCK integ raw=198.53 prev=43.15 new=43.25 d=+0.102 fr=278.37 dt=0.102 rate=1.00 paused=False backlog=264.74 edge=308.00 div=155.48
20:39:01.727 CLOCK fold raw=198.79 prev=43.25 new=43.30 d=+0.052 fr=278.37 dt=0.102 rate=1.00 paused=False backlog=264.79 edge=308.10 div=155.48
20:39:01.830 CLOCK integ raw=198.79 prev=43.30 new=43.41 d=+0.102 fr=278.37 dt=0.102 rate=1.00 paused=False backlog=264.79 edge=308.20 div=155.48
20:39:02.034 CLOCK fold raw=199.04 prev=43.41 new=43.56 d=+0.154 fr=278.37 dt=0.205 rate=1.00 paused=False backlog=264.84 edge=308.40 div=155.48
20:39:02.136 CLOCK integ raw=199.04 prev=43.56 new=43.66 d=+0.102 fr=278.37 dt=0.102 rate=1.00 paused=False backlog=264.84 edge=308.51 div=155.48
20:39:02.240 CLOCK fold raw=199.30 prev=43.66 new=43.82 d=+0.155 fr=283.32 dt=0.102 rate=1.00 paused=False backlog=264.79 edge=308.61 div=155.48
20:39:02.341 CLOCK integ raw=199.30 prev=43.82 new=43.92 d=+0.102 fr=283.32 dt=0.102 rate=1.00 paused=False backlog=264.79 edge=308.71 div=155.48
20:39:02.387 EDGESNAP err=+3.55 edge->312.26
20:39:02.387 CUE cx=[306.81..307.97] adv=1.17 el=4.70 fresh | off=-0.11 fr=283.32 cc=43.92 raw=199.30 lead=+263.95 | pcr=312.265 head_rel=312.26 lag_ewma=6.27 | q=Oh absolutely. A couple of / reasons. Christian Parker their
20:39:02.389 CUE cx=[307.98..309.24] adv=1.27 el=0.05 fresh | off=-0.11 fr=283.32 cc=43.92 raw=199.30 lead=+265.21 | pcr=312.265 head_rel=312.26 lag_ewma=6.27 | q=reasons. Christian Parker their / defensive coordinator 34 y
20:39:02.491 ANCHOR pend_end=309.24 L=5.14 pinL=3.02 target=0.00 off=-0.11
20:39:02.492 CLOCK fold raw=199.56 prev=43.92 new=44.07 d=+0.155 fr=283.32 dt=0.151 rate=1.00 paused=False backlog=268.34 edge=312.42 div=155.48
20:39:02.597 CUE cx=[309.24..311.54] adv=2.30 el=0.21 fresh | off=-0.05 fr=283.67 cc=44.07 raw=199.56 lead=+267.42 | pcr=314.865 head_rel=314.86 lag_ewma=5.14 | q=defensive coordinator 34 years / old. We talked about him Vi
20:39:02.598 ANCHOR pend_end=311.54 L=4.50 pinL=3.32 target=-1.22 off=-0.05
20:39:02.599 CLOCK integ raw=199.56 prev=44.07 new=44.18 d=+0.106 fr=283.67 dt=0.106 rate=1.00 paused=False backlog=269.57 edge=313.75 div=155.48
20:39:02.701 CLOCK fold raw=199.81 prev=44.18 new=44.33 d=+0.149 fr=283.67 dt=0.102 rate=1.00 paused=False backlog=269.52 edge=313.85 div=155.48
20:39:02.804 CUE cx=[311.55..313.21] adv=1.67 el=0.21 fresh | off=-0.64 fr=283.67 cc=44.33 raw=199.81 lead=+268.24 | pcr=314.865 head_rel=314.86 lag_ewma=4.50 | q=old. We talked about him Vic / Fangio Tre but also beat Jord
20:39:02.805 ANCHOR pend_end=313.21 L=3.50 pinL=1.65 target=-0.51 off=-0.64
20:39:02.805 CLOCK integ raw=199.81 prev=44.33 new=44.43 d=+0.104 fr=283.67 dt=0.104 rate=1.00 paused=False backlog=270.03 edge=314.46 div=155.48
20:39:03.007 CLOCK fold raw=200.07 prev=44.43 new=44.58 d=+0.151 fr=283.67 dt=0.202 rate=1.00 paused=False backlog=270.08 edge=314.66 div=155.48
20:39:03.109 CLOCK integ raw=200.07 prev=44.58 new=44.69 d=+0.102 fr=283.67 dt=0.102 rate=1.00 paused=False backlog=270.08 edge=314.77 div=155.48
20:39:03.212 CLOCK fold raw=200.32 prev=44.69 new=44.84 d=+0.155 fr=283.67 dt=0.103 rate=1.00 paused=False backlog=270.08 edge=314.92 div=155.48
20:39:03.314 CLOCK integ raw=200.32 prev=44.84 new=44.94 d=+0.102 fr=283.67 dt=0.102 rate=1.00 paused=False backlog=270.08 edge=315.02 div=155.48
20:39:03.416 CLOCK integ raw=200.32 prev=44.94 new=45.04 d=+0.102 fr=283.67 dt=0.102 rate=1.00 paused=False backlog=270.08 edge=315.12 div=155.48
20:39:03.518 CLOCK fold raw=200.58 prev=45.04 new=45.10 d=+0.051 fr=283.67 dt=0.102 rate=1.00 paused=False backlog=270.13 edge=315.22 div=155.48
20:39:03.621 CLOCK integ raw=200.58 prev=45.10 new=45.20 d=+0.102 fr=283.67 dt=0.102 rate=1.00 paused=False backlog=270.13 edge=315.33 div=155.48
20:39:03.723 CLOCK fold raw=200.84 prev=45.20 new=45.35 d=+0.156 fr=283.67 dt=0.102 rate=1.00 paused=False backlog=270.07 edge=315.43 div=155.48
20:39:03.727 TICK fr=283.67 cc=45.35 raw=200.84 vid=200.32 playing=1 started=1 stall=0 | d_fr_cc=+238.32 d_fr_raw=+82.83 d_cc_raw=-155.48 | off=-0.57 ccx_end=313.21 since_show=0.0 since_cue=0.9 | pcr=314.865 pid=100 head_rel=314.86 ccx_lag=1.65 | credit=283.7 capped=0.0 | fsize=142715312 feed=142715312 feed_behind=0 | backlog=270.07 edge=315.43 div=155.48 lag_ewma=3.50
20:39:03.829 CLOCK integ raw=200.84 prev=45.35 new=45.46 d=+0.107 fr=283.67 dt=0.107 rate=1.00 paused=False backlog=270.07 edge=315.54 div=155.48
20:39:03.932 CLOCK integ raw=200.84 prev=45.46 new=45.56 d=+0.102 fr=283.67 dt=0.102 rate=1.00 paused=False backlog=270.07 edge=315.64 div=155.48
20:39:04.034 CLOCK fold raw=201.09 prev=45.56 new=45.61 d=+0.046 fr=283.67 dt=0.102 rate=1.00 paused=False backlog=270.13 edge=315.74 div=155.48
20:39:04.136 CLOCK integ raw=201.09 prev=45.61 new=45.71 d=+0.102 fr=283.67 dt=0.102 rate=1.00 paused=False backlog=270.13 edge=315.84 div=155.48
20:39:04.238 CLOCK fold raw=201.35 prev=45.71 new=45.87 d=+0.154 fr=283.67 dt=0.102 rate=1.00 paused=False backlog=270.08 edge=315.94 div=155.48
20:39:04.341 CLOCK integ raw=201.35 prev=45.87 new=45.97 d=+0.102 fr=283.67 dt=0.102 rate=1.00 paused=False backlog=270.08 edge=316.05 div=155.48
20:39:04.543 CLOCK fold raw=201.60 prev=45.97 new=46.12 d=+0.153 fr=283.67 dt=0.202 rate=1.00 paused=False backlog=270.13 edge=316.25 div=155.48
20:39:04.646 CLOCK integ raw=201.60 prev=46.12 new=46.22 d=+0.103 fr=283.67 dt=0.103 rate=1.00 paused=False backlog=270.13 edge=316.35 div=155.48
20:39:04.749 CLOCK fold raw=201.86 prev=46.22 new=46.38 d=+0.154 fr=283.67 dt=0.102 rate=1.00 paused=False backlog=270.08 edge=316.45 div=155.48
20:39:04.851 CLOCK integ raw=201.86 prev=46.38 new=46.48 d=+0.102 fr=283.67 dt=0.102 rate=1.00 paused=False backlog=270.08 edge=316.56 div=155.48
20:39:04.953 CLOCK integ raw=201.86 prev=46.48 new=46.58 d=+0.102 fr=283.67 dt=0.102 rate=1.00 paused=False backlog=270.08 edge=316.66 div=155.48
20:39:05.056 CLOCK fold raw=202.12 prev=46.58 new=46.63 d=+0.052 fr=283.67 dt=0.103 rate=1.00 paused=False backlog=270.13 edge=316.76 div=155.48
20:39:05.160 CLOCK integ raw=202.12 prev=46.63 new=46.74 d=+0.103 fr=283.67 dt=0.103 rate=1.00 paused=False backlog=269.18 edge=315.92 div=155.48
20:39:05.261 CLOCK fold raw=202.37 prev=46.74 new=46.89 d=+0.153 fr=283.67 dt=0.102 rate=1.00 paused=False backlog=269.13 edge=316.02 div=155.48
20:39:05.363 CLOCK integ raw=202.37 prev=46.89 new=46.99 d=+0.102 fr=283.67 dt=0.102 rate=1.00 paused=False backlog=269.13 edge=316.12 div=155.48
20:39:05.466 CLOCK integ raw=202.37 prev=46.99 new=47.09 d=+0.102 fr=283.67 dt=0.102 rate=1.00 paused=False backlog=269.13 edge=316.22 div=155.48
20:39:05.568 CLOCK fold raw=202.63 prev=47.09 new=47.14 d=+0.051 fr=283.67 dt=0.102 rate=1.00 paused=False backlog=269.18 edge=316.32 div=155.48
20:39:05.669 CLOCK integ raw=202.63 prev=47.14 new=47.25 d=+0.101 fr=283.67 dt=0.101 rate=1.00 paused=False backlog=269.18 edge=316.43 div=155.48
20:39:05.770 CLOCK fold raw=202.88 prev=47.25 new=47.40 d=+0.155 fr=283.67 dt=0.101 rate=1.00 paused=False backlog=269.13 edge=316.53 div=155.48
20:39:05.872 CLOCK integ raw=202.88 prev=47.40 new=47.50 d=+0.101 fr=283.67 dt=0.101 rate=1.00 paused=False backlog=269.13 edge=316.63 div=155.48
20:39:06.074 CLOCK fold raw=203.14 prev=47.50 new=47.66 d=+0.155 fr=283.67 dt=0.202 rate=1.00 paused=False backlog=269.18 edge=316.83 div=155.48
20:39:06.175 CLOCK integ raw=203.14 prev=47.66 new=47.76 d=+0.101 fr=283.67 dt=0.101 rate=1.00 paused=False backlog=269.18 edge=316.93 div=155.48
20:39:06.277 CLOCK integ raw=203.14 prev=47.76 new=47.86 d=+0.102 fr=283.67 dt=0.102 rate=1.00 paused=False backlog=269.18 edge=317.03 div=155.48
20:39:06.380 CLOCK fold raw=203.40 prev=47.86 new=47.91 d=+0.053 fr=283.67 dt=0.102 rate=1.00 paused=False backlog=269.22 edge=317.14 div=155.48
20:39:06.480 CLOCK integ raw=203.40 prev=47.91 new=48.01 d=+0.101 fr=283.67 dt=0.101 rate=1.00 paused=False backlog=269.22 edge=317.24 div=155.48
20:39:06.582 CLOCK fold raw=203.65 prev=48.01 new=48.17 d=+0.155 fr=283.67 dt=0.102 rate=1.00 paused=False backlog=269.17 edge=317.34 div=155.48
20:39:06.686 CLOCK integ raw=203.65 prev=48.17 new=48.27 d=+0.102 fr=283.67 dt=0.102 rate=1.00 paused=False backlog=269.17 edge=317.44 div=155.48
20:39:06.787 CLOCK integ raw=203.65 prev=48.27 new=48.37 d=+0.102 fr=283.67 dt=0.102 rate=1.00 paused=False backlog=269.17 edge=317.54 div=155.48
20:39:06.889 CLOCK fold raw=203.91 prev=48.37 new=48.43 d=+0.054 fr=283.67 dt=0.102 rate=1.00 paused=False backlog=269.22 edge=317.65 div=155.48
20:39:06.991 CLOCK integ raw=203.91 prev=48.43 new=48.53 d=+0.102 fr=283.67 dt=0.102 rate=1.00 paused=False backlog=269.22 edge=317.75 div=155.48
20:39:07.093 CLOCK fold raw=204.16 prev=48.53 new=48.68 d=+0.153 fr=288.17 dt=0.103 rate=1.00 paused=False backlog=269.17 edge=317.85 div=155.48
20:39:07.237 CLOCK integ raw=204.16 prev=48.68 new=48.82 d=+0.144 fr=288.17 dt=0.144 rate=1.00 paused=False backlog=269.12 edge=317.94 div=155.48
20:39:07.339 CLOCK fold raw=204.42 prev=48.82 new=48.94 d=+0.112 fr=288.17 dt=0.102 rate=1.00 paused=False backlog=269.11 edge=318.04 div=155.48
20:39:07.342 CUE cx=[313.21..314.68] adv=1.47 el=4.54 fresh | off=-0.57 fr=288.17 cc=48.94 raw=204.42 lead=+265.17 | pcr=317.744 head_rel=317.74 lag_ewma=3.50 | q=Fangio Tre but also beat Jordan / who's their pass rush coac
20:39:07.342 CUE cx=[314.68..316.08] adv=1.40 el=0.00 fresh | off=-0.57 fr=288.17 cc=48.94 raw=204.42 lead=+266.57 | pcr=317.744 head_rel=317.74 lag_ewma=3.50 | q=who's their pass rush coach. He / was a pass rush coach for 
20:39:07.443 ANCHOR pend_end=316.08 L=2.86 pinL=1.66 target=0.07 off=-0.57
20:39:07.445 CLOCK integ raw=204.42 prev=48.94 new=49.04 d=+0.105 fr=288.17 dt=0.105 rate=1.00 paused=False backlog=268.88 edge=317.92 div=155.48
20:39:07.547 CLOCK integ raw=204.42 prev=49.04 new=49.14 d=+0.102 fr=288.52 dt=0.102 rate=1.00 paused=False backlog=268.88 edge=318.03 div=155.48
20:39:07.649 CUE cx=[316.08..318.25] adv=2.17 el=0.31 fresh | off=-0.25 fr=288.52 cc=49.14 raw=204.68 lead=+268.86 | pcr=319.081 head_rel=319.08 lag_ewma=2.86 | q=was a pass rush coach for the / Denver Broncos the last two 
20:39:07.650 ANCHOR pend_end=318.25 L=2.15 pinL=0.83 target=-0.53 off=-0.25
20:39:07.650 CLOCK fold raw=204.68 prev=49.14 new=49.19 d=+0.049 fr=288.52 dt=0.104 rate=1.00 paused=False backlog=269.46 edge=318.66 div=155.48
20:39:07.752 CLOCK integ raw=204.68 prev=49.19 new=49.29 d=+0.101 fr=288.52 dt=0.101 rate=1.00 paused=False backlog=269.46 edge=318.76 div=155.48
20:39:07.854 CLOCK fold raw=204.93 prev=49.29 new=49.45 d=+0.155 fr=288.52 dt=0.102 rate=1.00 paused=False backlog=269.41 edge=318.86 div=155.48
20:39:07.956 CLOCK integ raw=204.93 prev=49.45 new=49.55 d=+0.102 fr=288.52 dt=0.102 rate=1.00 paused=False backlog=269.41 edge=318.96 div=155.48
20:39:08.158 CLOCK fold raw=205.19 prev=49.55 new=49.70 d=+0.154 fr=288.52 dt=0.202 rate=1.00 paused=False backlog=269.46 edge=319.16 div=155.48
20:39:08.260 CLOCK integ raw=205.19 prev=49.70 new=49.81 d=+0.102 fr=288.52 dt=0.102 rate=1.00 paused=False backlog=269.46 edge=319.27 div=155.48
20:39:08.362 CLOCK fold raw=205.44 prev=49.81 new=49.96 d=+0.154 fr=288.52 dt=0.102 rate=1.00 paused=False backlog=269.41 edge=319.37 div=155.48
20:39:08.464 CLOCK integ raw=205.44 prev=49.96 new=50.06 d=+0.102 fr=288.52 dt=0.102 rate=1.00 paused=False backlog=269.41 edge=319.47 div=155.48
20:39:08.566 CLOCK integ raw=205.44 prev=50.06 new=50.16 d=+0.102 fr=288.52 dt=0.102 rate=1.00 paused=False backlog=269.41 edge=319.57 div=155.48
20:39:08.668 CLOCK fold raw=205.71 prev=50.16 new=50.22 d=+0.059 fr=288.52 dt=0.102 rate=1.00 paused=False backlog=269.45 edge=319.67 div=155.48
20:39:08.771 TICK fr=288.52 cc=50.22 raw=205.71 vid=205.71 playing=1 started=1 stall=0 | d_fr_cc=+238.30 d_fr_raw=+82.82 d_cc_raw=-155.48 | off=-0.39 ccx_end=318.25 since_show=0.1 since_cue=1.1 | pcr=319.081 pid=100 head_rel=319.08 ccx_lag=0.83 | credit=288.5 capped=0.0 | fsize=144550380 feed=144550380 feed_behind=0 | backlog=269.45 edge=319.67 div=155.48 lag_ewma=2.15
20:39:08.772 CLOCK integ raw=205.71 prev=50.22 new=50.33 d=+0.104 fr=288.52 dt=0.104 rate=1.00 paused=False backlog=269.45 edge=319.78 div=155.48
20:39:08.873 CLOCK fold raw=205.98 prev=50.33 new=50.50 d=+0.167 fr=288.52 dt=0.101 rate=1.00 paused=False backlog=269.38 edge=319.88 div=155.48
20:39:08.975 CLOCK integ raw=205.98 prev=50.50 new=50.60 d=+0.101 fr=288.52 dt=0.101 rate=1.00 paused=False backlog=269.38 edge=319.98 div=155.48
20:39:09.076 CLOCK integ raw=205.98 prev=50.60 new=50.70 d=+0.101 fr=288.52 dt=0.101 rate=1.00 paused=False backlog=269.38 edge=320.08 div=155.48
20:39:09.180 CLOCK fold raw=206.23 prev=50.70 new=50.75 d=+0.052 fr=288.52 dt=0.104 rate=1.00 paused=False backlog=268.94 edge=319.69 div=155.48
20:39:09.282 CLOCK integ raw=206.23 prev=50.75 new=50.85 d=+0.102 fr=288.52 dt=0.102 rate=1.00 paused=False backlog=268.94 edge=319.79 div=155.48
20:39:09.384 CLOCK fold raw=206.49 prev=50.85 new=51.01 d=+0.155 fr=288.52 dt=0.102 rate=1.00 paused=False backlog=268.88 edge=319.89 div=155.48
20:39:09.587 CLOCK integ raw=206.49 prev=51.01 new=51.21 d=+0.203 fr=288.52 dt=0.203 rate=1.00 paused=False backlog=268.88 edge=320.09 div=155.48
20:39:09.688 CLOCK fold raw=206.75 prev=51.21 new=51.26 d=+0.052 fr=288.52 dt=0.102 rate=1.00 paused=False backlog=268.93 edge=320.19 div=155.48
20:39:09.791 CLOCK integ raw=206.75 prev=51.26 new=51.36 d=+0.103 fr=288.52 dt=0.103 rate=1.00 paused=False backlog=268.93 edge=320.30 div=155.48
20:39:09.893 CLOCK fold raw=207.00 prev=51.36 new=51.52 d=+0.154 fr=288.52 dt=0.102 rate=1.00 paused=False backlog=268.88 edge=320.40 div=155.48
20:39:09.997 CLOCK integ raw=207.00 prev=51.52 new=51.62 d=+0.104 fr=288.52 dt=0.104 rate=1.00 paused=False backlog=268.88 edge=320.50 div=155.48
20:39:10.099 CLOCK integ raw=207.00 prev=51.62 new=51.73 d=+0.102 fr=288.52 dt=0.102 rate=1.00 paused=False backlog=268.88 edge=320.60 div=155.48
20:39:10.202 CLOCK fold raw=207.26 prev=51.73 new=51.78 d=+0.050 fr=288.52 dt=0.103 rate=1.00 paused=False backlog=268.93 edge=320.71 div=155.48
20:39:10.304 CLOCK integ raw=207.26 prev=51.78 new=51.88 d=+0.101 fr=288.52 dt=0.101 rate=1.00 paused=False backlog=268.93 edge=320.81 div=155.48
20:39:10.405 CLOCK fold raw=207.51 prev=51.88 new=52.03 d=+0.154 fr=288.52 dt=0.102 rate=1.00 paused=False backlog=268.88 edge=320.91 div=155.48
20:39:10.508 CLOCK integ raw=207.51 prev=52.03 new=52.13 d=+0.102 fr=288.52 dt=0.102 rate=1.00 paused=False backlog=268.88 edge=321.01 div=155.48
20:39:10.610 CLOCK integ raw=207.51 prev=52.13 new=52.23 d=+0.101 fr=288.52 dt=0.101 rate=1.00 paused=False backlog=268.88 edge=321.11 div=155.48
20:39:10.712 CLOCK fold raw=207.78 prev=52.23 new=52.29 d=+0.058 fr=288.52 dt=0.103 rate=1.00 paused=False backlog=268.92 edge=321.22 div=155.48
20:39:10.914 CLOCK fold raw=208.03 prev=52.29 new=52.54 d=+0.251 fr=288.52 dt=0.202 rate=1.00 paused=False backlog=268.88 edge=321.42 div=155.48
20:39:11.016 CLOCK integ raw=208.03 prev=52.54 new=52.64 d=+0.102 fr=288.52 dt=0.102 rate=1.00 paused=False backlog=268.88 edge=321.52 div=155.48
20:39:11.117 CLOCK integ raw=208.03 prev=52.64 new=52.75 d=+0.102 fr=288.52 dt=0.102 rate=1.00 paused=False backlog=268.88 edge=321.62 div=155.48
20:39:11.119 EDGESNAP err=-2.54 edge->319.08
20:39:11.221 CLOCK fold raw=208.28 prev=52.75 new=52.80 d=+0.052 fr=288.52 dt=0.104 rate=1.00 paused=False backlog=266.39 edge=319.18 div=155.48
20:39:11.323 CLOCK integ raw=208.28 prev=52.80 new=52.90 d=+0.102 fr=288.52 dt=0.102 rate=1.00 paused=False backlog=266.39 edge=319.29 div=155.48
20:39:11.424 CLOCK fold raw=208.54 prev=52.90 new=53.06 d=+0.155 fr=288.52 dt=0.101 rate=1.00 paused=False backlog=266.33 edge=319.39 div=155.48
20:39:11.525 CLOCK integ raw=208.54 prev=53.06 new=53.16 d=+0.102 fr=288.52 dt=0.102 rate=1.00 paused=False backlog=266.33 edge=319.49 div=155.48
20:39:11.627 CLOCK integ raw=208.54 prev=53.16 new=53.26 d=+0.102 fr=288.52 dt=0.102 rate=1.00 paused=False backlog=266.33 edge=319.59 div=155.48
20:39:11.729 CLOCK fold raw=208.79 prev=53.26 new=53.31 d=+0.052 fr=288.52 dt=0.101 rate=1.00 paused=False backlog=266.38 edge=319.69 div=155.48
20:39:11.831 CLOCK integ raw=208.79 prev=53.31 new=53.41 d=+0.103 fr=288.52 dt=0.103 rate=1.00 paused=False backlog=266.38 edge=319.79 div=155.48
20:39:11.933 CLOCK integ raw=208.79 prev=53.41 new=53.51 d=+0.102 fr=288.52 dt=0.102 rate=1.00 paused=False backlog=266.38 edge=319.90 div=155.48
20:39:12.035 CLOCK fold raw=209.05 prev=53.51 new=53.57 d=+0.052 fr=288.52 dt=0.101 rate=1.00 paused=False backlog=266.43 edge=320.00 div=155.48
20:39:12.137 CLOCK integ raw=209.05 prev=53.57 new=53.67 d=+0.102 fr=288.52 dt=0.102 rate=1.00 paused=False backlog=266.43 edge=320.10 div=155.48
20:39:12.238 CLOCK fold raw=209.31 prev=53.67 new=53.82 d=+0.153 fr=288.52 dt=0.101 rate=1.00 paused=False backlog=266.38 edge=320.20 div=155.48
20:39:12.381 EDGESNAP err=+3.51 edge->323.72
20:39:12.382 CUE cx=[318.25..319.48] adv=1.23 el=4.69 fresh | off=-0.39 fr=293.42 cc=53.82 raw=209.31 lead=+265.27 | pcr=323.717 head_rel=323.72 lag_ewma=5.66 | q=Denver Broncos the last two / years. The Broncos led the NFL
20:39:12.382 CUE cx=[319.49..320.49] adv=1.00 el=0.04 fresh | off=-0.39 fr=293.42 cc=53.82 raw=209.31 lead=+266.27 | pcr=323.717 head_rel=323.72 lag_ewma=5.66 | q=years. The Broncos led the NFL / in sacks the last two years
20:39:12.383 ANCHOR pend_end=320.49 L=4.81 pinL=3.23 target=0.00 off=-0.39
20:39:12.383 CLOCK integ raw=209.31 prev=53.82 new=53.97 d=+0.146 fr=293.42 dt=0.146 rate=1.00 paused=False backlog=269.89 edge=323.86 div=155.48
20:39:12.486 CLOCK fold raw=209.56 prev=53.97 new=54.08 d=+0.111 fr=293.42 dt=0.103 rate=1.00 paused=False backlog=269.89 edge=323.96 div=155.48
20:39:12.587 CLOCK integ raw=209.56 prev=54.08 new=54.18 d=+0.101 fr=293.42 dt=0.101 rate=1.00 paused=False backlog=269.89 edge=324.07 div=155.48
20:39:12.590 CUE cx=[320.49..323.29] adv=2.80 el=0.21 fresh | off=-0.19 fr=293.42 cc=54.18 raw=209.56 lead=+268.91 | pcr=323.717 head_rel=323.72 lag_ewma=4.81 | q=in sacks the last two years, / and it wasn't close. They led
20:39:12.691 ANCHOR pend_end=323.29 L=3.28 pinL=0.43 target=0.17 off=-0.19
20:39:12.691 CLOCK integ raw=209.56 prev=54.18 new=54.28 d=+0.104 fr=293.42 dt=0.104 rate=1.00 paused=False backlog=269.71 edge=323.99 div=155.48
20:39:12.795 CLOCK fold raw=209.82 prev=54.28 new=54.34 d=+0.051 fr=293.87 dt=0.104 rate=1.00 paused=False backlog=269.76 edge=324.10 div=155.48
20:39:12.919 CUE cx=[323.29..324.76] adv=1.47 el=0.31 fresh | off=-0.01 fr=293.87 cc=54.34 raw=209.82 lead=+270.41 | pcr=326.523 head_rel=326.52 lag_ewma=3.28 | q=and it wasn't close. They led / by like 20 plus. And so thos
20:39:12.920 ANCHOR pend_end=324.76 L=2.75 pinL=1.77 target=-1.21 off=-0.01
20:39:12.920 CLOCK integ raw=209.82 prev=54.34 new=54.46 d=+0.125 fr=293.87 dt=0.125 rate=1.00 paused=False backlog=270.98 edge=325.44 div=155.48
20:39:13.021 CLOCK fold raw=210.07 prev=54.46 new=54.59 d=+0.131 fr=293.87 dt=0.101 rate=1.00 paused=False backlog=270.95 edge=325.54 div=155.48
20:39:13.123 CLOCK integ raw=210.07 prev=54.59 new=54.69 d=+0.102 fr=293.87 dt=0.102 rate=1.00 paused=False backlog=271.44 edge=326.13 div=155.48
20:39:13.224 CLOCK fold raw=210.33 prev=54.69 new=54.85 d=+0.154 fr=293.87 dt=0.102 rate=1.00 paused=False backlog=271.39 edge=326.23 div=155.48
20:39:13.426 CLOCK integ raw=210.33 prev=54.85 new=55.05 d=+0.202 fr=293.87 dt=0.202 rate=1.00 paused=False backlog=271.39 edge=326.43 div=155.48
20:39:13.528 CLOCK fold raw=210.59 prev=55.05 new=55.10 d=+0.053 fr=293.87 dt=0.102 rate=1.00 paused=False backlog=271.43 edge=326.54 div=155.48
20:39:13.631 CLOCK integ raw=210.59 prev=55.10 new=55.21 d=+0.103 fr=293.87 dt=0.103 rate=1.00 paused=False backlog=271.43 edge=326.64 div=155.48
20:39:13.734 CLOCK fold raw=210.84 prev=55.21 new=55.36 d=+0.154 fr=293.87 dt=0.103 rate=1.00 paused=False backlog=271.38 edge=326.74 div=155.48
20:39:13.736 TICK fr=293.87 cc=55.36 raw=210.84 vid=210.59 playing=1 started=1 stall=0 | d_fr_cc=+238.51 d_fr_raw=+83.03 d_cc_raw=-155.48 | off=-0.61 ccx_end=324.76 since_show=0.0 since_cue=0.8 | pcr=326.523 pid=100 head_rel=326.52 ccx_lag=1.77 | credit=293.9 capped=0.0 | fsize=148194008 feed=148194008 feed_behind=0 | backlog=271.38 edge=326.74 div=155.48 lag_ewma=2.75
20:39:13.838 CLOCK integ raw=210.84 prev=55.36 new=55.46 d=+0.104 fr=293.87 dt=0.104 rate=1.00 paused=False backlog=271.38 edge=326.85 div=155.48
20:39:13.939 CLOCK integ raw=210.84 prev=55.46 new=55.56 d=+0.101 fr=293.87 dt=0.101 rate=1.00 paused=False backlog=271.38 edge=326.95 div=155.48
20:39:14.041 CLOCK fold raw=211.10 prev=55.56 new=55.62 d=+0.051 fr=293.87 dt=0.102 rate=1.00 paused=False backlog=271.43 edge=327.05 div=155.48
20:39:14.142 CLOCK integ raw=211.10 prev=55.62 new=55.72 d=+0.102 fr=293.87 dt=0.102 rate=1.00 paused=False backlog=271.43 edge=327.15 div=155.48
20:39:14.244 CLOCK fold raw=211.35 prev=55.72 new=55.87 d=+0.153 fr=293.87 dt=0.102 rate=1.00 paused=False backlog=271.38 edge=327.25 div=155.48
20:39:14.346 CLOCK integ raw=211.35 prev=55.87 new=55.97 d=+0.102 fr=293.87 dt=0.102 rate=1.00 paused=False backlog=271.38 edge=327.35 div=155.48
20:39:14.448 CLOCK integ raw=211.35 prev=55.97 new=56.07 d=+0.102 fr=293.87 dt=0.102 rate=1.00 paused=False backlog=271.38 edge=327.46 div=155.48
20:39:14.549 CLOCK fold raw=211.61 prev=56.07 new=56.13 d=+0.052 fr=293.87 dt=0.101 rate=1.00 paused=False backlog=271.43 edge=327.56 div=155.48
20:39:14.651 CLOCK integ raw=211.61 prev=56.13 new=56.23 d=+0.102 fr=293.87 dt=0.102 rate=1.00 paused=False backlog=271.43 edge=327.66 div=155.48
20:39:14.753 CLOCK fold raw=211.87 prev=56.23 new=56.38 d=+0.155 fr=293.87 dt=0.102 rate=1.00 paused=False backlog=271.38 edge=327.76 div=155.48
20:39:14.955 CLOCK integ raw=211.87 prev=56.38 new=56.59 d=+0.202 fr=293.87 dt=0.202 rate=1.00 paused=False backlog=271.38 edge=327.96 div=155.48
20:39:15.057 CLOCK fold raw=212.12 prev=56.59 new=56.64 d=+0.054 fr=293.87 dt=0.102 rate=1.00 paused=False backlog=271.43 edge=328.07 div=155.48
20:39:15.159 CLOCK integ raw=212.12 prev=56.64 new=56.74 d=+0.102 fr=293.87 dt=0.102 rate=1.00 paused=False backlog=271.43 edge=328.17 div=155.48
20:39:15.263 CLOCK fold raw=212.38 prev=56.74 new=56.89 d=+0.153 fr=293.87 dt=0.104 rate=1.00 paused=False backlog=270.55 edge=327.45 div=155.48
20:39:15.365 CLOCK integ raw=212.38 prev=56.89 new=57.00 d=+0.102 fr=293.87 dt=0.102 rate=1.00 paused=False backlog=270.55 edge=327.55 div=155.48
20:39:15.467 CLOCK integ raw=212.38 prev=57.00 new=57.10 d=+0.102 fr=293.87 dt=0.102 rate=1.00 paused=False backlog=270.55 edge=327.65 div=155.48
20:39:15.568 CLOCK fold raw=212.63 prev=57.10 new=57.15 d=+0.052 fr=293.87 dt=0.101 rate=1.00 paused=False backlog=270.60 edge=327.75 div=155.48
20:39:15.671 CLOCK integ raw=212.63 prev=57.15 new=57.25 d=+0.102 fr=293.87 dt=0.102 rate=1.00 paused=False backlog=270.60 edge=327.86 div=155.48
20:39:15.773 CLOCK integ raw=212.63 prev=57.25 new=57.35 d=+0.102 fr=293.87 dt=0.102 rate=1.00 paused=False backlog=270.60 edge=327.96 div=155.48
20:39:15.874 CLOCK fold raw=212.89 prev=57.35 new=57.41 d=+0.052 fr=293.87 dt=0.102 rate=1.00 paused=False backlog=270.65 edge=328.06 div=155.48
20:39:15.976 CLOCK integ raw=212.89 prev=57.41 new=57.51 d=+0.102 fr=293.87 dt=0.102 rate=1.00 paused=False backlog=270.65 edge=328.16 div=155.48
20:39:16.080 CLOCK fold raw=213.15 prev=57.51 new=57.66 d=+0.153 fr=293.87 dt=0.104 rate=1.00 paused=False backlog=270.60 edge=328.27 div=155.48
20:39:16.182 CLOCK integ raw=213.15 prev=57.66 new=57.76 d=+0.102 fr=293.87 dt=0.102 rate=1.00 paused=False backlog=270.60 edge=328.37 div=155.48
20:39:16.283 CLOCK integ raw=213.15 prev=57.76 new=57.87 d=+0.101 fr=293.87 dt=0.101 rate=1.00 paused=False backlog=270.60 edge=328.47 div=155.48
20:39:16.386 CLOCK fold raw=213.40 prev=57.87 new=57.92 d=+0.052 fr=293.87 dt=0.103 rate=1.00 paused=False backlog=270.65 edge=328.57 div=155.48
20:39:16.589 CLOCK fold raw=213.66 prev=57.92 new=58.17 d=+0.257 fr=293.87 dt=0.203 rate=1.00 paused=False backlog=270.60 edge=328.77 div=155.48
20:39:16.691 CLOCK integ raw=213.66 prev=58.17 new=58.28 d=+0.102 fr=293.87 dt=0.102 rate=1.00 paused=False backlog=270.60 edge=328.88 div=155.48
20:39:16.793 CLOCK integ raw=213.66 prev=58.28 new=58.38 d=+0.102 fr=293.87 dt=0.102 rate=1.00 paused=False backlog=270.60 edge=328.98 div=155.48
20:39:16.895 CLOCK fold raw=213.91 prev=58.38 new=58.43 d=+0.051 fr=293.87 dt=0.102 rate=1.00 paused=False backlog=270.65 edge=329.08 div=155.48
20:39:16.997 CLOCK integ raw=213.91 prev=58.43 new=58.53 d=+0.102 fr=293.87 dt=0.102 rate=1.00 paused=False backlog=270.65 edge=329.18 div=155.48
20:39:17.099 CLOCK fold raw=214.17 prev=58.53 new=58.69 d=+0.154 fr=293.87 dt=0.102 rate=1.00 paused=False backlog=270.60 edge=329.28 div=155.48
20:39:17.225 CLOCK integ raw=214.17 prev=58.69 new=58.81 d=+0.126 fr=293.87 dt=0.126 rate=1.00 paused=False backlog=269.81 edge=328.63 div=155.48
20:39:17.327 CLOCK fold raw=214.43 prev=58.81 new=58.94 d=+0.131 fr=298.30 dt=0.102 rate=1.00 paused=False backlog=269.79 edge=328.73 div=155.48
20:39:17.457 CUE cx=[324.76..326.52] adv=1.77 el=4.53 fresh | off=-0.61 fr=298.30 cc=58.94 raw=214.43 lead=+266.97 | pcr=330.105 head_rel=330.10 lag_ewma=2.75 | q=by like 20 plus. And so those / additions, they permeate all
20:39:17.457 ANCHOR pend_end=326.52 L=3.04 pinL=3.58 target=-0.69 off=-0.61
20:39:17.458 CLOCK integ raw=214.43 prev=58.94 new=59.07 d=+0.131 fr=298.30 dt=0.131 rate=1.00 paused=False backlog=270.47 edge=329.55 div=155.48
20:39:17.559 CLOCK integ raw=214.43 prev=59.07 new=59.18 d=+0.101 fr=298.30 dt=0.101 rate=1.00 paused=False backlog=270.47 edge=329.65 div=155.48
20:39:17.661 CLOCK fold raw=214.68 prev=59.18 new=59.20 d=+0.023 fr=298.74 dt=0.102 rate=1.00 paused=False backlog=270.55 edge=329.75 div=155.48
20:39:17.763 CLOCK integ raw=214.68 prev=59.20 new=59.30 d=+0.102 fr=298.74 dt=0.102 rate=1.00 paused=False backlog=270.55 edge=329.85 div=155.48
20:39:17.864 CLOCK fold raw=214.94 prev=59.30 new=59.45 d=+0.154 fr=298.74 dt=0.102 rate=1.00 paused=False backlog=270.50 edge=329.95 div=155.48
20:39:17.966 CLOCK integ raw=214.94 prev=59.45 new=59.56 d=+0.102 fr=298.74 dt=0.102 rate=1.00 paused=False backlog=270.50 edge=330.06 div=155.48
20:39:18.068 CLOCK integ raw=214.94 prev=59.56 new=59.66 d=+0.101 fr=298.74 dt=0.101 rate=1.00 paused=False backlog=270.50 edge=330.16 div=155.48
20:39:18.169 CLOCK fold raw=215.19 prev=59.66 new=59.71 d=+0.054 fr=298.74 dt=0.102 rate=1.00 paused=False backlog=270.55 edge=330.26 div=155.48
20:39:18.271 CLOCK integ raw=215.19 prev=59.71 new=59.81 d=+0.102 fr=298.74 dt=0.102 rate=1.00 paused=False backlog=270.55 edge=330.36 div=155.48
20:39:18.372 CLOCK fold raw=215.45 prev=59.81 new=59.97 d=+0.154 fr=298.74 dt=0.101 rate=1.00 paused=False backlog=270.49 edge=330.46 div=155.48
20:39:18.575 CLOCK integ raw=215.45 prev=59.97 new=60.17 d=+0.202 fr=298.74 dt=0.202 rate=1.00 paused=False backlog=270.49 edge=330.66 div=155.48
20:39:18.676 CLOCK fold raw=215.71 prev=60.17 new=60.23 d=+0.057 fr=298.74 dt=0.102 rate=1.00 paused=False backlog=270.54 edge=330.77 div=155.48
20:39:18.778 CLOCK integ raw=215.71 prev=60.23 new=60.33 d=+0.102 fr=298.74 dt=0.102 rate=1.00 paused=False backlog=270.54 edge=330.87 div=155.48
20:39:18.781 TICK fr=298.74 cc=60.33 raw=215.71 vid=215.45 playing=1 started=1 stall=0 | d_fr_cc=+238.41 d_fr_raw=+83.03 d_cc_raw=-155.38 | off=-0.65 ccx_end=326.52 since_show=0.0 since_cue=1.4 | pcr=330.105 pid=100 head_rel=330.10 ccx_lag=3.58 | credit=298.7 capped=0.0 | fsize=150007644 feed=150007644 feed_behind=0 | backlog=270.54 edge=330.87 div=155.48 lag_ewma=3.04
20:39:18.883 CLOCK fold raw=215.96 prev=60.33 new=60.48 d=+0.150 fr=298.74 dt=0.105 rate=1.00 paused=False backlog=270.49 edge=330.97 div=155.48
20:39:18.985 CLOCK integ raw=215.96 prev=60.48 new=60.58 d=+0.102 fr=298.74 dt=0.102 rate=1.00 paused=False backlog=270.49 edge=331.07 div=155.48
20:39:19.088 CLOCK integ raw=215.96 prev=60.58 new=60.68 d=+0.102 fr=298.74 dt=0.102 rate=1.00 paused=False backlog=270.49 edge=331.18 div=155.48
20:39:19.193 CLOCK fold raw=216.22 prev=60.68 new=60.74 d=+0.053 fr=298.74 dt=0.105 rate=1.00 paused=False backlog=270.01 edge=330.75 div=155.48
20:39:19.295 CLOCK integ raw=216.22 prev=60.74 new=60.84 d=+0.102 fr=298.74 dt=0.102 rate=1.00 paused=False backlog=270.01 edge=330.85 div=155.48
20:39:19.398 CLOCK fold raw=216.47 prev=60.84 new=60.99 d=+0.152 fr=298.74 dt=0.103 rate=1.00 paused=False backlog=269.96 edge=330.95 div=155.48
20:39:19.500 CLOCK integ raw=216.47 prev=60.99 new=61.09 d=+0.102 fr=298.74 dt=0.102 rate=1.00 paused=False backlog=269.96 edge=331.05 div=155.48
20:39:19.601 CLOCK integ raw=216.47 prev=61.09 new=61.19 d=+0.101 fr=298.74 dt=0.101 rate=1.00 paused=False backlog=269.96 edge=331.15 div=155.48
20:39:19.702 CLOCK fold raw=216.73 prev=61.19 new=61.25 d=+0.054 fr=298.74 dt=0.101 rate=1.00 paused=False backlog=270.01 edge=331.25 div=155.48
20:39:19.805 CLOCK integ raw=216.73 prev=61.25 new=61.35 d=+0.102 fr=298.74 dt=0.102 rate=1.00 paused=False backlog=270.01 edge=331.36 div=155.48
20:39:19.906 CLOCK fold raw=216.99 prev=61.35 new=61.51 d=+0.158 fr=298.74 dt=0.102 rate=1.00 paused=False backlog=269.95 edge=331.46 div=155.48
20:39:20.008 CLOCK integ raw=216.99 prev=61.51 new=61.61 d=+0.102 fr=298.74 dt=0.102 rate=1.00 paused=False backlog=269.95 edge=331.56 div=155.48
20:39:20.211 CLOCK fold raw=217.24 prev=61.61 new=61.76 d=+0.150 fr=298.74 dt=0.203 rate=1.00 paused=False backlog=270.00 edge=331.76 div=155.48
20:39:20.313 CLOCK integ raw=217.24 prev=61.76 new=61.86 d=+0.102 fr=298.74 dt=0.102 rate=1.00 paused=False backlog=270.00 edge=331.87 div=155.48
20:39:20.415 CLOCK fold raw=217.50 prev=61.86 new=62.01 d=+0.154 fr=298.74 dt=0.102 rate=1.00 paused=False backlog=269.95 edge=331.97 div=155.48
20:39:20.517 CLOCK integ raw=217.50 prev=62.01 new=62.12 d=+0.103 fr=298.74 dt=0.103 rate=1.00 paused=False backlog=269.95 edge=332.07 div=155.48
20:39:20.619 CLOCK integ raw=217.50 prev=62.12 new=62.22 d=+0.102 fr=298.74 dt=0.102 rate=1.00 paused=False backlog=269.95 edge=332.17 div=155.48
20:39:20.721 CLOCK fold raw=217.75 prev=62.22 new=62.27 d=+0.051 fr=298.74 dt=0.102 rate=1.00 paused=False backlog=270.00 edge=332.27 div=155.48
20:39:20.823 CLOCK integ raw=217.75 prev=62.27 new=62.37 d=+0.102 fr=298.74 dt=0.102 rate=1.00 paused=False backlog=270.00 edge=332.38 div=155.48
20:39:20.924 CLOCK fold raw=218.01 prev=62.37 new=62.53 d=+0.153 fr=298.74 dt=0.102 rate=1.00 paused=False backlog=269.95 edge=332.48 div=155.48
20:39:21.027 CLOCK integ raw=218.01 prev=62.53 new=62.63 d=+0.103 fr=298.74 dt=0.103 rate=1.00 paused=False backlog=269.95 edge=332.58 div=155.48
20:39:21.132 CLOCK integ raw=218.01 prev=62.63 new=62.73 d=+0.105 fr=298.74 dt=0.105 rate=1.00 paused=False backlog=268.71 edge=331.45 div=155.48
20:39:21.234 CLOCK fold raw=218.27 prev=62.73 new=62.78 d=+0.049 fr=298.74 dt=0.102 rate=1.00 paused=False backlog=268.77 edge=331.55 div=155.48
20:39:21.337 CLOCK integ raw=218.27 prev=62.78 new=62.89 d=+0.103 fr=298.74 dt=0.103 rate=1.00 paused=False backlog=268.77 edge=331.65 div=155.48
20:39:21.442 CLOCK fold raw=218.52 prev=62.89 new=63.04 d=+0.154 fr=298.74 dt=0.105 rate=1.00 paused=False backlog=268.72 edge=331.76 div=155.48
20:39:21.644 CLOCK integ raw=218.52 prev=63.04 new=63.24 d=+0.203 fr=298.74 dt=0.203 rate=1.00 paused=False backlog=268.72 edge=331.96 div=155.48
20:39:21.748 CLOCK fold raw=218.78 prev=63.24 new=63.29 d=+0.052 fr=298.74 dt=0.104 rate=1.00 paused=False backlog=268.77 edge=332.06 div=155.48
20:39:21.850 CLOCK integ raw=218.78 prev=63.29 new=63.40 d=+0.102 fr=298.74 dt=0.102 rate=1.00 paused=False backlog=268.77 edge=332.16 div=155.48
20:39:21.952 CLOCK fold raw=219.03 prev=63.40 new=63.55 d=+0.153 fr=298.74 dt=0.102 rate=1.00 paused=False backlog=268.72 edge=332.27 div=155.48
20:39:22.054 CLOCK integ raw=219.03 prev=63.55 new=63.65 d=+0.102 fr=298.74 dt=0.102 rate=1.00 paused=False backlog=268.72 edge=332.37 div=155.48
20:39:22.155 CLOCK integ raw=219.03 prev=63.65 new=63.75 d=+0.101 fr=303.23 dt=0.101 rate=1.00 paused=False backlog=268.72 edge=332.47 div=155.48
20:39:22.257 CLOCK fold raw=219.29 prev=63.75 new=63.81 d=+0.054 fr=303.23 dt=0.102 rate=1.00 paused=False backlog=268.76 edge=332.57 div=155.48
20:39:22.359 CLOCK integ raw=219.29 prev=63.81 new=63.91 d=+0.102 fr=303.23 dt=0.102 rate=1.00 paused=False backlog=268.76 edge=332.67 div=155.48
20:39:22.401 CUE cx=[326.53..329.53] adv=3.00 el=4.93 fresh | off=-0.65 fr=303.23 cc=63.91 raw=219.29 lead=+264.97 | pcr=334.109 head_rel=334.11 lag_ewma=3.04 | q=additions, they permeate all / the way down the line. Fourth
20:39:22.402 CUE cx=[329.53..332.66] adv=3.14 el=0.04 fresh | off=-0.65 fr=303.23 cc=63.91 raw=219.29 lead=+268.11 | pcr=334.109 head_rel=334.11 lag_ewma=3.04 | q=the way down the line. Fourth / down and three Slovis. And h
20:39:22.504 ANCHOR pend_end=332.66 L=2.48 pinL=1.44 target=-0.36 off=-0.65
20:39:22.505 CLOCK fold raw=219.55 prev=63.91 new=64.06 d=+0.156 fr=303.23 dt=0.146 rate=1.00 paused=False backlog=269.83 edge=333.90 div=155.48
20:39:22.607 CLOCK integ raw=219.55 prev=64.06 new=64.17 d=+0.102 fr=303.58 dt=0.102 rate=1.00 paused=False backlog=269.83 edge=334.00 div=155.48
20:39:22.712 CLOCK fold raw=219.80 prev=64.17 new=64.32 d=+0.153 fr=303.58 dt=0.104 rate=1.00 paused=False backlog=269.78 edge=334.10 div=155.48
20:39:22.814 CLOCK integ raw=219.80 prev=64.32 new=64.42 d=+0.103 fr=303.58 dt=0.103 rate=1.00 paused=False backlog=269.78 edge=334.20 div=155.48
20:39:22.915 CLOCK integ raw=219.80 prev=64.42 new=64.52 d=+0.102 fr=303.58 dt=0.102 rate=1.00 paused=False backlog=269.78 edge=334.31 div=155.48
20:39:23.019 CLOCK fold raw=220.06 prev=64.52 new=64.57 d=+0.050 fr=303.58 dt=0.104 rate=1.00 paused=False backlog=269.83 edge=334.41 div=155.48
20:39:23.120 CLOCK integ raw=220.06 prev=64.57 new=64.68 d=+0.101 fr=303.58 dt=0.101 rate=1.00 paused=False backlog=269.83 edge=334.51 div=155.48
20:39:23.223 CLOCK fold raw=220.31 prev=64.68 new=64.83 d=+0.155 fr=303.58 dt=0.103 rate=1.00 paused=False backlog=269.58 edge=334.41 div=155.48
20:39:23.325 CLOCK integ raw=220.31 prev=64.83 new=64.93 d=+0.101 fr=303.58 dt=0.101 rate=1.00 paused=False backlog=269.58 edge=334.51 div=155.48
20:39:23.427 CLOCK integ raw=220.31 prev=64.93 new=65.03 d=+0.102 fr=303.58 dt=0.102 rate=1.00 paused=False backlog=269.58 edge=334.62 div=155.48
20:39:23.528 CLOCK fold raw=220.57 prev=65.03 new=65.09 d=+0.053 fr=303.58 dt=0.101 rate=1.00 paused=False backlog=269.63 edge=334.72 div=155.48
20:39:23.629 CLOCK integ raw=220.57 prev=65.09 new=65.19 d=+0.101 fr=303.58 dt=0.101 rate=1.00 paused=False backlog=269.63 edge=334.82 div=155.48
20:39:23.733 TICK fr=303.58 cc=65.19 raw=220.83 vid=220.83 playing=1 started=1 stall=0 | d_fr_cc=+238.39 d_fr_raw=+82.76 d_cc_raw=-155.64 | off=-0.50 ccx_end=332.66 since_show=0.1 since_cue=1.3 | pcr=334.109 pid=100 head_rel=334.11 ccx_lag=1.44 | credit=303.6 capped=0.0 | fsize=151823160 feed=151823160 feed_behind=0 | backlog=269.63 edge=334.82 div=155.48 lag_ewma=2.48
20:39:23.733 CLOCK fold raw=220.83 prev=65.19 new=65.34 d=+0.155 fr=303.58 dt=0.104 rate=1.00 paused=False backlog=269.58 edge=334.92 div=155.48
20:39:23.836 CLOCK integ raw=220.83 prev=65.34 new=65.45 d=+0.103 fr=303.58 dt=0.103 rate=1.00 paused=False backlog=269.58 edge=335.03 div=155.48
20:39:24.038 CLOCK fold raw=221.08 prev=65.45 new=65.60 d=+0.154 fr=303.58 dt=0.202 rate=1.00 paused=False backlog=269.63 edge=335.23 div=155.48
20:39:24.140 CLOCK integ raw=221.08 prev=65.60 new=65.70 d=+0.102 fr=303.58 dt=0.102 rate=1.00 paused=False backlog=269.63 edge=335.33 div=155.48
20:39:24.243 CLOCK fold raw=221.34 prev=65.70 new=65.85 d=+0.153 fr=303.58 dt=0.103 rate=1.00 paused=False backlog=269.58 edge=335.43 div=155.48
20:39:24.345 CLOCK integ raw=221.34 prev=65.85 new=65.96 d=+0.102 fr=303.58 dt=0.102 rate=1.00 paused=False backlog=269.58 edge=335.53 div=155.48
20:39:24.447 CLOCK integ raw=221.34 prev=65.96 new=66.06 d=+0.102 fr=303.58 dt=0.102 rate=1.00 paused=False backlog=269.58 edge=335.64 div=155.48
20:39:24.550 CLOCK fold raw=221.59 prev=66.06 new=66.11 d=+0.053 fr=303.58 dt=0.102 rate=1.00 paused=False backlog=269.63 edge=335.74 div=155.48
20:39:24.652 CLOCK integ raw=221.59 prev=66.11 new=66.21 d=+0.102 fr=303.58 dt=0.102 rate=1.00 paused=False backlog=269.63 edge=335.84 div=155.48
20:39:24.753 CLOCK fold raw=221.85 prev=66.21 new=66.37 d=+0.152 fr=303.58 dt=0.102 rate=1.00 paused=False backlog=269.58 edge=335.94 div=155.48
20:39:24.855 CLOCK integ raw=221.85 prev=66.37 new=66.47 d=+0.101 fr=303.58 dt=0.101 rate=1.00 paused=False backlog=269.58 edge=336.04 div=155.48
20:39:24.957 CLOCK integ raw=221.85 prev=66.47 new=66.57 d=+0.102 fr=303.58 dt=0.102 rate=1.00 paused=False backlog=269.58 edge=336.15 div=155.48
20:39:25.059 CLOCK fold raw=222.10 prev=66.57 new=66.62 d=+0.053 fr=303.58 dt=0.102 rate=1.00 paused=False backlog=269.63 edge=336.25 div=155.48
20:39:25.161 CLOCK integ raw=222.10 prev=66.62 new=66.72 d=+0.103 fr=303.58 dt=0.103 rate=1.00 paused=False backlog=268.56 edge=335.28 div=155.48
20:39:25.364 CLOCK fold raw=222.36 prev=66.72 new=66.88 d=+0.153 fr=303.58 dt=0.202 rate=1.00 paused=False backlog=268.61 edge=335.48 div=155.48
20:39:25.465 CLOCK integ raw=222.36 prev=66.88 new=66.98 d=+0.102 fr=303.58 dt=0.102 rate=1.00 paused=False backlog=268.61 edge=335.59 div=155.48
20:39:25.567 CLOCK fold raw=222.62 prev=66.98 new=67.13 d=+0.154 fr=303.58 dt=0.102 rate=1.00 paused=False backlog=268.55 edge=335.69 div=155.48
20:39:25.669 CLOCK integ raw=222.62 prev=67.13 new=67.24 d=+0.101 fr=303.58 dt=0.101 rate=1.00 paused=False backlog=268.55 edge=335.79 div=155.48
20:39:25.771 CLOCK fold raw=222.87 prev=67.24 new=67.39 d=+0.155 fr=303.58 dt=0.102 rate=1.00 paused=False backlog=268.50 edge=335.89 div=155.48
20:39:25.873 CLOCK integ raw=222.87 prev=67.39 new=67.49 d=+0.102 fr=303.58 dt=0.102 rate=1.00 paused=False backlog=268.50 edge=335.99 div=155.48
20:39:25.974 CLOCK integ raw=222.87 prev=67.49 new=67.59 d=+0.101 fr=303.58 dt=0.101 rate=1.00 paused=False backlog=268.50 edge=336.09 div=155.48
20:39:26.076 CLOCK fold raw=223.13 prev=67.59 new=67.65 d=+0.052 fr=303.58 dt=0.102 rate=1.00 paused=False backlog=268.55 edge=336.20 div=155.48
20:39:26.179 CLOCK integ raw=223.13 prev=67.65 new=67.75 d=+0.102 fr=303.58 dt=0.102 rate=1.00 paused=False backlog=268.55 edge=336.30 div=155.48
20:39:26.280 CLOCK fold raw=223.38 prev=67.75 new=67.90 d=+0.154 fr=303.58 dt=0.102 rate=1.00 paused=False backlog=268.50 edge=336.40 div=155.48
20:39:26.382 CLOCK integ raw=223.38 prev=67.90 new=68.00 d=+0.101 fr=303.58 dt=0.101 rate=1.00 paused=False backlog=268.50 edge=336.50 div=155.48
20:39:26.485 CLOCK integ raw=223.38 prev=68.00 new=68.11 d=+0.103 fr=303.58 dt=0.103 rate=1.00 paused=False backlog=268.50 edge=336.60 div=155.48
20:39:26.588 CLOCK fold raw=223.64 prev=68.11 new=68.16 d=+0.053 fr=303.58 dt=0.103 rate=1.00 paused=False backlog=268.55 edge=336.71 div=155.48
20:39:26.689 CLOCK integ raw=223.64 prev=68.16 new=68.26 d=+0.102 fr=303.58 dt=0.102 rate=1.00 paused=False backlog=268.55 edge=336.81 div=155.48
20:39:26.891 CLOCK fold raw=223.90 prev=68.26 new=68.41 d=+0.154 fr=303.58 dt=0.202 rate=1.00 paused=False backlog=268.60 edge=337.01 div=155.48
20:39:26.993 CLOCK integ raw=223.90 prev=68.41 new=68.52 d=+0.102 fr=303.58 dt=0.102 rate=1.00 paused=False backlog=268.60 edge=337.11 div=155.48
20:39:27.095 CLOCK fold raw=224.15 prev=68.52 new=68.67 d=+0.154 fr=303.58 dt=0.102 rate=1.00 paused=False backlog=268.54 edge=337.21 div=155.48
20:39:27.119 EDGESNAP err=-2.54 edge->334.67
20:39:27.221 CLOCK integ raw=224.15 prev=68.67 new=68.80 d=+0.126 fr=303.58 dt=0.126 rate=1.00 paused=False backlog=266.00 edge=334.80 div=155.48
20:39:27.323 CLOCK fold raw=224.41 prev=68.80 new=68.93 d=+0.129 fr=303.58 dt=0.102 rate=1.00 paused=False backlog=265.97 edge=334.90 div=155.48
20:39:27.425 CLOCK integ raw=224.41 prev=68.93 new=69.03 d=+0.102 fr=308.50 dt=0.102 rate=1.00 paused=False backlog=265.97 edge=335.00 div=155.48
20:39:27.471 EDGESNAP err=+4.30 edge->339.30
20:39:27.471 CUE cx=[332.67..335.20] adv=2.54 el=5.02 fresh | off=-0.50 fr=308.50 cc=69.03 raw=224.41 lead=+265.67 | pcr=339.304 head_rel=339.30 lag_ewma=6.79 | q=down and three Slovis. And he / cannot connect with Corey Ki
20:39:27.472 CUE cx=[335.20..336.94] adv=1.74 el=0.05 fresh | off=-0.50 fr=308.50 cc=69.03 raw=224.41 lead=+267.40 | pcr=339.304 head_rel=339.30 lag_ewma=6.79 | q=cannot connect with Corey Kiner / just off the fingertips at
20:39:27.574 ANCHOR pend_end=336.94 L=5.24 pinL=2.37 target=0.00 off=-0.50
20:39:27.574 CLOCK fold raw=224.66 prev=69.03 new=69.18 d=+0.154 fr=308.50 dt=0.149 rate=1.00 paused=False backlog=270.27 edge=339.45 div=155.48
20:39:27.679 CUE cx=[336.94..339.14] adv=2.20 el=0.20 fresh | off=-0.25 fr=308.50 cc=69.18 raw=224.66 lead=+269.70 | pcr=340.498 head_rel=340.50 lag_ewma=5.24 | q=just off the fingertips at the / sticks. And that'll be a / 
20:39:27.682 ANCHOR pend_end=339.14 L=3.88 pinL=1.36 target=-0.52 off=-0.25
20:39:27.682 CLOCK integ raw=224.66 prev=69.18 new=69.29 d=+0.108 fr=308.50 dt=0.108 rate=1.00 paused=False backlog=270.79 edge=340.08 div=155.48
20:39:27.885 CLOCK fold raw=224.92 prev=69.29 new=69.44 d=+0.150 fr=308.86 dt=0.204 rate=1.00 paused=False backlog=270.85 edge=340.29 div=155.48
20:39:27.987 CLOCK integ raw=224.92 prev=69.44 new=69.54 d=+0.102 fr=308.86 dt=0.102 rate=1.00 paused=False backlog=270.85 edge=340.39 div=155.48
20:39:28.089 CLOCK fold raw=225.18 prev=69.54 new=69.69 d=+0.153 fr=308.86 dt=0.102 rate=1.00 paused=False backlog=270.79 edge=340.49 div=155.48
20:39:28.192 CLOCK integ raw=225.18 prev=69.69 new=69.80 d=+0.103 fr=308.86 dt=0.103 rate=1.00 paused=False backlog=270.79 edge=340.59 div=155.48
20:39:28.295 CLOCK integ raw=225.18 prev=69.80 new=69.90 d=+0.103 fr=308.86 dt=0.103 rate=1.00 paused=False backlog=270.79 edge=340.70 div=155.48
20:39:28.397 CLOCK fold raw=225.43 prev=69.90 new=69.95 d=+0.050 fr=308.86 dt=0.103 rate=1.00 paused=False backlog=270.85 edge=340.80 div=155.48
20:39:28.500 CLOCK integ raw=225.43 prev=69.95 new=70.05 d=+0.103 fr=308.86 dt=0.103 rate=1.00 paused=False backlog=270.85 edge=340.90 div=155.48
20:39:28.602 CLOCK fold raw=225.69 prev=70.05 new=70.21 d=+0.152 fr=308.86 dt=0.102 rate=1.00 paused=False backlog=270.80 edge=341.00 div=155.48
20:39:28.704 CLOCK integ raw=225.69 prev=70.21 new=70.31 d=+0.102 fr=308.86 dt=0.102 rate=1.00 paused=False backlog=270.80 edge=341.10 div=155.48
20:39:28.811 TICK fr=308.86 cc=70.31 raw=225.69 vid=225.69 playing=1 started=1 stall=0 | d_fr_cc=+238.55 d_fr_raw=+83.17 d_cc_raw=-155.38 | off=-0.39 ccx_end=339.14 since_show=0.1 since_cue=1.1 | pcr=340.498 pid=100 head_rel=340.50 ccx_lag=1.36 | credit=308.9 capped=0.0 | fsize=154798072 feed=154798072 feed_behind=0 | backlog=270.80 edge=341.10 div=155.48 lag_ewma=3.88
20:39:28.812 CLOCK integ raw=225.69 prev=70.31 new=70.42 d=+0.108 fr=308.86 dt=0.108 rate=1.00 paused=False backlog=270.80 edge=341.21 div=155.48
20:39:28.913 CLOCK fold raw=225.95 prev=70.42 new=70.46 d=+0.048 fr=308.86 dt=0.101 rate=1.00 paused=False backlog=270.85 edge=341.31 div=155.48
20:39:29.015 CLOCK integ raw=225.95 prev=70.46 new=70.57 d=+0.102 fr=308.86 dt=0.102 rate=1.00 paused=False backlog=270.85 edge=341.42 div=155.48
20:39:29.119 CLOCK fold raw=226.20 prev=70.57 new=70.72 d=+0.152 fr=308.86 dt=0.104 rate=1.00 paused=False backlog=270.34 edge=341.06 div=155.48
20:39:29.221 CLOCK integ raw=226.20 prev=70.72 new=70.82 d=+0.101 fr=308.86 dt=0.101 rate=1.00 paused=False backlog=270.34 edge=341.16 div=155.48
20:39:29.423 CLOCK fold raw=226.46 prev=70.82 new=70.97 d=+0.156 fr=308.86 dt=0.202 rate=1.00 paused=False backlog=270.39 edge=341.36 div=155.48
20:39:29.525 CLOCK integ raw=226.46 prev=70.97 new=71.08 d=+0.102 fr=308.86 dt=0.102 rate=1.00 paused=False backlog=270.39 edge=341.47 div=155.48
20:39:29.628 CLOCK fold raw=226.71 prev=71.08 new=71.23 d=+0.154 fr=308.86 dt=0.102 rate=1.00 paused=False backlog=270.34 edge=341.57 div=155.48
20:39:29.730 CLOCK integ raw=226.71 prev=71.23 new=71.33 d=+0.102 fr=308.86 dt=0.102 rate=1.00 paused=False backlog=270.34 edge=341.67 div=155.48
20:39:29.832 CLOCK integ raw=226.71 prev=71.33 new=71.44 d=+0.102 fr=308.86 dt=0.102 rate=1.00 paused=False backlog=270.34 edge=341.77 div=155.48
20:39:29.936 CLOCK fold raw=226.97 prev=71.44 new=71.49 d=+0.051 fr=308.86 dt=0.104 rate=1.00 paused=False backlog=270.39 edge=341.88 div=155.48
20:39:30.037 CLOCK integ raw=226.97 prev=71.49 new=71.59 d=+0.102 fr=308.86 dt=0.102 rate=1.00 paused=False backlog=270.39 edge=341.98 div=155.48
20:39:30.139 CLOCK fold raw=227.23 prev=71.59 new=71.75 d=+0.158 fr=308.86 dt=0.102 rate=1.00 paused=False backlog=270.33 edge=342.08 div=155.48
20:39:30.241 CLOCK integ raw=227.23 prev=71.75 new=71.85 d=+0.102 fr=308.86 dt=0.102 rate=1.00 paused=False backlog=270.33 edge=342.18 div=155.48
20:39:30.343 CLOCK integ raw=227.23 prev=71.85 new=71.95 d=+0.102 fr=308.86 dt=0.102 rate=1.00 paused=False backlog=270.33 edge=342.28 div=155.48
20:39:30.444 CLOCK fold raw=227.48 prev=71.95 new=72.00 d=+0.049 fr=308.86 dt=0.101 rate=1.00 paused=False backlog=270.39 edge=342.39 div=155.48
20:39:30.546 CLOCK integ raw=227.48 prev=72.00 new=72.10 d=+0.101 fr=308.86 dt=0.101 rate=1.00 paused=False backlog=270.39 edge=342.49 div=155.48
20:39:30.648 CLOCK fold raw=227.74 prev=72.10 new=72.25 d=+0.154 fr=308.86 dt=0.102 rate=1.00 paused=False backlog=270.33 edge=342.59 div=155.48
20:39:30.850 CLOCK integ raw=227.74 prev=72.25 new=72.46 d=+0.202 fr=308.86 dt=0.202 rate=1.00 paused=False backlog=270.33 edge=342.79 div=155.48
20:39:31.052 CLOCK fold raw=227.99 prev=72.46 new=72.51 d=+0.055 fr=308.86 dt=0.202 rate=1.00 paused=False backlog=270.48 edge=342.99 div=155.48
20:39:31.153 CLOCK fold raw=228.25 prev=72.51 new=72.77 d=+0.255 fr=308.86 dt=0.101 rate=1.00 paused=False backlog=270.33 edge=343.09 div=155.48
20:39:31.154 EDGESNAP err=-2.60 edge->340.50
20:39:31.256 CLOCK integ raw=228.25 prev=72.77 new=72.87 d=+0.103 fr=308.86 dt=0.103 rate=1.00 paused=False backlog=267.73 edge=340.60 div=155.48
20:39:31.358 CLOCK integ raw=228.25 prev=72.87 new=72.97 d=+0.101 fr=308.86 dt=0.101 rate=1.00 paused=False backlog=267.73 edge=340.70 div=155.48
20:39:31.460 CLOCK fold raw=228.51 prev=72.97 new=73.02 d=+0.053 fr=308.86 dt=0.102 rate=1.00 paused=False backlog=267.78 edge=340.80 div=155.48
20:39:31.561 CLOCK integ raw=228.51 prev=73.02 new=73.12 d=+0.101 fr=308.86 dt=0.101 rate=1.00 paused=False backlog=267.78 edge=340.90 div=155.48
20:39:31.663 CLOCK fold raw=228.76 prev=73.12 new=73.28 d=+0.155 fr=308.86 dt=0.102 rate=1.00 paused=False backlog=267.73 edge=341.01 div=155.48
20:39:31.767 CLOCK integ raw=228.76 prev=73.28 new=73.38 d=+0.104 fr=308.86 dt=0.104 rate=1.00 paused=False backlog=267.73 edge=341.11 div=155.48
20:39:31.871 CLOCK integ raw=228.76 prev=73.38 new=73.49 d=+0.104 fr=308.86 dt=0.104 rate=1.00 paused=False backlog=267.73 edge=341.21 div=155.48
20:39:31.973 CLOCK fold raw=229.02 prev=73.49 new=73.54 d=+0.049 fr=308.86 dt=0.102 rate=1.00 paused=False backlog=267.78 edge=341.32 div=155.48
20:39:32.075 CLOCK integ raw=229.02 prev=73.54 new=73.64 d=+0.102 fr=308.86 dt=0.102 rate=1.00 paused=False backlog=267.78 edge=341.42 div=155.48
20:39:32.177 CLOCK fold raw=229.27 prev=73.64 new=73.79 d=+0.153 fr=308.86 dt=0.102 rate=1.00 paused=False backlog=267.73 edge=341.52 div=155.48
20:39:32.279 CLOCK integ raw=229.27 prev=73.79 new=73.89 d=+0.102 fr=313.36 dt=0.102 rate=1.00 paused=False backlog=267.73 edge=341.62 div=155.48
20:39:32.411 CUE cx=[339.14..340.94] adv=1.80 el=4.70 fresh | off=-0.39 fr=313.36 cc=73.89 raw=229.27 lead=+266.66 | pcr=344.095 head_rel=344.09 lag_ewma=3.88 | q=sticks. And that'll be a / turnover on downs as the / Cowboy
20:39:32.412 ANCHOR pend_end=340.94 L=3.63 pinL=3.16 target=-1.24 off=-0.39
20:39:32.413 CLOCK integ raw=229.27 prev=73.89 new=74.03 d=+0.134 fr=313.36 dt=0.134 rate=1.00 paused=False backlog=268.97 edge=342.99 div=155.48
20:39:32.515 CLOCK fold raw=229.53 prev=74.03 new=74.05 d=+0.019 fr=313.36 dt=0.102 rate=1.00 paused=False backlog=269.05 edge=343.09 div=155.48
20:39:32.616 CLOCK integ raw=229.53 prev=74.05 new=74.15 d=+0.101 fr=313.36 dt=0.101 rate=1.00 paused=False backlog=269.05 edge=343.20 div=155.48
20:39:32.720 CUE cx=[340.94..342.17] adv=1.23 el=0.34 fresh | off=-0.81 fr=313.79 cc=74.15 raw=229.78 lead=+267.22 | pcr=345.076 head_rel=345.08 lag_ewma=3.63 | q=turnover on downs as the / Cowboys offense will take over / 
20:39:32.821 ANCHOR pend_end=342.17 L=3.37 pinL=2.90 target=-0.94 off=-0.81
20:39:32.821 CLOCK fold raw=229.78 prev=74.15 new=74.30 d=+0.155 fr=313.79 dt=0.205 rate=1.00 paused=False backlog=270.04 edge=344.34 div=155.48
20:39:32.923 CLOCK integ raw=229.78 prev=74.30 new=74.40 d=+0.102 fr=313.79 dt=0.102 rate=1.00 paused=False backlog=270.04 edge=344.44 div=155.48
20:39:33.025 CLOCK fold raw=230.04 prev=74.40 new=74.56 d=+0.154 fr=313.79 dt=0.102 rate=1.00 paused=False backlog=269.99 edge=344.54 div=155.48
20:39:33.128 CLOCK integ raw=230.04 prev=74.56 new=74.66 d=+0.102 fr=313.79 dt=0.102 rate=1.00 paused=False backlog=269.99 edge=344.65 div=155.48
20:39:33.235 CLOCK fold raw=230.30 prev=74.66 new=74.81 d=+0.155 fr=313.79 dt=0.107 rate=1.00 paused=False backlog=270.15 edge=344.97 div=155.48
20:39:33.337 CLOCK integ raw=230.30 prev=74.81 new=74.92 d=+0.103 fr=313.79 dt=0.103 rate=1.00 paused=False backlog=270.15 edge=345.07 div=155.48
20:39:33.439 CLOCK fold raw=230.55 prev=74.92 new=75.07 d=+0.152 fr=313.79 dt=0.102 rate=1.00 paused=False backlog=270.10 edge=345.17 div=155.48
20:39:33.541 CLOCK integ raw=230.55 prev=75.07 new=75.17 d=+0.102 fr=313.79 dt=0.102 rate=1.00 paused=False backlog=270.10 edge=345.27 div=155.48
20:39:33.643 CLOCK integ raw=230.55 prev=75.17 new=75.27 d=+0.102 fr=313.79 dt=0.102 rate=1.00 paused=False backlog=270.10 edge=345.38 div=155.48
20:39:33.745 TICK fr=313.79 cc=75.27 raw=230.81 vid=230.55 playing=1 started=1 stall=0 | d_fr_cc=+238.52 d_fr_raw=+82.99 d_cc_raw=-155.54 | off=-0.88 ccx_end=342.17 since_show=0.1 since_cue=1.0 | pcr=345.076 pid=100 head_rel=345.08 ccx_lag=2.90 | credit=313.8 capped=0.0 | fsize=156362608 feed=156362608 feed_behind=0 | backlog=270.10 edge=345.38 div=155.48 lag_ewma=3.37
20:39:33.747 CLOCK fold raw=230.81 prev=75.27 new=75.33 d=+0.052 fr=313.79 dt=0.104 rate=1.00 paused=False backlog=270.15 edge=345.48 div=155.48
20:39:33.848 CLOCK integ raw=230.81 prev=75.33 new=75.43 d=+0.101 fr=313.79 dt=0.101 rate=1.00 paused=False backlog=270.15 edge=345.58 div=155.48
20:39:33.952 CLOCK fold raw=231.06 prev=75.43 new=75.58 d=+0.155 fr=313.79 dt=0.104 rate=1.00 paused=False backlog=270.10 edge=345.69 div=155.48
20:39:34.053 CLOCK integ raw=231.06 prev=75.58 new=75.68 d=+0.102 fr=313.79 dt=0.102 rate=1.00 paused=False backlog=270.10 edge=345.79 div=155.48
20:39:34.155 CLOCK integ raw=231.06 prev=75.68 new=75.79 d=+0.102 fr=313.79 dt=0.102 rate=1.00 paused=False backlog=270.10 edge=345.89 div=155.48
20:39:34.257 CLOCK fold raw=231.32 prev=75.79 new=75.84 d=+0.054 fr=313.79 dt=0.102 rate=1.00 paused=False backlog=270.15 edge=345.99 div=155.48
20:39:34.460 CLOCK integ raw=231.32 prev=75.84 new=76.04 d=+0.203 fr=313.79 dt=0.203 rate=1.00 paused=False backlog=270.15 edge=346.19 div=155.48
20:39:34.562 CLOCK fold raw=231.58 prev=76.04 new=76.09 d=+0.052 fr=313.79 dt=0.102 rate=1.00 paused=False backlog=270.20 edge=346.30 div=155.48
20:39:34.664 CLOCK integ raw=231.58 prev=76.09 new=76.20 d=+0.102 fr=313.79 dt=0.102 rate=1.00 paused=False backlog=270.20 edge=346.40 div=155.48
20:39:34.766 CLOCK fold raw=231.83 prev=76.20 new=76.35 d=+0.155 fr=313.79 dt=0.102 rate=1.00 paused=False backlog=270.15 edge=346.50 div=155.48
20:39:34.867 CLOCK integ raw=231.83 prev=76.35 new=76.45 d=+0.102 fr=313.79 dt=0.102 rate=1.00 paused=False backlog=270.15 edge=346.60 div=155.48
20:39:34.968 CLOCK integ raw=231.83 prev=76.45 new=76.55 d=+0.101 fr=313.79 dt=0.101 rate=1.00 paused=False backlog=270.15 edge=346.70 div=155.48
20:39:35.070 CLOCK fold raw=232.09 prev=76.55 new=76.61 d=+0.052 fr=313.79 dt=0.102 rate=1.00 paused=False backlog=270.20 edge=346.80 div=155.48
20:39:35.173 CLOCK integ raw=232.09 prev=76.61 new=76.71 d=+0.103 fr=313.79 dt=0.103 rate=1.00 paused=False backlog=269.33 edge=346.04 div=155.48
20:39:35.275 CLOCK fold raw=232.34 prev=76.71 new=76.86 d=+0.153 fr=313.79 dt=0.101 rate=1.00 paused=False backlog=269.28 edge=346.14 div=155.48
20:39:35.377 CLOCK integ raw=232.34 prev=76.86 new=76.96 d=+0.102 fr=313.79 dt=0.102 rate=1.00 paused=False backlog=269.28 edge=346.25 div=155.48
20:39:35.480 CLOCK integ raw=232.34 prev=76.96 new=77.07 d=+0.103 fr=313.79 dt=0.103 rate=1.00 paused=False backlog=269.28 edge=346.35 div=155.48
20:39:35.582 CLOCK fold raw=232.60 prev=77.07 new=77.12 d=+0.052 fr=313.79 dt=0.102 rate=1.00 paused=False backlog=269.33 edge=346.45 div=155.48
20:39:35.684 CLOCK integ raw=232.60 prev=77.12 new=77.22 d=+0.102 fr=313.79 dt=0.102 rate=1.00 paused=False backlog=269.33 edge=346.55 div=155.48
20:39:35.887 CLOCK fold raw=232.86 prev=77.22 new=77.38 d=+0.155 fr=313.79 dt=0.203 rate=1.00 paused=False backlog=269.38 edge=346.76 div=155.48
20:39:35.990 CLOCK integ raw=232.86 prev=77.38 new=77.48 d=+0.103 fr=313.79 dt=0.103 rate=1.00 paused=False backlog=269.38 edge=346.86 div=155.48
20:39:36.091 CLOCK fold raw=233.11 prev=77.48 new=77.63 d=+0.151 fr=313.79 dt=0.101 rate=1.00 paused=False backlog=269.33 edge=346.96 div=155.48
20:39:36.192 CLOCK integ raw=233.11 prev=77.63 new=77.73 d=+0.101 fr=313.79 dt=0.101 rate=1.00 paused=False backlog=269.33 edge=347.06 div=155.48
20:39:36.294 CLOCK fold raw=233.37 prev=77.73 new=77.89 d=+0.155 fr=313.79 dt=0.102 rate=1.00 paused=False backlog=269.28 edge=347.16 div=155.48
20:39:36.395 CLOCK integ raw=233.37 prev=77.89 new=77.99 d=+0.101 fr=313.79 dt=0.101 rate=1.00 paused=False backlog=269.28 edge=347.26 div=155.48
20:39:36.496 CLOCK integ raw=233.37 prev=77.99 new=78.09 d=+0.101 fr=313.79 dt=0.101 rate=1.00 paused=False backlog=269.28 edge=347.37 div=155.48
20:39:36.597 CLOCK fold raw=233.63 prev=78.09 new=78.14 d=+0.055 fr=313.79 dt=0.101 rate=1.00 paused=False backlog=269.32 edge=347.47 div=155.48
20:39:36.699 CLOCK integ raw=233.63 prev=78.14 new=78.24 d=+0.102 fr=313.79 dt=0.102 rate=1.00 paused=False backlog=269.32 edge=347.57 div=155.48
20:39:36.801 CLOCK fold raw=233.88 prev=78.24 new=78.40 d=+0.154 fr=313.79 dt=0.102 rate=1.00 paused=False backlog=269.27 edge=347.67 div=155.48
20:39:36.902 CLOCK integ raw=233.88 prev=78.40 new=78.50 d=+0.102 fr=313.79 dt=0.102 rate=1.00 paused=False backlog=269.27 edge=347.77 div=155.48
20:39:37.004 CLOCK integ raw=233.88 prev=78.50 new=78.60 d=+0.101 fr=313.79 dt=0.101 rate=1.00 paused=False backlog=269.27 edge=347.87 div=155.48
20:39:37.126 CLOCK fold raw=234.14 prev=78.60 new=78.66 d=+0.053 fr=318.20 dt=0.123 rate=1.00 paused=False backlog=268.15 edge=346.81 div=155.48
20:39:37.229 CLOCK integ raw=234.14 prev=78.66 new=78.76 d=+0.102 fr=318.20 dt=0.102 rate=1.00 paused=False backlog=268.15 edge=346.91 div=155.48
20:39:37.330 CLOCK fold raw=234.39 prev=78.76 new=78.91 d=+0.154 fr=318.20 dt=0.101 rate=1.00 paused=False backlog=268.10 edge=347.01 div=155.48
20:39:37.433 CLOCK integ raw=234.39 prev=78.91 new=79.01 d=+0.103 fr=318.20 dt=0.103 rate=1.00 paused=False backlog=268.10 edge=347.11 div=155.48
20:39:37.636 CLOCK fold raw=234.65 prev=79.01 new=79.17 d=+0.152 fr=318.61 dt=0.203 rate=1.00 paused=False backlog=268.15 edge=347.32 div=155.48
20:39:37.738 CLOCK integ raw=234.65 prev=79.17 new=79.27 d=+0.102 fr=318.61 dt=0.102 rate=1.00 paused=False backlog=268.15 edge=347.42 div=155.48
20:39:37.840 CLOCK fold raw=234.91 prev=79.27 new=79.42 d=+0.154 fr=318.61 dt=0.102 rate=1.00 paused=False backlog=268.10 edge=347.52 div=155.48
20:39:37.941 CLOCK integ raw=234.91 prev=79.42 new=79.52 d=+0.101 fr=318.61 dt=0.101 rate=1.00 paused=False backlog=268.10 edge=347.62 div=155.48
20:39:38.044 CLOCK integ raw=234.91 prev=79.52 new=79.63 d=+0.103 fr=318.61 dt=0.103 rate=1.00 paused=False backlog=268.10 edge=347.72 div=155.48
20:39:38.146 CLOCK fold raw=235.16 prev=79.63 new=79.68 d=+0.054 fr=318.61 dt=0.102 rate=1.00 paused=False backlog=268.15 edge=347.83 div=155.48
20:39:38.249 CLOCK integ raw=235.16 prev=79.68 new=79.78 d=+0.102 fr=318.61 dt=0.102 rate=1.00 paused=False backlog=268.15 edge=347.93 div=155.48
20:39:38.351 CLOCK fold raw=235.42 prev=79.78 new=79.94 d=+0.153 fr=319.43 dt=0.103 rate=1.00 paused=False backlog=268.10 edge=348.03 div=155.48
20:39:38.488 CUE cx=[342.18..345.84] adv=3.67 el=5.74 fresh | off=-0.88 fr=319.43 cc=79.94 raw=235.42 lead=+265.03 | pcr=348.309 head_rel=348.31 lag_ewma=3.37 | q=Cowboys offense will take over / when we come back. Cardinal
20:39:38.490 CUE cx=[345.85..347.08] adv=1.24 el=0.04 fresh | off=-0.88 fr=319.43 cc=79.94 raw=235.42 lead=+266.27 | pcr=348.309 head_rel=348.31 lag_ewma=3.37 | q=when we come back. Cardinals / down 2713. Here's the kickoff
20:39:38.490 ANCHOR pend_end=347.08 L=2.62 pinL=1.23 target=-0.07 off=-0.88
20:39:38.491 CLOCK integ raw=235.42 prev=79.94 new=80.07 d=+0.140 fr=319.43 dt=0.140 rate=1.00 paused=False backlog=268.30 edge=348.38 div=155.48
20:39:38.592 CLOCK fold raw=235.67 prev=80.07 new=80.19 d=+0.115 fr=319.43 dt=0.101 rate=1.00 paused=False backlog=268.29 edge=348.48 div=155.48
20:39:38.694 CLOCK integ raw=235.67 prev=80.19 new=80.29 d=+0.102 fr=319.43 dt=0.102 rate=1.00 paused=False backlog=268.29 edge=348.58 div=155.48
20:39:38.797 TICK fr=319.43 cc=80.29 raw=235.67 vid=235.42 playing=1 started=1 stall=0 | d_fr_cc=+239.14 d_fr_raw=+83.75 d_cc_raw=-155.38 | off=-0.47 ccx_end=347.08 since_show=0.1 since_cue=0.3 | pcr=348.309 pid=100 head_rel=348.31 ccx_lag=1.23 | credit=319.4 capped=0.0 | fsize=157928272 feed=157928272 feed_behind=0 | backlog=268.29 edge=348.58 div=155.48 lag_ewma=2.62
20:39:38.798 CLOCK integ raw=235.67 prev=80.29 new=80.40 d=+0.104 fr=319.43 dt=0.104 rate=1.00 paused=False backlog=268.29 edge=348.69 div=155.48
20:39:38.900 CLOCK fold raw=235.93 prev=80.40 new=80.45 d=+0.052 fr=319.43 dt=0.102 rate=1.00 paused=False backlog=268.34 edge=348.79 div=155.48
20:39:39.003 CLOCK integ raw=235.93 prev=80.45 new=80.55 d=+0.102 fr=319.43 dt=0.102 rate=1.00 paused=False backlog=268.34 edge=348.89 div=155.48
20:39:39.105 CLOCK fold raw=236.19 prev=80.55 new=80.70 d=+0.152 fr=319.43 dt=0.102 rate=1.00 paused=False backlog=268.29 edge=348.99 div=155.48
20:39:39.211 CLOCK integ raw=236.19 prev=80.70 new=80.81 d=+0.105 fr=319.43 dt=0.105 rate=1.00 paused=False backlog=267.95 edge=348.75 div=155.48
20:39:39.312 CLOCK integ raw=236.19 prev=80.81 new=80.91 d=+0.102 fr=319.43 dt=0.102 rate=1.00 paused=False backlog=267.95 edge=348.86 div=155.48
20:39:39.414 CLOCK fold raw=236.44 prev=80.91 new=80.96 d=+0.049 fr=319.43 dt=0.102 rate=1.00 paused=False backlog=268.00 edge=348.96 div=155.48
20:39:39.518 CLOCK integ raw=236.44 prev=80.96 new=81.06 d=+0.104 fr=319.43 dt=0.104 rate=1.00 paused=False backlog=268.00 edge=349.06 div=155.48
20:39:39.721 CLOCK fold raw=236.70 prev=81.06 new=81.22 d=+0.154 fr=319.43 dt=0.203 rate=1.00 paused=False backlog=268.05 edge=349.27 div=155.48
20:39:39.823 CLOCK integ raw=236.70 prev=81.22 new=81.32 d=+0.102 fr=319.43 dt=0.102 rate=1.00 paused=False backlog=268.05 edge=349.37 div=155.48
20:39:39.926 CLOCK fold raw=236.95 prev=81.32 new=81.47 d=+0.153 fr=319.43 dt=0.102 rate=1.00 paused=False backlog=268.00 edge=349.47 div=155.48
20:39:40.028 CLOCK integ raw=236.95 prev=81.47 new=81.57 d=+0.102 fr=319.43 dt=0.102 rate=1.00 paused=False backlog=268.00 edge=349.57 div=155.48
20:39:40.131 CLOCK fold raw=237.21 prev=81.57 new=81.73 d=+0.154 fr=319.43 dt=0.103 rate=1.00 paused=False backlog=267.95 edge=349.68 div=155.48
20:39:40.233 CLOCK integ raw=237.21 prev=81.73 new=81.83 d=+0.101 fr=319.43 dt=0.101 rate=1.00 paused=False backlog=267.95 edge=349.78 div=155.48
20:39:40.334 CLOCK integ raw=237.21 prev=81.83 new=81.93 d=+0.102 fr=319.43 dt=0.102 rate=1.00 paused=False backlog=267.95 edge=349.88 div=155.48
20:39:40.436 CLOCK fold raw=237.47 prev=81.93 new=81.98 d=+0.052 fr=319.43 dt=0.102 rate=1.00 paused=False backlog=268.00 edge=349.98 div=155.48
20:39:40.538 CLOCK integ raw=237.47 prev=81.98 new=82.08 d=+0.102 fr=319.43 dt=0.102 rate=1.00 paused=False backlog=268.00 edge=350.08 div=155.48
20:39:40.640 CLOCK fold raw=237.72 prev=82.08 new=82.24 d=+0.155 fr=319.43 dt=0.102 rate=1.00 paused=False backlog=267.95 edge=350.18 div=155.48
20:39:40.741 CLOCK integ raw=237.72 prev=82.24 new=82.34 d=+0.102 fr=319.43 dt=0.102 rate=1.00 paused=False backlog=267.95 edge=350.29 div=155.48
20:39:40.843 CLOCK integ raw=237.72 prev=82.34 new=82.44 d=+0.102 fr=319.43 dt=0.102 rate=1.00 paused=False backlog=267.95 edge=350.39 div=155.48
20:39:40.945 CLOCK fold raw=237.98 prev=82.44 new=82.49 d=+0.052 fr=319.43 dt=0.102 rate=1.00 paused=False backlog=268.00 edge=350.49 div=155.48
20:39:41.046 CLOCK integ raw=237.98 prev=82.49 new=82.60 d=+0.102 fr=319.43 dt=0.102 rate=1.00 paused=False backlog=268.00 edge=350.59 div=155.48
20:39:41.151 CLOCK fold raw=238.23 prev=82.60 new=82.75 d=+0.155 fr=319.43 dt=0.105 rate=1.00 paused=False backlog=266.80 edge=349.55 div=155.48
20:39:41.355 CLOCK integ raw=238.23 prev=82.75 new=82.96 d=+0.204 fr=319.43 dt=0.204 rate=1.00 paused=False backlog=266.80 edge=349.76 div=155.48
20:39:41.457 CLOCK fold raw=238.49 prev=82.96 new=83.01 d=+0.053 fr=319.43 dt=0.102 rate=1.00 paused=False backlog=266.85 edge=349.86 div=155.48
20:39:41.560 CLOCK integ raw=238.49 prev=83.01 new=83.11 d=+0.103 fr=319.43 dt=0.103 rate=1.00 paused=False backlog=266.85 edge=349.96 div=155.48
20:39:41.663 CLOCK fold raw=238.75 prev=83.11 new=83.26 d=+0.151 fr=319.43 dt=0.103 rate=1.00 paused=False backlog=266.80 edge=350.07 div=155.48
20:39:41.765 CLOCK integ raw=238.75 prev=83.26 new=83.36 d=+0.102 fr=319.43 dt=0.102 rate=1.00 paused=False backlog=266.80 edge=350.17 div=155.48
20:39:41.866 CLOCK integ raw=238.75 prev=83.36 new=83.47 d=+0.102 fr=319.43 dt=0.102 rate=1.00 paused=False backlog=266.80 edge=350.27 div=155.48
20:39:41.968 CLOCK fold raw=239.01 prev=83.47 new=83.52 d=+0.057 fr=319.43 dt=0.101 rate=1.00 paused=False backlog=266.85 edge=350.37 div=155.48
20:39:42.069 CLOCK integ raw=239.01 prev=83.52 new=83.62 d=+0.102 fr=319.43 dt=0.102 rate=1.00 paused=False backlog=266.85 edge=350.47 div=155.48
20:39:42.172 CLOCK fold raw=239.26 prev=83.62 new=83.78 d=+0.150 fr=319.43 dt=0.102 rate=1.00 paused=False backlog=266.80 edge=350.57 div=155.48
20:39:42.273 CLOCK integ raw=239.26 prev=83.78 new=83.88 d=+0.102 fr=319.43 dt=0.102 rate=1.00 paused=False backlog=266.80 edge=350.68 div=155.48
20:39:42.374 CLOCK integ raw=239.26 prev=83.88 new=83.98 d=+0.101 fr=319.43 dt=0.101 rate=1.00 paused=False backlog=266.80 edge=350.78 div=155.48
20:39:42.476 CLOCK fold raw=239.51 prev=83.98 new=84.03 d=+0.052 fr=319.43 dt=0.102 rate=1.00 paused=False backlog=266.85 edge=350.88 div=155.48
20:39:42.580 CLOCK integ raw=239.51 prev=84.03 new=84.13 d=+0.104 fr=319.43 dt=0.104 rate=1.00 paused=False backlog=266.85 edge=350.98 div=155.48
20:39:42.783 CLOCK fold raw=239.77 prev=84.13 new=84.29 d=+0.153 fr=319.43 dt=0.202 rate=1.00 paused=False backlog=266.90 edge=351.19 div=155.48
20:39:42.884 CLOCK integ raw=239.77 prev=84.29 new=84.39 d=+0.102 fr=319.43 dt=0.102 rate=1.00 paused=False backlog=266.90 edge=351.29 div=155.48
20:39:42.985 CLOCK fold raw=240.03 prev=84.39 new=84.54 d=+0.154 fr=319.43 dt=0.102 rate=1.00 paused=False backlog=266.85 edge=351.39 div=155.48
20:39:43.087 CLOCK integ raw=240.03 prev=84.54 new=84.64 d=+0.101 fr=319.43 dt=0.101 rate=1.00 paused=False backlog=266.85 edge=351.49 div=155.48
20:39:43.190 EDGESNAP err=-3.18 edge->348.31
20:39:43.191 CLOCK fold raw=240.28 prev=84.64 new=84.80 d=+0.154 fr=319.43 dt=0.105 rate=1.00 paused=False backlog=263.61 edge=348.41 div=155.48
20:39:43.293 CLOCK integ raw=240.28 prev=84.80 new=84.90 d=+0.101 fr=319.43 dt=0.101 rate=1.00 paused=False backlog=263.61 edge=348.51 div=155.48
20:39:43.395 CLOCK integ raw=240.28 prev=84.90 new=85.00 d=+0.102 fr=319.43 dt=0.102 rate=1.00 paused=False backlog=263.61 edge=348.62 div=155.48
20:39:43.498 CLOCK fold raw=240.54 prev=85.00 new=85.06 d=+0.055 fr=319.43 dt=0.102 rate=1.00 paused=False backlog=263.66 edge=348.72 div=155.48
20:39:43.599 CLOCK integ raw=240.54 prev=85.06 new=85.16 d=+0.102 fr=319.43 dt=0.102 rate=1.00 paused=False backlog=263.66 edge=348.82 div=155.48
20:39:43.703 CLOCK fold raw=240.80 prev=85.16 new=85.32 d=+0.159 fr=319.43 dt=0.103 rate=1.00 paused=False backlog=263.61 edge=348.92 div=155.48
20:39:43.808 TICK fr=319.43 cc=85.32 raw=240.80 vid=240.80 playing=1 started=1 stall=0 | d_fr_cc=+234.11 d_fr_raw=+78.63 d_cc_raw=-155.48 | off=-0.47 ccx_end=347.08 since_show=0.1 since_cue=5.3 | pcr=348.309 pid=100 head_rel=348.31 ccx_lag=1.23 | credit=319.4 capped=0.0 | fsize=157928272 feed=157928272 feed_behind=0 | backlog=263.61 edge=348.92 div=155.48 lag_ewma=2.62
20:39:43.808 CLOCK integ raw=240.80 prev=85.32 new=85.42 d=+0.105 fr=319.43 dt=0.105 rate=1.00 paused=False backlog=263.61 edge=349.03 div=155.48
20:39:43.909 CLOCK integ raw=240.80 prev=85.42 new=85.52 d=+0.102 fr=319.43 dt=0.102 rate=1.00 paused=False backlog=263.61 edge=349.13 div=155.48
20:39:44.011 CLOCK fold raw=241.05 prev=85.52 new=85.57 d=+0.043 fr=319.43 dt=0.102 rate=1.00 paused=False backlog=263.67 edge=349.23 div=155.48
20:39:44.114 CLOCK integ raw=241.05 prev=85.57 new=85.67 d=+0.103 fr=319.43 dt=0.103 rate=1.00 paused=False backlog=263.67 edge=349.34 div=155.48
20:39:44.317 CLOCK fold raw=241.31 prev=85.67 new=85.82 d=+0.152 fr=319.43 dt=0.202 rate=1.00 paused=False backlog=263.72 edge=349.54 div=155.48
20:39:44.419 CLOCK integ raw=241.31 prev=85.82 new=85.92 d=+0.102 fr=319.43 dt=0.102 rate=1.00 paused=False backlog=263.72 edge=349.64 div=155.48
20:39:44.521 CLOCK fold raw=241.56 prev=85.92 new=86.08 d=+0.155 fr=319.43 dt=0.102 rate=1.00 paused=False backlog=263.66 edge=349.74 div=155.48
20:39:44.623 CLOCK integ raw=241.56 prev=86.08 new=86.18 d=+0.102 fr=319.43 dt=0.102 rate=1.00 paused=False backlog=263.66 edge=349.84 div=155.48
20:39:44.725 CLOCK fold raw=241.82 prev=86.18 new=86.34 d=+0.154 fr=319.43 dt=0.102 rate=1.00 paused=False backlog=263.61 edge=349.95 div=155.48
20:39:44.829 CLOCK integ raw=241.82 prev=86.34 new=86.44 d=+0.103 fr=319.43 dt=0.103 rate=1.00 paused=False backlog=263.61 edge=350.05 div=155.48
20:39:44.933 CLOCK integ raw=241.82 prev=86.44 new=86.54 d=+0.104 fr=319.43 dt=0.104 rate=1.00 paused=False backlog=263.61 edge=350.15 div=155.48
20:39:45.039 CLOCK fold raw=242.07 prev=86.54 new=86.59 d=+0.050 fr=319.43 dt=0.105 rate=1.00 paused=False backlog=263.67 edge=350.26 div=155.48
20:39:45.146 CLOCK integ raw=242.07 prev=86.59 new=86.70 d=+0.108 fr=319.43 dt=0.108 rate=1.00 paused=False backlog=262.69 edge=349.39 div=155.48
20:39:45.249 CLOCK fold raw=242.33 prev=86.70 new=86.85 d=+0.147 fr=319.43 dt=0.103 rate=1.00 paused=False backlog=262.65 edge=349.49 div=155.48
20:39:45.353 CLOCK integ raw=242.33 prev=86.85 new=86.95 d=+0.104 fr=319.43 dt=0.104 rate=1.00 paused=False backlog=262.65 edge=349.60 div=155.48
20:39:45.456 CLOCK integ raw=242.33 prev=86.95 new=87.05 d=+0.103 fr=319.43 dt=0.103 rate=1.00 paused=False backlog=262.65 edge=349.70 div=155.48
20:39:45.558 CLOCK fold raw=242.59 prev=87.05 new=87.10 d=+0.050 fr=319.43 dt=0.102 rate=1.00 paused=False backlog=262.70 edge=349.80 div=155.48
20:39:45.662 CLOCK integ raw=242.59 prev=87.10 new=87.21 d=+0.104 fr=319.43 dt=0.104 rate=1.00 paused=False backlog=262.70 edge=349.91 div=155.48
20:39:45.764 CLOCK fold raw=242.84 prev=87.21 new=87.36 d=+0.150 fr=319.43 dt=0.102 rate=1.00 paused=False backlog=262.65 edge=350.01 div=155.48
20:39:45.866 CLOCK integ raw=242.84 prev=87.36 new=87.46 d=+0.102 fr=319.43 dt=0.102 rate=1.00 paused=False backlog=262.65 edge=350.11 div=155.48
20:39:45.968 CLOCK integ raw=242.84 prev=87.46 new=87.56 d=+0.102 fr=319.43 dt=0.102 rate=1.00 paused=False backlog=262.65 edge=350.21 div=155.48
20:39:46.173 CLOCK fold raw=243.10 prev=87.56 new=87.62 d=+0.054 fr=319.43 dt=0.205 rate=1.00 paused=False backlog=262.80 edge=350.42 div=155.48
20:39:46.277 CLOCK fold raw=243.35 prev=87.62 new=87.87 d=+0.255 fr=319.43 dt=0.104 rate=1.00 paused=False backlog=262.65 edge=350.52 div=155.48
20:39:46.379 CLOCK integ raw=243.35 prev=87.87 new=87.97 d=+0.102 fr=319.43 dt=0.102 rate=1.00 paused=False backlog=262.65 edge=350.62 div=155.48
20:39:46.482 CLOCK integ raw=243.35 prev=87.97 new=88.08 d=+0.103 fr=319.43 dt=0.103 rate=1.00 paused=False backlog=262.65 edge=350.73 div=155.48
20:39:46.586 CLOCK fold raw=243.61 prev=88.08 new=88.13 d=+0.052 fr=319.43 dt=0.104 rate=1.00 paused=False backlog=262.65 edge=350.78 div=155.48
20:39:46.689 CLOCK integ raw=243.61 prev=88.13 new=88.23 d=+0.103 fr=319.43 dt=0.103 rate=1.00 paused=False backlog=262.65 edge=350.88 div=155.48
20:39:46.791 CLOCK fold raw=243.87 prev=88.23 new=88.38 d=+0.151 fr=319.43 dt=0.102 rate=1.00 paused=False backlog=262.65 edge=351.03 div=155.48
20:39:46.893 CLOCK integ raw=243.87 prev=88.38 new=88.48 d=+0.102 fr=319.43 dt=0.102 rate=1.00 paused=False backlog=262.65 edge=351.14 div=155.48
20:39:46.996 CLOCK integ raw=243.87 prev=88.48 new=88.59 d=+0.102 fr=319.43 dt=0.102 rate=1.00 paused=False backlog=262.65 edge=351.24 div=155.48
20:39:47.097 CLOCK fold raw=244.12 prev=88.59 new=88.64 d=+0.053 fr=319.43 dt=0.102 rate=1.00 paused=False backlog=262.65 edge=351.29 div=155.48
20:39:47.101 EDGESNAP err=-2.98 edge->348.31
20:39:47.204 CLOCK integ raw=244.12 prev=88.64 new=88.75 d=+0.106 fr=319.43 dt=0.106 rate=1.00 paused=False backlog=259.67 edge=348.41 div=155.48
20:39:47.308 CLOCK fold raw=244.38 prev=88.75 new=88.90 d=+0.151 fr=319.43 dt=0.104 rate=1.00 paused=False backlog=259.67 edge=348.56 div=155.48
20:39:47.410 CLOCK integ raw=244.38 prev=88.90 new=89.00 d=+0.102 fr=319.43 dt=0.102 rate=1.00 paused=False backlog=259.67 edge=348.67 div=155.48
20:39:47.512 CLOCK integ raw=244.38 prev=89.00 new=89.10 d=+0.102 fr=319.43 dt=0.102 rate=1.00 paused=False backlog=259.67 edge=348.77 div=155.48
20:39:47.614 CLOCK fold raw=244.63 prev=89.10 new=89.15 d=+0.051 fr=319.43 dt=0.102 rate=1.00 paused=False backlog=259.67 edge=348.82 div=155.48
20:39:47.817 CLOCK fold raw=244.89 prev=89.15 new=89.41 d=+0.256 fr=319.43 dt=0.203 rate=1.00 paused=False backlog=259.67 edge=349.08 div=155.48
20:39:47.919 CLOCK integ raw=244.89 prev=89.41 new=89.51 d=+0.102 fr=319.43 dt=0.102 rate=1.00 paused=False backlog=259.67 edge=349.18 div=155.48
20:39:48.022 CLOCK integ raw=244.89 prev=89.51 new=89.61 d=+0.102 fr=319.43 dt=0.102 rate=1.00 paused=False backlog=259.67 edge=349.28 div=155.48
20:39:48.123 CLOCK fold raw=245.15 prev=89.61 new=89.66 d=+0.052 fr=319.43 dt=0.101 rate=1.00 paused=False backlog=259.67 edge=349.33 div=155.48
20:39:48.261 CUE cx=[347.08..348.81] adv=1.74 el=9.74 fresh | off=-0.47 fr=329.20 cc=89.66 raw=245.15 lead=+258.68 | pcr=350.136 head_rel=350.13 lag_ewma=2.62 | q=down 2713. Here's the kickoff. / And it goes to Robinson who
20:39:48.264 ANCHOR pend_end=348.81 L=2.17 pinL=1.32 target=-0.40 off=-0.47
20:39:48.264 CLOCK integ raw=245.15 prev=89.66 new=89.80 d=+0.141 fr=329.20 dt=0.141 rate=1.00 paused=False backlog=260.07 edge=349.87 div=155.48
20:39:48.467 CLOCK fold raw=245.40 prev=89.80 new=89.92 d=+0.113 fr=329.20 dt=0.203 rate=1.00 paused=False backlog=260.16 edge=350.08 div=155.48
20:39:48.570 CLOCK fold raw=245.66 prev=89.92 new=90.17 d=+0.257 fr=329.65 dt=0.103 rate=1.00 paused=False backlog=260.01 edge=350.18 div=155.48
20:39:48.674 CLOCK integ raw=245.66 prev=90.17 new=90.28 d=+0.104 fr=329.65 dt=0.104 rate=1.00 paused=False backlog=260.01 edge=350.28 div=155.48
20:39:48.709 EDGESNAP err=+3.64 edge->353.93
20:39:48.709 CUE cx=[348.82..351.35] adv=2.54 el=0.45 fresh | off=-0.44 fr=329.65 cc=90.28 raw=245.66 lead=+260.63 | pcr=353.927 head_rel=353.93 lag_ewma=5.81 | q=And it goes to Robinson who / takes it behind a scrimmage. /
20:39:48.841 TICK fr=329.65 cc=90.28 raw=245.91 vid=245.66 playing=1 started=1 stall=0 | d_fr_cc=+239.37 d_fr_raw=+83.73 d_cc_raw=-155.64 | off=-0.44 ccx_end=351.35 since_show=0.1 since_cue=0.1 | pcr=354.700 pid=100 head_rel=354.70 ccx_lag=3.35 | credit=329.6 capped=0.0 | fsize=161235192 feed=160853176 feed_behind=382016 | backlog=263.65 edge=353.93 div=155.48 lag_ewma=5.81
20:39:48.843 ANCHOR pend_end=351.35 L=4.68 pinL=2.58 target=0.00 off=-0.44
20:39:48.843 CLOCK fold raw=245.91 prev=90.28 new=90.43 d=+0.152 fr=329.65 dt=0.169 rate=1.00 paused=False backlog=263.66 edge=354.10 div=155.48
20:39:48.945 CLOCK integ raw=245.91 prev=90.43 new=90.53 d=+0.102 fr=330.02 dt=0.102 rate=1.00 paused=False backlog=263.66 edge=354.20 div=155.48
20:39:49.047 CLOCK integ raw=245.91 prev=90.53 new=90.64 d=+0.102 fr=330.02 dt=0.102 rate=1.00 paused=False backlog=263.66 edge=354.30 div=155.48
20:39:49.179 CLOCK fold raw=246.17 prev=90.64 new=90.69 d=+0.051 fr=330.02 dt=0.131 rate=1.00 paused=False backlog=264.86 edge=355.54 div=155.48
20:39:49.180 CUE cx=[351.35..354.99] adv=3.64 el=0.50 fresh | off=-0.22 fr=330.02 cc=90.69 raw=246.17 lead=+264.08 | pcr=356.528 head_rel=356.53 lag_ewma=4.68 | q=takes it behind a scrimmage. / Dude this is a big game. Yeah
20:39:49.281 ANCHOR pend_end=354.99 L=3.58 pinL=1.54 target=-0.49 off=-0.22
20:39:49.281 CLOCK integ raw=246.17 prev=90.69 new=90.79 d=+0.103 fr=330.02 dt=0.103 rate=1.00 paused=False backlog=265.35 edge=356.14 div=155.48
20:39:49.384 CLOCK fold raw=246.43 prev=90.79 new=90.94 d=+0.153 fr=330.46 dt=0.103 rate=1.00 paused=False backlog=265.30 edge=356.24 div=155.48
20:39:49.486 CLOCK integ raw=246.43 prev=90.94 new=91.04 d=+0.101 fr=330.46 dt=0.101 rate=1.00 paused=False backlog=265.30 edge=356.34 div=155.48
20:39:49.588 CLOCK fold raw=246.68 prev=91.04 new=91.20 d=+0.156 fr=330.46 dt=0.102 rate=1.00 paused=False backlog=265.25 edge=356.45 div=155.48
20:39:49.717 EDGESNAP err=+3.04 edge->359.49
20:39:49.717 CUE cx=[354.99..357.29] adv=2.30 el=0.51 fresh | off=-0.35 fr=330.46 cc=91.20 raw=246.68 lead=+265.74 | pcr=359.489 head_rel=359.49 lag_ewma=6.62 | q=Dude this is a big game. Yeah / okay fine. When you got the 
20:39:49.718 ANCHOR pend_end=357.29 L=5.07 pinL=2.20 target=0.00 off=-0.35
20:39:49.718 CLOCK integ raw=246.68 prev=91.20 new=91.33 d=+0.130 fr=330.46 dt=0.130 rate=1.00 paused=False backlog=268.29 edge=359.62 div=155.48
20:39:49.821 CLOCK integ raw=246.68 prev=91.33 new=91.43 d=+0.102 fr=330.80 dt=0.102 rate=1.00 paused=False backlog=268.29 edge=359.72 div=155.48
20:39:49.923 CLOCK fold raw=246.94 prev=91.43 new=91.45 d=+0.024 fr=330.80 dt=0.102 rate=1.00 paused=False backlog=268.37 edge=359.82 div=155.48
20:39:50.024 CLOCK integ raw=246.94 prev=91.45 new=91.56 d=+0.102 fr=330.80 dt=0.102 rate=1.00 paused=False backlog=268.37 edge=359.92 div=155.48
20:39:50.131 CLOCK fold raw=247.19 prev=91.56 new=91.71 d=+0.153 fr=331.21 dt=0.106 rate=1.00 paused=False backlog=268.32 edge=360.03 div=155.48
20:39:50.293 CUE cx=[357.29..358.72] adv=1.44 el=0.54 fresh | off=-0.18 fr=331.21 cc=91.71 raw=247.19 lead=+266.84 | pcr=362.306 head_rel=362.31 lag_ewma=5.07 | q=okay fine. When you got the / game yeah go go go. Yes. Are /
20:39:50.294 ANCHOR pend_end=358.72 L=4.55 pinL=3.58 target=-1.14 off=-0.18
20:39:50.294 CLOCK integ raw=247.19 prev=91.71 new=91.87 d=+0.164 fr=331.21 dt=0.164 rate=1.00 paused=False backlog=269.46 edge=361.33 div=155.48
20:39:50.396 CLOCK fold raw=247.46 prev=91.87 new=91.98 d=+0.102 fr=331.21 dt=0.102 rate=1.00 paused=False backlog=269.46 edge=361.43 div=155.48
20:39:50.499 CLOCK integ raw=247.46 prev=91.98 new=92.08 d=+0.103 fr=331.21 dt=0.103 rate=1.00 paused=False backlog=269.46 edge=361.54 div=155.48
20:39:50.603 CLOCK integ raw=247.46 prev=92.08 new=92.18 d=+0.104 fr=331.68 dt=0.104 rate=1.00 paused=False backlog=269.46 edge=361.64 div=155.48
20:39:50.748 CUE cx=[358.73..362.19] adv=3.47 el=0.47 fresh | off=-0.66 fr=331.68 cc=92.18 raw=247.73 lead=+269.35 | pcr=363.927 head_rel=363.93 lag_ewma=4.55 | q=game yeah go go go. Yes. Are / you guys watching the game. Y
20:39:50.749 ANCHOR pend_end=362.19 L=3.56 pinL=1.73 target=-1.14 off=-0.66
20:39:50.749 CLOCK fold raw=247.73 prev=92.18 new=92.24 d=+0.061 fr=331.68 dt=0.146 rate=1.00 paused=False backlog=270.68 edge=362.93 div=155.48
20:39:50.851 CLOCK integ raw=247.73 prev=92.24 new=92.35 d=+0.102 fr=331.68 dt=0.102 rate=1.00 paused=False backlog=270.68 edge=363.03 div=155.48
20:39:50.953 CLOCK fold raw=247.98 prev=92.35 new=92.50 d=+0.153 fr=331.68 dt=0.102 rate=1.00 paused=False backlog=270.63 edge=363.13 div=155.48
20:39:51.056 CLOCK integ raw=247.98 prev=92.50 new=92.60 d=+0.103 fr=332.03 dt=0.103 rate=1.00 paused=False backlog=270.63 edge=363.24 div=155.48
20:39:51.218 CLOCK fold raw=248.24 prev=92.60 new=92.76 d=+0.154 fr=332.03 dt=0.162 rate=1.00 paused=False backlog=271.58 edge=364.34 div=155.48
20:39:51.219 CUE cx=[362.20..363.63] adv=1.44 el=0.51 fresh | off=-0.90 fr=332.03 cc=92.76 raw=248.24 lead=+269.97 | pcr=365.118 head_rel=365.12 lag_ewma=3.56 | q=you guys watching the game. Yes. / With NFL plus it's fourth
20:39:51.421 ANCHOR pend_end=363.63 L=2.84 pinL=1.49 target=-0.39 off=-0.90
20:39:51.421 CLOCK fold raw=248.50 prev=92.76 new=93.01 d=+0.257 fr=332.50 dt=0.203 rate=1.00 paused=False backlog=271.92 edge=364.93 div=155.48
20:39:51.525 CLOCK integ raw=248.50 prev=93.01 new=93.12 d=+0.103 fr=332.50 dt=0.103 rate=1.00 paused=False backlog=271.92 edge=365.03 div=155.48
20:39:51.626 CLOCK integ raw=248.50 prev=93.12 new=93.22 d=+0.102 fr=332.50 dt=0.102 rate=1.00 paused=False backlog=271.92 edge=365.14 div=155.48
20:39:51.728 CLOCK fold raw=248.75 prev=93.22 new=93.27 d=+0.050 fr=332.50 dt=0.102 rate=1.00 paused=False backlog=271.97 edge=365.24 div=155.48
20:39:51.831 CLOCK integ raw=248.75 prev=93.27 new=93.37 d=+0.103 fr=332.81 dt=0.103 rate=1.00 paused=False backlog=271.97 edge=365.34 div=155.48
20:39:51.933 CLOCK fold raw=249.01 prev=93.37 new=93.53 d=+0.155 fr=332.81 dt=0.101 rate=1.00 paused=False backlog=271.92 edge=365.44 div=155.48
20:39:52.034 CLOCK integ raw=249.01 prev=93.53 new=93.63 d=+0.101 fr=332.81 dt=0.101 rate=1.00 paused=False backlog=271.92 edge=365.54 div=155.48
20:39:52.136 CLOCK integ raw=249.01 prev=93.63 new=93.73 d=+0.102 fr=332.81 dt=0.102 rate=1.00 paused=False backlog=271.92 edge=365.65 div=155.48
20:39:52.238 CLOCK fold raw=249.26 prev=93.73 new=93.78 d=+0.051 fr=332.81 dt=0.102 rate=1.00 paused=False backlog=271.97 edge=365.75 div=155.48
20:39:52.339 CLOCK integ raw=249.26 prev=93.78 new=93.88 d=+0.101 fr=332.81 dt=0.101 rate=1.00 paused=False backlog=271.97 edge=365.85 div=155.48
20:39:52.443 CLOCK fold raw=249.52 prev=93.88 new=94.03 d=+0.154 fr=332.81 dt=0.103 rate=1.00 paused=False backlog=271.92 edge=365.95 div=155.48
20:39:52.544 CLOCK integ raw=249.52 prev=94.03 new=94.14 d=+0.101 fr=332.81 dt=0.101 rate=1.00 paused=False backlog=271.92 edge=366.05 div=155.48
20:39:52.747 CLOCK fold raw=249.77 prev=94.14 new=94.29 d=+0.155 fr=332.81 dt=0.203 rate=1.00 paused=False backlog=271.97 edge=366.26 div=155.48
20:39:52.848 CLOCK integ raw=249.77 prev=94.29 new=94.39 d=+0.101 fr=332.81 dt=0.101 rate=1.00 paused=False backlog=271.97 edge=366.36 div=155.48
20:39:52.950 CLOCK fold raw=250.03 prev=94.39 new=94.55 d=+0.155 fr=332.81 dt=0.102 rate=1.00 paused=False backlog=271.91 edge=366.46 div=155.48
20:39:53.051 CLOCK integ raw=250.03 prev=94.55 new=94.65 d=+0.102 fr=332.81 dt=0.102 rate=1.00 paused=False backlog=271.91 edge=366.56 div=155.48
20:39:53.154 CLOCK integ raw=250.03 prev=94.65 new=94.75 d=+0.103 fr=332.81 dt=0.103 rate=1.00 paused=False backlog=271.68 edge=366.43 div=155.48
20:39:53.257 CLOCK fold raw=250.29 prev=94.75 new=94.80 d=+0.052 fr=332.81 dt=0.102 rate=1.00 paused=False backlog=271.73 edge=366.54 div=155.48
20:39:53.358 CLOCK integ raw=250.29 prev=94.80 new=94.91 d=+0.101 fr=332.81 dt=0.101 rate=1.00 paused=False backlog=271.73 edge=366.64 div=155.48
20:39:53.460 CLOCK fold raw=250.54 prev=94.91 new=95.06 d=+0.155 fr=332.81 dt=0.102 rate=1.00 paused=False backlog=271.68 edge=366.74 div=155.48
20:39:53.563 CLOCK integ raw=250.54 prev=95.06 new=95.16 d=+0.102 fr=332.81 dt=0.102 rate=1.00 paused=False backlog=271.68 edge=366.84 div=155.48
20:39:53.665 CLOCK integ raw=250.54 prev=95.16 new=95.27 d=+0.103 fr=332.81 dt=0.103 rate=1.00 paused=False backlog=271.68 edge=366.94 div=155.48
20:39:53.770 TICK fr=332.81 cc=95.27 raw=250.80 vid=250.29 playing=1 started=1 stall=0 | d_fr_cc=+237.54 d_fr_raw=+82.01 d_cc_raw=-155.53 | off=-0.64 ccx_end=363.63 since_show=0.1 since_cue=2.5 | pcr=366.101 pid=100 head_rel=366.10 ccx_lag=2.47 | credit=332.8 capped=0.0 | fsize=166128268 feed=166128268 feed_behind=0 | backlog=271.68 edge=366.94 div=155.48 lag_ewma=2.84
20:39:53.770 CLOCK fold raw=250.80 prev=95.27 new=95.32 d=+0.052 fr=332.81 dt=0.105 rate=1.00 paused=False backlog=271.73 edge=367.05 div=155.48
20:39:53.873 CLOCK integ raw=250.80 prev=95.32 new=95.42 d=+0.103 fr=332.81 dt=0.103 rate=1.00 paused=False backlog=271.73 edge=367.15 div=155.48
20:39:53.974 CLOCK fold raw=251.06 prev=95.42 new=95.57 d=+0.152 fr=332.81 dt=0.102 rate=1.00 paused=False backlog=271.68 edge=367.25 div=155.48
20:39:54.177 CLOCK integ raw=251.06 prev=95.57 new=95.77 d=+0.203 fr=332.81 dt=0.203 rate=1.00 paused=False backlog=271.68 edge=367.46 div=155.48
20:39:54.281 CLOCK fold raw=251.31 prev=95.77 new=95.83 d=+0.054 fr=332.81 dt=0.104 rate=1.00 paused=False backlog=271.73 edge=367.56 div=155.48
20:39:54.384 CLOCK integ raw=251.31 prev=95.83 new=95.93 d=+0.103 fr=332.81 dt=0.103 rate=1.00 paused=False backlog=271.73 edge=367.66 div=155.48
20:39:54.486 CLOCK fold raw=251.57 prev=95.93 new=96.08 d=+0.152 fr=332.81 dt=0.102 rate=1.00 paused=False backlog=271.68 edge=367.77 div=155.48
20:39:54.589 CLOCK integ raw=251.57 prev=96.08 new=96.19 d=+0.103 fr=332.81 dt=0.103 rate=1.00 paused=False backlog=271.68 edge=367.87 div=155.48
20:39:54.692 CLOCK integ raw=251.57 prev=96.19 new=96.29 d=+0.104 fr=332.81 dt=0.104 rate=1.00 paused=False backlog=271.68 edge=367.97 div=155.48
20:39:54.794 CLOCK fold raw=251.82 prev=96.29 new=96.34 d=+0.050 fr=332.81 dt=0.102 rate=1.00 paused=False backlog=271.73 edge=368.07 div=155.48
20:39:54.896 CLOCK integ raw=251.82 prev=96.34 new=96.44 d=+0.102 fr=332.81 dt=0.102 rate=1.00 paused=False backlog=271.73 edge=368.18 div=155.48
20:39:54.998 CLOCK fold raw=252.08 prev=96.44 new=96.60 d=+0.154 fr=332.81 dt=0.102 rate=1.00 paused=False backlog=271.68 edge=368.28 div=155.48
20:39:55.103 CLOCK integ raw=252.08 prev=96.60 new=96.70 d=+0.105 fr=332.81 dt=0.105 rate=1.00 paused=False backlog=271.68 edge=368.38 div=155.48
20:39:55.208 CLOCK integ raw=252.08 prev=96.70 new=96.81 d=+0.105 fr=332.81 dt=0.105 rate=1.00 paused=False backlog=270.54 edge=367.35 div=155.48
20:39:55.312 CLOCK fold raw=252.34 prev=96.81 new=96.85 d=+0.047 fr=332.81 dt=0.103 rate=1.00 paused=False backlog=270.60 edge=367.45 div=155.48
20:39:55.415 CLOCK integ raw=252.34 prev=96.85 new=96.96 d=+0.103 fr=332.81 dt=0.103 rate=1.00 paused=False backlog=270.60 edge=367.55 div=155.48
20:39:55.518 CLOCK fold raw=252.59 prev=96.96 new=97.11 d=+0.153 fr=332.81 dt=0.103 rate=1.00 paused=False backlog=270.55 edge=367.65 div=155.48
20:39:55.619 CLOCK integ raw=252.59 prev=97.11 new=97.21 d=+0.102 fr=332.81 dt=0.102 rate=1.00 paused=False backlog=270.55 edge=367.76 div=155.48
20:39:55.725 CLOCK integ raw=252.59 prev=97.21 new=97.32 d=+0.106 fr=332.81 dt=0.106 rate=1.00 paused=False backlog=270.55 edge=367.86 div=155.48
20:39:55.829 CLOCK fold raw=252.85 prev=97.32 new=97.36 d=+0.047 fr=332.81 dt=0.104 rate=1.00 paused=False backlog=270.60 edge=367.97 div=155.48
20:39:55.933 CLOCK integ raw=252.85 prev=97.36 new=97.47 d=+0.104 fr=332.81 dt=0.104 rate=1.00 paused=False backlog=270.60 edge=368.07 div=155.48
20:39:56.040 CLOCK fold raw=253.10 prev=97.47 new=97.62 d=+0.152 fr=332.81 dt=0.106 rate=1.00 paused=False backlog=270.56 edge=368.18 div=155.48
20:39:56.246 CLOCK fold raw=253.36 prev=97.62 new=97.88 d=+0.259 fr=332.81 dt=0.207 rate=1.00 paused=False backlog=270.50 edge=368.38 div=155.48
20:39:56.351 CLOCK integ raw=253.36 prev=97.88 new=97.98 d=+0.106 fr=337.33 dt=0.106 rate=1.00 paused=False backlog=270.50 edge=368.49 div=155.48
20:39:56.456 CLOCK integ raw=253.36 prev=97.98 new=98.09 d=+0.105 fr=337.33 dt=0.105 rate=1.00 paused=False backlog=270.50 edge=368.59 div=155.48
20:39:56.561 CLOCK fold raw=253.62 prev=98.09 new=98.14 d=+0.050 fr=337.33 dt=0.104 rate=1.00 paused=False backlog=270.56 edge=368.70 div=155.48
20:39:56.663 CLOCK integ raw=253.62 prev=98.14 new=98.24 d=+0.102 fr=337.33 dt=0.102 rate=1.00 paused=False backlog=270.56 edge=368.80 div=155.48
20:39:56.766 CLOCK integ raw=253.62 prev=98.24 new=98.35 d=+0.103 fr=337.74 dt=0.103 rate=1.00 paused=False backlog=270.56 edge=368.90 div=155.48
20:39:56.869 CLOCK fold raw=253.89 prev=98.35 new=98.41 d=+0.064 fr=337.74 dt=0.104 rate=1.00 paused=False backlog=270.60 edge=369.01 div=155.48
20:39:56.973 CLOCK integ raw=253.89 prev=98.41 new=98.51 d=+0.103 fr=337.74 dt=0.103 rate=1.00 paused=False backlog=270.60 edge=369.11 div=155.48
20:39:57.076 CLOCK fold raw=254.15 prev=98.51 new=98.67 d=+0.155 fr=338.15 dt=0.104 rate=1.00 paused=False backlog=270.55 edge=369.21 div=155.48
20:39:57.259 CLOCK integ raw=254.15 prev=98.67 new=98.85 d=+0.182 fr=338.15 dt=0.182 rate=1.00 paused=False backlog=271.50 edge=370.35 div=155.48
20:39:57.260 CUE cx=[363.63..369.74] adv=6.11 el=6.04 fresh | off=-0.64 fr=338.15 cc=98.85 raw=254.15 lead=+270.24 | pcr=371.118 head_rel=371.12 lag_ewma=2.84 | q=With NFL plus it's fourth and / goal and the clock continues
20:39:57.364 ANCHOR pend_end=369.74 L=2.33 pinL=1.38 target=-0.38 off=-0.64
20:39:57.365 CLOCK fold raw=254.40 prev=98.85 new=98.92 d=+0.071 fr=338.15 dt=0.107 rate=1.00 paused=False backlog=271.92 edge=370.84 div=155.48
20:39:57.472 CLOCK integ raw=254.40 prev=98.92 new=99.03 d=+0.107 fr=338.55 dt=0.107 rate=1.00 paused=False backlog=271.92 edge=370.95 div=155.48
20:39:57.575 CLOCK fold raw=254.66 prev=99.03 new=99.18 d=+0.150 fr=338.55 dt=0.103 rate=1.00 paused=False backlog=271.87 edge=371.05 div=155.48
20:39:57.713 CUE cx=[369.74..371.17] adv=1.43 el=0.42 fresh | off=-0.51 fr=338.55 cc=99.18 raw=254.66 lead=+271.48 | pcr=372.945 head_rel=372.94 lag_ewma=2.33 | q=goal and the clock continues to / tick. Oh no. What will the
20:39:57.713 ANCHOR pend_end=371.17 L=2.13 pinL=1.77 target=-0.95 off=-0.51
20:39:57.714 CLOCK integ raw=254.66 prev=99.18 new=99.32 d=+0.138 fr=338.55 dt=0.138 rate=1.00 paused=False backlog=272.82 edge=372.13 div=155.48
20:39:57.816 CLOCK fold raw=254.92 prev=99.32 new=99.44 d=+0.124 fr=338.55 dt=0.102 rate=1.00 paused=False backlog=272.80 edge=372.24 div=155.48
20:39:57.918 CLOCK integ raw=254.92 prev=99.44 new=99.54 d=+0.103 fr=338.99 dt=0.103 rate=1.00 paused=False backlog=272.80 edge=372.34 div=155.48
20:39:58.061 CUE cx=[371.17..372.94] adv=1.77 el=0.34 fresh | off=-0.73 fr=338.99 cc=99.54 raw=255.17 lead=+272.67 | pcr=374.770 head_rel=374.77 lag_ewma=2.13 | q=tick. Oh no. What will they do. / Get live local and prime t
20:39:58.061 ANCHOR pend_end=372.94 L=2.03 pinL=1.83 target=-1.22 off=-0.73
20:39:58.061 CLOCK fold raw=255.17 prev=99.54 new=99.69 d=+0.147 fr=338.99 dt=0.143 rate=1.00 paused=False backlog=274.01 edge=373.70 div=155.48
20:39:58.164 CLOCK integ raw=255.17 prev=99.69 new=99.79 d=+0.102 fr=338.99 dt=0.102 rate=1.00 paused=False backlog=274.01 edge=373.80 div=155.48
20:39:58.266 CLOCK integ raw=255.17 prev=99.79 new=99.89 d=+0.102 fr=339.34 dt=0.102 rate=1.00 paused=False backlog=274.01 edge=373.90 div=155.48
20:39:58.369 CLOCK fold raw=255.43 prev=99.89 new=99.94 d=+0.051 fr=339.34 dt=0.103 rate=1.00 paused=False backlog=274.06 edge=374.00 div=155.48
20:39:58.470 CLOCK integ raw=255.43 prev=99.94 new=100.05 d=+0.102 fr=339.34 dt=0.102 rate=1.00 paused=False backlog=274.06 edge=374.11 div=155.48
20:39:58.572 CLOCK fold raw=255.68 prev=100.05 new=100.20 d=+0.154 fr=339.34 dt=0.102 rate=1.00 paused=False backlog=274.01 edge=374.21 div=155.48
20:39:58.675 CLOCK integ raw=255.68 prev=100.20 new=100.30 d=+0.103 fr=339.34 dt=0.103 rate=1.00 paused=False backlog=274.01 edge=374.31 div=155.48
20:39:58.780 TICK fr=339.34 cc=100.30 raw=255.68 vid=255.68 playing=1 started=1 stall=0 | d_fr_cc=+239.04 d_fr_raw=+83.66 d_cc_raw=-155.38 | off=-0.97 ccx_end=372.94 since_show=0.1 since_cue=0.8 | pcr=374.770 pid=100 head_rel=374.77 ccx_lag=1.83 | credit=339.3 capped=0.0 | fsize=169757044 feed=169757044 feed_behind=0 | backlog=274.01 edge=374.31 div=155.48 lag_ewma=2.03
20:39:58.781 CLOCK integ raw=255.68 prev=100.30 new=100.41 d=+0.106 fr=339.34 dt=0.106 rate=1.00 paused=False backlog=274.01 edge=374.42 div=155.48
20:39:58.986 CLOCK fold raw=255.94 prev=100.41 new=100.46 d=+0.048 fr=339.34 dt=0.203 rate=1.00 paused=False backlog=274.16 edge=374.62 div=155.48
20:39:59.088 CLOCK fold raw=256.19 prev=100.46 new=100.71 d=+0.255 fr=339.34 dt=0.103 rate=1.00 paused=False backlog=274.01 edge=374.72 div=155.48
20:39:59.193 CLOCK integ raw=256.19 prev=100.71 new=100.82 d=+0.105 fr=339.34 dt=0.105 rate=1.00 paused=False backlog=274.03 edge=374.85 div=155.48
20:39:59.298 CLOCK integ raw=256.19 prev=100.82 new=100.92 d=+0.106 fr=339.34 dt=0.106 rate=1.00 paused=False backlog=274.03 edge=374.96 div=155.48
20:39:59.401 CLOCK fold raw=256.45 prev=100.92 new=100.97 d=+0.048 fr=339.34 dt=0.102 rate=1.00 paused=False backlog=274.09 edge=375.06 div=155.48
20:39:59.503 CLOCK integ raw=256.45 prev=100.97 new=101.07 d=+0.103 fr=339.34 dt=0.103 rate=1.00 paused=False backlog=274.09 edge=375.16 div=155.48
20:39:59.607 CLOCK fold raw=256.71 prev=101.07 new=101.22 d=+0.150 fr=339.34 dt=0.104 rate=1.00 paused=False backlog=274.04 edge=375.27 div=155.48
20:39:59.709 CLOCK integ raw=256.71 prev=101.22 new=101.33 d=+0.102 fr=339.34 dt=0.102 rate=1.00 paused=False backlog=274.04 edge=375.37 div=155.48
20:39:59.811 CLOCK integ raw=256.71 prev=101.33 new=101.43 d=+0.102 fr=339.34 dt=0.102 rate=1.00 paused=False backlog=274.04 edge=375.47 div=155.48
20:39:59.913 CLOCK fold raw=256.96 prev=101.43 new=101.48 d=+0.053 fr=339.34 dt=0.103 rate=1.00 paused=False backlog=274.09 edge=375.57 div=155.48
20:40:00.017 CLOCK integ raw=256.96 prev=101.48 new=101.58 d=+0.103 fr=339.34 dt=0.103 rate=1.00 paused=False backlog=274.09 edge=375.68 div=155.48
20:40:00.124 CLOCK fold raw=257.22 prev=101.58 new=101.74 d=+0.154 fr=339.34 dt=0.107 rate=1.00 paused=False backlog=274.05 edge=375.78 div=155.48
20:40:00.227 CLOCK integ raw=257.22 prev=101.74 new=101.84 d=+0.102 fr=339.34 dt=0.102 rate=1.00 paused=False backlog=274.05 edge=375.89 div=155.48
20:40:00.330 CLOCK integ raw=257.22 prev=101.84 new=101.94 d=+0.104 fr=339.34 dt=0.104 rate=1.00 paused=False backlog=274.05 edge=375.99 div=155.48
20:40:00.432 CLOCK fold raw=257.48 prev=101.94 new=101.99 d=+0.050 fr=339.34 dt=0.103 rate=1.00 paused=False backlog=274.10 edge=376.09 div=155.48
20:40:00.535 CLOCK integ raw=257.48 prev=101.99 new=102.10 d=+0.102 fr=339.34 dt=0.102 rate=1.00 paused=False backlog=274.10 edge=376.19 div=155.48
20:40:00.638 CLOCK fold raw=257.73 prev=102.10 new=102.25 d=+0.155 fr=339.34 dt=0.103 rate=1.00 paused=False backlog=274.05 edge=376.30 div=155.48
20:40:00.843 CLOCK integ raw=257.73 prev=102.25 new=102.45 d=+0.204 fr=339.34 dt=0.204 rate=1.00 paused=False backlog=274.05 edge=376.50 div=155.48
20:40:00.945 CLOCK fold raw=257.99 prev=102.45 new=102.51 d=+0.052 fr=339.34 dt=0.104 rate=1.00 paused=False backlog=274.10 edge=376.60 div=155.48
20:40:01.049 CLOCK integ raw=257.99 prev=102.51 new=102.61 d=+0.104 fr=339.34 dt=0.104 rate=1.00 paused=False backlog=274.10 edge=376.71 div=155.48
20:40:01.155 CLOCK fold raw=258.25 prev=102.61 new=102.76 d=+0.152 fr=339.34 dt=0.105 rate=1.00 paused=False backlog=274.05 edge=376.81 div=155.48
20:40:01.261 CLOCK integ raw=258.25 prev=102.76 new=102.87 d=+0.106 fr=339.34 dt=0.106 rate=1.00 paused=False backlog=273.03 edge=375.90 div=155.48
20:40:01.364 CLOCK integ raw=258.25 prev=102.87 new=102.97 d=+0.103 fr=339.34 dt=0.103 rate=1.00 paused=False backlog=273.03 edge=376.00 div=155.48
20:40:01.467 CLOCK fold raw=258.50 prev=102.97 new=103.02 d=+0.045 fr=339.34 dt=0.103 rate=1.00 paused=False backlog=273.09 edge=376.10 div=155.48
20:40:01.570 CLOCK integ raw=258.50 prev=103.02 new=103.12 d=+0.103 fr=339.34 dt=0.103 rate=1.00 paused=False backlog=273.09 edge=376.21 div=155.48
20:40:01.672 CLOCK fold raw=258.75 prev=103.12 new=103.27 d=+0.153 fr=339.34 dt=0.102 rate=1.00 paused=False backlog=273.04 edge=376.31 div=155.48
20:40:01.775 CLOCK integ raw=258.75 prev=103.27 new=103.37 d=+0.103 fr=339.34 dt=0.103 rate=1.00 paused=False backlog=273.04 edge=376.41 div=155.48
20:40:01.878 CLOCK integ raw=258.75 prev=103.37 new=103.48 d=+0.103 fr=339.34 dt=0.103 rate=1.00 paused=False backlog=273.04 edge=376.51 div=155.48
20:40:01.981 CLOCK fold raw=259.01 prev=103.48 new=103.53 d=+0.053 fr=339.34 dt=0.103 rate=1.00 paused=False backlog=273.09 edge=376.62 div=155.48
20:40:02.085 CLOCK integ raw=259.01 prev=103.53 new=103.63 d=+0.102 fr=339.34 dt=0.102 rate=1.00 paused=False backlog=273.09 edge=376.72 div=155.48
20:40:02.188 CLOCK fold raw=259.27 prev=103.63 new=103.78 d=+0.153 fr=339.34 dt=0.104 rate=1.00 paused=False backlog=273.04 edge=376.82 div=155.48
20:40:02.290 CLOCK integ raw=259.27 prev=103.78 new=103.89 d=+0.102 fr=339.34 dt=0.102 rate=1.00 paused=False backlog=273.04 edge=376.93 div=155.48
20:40:02.392 CLOCK integ raw=259.27 prev=103.89 new=103.99 d=+0.102 fr=339.34 dt=0.102 rate=1.00 paused=False backlog=273.04 edge=377.03 div=155.48
20:40:02.595 CLOCK fold raw=259.52 prev=103.99 new=104.04 d=+0.051 fr=339.34 dt=0.203 rate=1.00 paused=False backlog=273.19 edge=377.23 div=155.48
20:40:02.699 CLOCK fold raw=259.78 prev=104.04 new=104.30 d=+0.255 fr=339.34 dt=0.103 rate=1.00 paused=False backlog=273.04 edge=377.34 div=155.48
20:40:02.801 CLOCK integ raw=259.78 prev=104.30 new=104.40 d=+0.103 fr=339.34 dt=0.103 rate=1.00 paused=False backlog=273.04 edge=377.44 div=155.48
20:40:02.905 CLOCK integ raw=259.78 prev=104.40 new=104.50 d=+0.103 fr=339.34 dt=0.103 rate=1.00 paused=False backlog=273.04 edge=377.54 div=155.48
20:40:03.007 CLOCK fold raw=260.04 prev=104.50 new=104.55 d=+0.050 fr=339.34 dt=0.102 rate=1.00 paused=False backlog=273.09 edge=377.64 div=155.48
20:40:03.109 CLOCK integ raw=260.04 prev=104.55 new=104.65 d=+0.102 fr=339.34 dt=0.102 rate=1.00 paused=False backlog=273.09 edge=377.75 div=155.48
20:40:03.113 EDGESNAP err=-2.98 edge->374.77
20:40:03.216 CLOCK fold raw=260.29 prev=104.65 new=104.81 d=+0.154 fr=339.34 dt=0.107 rate=1.00 paused=False backlog=270.07 edge=374.88 div=155.48
20:40:03.318 CLOCK integ raw=260.29 prev=104.81 new=104.91 d=+0.102 fr=339.34 dt=0.102 rate=1.00 paused=False backlog=270.07 edge=374.98 div=155.48
20:40:03.420 CLOCK integ raw=260.29 prev=104.91 new=105.01 d=+0.102 fr=339.34 dt=0.102 rate=1.00 paused=False backlog=270.07 edge=375.08 div=155.48
20:40:03.522 CLOCK fold raw=260.55 prev=105.01 new=105.06 d=+0.053 fr=339.34 dt=0.102 rate=1.00 paused=False backlog=270.12 edge=375.18 div=155.48
20:40:03.623 CLOCK integ raw=260.55 prev=105.06 new=105.17 d=+0.101 fr=339.34 dt=0.101 rate=1.00 paused=False backlog=270.12 edge=375.28 div=155.48
20:40:03.725 CLOCK fold raw=260.80 prev=105.17 new=105.32 d=+0.155 fr=339.34 dt=0.101 rate=1.00 paused=False backlog=270.06 edge=375.39 div=155.48
20:40:03.727 TICK fr=339.34 cc=105.32 raw=260.80 vid=260.55 playing=1 started=1 stall=0 | d_fr_cc=+234.02 d_fr_raw=+78.54 d_cc_raw=-155.48 | off=-0.97 ccx_end=372.94 since_show=0.0 since_cue=5.7 | pcr=374.770 pid=100 head_rel=374.77 ccx_lag=1.83 | credit=339.3 capped=0.0 | fsize=169757044 feed=169757044 feed_behind=0 | backlog=270.06 edge=375.39 div=155.48 lag_ewma=2.03
20:40:03.829 CLOCK integ raw=260.80 prev=105.32 new=105.42 d=+0.104 fr=339.34 dt=0.104 rate=1.00 paused=False backlog=270.06 edge=375.49 div=155.48
20:40:03.932 CLOCK integ raw=260.80 prev=105.42 new=105.53 d=+0.103 fr=339.34 dt=0.103 rate=1.00 paused=False backlog=270.06 edge=375.59 div=155.48
20:40:04.034 CLOCK fold raw=261.06 prev=105.53 new=105.58 d=+0.048 fr=339.34 dt=0.102 rate=1.00 paused=False backlog=270.12 edge=375.69 div=155.48
20:40:04.135 CLOCK integ raw=261.06 prev=105.58 new=105.68 d=+0.102 fr=339.34 dt=0.102 rate=1.00 paused=False backlog=270.12 edge=375.80 div=155.48
20:40:04.338 CLOCK fold raw=261.32 prev=105.68 new=105.83 d=+0.156 fr=339.34 dt=0.203 rate=1.00 paused=False backlog=270.16 edge=376.00 div=155.48
20:40:04.440 CLOCK integ raw=261.32 prev=105.83 new=105.94 d=+0.102 fr=339.34 dt=0.102 rate=1.00 paused=False backlog=270.16 edge=376.10 div=155.48
20:40:04.542 CLOCK fold raw=261.57 prev=105.94 new=106.09 d=+0.153 fr=339.34 dt=0.102 rate=1.00 paused=False backlog=270.11 edge=376.20 div=155.48
20:40:04.643 CLOCK integ raw=261.57 prev=106.09 new=106.19 d=+0.102 fr=339.34 dt=0.102 rate=1.00 paused=False backlog=270.11 edge=376.30 div=155.48
20:40:04.746 CLOCK fold raw=261.83 prev=106.19 new=106.34 d=+0.153 fr=339.34 dt=0.102 rate=1.00 paused=False backlog=270.06 edge=376.41 div=155.48
20:40:04.848 CLOCK integ raw=261.83 prev=106.34 new=106.45 d=+0.103 fr=339.34 dt=0.103 rate=1.00 paused=False backlog=270.06 edge=376.51 div=155.48
20:40:04.950 CLOCK integ raw=261.83 prev=106.45 new=106.55 d=+0.101 fr=339.34 dt=0.101 rate=1.00 paused=False backlog=270.06 edge=376.61 div=155.48
20:40:05.053 CLOCK fold raw=262.08 prev=106.55 new=106.60 d=+0.053 fr=339.34 dt=0.104 rate=1.00 paused=False backlog=270.11 edge=376.71 div=155.48
20:40:05.159 CLOCK integ raw=262.08 prev=106.60 new=106.71 d=+0.106 fr=339.34 dt=0.106 rate=1.00 paused=False backlog=269.14 edge=375.85 div=155.48
20:40:05.263 CLOCK fold raw=262.34 prev=106.71 new=106.86 d=+0.151 fr=339.34 dt=0.103 rate=1.00 paused=False backlog=269.09 edge=375.95 div=155.48
20:40:05.365 CLOCK integ raw=262.34 prev=106.86 new=106.96 d=+0.102 fr=339.34 dt=0.102 rate=1.00 paused=False backlog=269.09 edge=376.05 div=155.48
20:40:05.467 CLOCK integ raw=262.34 prev=106.96 new=107.06 d=+0.102 fr=339.34 dt=0.102 rate=1.00 paused=False backlog=269.09 edge=376.15 div=155.48
20:40:05.568 CLOCK fold raw=262.60 prev=107.06 new=107.11 d=+0.050 fr=339.34 dt=0.101 rate=1.00 paused=False backlog=269.14 edge=376.26 div=155.48
20:40:05.669 CLOCK integ raw=262.60 prev=107.11 new=107.21 d=+0.101 fr=339.34 dt=0.101 rate=1.00 paused=False backlog=269.14 edge=376.36 div=155.48
20:40:05.873 CLOCK fold raw=262.85 prev=107.21 new=107.37 d=+0.155 fr=339.34 dt=0.203 rate=1.00 paused=False backlog=269.19 edge=376.56 div=155.48
20:40:05.974 CLOCK integ raw=262.85 prev=107.37 new=107.47 d=+0.102 fr=339.34 dt=0.102 rate=1.00 paused=False backlog=269.19 edge=376.66 div=155.48
20:40:06.077 CLOCK fold raw=263.11 prev=107.47 new=107.62 d=+0.155 fr=339.34 dt=0.103 rate=1.00 paused=False backlog=269.14 edge=376.77 div=155.48
20:40:06.179 CLOCK integ raw=263.11 prev=107.62 new=107.73 d=+0.101 fr=339.34 dt=0.101 rate=1.00 paused=False backlog=269.14 edge=376.87 div=155.48
20:40:06.281 CLOCK fold raw=263.36 prev=107.73 new=107.88 d=+0.155 fr=339.34 dt=0.102 rate=1.00 paused=False backlog=269.14 edge=377.02 div=155.48
20:40:06.382 CLOCK integ raw=263.36 prev=107.88 new=107.98 d=+0.102 fr=339.34 dt=0.102 rate=1.00 paused=False backlog=269.14 edge=377.12 div=155.48
20:40:06.486 CLOCK integ raw=263.36 prev=107.98 new=108.09 d=+0.104 fr=347.46 dt=0.104 rate=1.00 paused=False backlog=269.14 edge=377.23 div=155.48
20:40:06.589 CLOCK fold raw=263.62 prev=108.09 new=108.14 d=+0.050 fr=347.46 dt=0.102 rate=1.00 paused=False backlog=269.19 edge=377.33 div=155.48
20:40:06.693 CLOCK integ raw=263.62 prev=108.14 new=108.24 d=+0.105 fr=347.46 dt=0.105 rate=1.00 paused=False backlog=269.19 edge=377.43 div=155.48
20:40:06.735 CUE cx=[372.94..375.24] adv=2.30 el=8.67 fresh | off=-0.97 fr=347.46 cc=108.24 raw=263.62 lead=+266.03 | pcr=377.722 head_rel=377.72 lag_ewma=2.03 | q=Get live local and prime time / games on mobile with NFL plu
20:40:06.837 ANCHOR pend_end=375.24 L=2.19 pinL=2.48 target=-0.14 off=-0.97
20:40:06.839 CLOCK fold raw=263.88 prev=108.24 new=108.39 d=+0.152 fr=347.91 dt=0.146 rate=1.00 paused=False backlog=269.33 edge=377.72 div=155.48
20:40:06.939 CLOCK integ raw=263.88 prev=108.39 new=108.49 d=+0.101 fr=347.91 dt=0.101 rate=1.00 paused=False backlog=269.33 edge=377.82 div=155.48
20:40:07.042 CLOCK fold raw=264.13 prev=108.49 new=108.65 d=+0.155 fr=347.91 dt=0.102 rate=1.00 paused=False backlog=269.28 edge=377.93 div=155.48
20:40:07.163 CLOCK integ raw=264.13 prev=108.65 new=108.77 d=+0.122 fr=347.91 dt=0.122 rate=1.00 paused=False backlog=270.48 edge=379.25 div=155.48
20:40:07.265 CUE cx=[375.24..377.44] adv=2.20 el=0.57 fresh | off=-0.56 fr=348.34 cc=108.77 raw=264.13 lead=+268.11 | pcr=380.325 head_rel=380.32 lag_ewma=2.19 | q=games on mobile with NFL plus / and keep the NFL in reach. W
20:40:07.267 ANCHOR pend_end=377.44 L=2.43 pinL=2.88 target=-0.54 off=-0.56
20:40:07.267 CLOCK integ raw=264.13 prev=108.77 new=108.87 d=+0.103 fr=348.34 dt=0.103 rate=1.00 paused=False backlog=271.02 edge=379.89 div=155.48
20:40:07.369 CLOCK fold raw=264.39 prev=108.87 new=108.90 d=+0.030 fr=348.34 dt=0.103 rate=1.00 paused=False backlog=271.09 edge=379.99 div=155.48
20:40:07.471 CLOCK integ raw=264.39 prev=108.90 new=109.01 d=+0.102 fr=348.34 dt=0.102 rate=1.00 paused=False backlog=271.09 edge=380.09 div=155.48
20:40:07.502 CUE cx=[377.44..379.85] adv=2.40 el=0.21 fresh | off=-0.55 fr=348.34 cc=109.01 raw=264.39 lead=+270.29 | pcr=382.363 head_rel=382.36 lag_ewma=2.43 | q=and keep the NFL in reach. What / would you pay for an iPad 
20:40:07.604 ANCHOR pend_end=379.85 L=2.46 pinL=2.52 target=-1.13 off=-0.55
20:40:07.604 CLOCK fold raw=264.64 prev=109.01 new=109.16 d=+0.154 fr=348.34 dt=0.132 rate=1.00 paused=False backlog=272.20 edge=381.36 div=155.48
20:40:07.706 CLOCK integ raw=264.64 prev=109.16 new=109.26 d=+0.102 fr=348.68 dt=0.102 rate=1.00 paused=False backlog=272.20 edge=381.46 div=155.48
20:40:07.707 CUE cx=[379.85..381.61] adv=1.77 el=0.23 fresh | off=-0.84 fr=348.68 cc=109.26 raw=264.64 lead=+271.51 | pcr=382.363 head_rel=382.36 lag_ewma=2.46 | q=would you pay for an iPad Pro? / I only paid $42 on deal das
20:40:07.808 ANCHOR pend_end=381.61 L=1.86 pinL=0.75 target=-0.45 off=-0.84
20:40:07.808 CLOCK fold raw=264.90 prev=109.26 new=109.42 d=+0.155 fr=348.68 dt=0.102 rate=1.00 paused=False backlog=272.60 edge=382.01 div=155.48
20:40:07.910 CLOCK integ raw=264.90 prev=109.42 new=109.52 d=+0.102 fr=348.68 dt=0.102 rate=1.00 paused=False backlog=272.60 edge=382.12 div=155.48
20:40:08.048 EDGESNAP err=+3.40 edge->385.52
20:40:08.048 CUE cx=[381.62..383.81] adv=2.20 el=0.30 fresh | off=-0.65 fr=348.68 cc=109.52 raw=265.16 lead=+273.65 | pcr=385.522 head_rel=385.52 lag_ewma=5.27 | q=I only paid $42 on deal dash / deal dash dot com online / au
20:40:08.050 ANCHOR pend_end=383.81 L=4.02 pinL=1.71 target=0.00 off=-0.65
20:40:08.051 CLOCK fold raw=265.16 prev=109.52 new=109.67 d=+0.154 fr=349.13 dt=0.141 rate=1.00 paused=False backlog=275.99 edge=385.66 div=155.48
20:40:08.154 CLOCK integ raw=265.16 prev=109.67 new=109.78 d=+0.103 fr=349.13 dt=0.103 rate=1.00 paused=False backlog=275.99 edge=385.76 div=155.48
20:40:08.255 CLOCK integ raw=265.16 prev=109.78 new=109.88 d=+0.101 fr=349.13 dt=0.101 rate=1.00 paused=False backlog=275.99 edge=385.87 div=155.48
20:40:08.357 CLOCK fold raw=265.41 prev=109.88 new=109.93 d=+0.052 fr=349.13 dt=0.101 rate=1.00 paused=False backlog=276.04 edge=385.97 div=155.48
20:40:08.458 CLOCK integ raw=265.41 prev=109.93 new=110.03 d=+0.102 fr=349.13 dt=0.102 rate=1.00 paused=False backlog=276.04 edge=386.07 div=155.48
20:40:08.561 CLOCK fold raw=265.67 prev=110.03 new=110.19 d=+0.155 fr=349.13 dt=0.103 rate=1.00 paused=False backlog=275.99 edge=386.17 div=155.48
20:40:08.663 CLOCK integ raw=265.67 prev=110.19 new=110.29 d=+0.102 fr=349.13 dt=0.102 rate=1.00 paused=False backlog=275.99 edge=386.27 div=155.48
20:40:08.767 TICK fr=349.13 cc=110.29 raw=265.67 vid=265.41 playing=1 started=1 stall=0 | d_fr_cc=+238.84 d_fr_raw=+83.46 d_cc_raw=-155.38 | off=-0.32 ccx_end=383.81 since_show=0.1 since_cue=0.8 | pcr=385.522 pid=100 head_rel=385.52 ccx_lag=1.71 | credit=349.1 capped=0.0 | fsize=174612520 feed=174612520 feed_behind=0 | backlog=275.99 edge=386.27 div=155.48 lag_ewma=4.02
20:40:08.768 CLOCK integ raw=265.67 prev=110.29 new=110.39 d=+0.104 fr=349.13 dt=0.104 rate=1.00 paused=False backlog=275.99 edge=386.38 div=155.48
20:40:08.869 CLOCK fold raw=265.92 prev=110.39 new=110.44 d=+0.048 fr=349.13 dt=0.102 rate=1.00 paused=False backlog=276.04 edge=386.48 div=155.48
20:40:08.971 CLOCK integ raw=265.92 prev=110.44 new=110.54 d=+0.102 fr=349.13 dt=0.102 rate=1.00 paused=False backlog=276.04 edge=386.58 div=155.48
20:40:09.075 CLOCK fold raw=266.18 prev=110.54 new=110.70 d=+0.154 fr=349.13 dt=0.102 rate=1.00 paused=False backlog=275.99 edge=386.68 div=155.48
20:40:09.279 CLOCK integ raw=266.18 prev=110.70 new=110.90 d=+0.205 fr=349.13 dt=0.205 rate=1.00 paused=False backlog=275.41 edge=386.31 div=155.48
20:40:09.381 CLOCK fold raw=266.44 prev=110.90 new=110.95 d=+0.052 fr=349.13 dt=0.102 rate=1.00 paused=False backlog=275.46 edge=386.41 div=155.48
20:40:09.482 CLOCK integ raw=266.44 prev=110.95 new=111.05 d=+0.102 fr=349.13 dt=0.102 rate=1.00 paused=False backlog=275.46 edge=386.51 div=155.48
20:40:09.584 CLOCK fold raw=266.69 prev=111.05 new=111.21 d=+0.154 fr=349.13 dt=0.102 rate=1.00 paused=False backlog=275.40 edge=386.61 div=155.48
20:40:09.687 CLOCK integ raw=266.69 prev=111.21 new=111.31 d=+0.103 fr=349.13 dt=0.103 rate=1.00 paused=False backlog=275.40 edge=386.72 div=155.48
20:40:09.788 CLOCK integ raw=266.69 prev=111.31 new=111.41 d=+0.102 fr=349.13 dt=0.102 rate=1.00 paused=False backlog=275.40 edge=386.82 div=155.48
20:40:09.890 CLOCK fold raw=266.95 prev=111.41 new=111.46 d=+0.050 fr=349.13 dt=0.102 rate=1.00 paused=False backlog=275.46 edge=386.92 div=155.48
20:40:09.992 CLOCK integ raw=266.95 prev=111.46 new=111.57 d=+0.102 fr=349.13 dt=0.102 rate=1.00 paused=False backlog=275.46 edge=387.02 div=155.48
20:40:10.095 CLOCK fold raw=267.20 prev=111.57 new=111.72 d=+0.154 fr=349.13 dt=0.103 rate=1.00 paused=False backlog=275.40 edge=387.12 div=155.48
20:40:10.197 CLOCK integ raw=267.20 prev=111.72 new=111.82 d=+0.102 fr=349.13 dt=0.102 rate=1.00 paused=False backlog=275.40 edge=387.23 div=155.48
20:40:10.299 CLOCK integ raw=267.20 prev=111.82 new=111.92 d=+0.102 fr=349.13 dt=0.102 rate=1.00 paused=False backlog=275.40 edge=387.33 div=155.48
20:40:10.401 CLOCK fold raw=267.46 prev=111.92 new=111.98 d=+0.053 fr=349.13 dt=0.102 rate=1.00 paused=False backlog=275.45 edge=387.43 div=155.48
20:40:10.505 CLOCK integ raw=267.46 prev=111.98 new=112.08 d=+0.104 fr=349.13 dt=0.104 rate=1.00 paused=False backlog=275.45 edge=387.53 div=155.48
20:40:10.608 CLOCK fold raw=267.72 prev=112.08 new=112.23 d=+0.152 fr=349.13 dt=0.102 rate=1.00 paused=False backlog=275.40 edge=387.64 div=155.48
20:40:10.709 CLOCK integ raw=267.72 prev=112.23 new=112.33 d=+0.102 fr=349.13 dt=0.102 rate=1.00 paused=False backlog=275.40 edge=387.74 div=155.48
20:40:10.912 CLOCK fold raw=267.97 prev=112.33 new=112.49 d=+0.155 fr=349.13 dt=0.203 rate=1.00 paused=False backlog=275.45 edge=387.94 div=155.48
20:40:11.014 CLOCK integ raw=267.97 prev=112.49 new=112.59 d=+0.101 fr=349.13 dt=0.101 rate=1.00 paused=False backlog=275.45 edge=388.04 div=155.48
20:40:11.116 CLOCK fold raw=268.23 prev=112.59 new=112.75 d=+0.155 fr=349.13 dt=0.102 rate=1.00 paused=False backlog=275.40 edge=388.14 div=155.48
20:40:11.118 EDGESNAP err=-2.62 edge->385.52
20:40:11.219 CLOCK integ raw=268.23 prev=112.75 new=112.85 d=+0.104 fr=349.13 dt=0.104 rate=1.00 paused=False backlog=272.77 edge=385.62 div=155.48
20:40:11.321 CLOCK integ raw=268.23 prev=112.85 new=112.95 d=+0.101 fr=349.13 dt=0.101 rate=1.00 paused=False backlog=272.77 edge=385.73 div=155.48
20:40:11.423 CLOCK fold raw=268.48 prev=112.95 new=113.00 d=+0.049 fr=349.13 dt=0.102 rate=1.00 paused=False backlog=272.83 edge=385.83 div=155.48
20:40:11.525 CLOCK integ raw=268.48 prev=113.00 new=113.10 d=+0.102 fr=349.13 dt=0.102 rate=1.00 paused=False backlog=272.83 edge=385.93 div=155.48
20:40:11.627 CLOCK fold raw=268.74 prev=113.10 new=113.26 d=+0.155 fr=349.13 dt=0.102 rate=1.00 paused=False backlog=272.77 edge=386.03 div=155.48
20:40:11.729 CLOCK integ raw=268.74 prev=113.26 new=113.36 d=+0.102 fr=349.13 dt=0.102 rate=1.00 paused=False backlog=272.77 edge=386.13 div=155.48
20:40:11.831 CLOCK integ raw=268.74 prev=113.36 new=113.46 d=+0.102 fr=349.13 dt=0.102 rate=1.00 paused=False backlog=272.77 edge=386.24 div=155.48
20:40:11.935 CLOCK fold raw=269.00 prev=113.46 new=113.51 d=+0.051 fr=349.13 dt=0.104 rate=1.00 paused=False backlog=272.83 edge=386.34 div=155.48
20:40:12.037 CLOCK integ raw=269.00 prev=113.51 new=113.61 d=+0.103 fr=349.13 dt=0.103 rate=1.00 paused=False backlog=272.83 edge=386.44 div=155.48
20:40:12.142 CLOCK fold raw=269.25 prev=113.61 new=113.77 d=+0.154 fr=349.13 dt=0.105 rate=1.00 paused=False backlog=272.78 edge=386.55 div=155.48
20:40:12.246 CLOCK integ raw=269.25 prev=113.77 new=113.87 d=+0.104 fr=349.13 dt=0.104 rate=1.00 paused=False backlog=272.78 edge=386.65 div=155.48
20:40:12.451 CLOCK fold raw=269.51 prev=113.87 new=114.02 d=+0.151 fr=349.13 dt=0.205 rate=1.00 paused=False backlog=272.83 edge=386.86 div=155.48
20:40:12.500 CUE cx=[383.82..385.88] adv=2.07 el=4.44 fresh | off=-0.32 fr=349.13 cc=114.02 raw=269.51 lead=+271.54 | pcr=388.122 head_rel=388.12 lag_ewma=4.02 | q=deal dash dot com online / auction since 2009, this / PlaySt
20:40:12.603 ANCHOR pend_end=385.88 L=3.40 pinL=2.24 target=-0.63 off=-0.32
20:40:12.604 CLOCK integ raw=269.51 prev=114.02 new=114.18 d=+0.153 fr=353.58 dt=0.153 rate=1.00 paused=False backlog=273.46 edge=387.64 div=155.48
20:40:12.706 CLOCK fold raw=269.76 prev=114.18 new=114.28 d=+0.104 fr=353.58 dt=0.102 rate=1.00 paused=False backlog=273.46 edge=387.74 div=155.48
20:40:12.808 CLOCK integ raw=269.76 prev=114.28 new=114.38 d=+0.102 fr=353.58 dt=0.102 rate=1.00 paused=False backlog=273.46 edge=387.85 div=155.48
20:40:12.910 CLOCK fold raw=270.02 prev=114.38 new=114.54 d=+0.155 fr=353.99 dt=0.102 rate=1.00 paused=False backlog=273.41 edge=387.95 div=155.48
20:40:13.016 CUE cx=[385.89..387.75] adv=1.87 el=0.56 fresh | off=-0.48 fr=353.99 cc=114.54 raw=270.02 lead=+272.74 | pcr=389.384 head_rel=389.38 lag_ewma=3.40 | q=auction since 2009, this / PlayStation five sold for only / 
20:40:13.017 ANCHOR pend_end=387.75 L=2.78 pinL=1.63 target=-0.72 off=-0.48
20:40:13.017 CLOCK integ raw=270.02 prev=114.54 new=114.64 d=+0.107 fr=353.99 dt=0.107 rate=1.00 paused=False backlog=274.13 edge=388.77 div=155.48
20:40:13.120 CLOCK integ raw=270.02 prev=114.64 new=114.75 d=+0.103 fr=353.99 dt=0.103 rate=1.00 paused=False backlog=274.43 edge=389.18 div=155.48
20:40:13.323 CLOCK fold raw=270.27 prev=114.75 new=114.79 d=+0.044 fr=353.99 dt=0.202 rate=1.00 paused=False backlog=274.59 edge=389.38 div=155.48
20:40:13.425 CLOCK fold raw=270.53 prev=114.79 new=115.05 d=+0.257 fr=353.99 dt=0.102 rate=1.00 paused=False backlog=274.44 edge=389.49 div=155.48
20:40:13.527 CLOCK integ raw=270.53 prev=115.05 new=115.15 d=+0.102 fr=353.99 dt=0.102 rate=1.00 paused=False backlog=274.44 edge=389.59 div=155.48
20:40:13.629 CLOCK integ raw=270.53 prev=115.15 new=115.25 d=+0.102 fr=353.99 dt=0.102 rate=1.00 paused=False backlog=274.44 edge=389.69 div=155.48
20:40:13.734 CLOCK fold raw=270.80 prev=115.25 new=115.31 d=+0.061 fr=353.99 dt=0.105 rate=1.00 paused=False backlog=274.48 edge=389.79 div=155.48
20:40:13.739 TICK fr=353.99 cc=115.31 raw=270.80 vid=270.80 playing=1 started=1 stall=0 | d_fr_cc=+238.67 d_fr_raw=+83.19 d_cc_raw=-155.48 | off=-0.60 ccx_end=387.75 since_show=0.0 since_cue=0.7 | pcr=389.384 pid=100 head_rel=389.38 ccx_lag=1.63 | credit=354.0 capped=0.0 | fsize=176386300 feed=176386300 feed_behind=0 | backlog=274.48 edge=389.79 div=155.48 lag_ewma=2.78
20:40:13.842 CLOCK integ raw=270.80 prev=115.31 new=115.42 d=+0.109 fr=353.99 dt=0.109 rate=1.00 paused=False backlog=274.48 edge=389.90 div=155.48
20:40:13.945 CLOCK integ raw=270.80 prev=115.42 new=115.53 d=+0.103 fr=353.99 dt=0.103 rate=1.00 paused=False backlog=274.48 edge=390.01 div=155.48
20:40:14.047 CLOCK fold raw=271.07 prev=115.53 new=115.58 d=+0.057 fr=353.99 dt=0.102 rate=1.00 paused=False backlog=274.52 edge=390.11 div=155.48
20:40:14.151 CLOCK integ raw=271.07 prev=115.58 new=115.69 d=+0.104 fr=353.99 dt=0.104 rate=1.00 paused=False backlog=274.52 edge=390.21 div=155.48
20:40:14.253 CLOCK fold raw=271.32 prev=115.69 new=115.84 d=+0.152 fr=353.99 dt=0.102 rate=1.00 paused=False backlog=274.48 edge=390.31 div=155.48
20:40:14.355 CLOCK integ raw=271.32 prev=115.84 new=115.94 d=+0.102 fr=353.99 dt=0.102 rate=1.00 paused=False backlog=274.48 edge=390.42 div=155.48
20:40:14.457 CLOCK integ raw=271.32 prev=115.94 new=116.04 d=+0.102 fr=353.99 dt=0.102 rate=1.00 paused=False backlog=274.48 edge=390.52 div=155.48
20:40:14.559 CLOCK fold raw=271.58 prev=116.04 new=116.09 d=+0.052 fr=353.99 dt=0.102 rate=1.00 paused=False backlog=274.52 edge=390.62 div=155.48
20:40:14.661 CLOCK integ raw=271.58 prev=116.09 new=116.20 d=+0.102 fr=353.99 dt=0.102 rate=1.00 paused=False backlog=274.52 edge=390.72 div=155.48
20:40:14.762 CLOCK fold raw=271.83 prev=116.20 new=116.35 d=+0.154 fr=353.99 dt=0.101 rate=1.00 paused=False backlog=274.47 edge=390.82 div=155.48
20:40:14.867 CLOCK integ raw=271.83 prev=116.35 new=116.46 d=+0.105 fr=353.99 dt=0.105 rate=1.00 paused=False backlog=274.47 edge=390.93 div=155.48
20:40:15.072 CLOCK fold raw=272.09 prev=116.46 new=116.61 d=+0.152 fr=353.99 dt=0.205 rate=1.00 paused=False backlog=274.52 edge=391.13 div=155.48
20:40:15.177 CLOCK integ raw=272.09 prev=116.61 new=116.71 d=+0.105 fr=353.99 dt=0.105 rate=1.00 paused=False backlog=273.65 edge=390.36 div=155.48
20:40:15.279 CLOCK fold raw=272.35 prev=116.71 new=116.86 d=+0.150 fr=353.99 dt=0.103 rate=1.00 paused=False backlog=273.60 edge=390.47 div=155.48
20:40:15.381 CLOCK integ raw=272.35 prev=116.86 new=116.96 d=+0.102 fr=353.99 dt=0.102 rate=1.00 paused=False backlog=273.60 edge=390.57 div=155.48
20:40:15.485 CLOCK integ raw=272.35 prev=116.96 new=117.07 d=+0.103 fr=353.99 dt=0.103 rate=1.00 paused=False backlog=273.60 edge=390.67 div=155.48
20:40:15.588 CLOCK fold raw=272.60 prev=117.07 new=117.12 d=+0.050 fr=353.99 dt=0.102 rate=1.00 paused=False backlog=273.65 edge=390.77 div=155.48
20:40:15.689 CLOCK integ raw=272.60 prev=117.12 new=117.22 d=+0.103 fr=353.99 dt=0.103 rate=1.00 paused=False backlog=273.65 edge=390.88 div=155.48
20:40:15.792 CLOCK fold raw=272.86 prev=117.22 new=117.38 d=+0.156 fr=353.99 dt=0.102 rate=1.00 paused=False backlog=273.60 edge=390.98 div=155.48
20:40:15.893 CLOCK integ raw=272.86 prev=117.38 new=117.48 d=+0.102 fr=353.99 dt=0.102 rate=1.00 paused=False backlog=273.60 edge=391.08 div=155.48
20:40:15.996 CLOCK integ raw=272.86 prev=117.48 new=117.58 d=+0.103 fr=353.99 dt=0.103 rate=1.00 paused=False backlog=273.60 edge=391.18 div=155.48
20:40:16.099 CLOCK fold raw=273.11 prev=117.58 new=117.63 d=+0.049 fr=353.99 dt=0.103 rate=1.00 paused=False backlog=273.65 edge=391.29 div=155.48
20:40:16.201 CLOCK integ raw=273.11 prev=117.63 new=117.73 d=+0.102 fr=353.99 dt=0.102 rate=1.00 paused=False backlog=273.65 edge=391.39 div=155.48
20:40:16.303 CLOCK fold raw=273.37 prev=117.73 new=117.89 d=+0.153 fr=353.99 dt=0.102 rate=1.00 paused=False backlog=273.60 edge=391.49 div=155.48
20:40:16.505 CLOCK integ raw=273.37 prev=117.89 new=118.09 d=+0.202 fr=353.99 dt=0.202 rate=1.00 paused=False backlog=273.60 edge=391.69 div=155.48
20:40:16.607 CLOCK fold raw=273.63 prev=118.09 new=118.14 d=+0.055 fr=357.68 dt=0.102 rate=1.00 paused=False backlog=273.65 edge=391.79 div=155.48
20:40:16.708 CLOCK integ raw=273.63 prev=118.14 new=118.24 d=+0.102 fr=357.68 dt=0.102 rate=1.00 paused=False backlog=273.65 edge=391.89 div=155.48
20:40:16.711 CUE cx=[387.75..390.62] adv=2.87 el=3.70 fresh | off=-0.60 fr=357.68 cc=118.24 raw=273.63 lead=+271.78 | pcr=392.968 head_rel=392.97 lag_ewma=2.78 | q=PlayStation five sold for only / $0.50, and this smart charc
20:40:16.711 CUE cx=[390.62..391.79] adv=1.17 el=0.00 fresh | off=-0.60 fr=357.68 cc=118.24 raw=273.63 lead=+272.95 | pcr=392.968 head_rel=392.97 lag_ewma=2.78 | q=$0.50, and this smart charcoal / grill sold for $16, and thi
20:40:16.813 ANCHOR pend_end=391.79 L=2.22 pinL=1.18 target=-0.27 off=-0.60
20:40:16.813 CLOCK fold raw=273.88 prev=118.24 new=118.40 d=+0.153 fr=357.68 dt=0.104 rate=1.00 paused=False backlog=274.41 edge=392.80 div=155.48
20:40:16.914 CLOCK integ raw=273.88 prev=118.40 new=118.50 d=+0.102 fr=357.68 dt=0.102 rate=1.00 paused=False backlog=274.41 edge=392.91 div=155.48
20:40:17.018 CLOCK integ raw=273.88 prev=118.50 new=118.60 d=+0.104 fr=357.68 dt=0.104 rate=1.00 paused=False backlog=274.41 edge=393.01 div=155.48
20:40:17.120 CLOCK fold raw=274.14 prev=118.60 new=118.65 d=+0.051 fr=357.68 dt=0.102 rate=1.00 paused=False backlog=274.46 edge=393.11 div=155.48
20:40:17.225 CLOCK integ raw=274.14 prev=118.65 new=118.76 d=+0.105 fr=357.68 dt=0.105 rate=1.00 paused=False backlog=274.38 edge=393.14 div=155.48
20:40:17.327 CLOCK fold raw=274.39 prev=118.76 new=118.91 d=+0.151 fr=357.68 dt=0.101 rate=1.00 paused=False backlog=274.33 edge=393.25 div=155.48
20:40:17.429 CLOCK integ raw=274.39 prev=118.91 new=119.01 d=+0.102 fr=357.68 dt=0.102 rate=1.00 paused=False backlog=274.33 edge=393.35 div=155.48
20:40:17.530 CLOCK integ raw=274.39 prev=119.01 new=119.11 d=+0.102 fr=357.68 dt=0.102 rate=1.00 paused=False backlog=274.33 edge=393.45 div=155.48
20:40:17.632 CLOCK fold raw=274.65 prev=119.11 new=119.17 d=+0.052 fr=357.68 dt=0.102 rate=1.00 paused=False backlog=274.38 edge=393.55 div=155.48
20:40:17.734 CLOCK integ raw=274.65 prev=119.17 new=119.27 d=+0.101 fr=357.68 dt=0.101 rate=1.00 paused=False backlog=274.38 edge=393.65 div=155.48
20:40:17.836 CLOCK fold raw=274.91 prev=119.27 new=119.42 d=+0.156 fr=357.68 dt=0.103 rate=1.00 paused=False backlog=274.33 edge=393.76 div=155.48
20:40:17.938 CLOCK integ raw=274.91 prev=119.42 new=119.53 d=+0.102 fr=357.68 dt=0.102 rate=1.00 paused=False backlog=274.33 edge=393.86 div=155.48
20:40:18.041 CLOCK integ raw=274.91 prev=119.53 new=119.63 d=+0.102 fr=357.68 dt=0.102 rate=1.00 paused=False backlog=274.33 edge=393.96 div=155.48
20:40:18.243 CLOCK fold raw=275.16 prev=119.63 new=119.68 d=+0.051 fr=357.68 dt=0.203 rate=1.00 paused=False backlog=274.48 edge=394.16 div=155.48
20:40:18.345 PHASE JUMPLIVE jump to live + 2.5 min
20:40:18.346 XPORT rate target=- raw_pre=275.42 fr=357.68 cc=119.68 vid=275.16 rate=1.00 rate=1
20:40:18.348 XPORT jump_live target=394.16 raw_pre=275.42 fr=357.68 cc=119.68 vid=275.16 rate=1.00 
20:40:18.348 XPORT jump_edge target=394.16 raw_pre=275.42 fr=357.68 cc=119.68 vid=275.16 rate=1.00 safe=389.16 vlc=544.65 resume=True
20:40:18.349 SEED target=389.16 jump=True backlog=5.00 edge=394.16
20:40:18.350 CLOCK base raw=544.64 prev=389.16 new=389.16 d=+0.001 fr=357.68 dt=0.001 rate=1.00 paused=False backlog=5.00 edge=394.16 div=155.48
20:40:18.384 CLOCK integ raw=544.64 prev=389.16 new=389.20 d=+0.033 fr=357.68 dt=0.033 rate=1.00 paused=False backlog=5.00 edge=394.20 div=155.48
20:40:18.476 CLOCK integ raw=544.64 prev=389.20 new=389.29 d=+0.093 fr=357.68 dt=0.093 rate=1.00 paused=False backlog=5.00 edge=394.29 div=155.48
20:40:18.600 CLOCK integ raw=544.64 prev=389.29 new=389.41 d=+0.123 fr=357.68 dt=0.123 rate=1.00 paused=False backlog=5.00 edge=394.41 div=155.48
20:40:18.693 CLOCK integ raw=544.64 prev=389.41 new=389.51 d=+0.094 fr=357.68 dt=0.094 rate=1.00 paused=False backlog=5.00 edge=394.51 div=155.48
20:40:18.727 TICK fr=357.68 cc=389.51 raw=544.64 vid=389.56 playing=1 started=1 stall=0 | d_fr_cc=-31.82 d_fr_raw=-186.96 d_cc_raw=-155.14 | off=-0.43 ccx_end=391.79 since_show=0.0 since_cue=2.0 | pcr=392.968 pid=100 head_rel=392.97 ccx_lag=1.18 | credit=357.7 capped=0.0 | fsize=178061192 feed=178061192 feed_behind=0 | backlog=5.00 edge=394.51 div=155.48 lag_ewma=2.22
20:40:18.819 CLOCK renum raw=276.57 prev=389.51 new=389.63 d=+0.125 fr=357.68 dt=0.125 rate=1.00 paused=False backlog=5.00 edge=394.63 div=-113.06 reject=jump(-268.54)
20:40:18.913 CLOCK integ raw=276.57 prev=389.63 new=389.73 d=+0.095 fr=357.68 dt=0.095 rate=1.00 paused=False backlog=5.00 edge=394.73 div=-113.06
20:40:19.036 CLOCK fold raw=276.82 prev=389.73 new=389.89 d=+0.159 fr=357.68 dt=0.123 rate=1.00 paused=False backlog=4.96 edge=394.85 div=-113.06
20:40:19.130 CLOCK integ raw=276.82 prev=389.89 new=389.98 d=+0.094 fr=357.68 dt=0.094 rate=1.00 paused=False backlog=4.02 edge=394.00 div=-113.06
20:40:19.253 CLOCK integ raw=276.82 prev=389.98 new=390.10 d=+0.123 fr=357.68 dt=0.123 rate=1.00 paused=False backlog=4.02 edge=394.13 div=-113.06
20:40:19.378 XPORT1s rate raw=277.08 fr=357.68 cc=390.10 vid=389.97
20:40:19.379 XPORT1s jump_live raw=277.08 fr=357.68 cc=390.10 vid=389.97
20:40:19.379 XPORT1s jump_edge raw=277.08 fr=357.68 cc=390.10 vid=389.97
20:40:19.382 CLOCK fold raw=277.08 prev=390.10 new=390.14 d=+0.040 fr=357.68 dt=0.129 rate=1.00 paused=False backlog=4.11 edge=394.25 div=-113.06
20:40:19.475 CLOCK integ raw=277.08 prev=390.14 new=390.24 d=+0.093 fr=357.68 dt=0.093 rate=1.00 paused=False backlog=4.11 edge=394.35 div=-113.06
20:40:19.599 CLOCK fold raw=277.34 prev=390.24 new=390.40 d=+0.163 fr=357.68 dt=0.124 rate=1.00 paused=False backlog=4.07 edge=394.47 div=-113.06
20:40:19.723 CLOCK integ raw=277.34 prev=390.40 new=390.52 d=+0.124 fr=357.68 dt=0.124 rate=1.00 paused=False backlog=4.07 edge=394.60 div=-113.06
20:40:19.817 CLOCK fold raw=277.59 prev=390.52 new=390.66 d=+0.132 fr=357.68 dt=0.094 rate=1.00 paused=False backlog=4.03 edge=394.69 div=-113.06
20:40:19.941 CLOCK integ raw=277.59 prev=390.66 new=390.78 d=+0.124 fr=357.68 dt=0.124 rate=1.00 paused=False backlog=4.03 edge=394.81 div=-113.06
20:40:20.034 CLOCK integ raw=277.59 prev=390.78 new=390.87 d=+0.093 fr=357.68 dt=0.093 rate=1.00 paused=False backlog=4.03 edge=394.91 div=-113.06
20:40:20.157 CLOCK fold raw=277.85 prev=390.87 new=390.91 d=+0.038 fr=357.68 dt=0.123 rate=1.00 paused=False backlog=4.12 edge=395.03 div=-113.06
20:40:20.251 CLOCK integ raw=277.85 prev=390.91 new=391.00 d=+0.093 fr=357.68 dt=0.093 rate=1.00 paused=False backlog=4.12 edge=395.12 div=-113.06
20:40:20.374 CLOCK fold raw=278.10 prev=391.00 new=391.17 d=+0.162 fr=357.68 dt=0.123 rate=1.00 paused=False backlog=4.08 edge=395.25 div=-113.06
20:40:20.496 CLOCK integ raw=278.10 prev=391.17 new=391.29 d=+0.122 fr=357.68 dt=0.122 rate=1.00 paused=False backlog=4.08 edge=395.37 div=-113.06
20:40:20.588 CLOCK fold raw=278.36 prev=391.29 new=391.42 d=+0.135 fr=357.68 dt=0.092 rate=1.00 paused=False backlog=4.04 edge=395.46 div=-113.06
20:40:20.710 CLOCK integ raw=278.36 prev=391.42 new=391.54 d=+0.122 fr=357.68 dt=0.122 rate=1.00 paused=False backlog=4.04 edge=395.58 div=-113.06
20:40:20.802 CLOCK integ raw=278.36 prev=391.54 new=391.64 d=+0.092 fr=357.68 dt=0.092 rate=1.00 paused=False backlog=4.04 edge=395.67 div=-113.06
20:40:20.926 CLOCK fold raw=278.62 prev=391.64 new=391.68 d=+0.042 fr=357.68 dt=0.124 rate=1.00 paused=False backlog=4.12 edge=395.80 div=-113.06
20:40:21.019 CLOCK integ raw=278.62 prev=391.68 new=391.77 d=+0.093 fr=357.68 dt=0.093 rate=1.00 paused=False backlog=4.12 edge=395.89 div=-113.06
20:40:21.113 EDGESNAP err=-2.92 edge->392.97
20:40:21.144 CLOCK fold raw=278.87 prev=391.77 new=391.94 d=+0.164 fr=357.68 dt=0.125 rate=1.00 paused=False backlog=1.16 edge=393.09 div=-113.06
20:40:21.236 CLOCK integ raw=278.87 prev=391.94 new=392.03 d=+0.092 fr=357.68 dt=0.092 rate=1.00 paused=False backlog=1.16 edge=393.18 div=-113.06
20:40:21.359 CLOCK fold raw=279.13 prev=392.03 new=392.19 d=+0.162 fr=357.68 dt=0.122 rate=1.00 paused=False backlog=1.12 edge=393.31 div=-113.06
20:40:21.460 CLOCK integ raw=279.13 prev=392.19 new=392.29 d=+0.102 fr=357.68 dt=0.102 rate=1.00 paused=False backlog=1.12 edge=393.41 div=-113.06
20:40:21.563 CLOCK integ raw=279.13 prev=392.29 new=392.39 d=+0.103 fr=357.68 dt=0.103 rate=1.00 paused=False backlog=1.12 edge=393.51 div=-113.06
20:40:21.764 CLOCK fold raw=279.38 prev=392.39 new=392.45 d=+0.053 fr=357.68 dt=0.202 rate=1.00 paused=False backlog=1.27 edge=393.71 div=-113.06
20:40:21.866 CLOCK fold raw=279.64 prev=392.45 new=392.70 d=+0.256 fr=357.68 dt=0.102 rate=1.00 paused=False backlog=1.11 edge=393.81 div=-113.06
20:40:21.969 CLOCK integ raw=279.64 prev=392.70 new=392.80 d=+0.102 fr=357.68 dt=0.102 rate=1.00 paused=False backlog=1.11 edge=393.92 div=-113.06
20:40:22.070 CLOCK integ raw=279.64 prev=392.80 new=392.91 d=+0.101 fr=357.68 dt=0.101 rate=1.00 paused=False backlog=1.11 edge=394.02 div=-113.06
20:40:22.172 CLOCK fold raw=279.90 prev=392.91 new=392.96 d=+0.051 fr=357.68 dt=0.102 rate=1.00 paused=False backlog=1.16 edge=394.12 div=-113.06
20:40:22.273 CLOCK integ raw=279.90 prev=392.96 new=393.06 d=+0.101 fr=357.68 dt=0.101 rate=1.00 paused=False backlog=1.16 edge=394.22 div=-113.06
20:40:22.374 CLOCK fold raw=280.15 prev=393.06 new=393.21 d=+0.155 fr=357.68 dt=0.101 rate=1.00 paused=False backlog=1.11 edge=394.32 div=-113.06
20:40:22.475 CLOCK integ raw=280.15 prev=393.21 new=393.31 d=+0.101 fr=357.68 dt=0.101 rate=1.00 paused=False backlog=1.11 edge=394.42 div=-113.06
20:40:22.577 CLOCK integ raw=280.15 prev=393.31 new=393.42 d=+0.102 fr=357.68 dt=0.102 rate=1.00 paused=False backlog=1.11 edge=394.53 div=-113.06
20:40:22.680 CLOCK fold raw=280.41 prev=393.42 new=393.47 d=+0.055 fr=357.68 dt=0.103 rate=1.00 paused=False backlog=1.16 edge=394.63 div=-113.06
20:40:22.780 CLOCK integ raw=280.41 prev=393.47 new=393.57 d=+0.101 fr=357.68 dt=0.101 rate=1.00 paused=False backlog=1.16 edge=394.73 div=-113.06
20:40:22.882 CLOCK fold raw=280.66 prev=393.57 new=393.73 d=+0.153 fr=357.68 dt=0.102 rate=1.00 paused=False backlog=1.11 edge=394.83 div=-113.06
20:40:22.983 CLOCK integ raw=280.66 prev=393.73 new=393.83 d=+0.101 fr=357.68 dt=0.101 rate=1.00 paused=False backlog=1.11 edge=394.93 div=-113.06
20:40:23.087 CLOCK integ raw=280.66 prev=393.83 new=393.93 d=+0.104 fr=357.68 dt=0.104 rate=1.00 paused=False backlog=0.12 edge=394.05 div=-113.06
20:40:23.289 CLOCK fold raw=280.92 prev=393.93 new=393.98 d=+0.051 fr=357.68 dt=0.202 rate=1.00 paused=False backlog=0.27 edge=394.26 div=-113.06
20:40:23.390 CLOCK fold raw=281.18 prev=393.98 new=394.24 d=+0.256 fr=357.68 dt=0.101 rate=1.00 paused=False backlog=0.12 edge=394.36 div=-113.06
20:40:23.492 CLOCK integ raw=281.18 prev=394.24 new=394.34 d=+0.102 fr=364.57 dt=0.102 rate=1.00 paused=False backlog=0.12 edge=394.46 div=-113.06
20:40:23.525 CUE cx=[391.79..394.19] adv=2.40 el=6.78 fresh | off=-0.43 fr=364.57 cc=394.34 raw=281.18 lead=-0.58 | pcr=396.130 head_rel=396.13 lag_ewma=2.22 | q=grill sold for $16, and this / Nintendo Switch sold for less
20:40:23.627 ANCHOR pend_end=394.19 L=2.12 pinL=1.94 target=-0.84 off=-0.43
20:40:23.629 CLOCK fold raw=281.43 prev=394.34 new=394.49 d=+0.154 fr=364.57 dt=0.136 rate=1.00 paused=False backlog=0.94 edge=395.43 div=-113.06
20:40:23.730 CLOCK integ raw=281.43 prev=394.49 new=394.59 d=+0.101 fr=364.57 dt=0.101 rate=1.00 paused=False backlog=0.94 edge=395.53 div=-113.06
20:40:23.734 TICK fr=364.57 cc=394.59 raw=281.43 vid=394.51 playing=1 started=1 stall=0 | d_fr_cc=-30.03 d_fr_raw=+83.14 d_cc_raw=+113.16 | off=-0.63 ccx_end=394.19 since_show=3.1 since_cue=0.2 | pcr=396.551 pid=100 head_rel=396.55 ccx_lag=2.36 | credit=364.6 capped=0.0 | fsize=179719164 feed=179719164 feed_behind=0 | backlog=0.94 edge=395.53 div=-113.06 lag_ewma=2.12
20:40:23.735 CUE cx=[394.19..395.63] adv=1.44 el=0.24 fresh | off=-0.63 fr=364.57 cc=394.59 raw=281.43 lead=+0.40 | pcr=396.130 head_rel=396.13 lag_ewma=2.12 | q=Nintendo Switch sold for less / than $20. Deals like these, 
20:40:23.836 ANCHOR pend_end=395.63 L=1.55 pinL=0.50 target=-0.30 off=-0.63
20:40:23.836 CLOCK integ raw=281.43 prev=394.59 new=394.70 d=+0.106 fr=364.57 dt=0.106 rate=1.00 paused=False backlog=1.24 edge=395.94 div=-113.06
20:40:23.837 PAINT after 3.2 s blank (t=394.70)
20:40:23.939 CLOCK fold raw=281.69 prev=394.70 new=394.75 d=+0.050 fr=364.91 dt=0.103 rate=1.00 paused=False backlog=1.29 edge=396.04 div=-113.06
20:40:24.041 CLOCK integ raw=281.69 prev=394.75 new=394.85 d=+0.102 fr=364.91 dt=0.102 rate=1.00 paused=False backlog=1.29 edge=396.14 div=-113.06
20:40:24.144 CLOCK fold raw=281.95 prev=394.85 new=395.01 d=+0.161 fr=364.91 dt=0.103 rate=1.00 paused=False backlog=1.23 edge=396.24 div=-113.06
20:40:24.246 CLOCK integ raw=281.95 prev=395.01 new=395.12 d=+0.102 fr=364.91 dt=0.102 rate=1.00 paused=False backlog=1.23 edge=396.35 div=-113.06
20:40:24.349 CLOCK integ raw=281.95 prev=395.12 new=395.22 d=+0.103 fr=364.91 dt=0.103 rate=1.00 paused=False backlog=1.23 edge=396.45 div=-113.06
20:40:24.452 CLOCK fold raw=282.20 prev=395.22 new=395.26 d=+0.045 fr=364.91 dt=0.102 rate=1.00 paused=False backlog=1.29 edge=396.55 div=-113.06
20:40:24.554 CLOCK integ raw=282.20 prev=395.26 new=395.37 d=+0.102 fr=364.91 dt=0.102 rate=1.00 paused=False backlog=1.29 edge=396.65 div=-113.06
20:40:24.656 CLOCK fold raw=282.46 prev=395.37 new=395.52 d=+0.154 fr=364.91 dt=0.102 rate=1.00 paused=False backlog=1.24 edge=396.76 div=-113.06
20:40:24.758 CLOCK integ raw=282.46 prev=395.52 new=395.62 d=+0.103 fr=364.91 dt=0.103 rate=1.00 paused=False backlog=1.24 edge=396.86 div=-113.06
20:40:24.860 CLOCK integ raw=282.46 prev=395.62 new=395.72 d=+0.102 fr=364.91 dt=0.102 rate=1.00 paused=False backlog=1.24 edge=396.96 div=-113.06
20:40:24.962 CLOCK fold raw=282.71 prev=395.72 new=395.77 d=+0.050 fr=364.91 dt=0.102 rate=1.00 paused=False backlog=1.29 edge=397.06 div=-113.06
20:40:25.066 CLOCK integ raw=282.71 prev=395.77 new=395.88 d=+0.104 fr=364.91 dt=0.104 rate=1.00 paused=False backlog=1.29 edge=397.17 div=-113.06
20:40:25.171 CLOCK fold raw=282.97 prev=395.88 new=396.03 d=+0.152 fr=364.91 dt=0.105 rate=1.00 paused=False backlog=0.93 edge=396.96 div=-113.06
20:40:25.374 CLOCK integ raw=282.97 prev=396.03 new=396.23 d=+0.203 fr=364.91 dt=0.203 rate=1.00 paused=False backlog=0.93 edge=397.17 div=-113.06
20:40:25.475 CLOCK fold raw=283.22 prev=396.23 new=396.29 d=+0.052 fr=364.91 dt=0.101 rate=1.00 paused=False backlog=0.98 edge=397.27 div=-113.06
20:40:25.576 CLOCK integ raw=283.22 prev=396.29 new=396.39 d=+0.101 fr=364.91 dt=0.101 rate=1.00 paused=False backlog=0.98 edge=397.37 div=-113.06
20:40:25.677 CLOCK fold raw=283.48 prev=396.39 new=396.54 d=+0.156 fr=364.91 dt=0.101 rate=1.00 paused=False backlog=0.93 edge=397.47 div=-113.06
20:40:25.779 CLOCK integ raw=283.48 prev=396.54 new=396.64 d=+0.102 fr=364.91 dt=0.102 rate=1.00 paused=False backlog=0.93 edge=397.57 div=-113.06
20:40:25.882 CLOCK integ raw=283.48 prev=396.64 new=396.75 d=+0.103 fr=364.91 dt=0.103 rate=1.00 paused=False backlog=0.93 edge=397.67 div=-113.06
20:40:25.984 CLOCK fold raw=283.74 prev=396.75 new=396.80 d=+0.051 fr=364.91 dt=0.102 rate=1.00 paused=False backlog=0.98 edge=397.78 div=-113.06
20:40:26.086 CLOCK integ raw=283.74 prev=396.80 new=396.90 d=+0.102 fr=364.91 dt=0.102 rate=1.00 paused=False backlog=0.98 edge=397.88 div=-113.06
20:40:26.187 CLOCK fold raw=283.99 prev=396.90 new=397.05 d=+0.153 fr=364.91 dt=0.101 rate=1.00 paused=False backlog=0.93 edge=397.98 div=-113.06
20:40:26.289 CLOCK integ raw=283.99 prev=397.05 new=397.15 d=+0.101 fr=364.91 dt=0.101 rate=1.00 paused=False backlog=0.93 edge=398.08 div=-113.06
20:40:26.390 CLOCK integ raw=283.99 prev=397.15 new=397.26 d=+0.103 fr=364.91 dt=0.103 rate=1.00 paused=False backlog=0.93 edge=398.18 div=-113.06
20:40:26.491 CLOCK fold raw=284.25 prev=397.26 new=397.31 d=+0.053 fr=364.91 dt=0.101 rate=1.00 paused=False backlog=0.97 edge=398.28 div=-113.06
20:40:26.593 CLOCK integ raw=284.25 prev=397.31 new=397.41 d=+0.101 fr=364.91 dt=0.101 rate=1.00 paused=False backlog=0.97 edge=398.38 div=-113.06
20:40:26.795 CLOCK fold raw=284.50 prev=397.41 new=397.57 d=+0.156 fr=364.91 dt=0.202 rate=1.00 paused=False backlog=1.02 edge=398.59 div=-113.06
20:40:26.896 CLOCK integ raw=284.50 prev=397.57 new=397.67 d=+0.101 fr=364.91 dt=0.101 rate=1.00 paused=False backlog=1.02 edge=398.69 div=-113.06
20:40:26.998 CLOCK fold raw=284.76 prev=397.67 new=397.83 d=+0.158 fr=364.91 dt=0.102 rate=1.00 paused=False backlog=0.97 edge=398.79 div=-113.06
20:40:27.100 CLOCK integ raw=284.76 prev=397.83 new=397.93 d=+0.102 fr=364.91 dt=0.102 rate=1.00 paused=False backlog=0.97 edge=398.89 div=-113.06
20:40:27.204 CLOCK integ raw=284.76 prev=397.93 new=398.03 d=+0.104 fr=364.91 dt=0.104 rate=1.00 paused=False backlog=0.00 edge=398.03 div=-113.06
20:40:27.305 CLOCK fold raw=285.02 prev=398.03 new=398.08 d=+0.046 fr=364.91 dt=0.101 rate=1.00 paused=False backlog=0.05 edge=398.13 div=-113.06
20:40:27.406 CLOCK integ raw=285.02 prev=398.08 new=398.18 d=+0.101 fr=364.91 dt=0.101 rate=1.00 paused=False backlog=0.05 edge=398.23 div=-113.06
20:40:27.507 CLOCK fold raw=285.27 prev=398.18 new=398.33 d=+0.156 fr=364.91 dt=0.101 rate=1.00 paused=False backlog=0.00 edge=398.33 div=-113.06
20:40:27.609 CLOCK integ raw=285.27 prev=398.33 new=398.44 d=+0.102 fr=364.91 dt=0.102 rate=1.00 paused=False backlog=0.00 edge=398.44 div=-113.06
20:40:27.710 CLOCK integ raw=285.27 prev=398.44 new=398.54 d=+0.101 fr=364.91 dt=0.101 rate=1.00 paused=False backlog=0.00 edge=398.54 div=-113.06
20:40:27.811 CLOCK fold raw=285.53 prev=398.54 new=398.59 d=+0.053 fr=364.91 dt=0.102 rate=1.00 paused=False backlog=0.05 edge=398.64 div=-113.06
20:40:27.913 CLOCK integ raw=285.53 prev=398.59 new=398.69 d=+0.102 fr=364.91 dt=0.102 rate=1.00 paused=False backlog=0.05 edge=398.74 div=-113.06
20:40:28.015 CLOCK fold raw=285.79 prev=398.69 new=398.85 d=+0.159 fr=364.91 dt=0.102 rate=1.00 paused=False backlog=0.00 edge=398.85 div=-113.06
20:40:28.116 CLOCK integ raw=285.79 prev=398.85 new=398.95 d=+0.101 fr=364.91 dt=0.101 rate=1.00 paused=False backlog=0.00 edge=398.95 div=-113.06
20:40:28.320 CLOCK fold raw=286.04 prev=398.95 new=399.10 d=+0.150 fr=364.91 dt=0.203 rate=1.00 paused=False backlog=0.05 edge=399.16 div=-113.06
20:40:28.421 CLOCK integ raw=286.04 prev=399.10 new=399.20 d=+0.102 fr=369.40 dt=0.102 rate=1.00 paused=False backlog=0.05 edge=399.26 div=-113.06
20:40:28.522 CLOCK fold raw=286.30 prev=399.20 new=399.36 d=+0.154 fr=369.40 dt=0.101 rate=1.00 paused=False backlog=0.00 edge=399.36 div=-113.06
20:40:28.623 CLOCK integ raw=286.30 prev=399.36 new=399.46 d=+0.101 fr=369.40 dt=0.101 rate=1.00 paused=False backlog=0.00 edge=399.46 div=-113.06
20:40:28.726 CLOCK integ raw=286.30 prev=399.46 new=399.56 d=+0.102 fr=369.40 dt=0.102 rate=1.00 paused=False backlog=0.00 edge=399.56 div=-113.06
20:40:28.759 TICK fr=369.80 cc=399.56 raw=286.30 vid=399.75 playing=1 started=1 stall=0 | d_fr_cc=-29.76 d_fr_raw=+83.51 d_cc_raw=+113.26 | off=-0.47 ccx_end=395.63 since_show=4.4 since_cue=5.0 | pcr=401.537 pid=100 head_rel=401.54 ccx_lag=5.91 | credit=369.8 capped=0.0 | fsize=182359624 feed=181507232 feed_behind=852392 | backlog=0.00 edge=399.56 div=-113.06 lag_ewma=1.55
20:40:28.798 CUE cx=[395.63..397.83] adv=2.20 el=5.03 fresh | off=-0.47 fr=369.80 cc=399.56 raw=286.56 lead=-2.20 | pcr=401.958 head_rel=401.96 lag_ewma=1.55 | q=than $20. Deals like these, and / many more happen in the / 
20:40:28.900 ANCHOR pend_end=397.83 L=2.45 pinL=4.13 target=-1.20 off=-0.47
20:40:28.900 CLOCK fold raw=286.56 prev=399.56 new=399.62 d=+0.058 fr=369.80 dt=0.175 rate=1.00 paused=False backlog=1.32 edge=400.93 div=-113.06
20:40:29.003 CUE cx=[397.83..399.03] adv=1.20 el=0.24 fresh | off=-0.83 fr=369.80 cc=399.62 raw=286.81 lead=-1.42 | pcr=401.958 head_rel=401.96 lag_ewma=2.45 | q=many more happen in the / thousands of daily auctions on / d
20:40:29.004 CUE cx=[399.03..401.37] adv=2.33 el=0.00 fresh | off=-0.83 fr=369.80 cc=399.62 raw=286.81 lead=+0.91 | pcr=401.958 head_rel=401.96 lag_ewma=2.45 | q=thousands of daily auctions on / dealdash.com. All auctions 
20:40:29.004 ANCHOR pend_end=401.37 L=1.80 pinL=0.59 target=-0.26 off=-0.83
20:40:29.004 CLOCK fold raw=286.81 prev=399.62 new=399.87 d=+0.251 fr=369.80 dt=0.103 rate=1.00 paused=False backlog=1.94 edge=401.81 div=-113.06
20:40:29.004 PAINT after 4.7 s blank (t=399.87)
20:40:29.128 EDGESNAP err=+3.38 edge->405.19
20:40:29.130 CLOCK integ raw=286.81 prev=399.87 new=400.00 d=+0.127 fr=370.21 dt=0.127 rate=1.00 paused=False backlog=5.32 edge=405.31 div=-113.06
20:40:29.233 CLOCK integ raw=286.81 prev=400.00 new=400.10 d=+0.102 fr=370.21 dt=0.102 rate=1.00 paused=False backlog=5.32 edge=405.42 div=-113.06
20:40:29.334 CUE cx=[401.37..403.17] adv=1.80 el=0.33 fresh | off=-0.54 fr=370.21 cc=400.10 raw=287.06 lead=+2.53 | pcr=405.189 head_rel=405.19 lag_ewma=1.80 | q=dealdash.com. All auctions / start at $0. And remember, / ev
20:40:29.336 ANCHOR pend_end=403.17 L=1.88 pinL=2.02 target=0.11 off=-0.54
20:40:29.336 CLOCK fold raw=287.06 prev=400.10 new=400.13 d=+0.027 fr=370.21 dt=0.103 rate=1.00 paused=False backlog=5.28 edge=405.41 div=-113.06
20:40:29.538 CLOCK fold raw=287.32 prev=400.13 new=400.38 d=+0.255 fr=370.21 dt=0.202 rate=1.00 paused=False backlog=5.23 edge=405.61 div=-113.06
20:40:29.540 CUE cx=[403.17..406.07] adv=2.90 el=0.20 fresh | off=-0.21 fr=370.21 cc=400.38 raw=287.32 lead=+5.48 | pcr=407.158 head_rel=407.16 lag_ewma=1.88 | q=start at $0. And remember, / everything must go. I got this 
20:40:29.641 ANCHOR pend_end=406.07 L=1.60 pinL=1.09 target=-0.77 off=-0.21
20:40:29.641 CLOCK integ raw=287.32 prev=400.38 new=400.48 d=+0.104 fr=370.62 dt=0.104 rate=1.00 paused=False backlog=6.00 edge=406.49 div=-113.06
20:40:29.743 CLOCK integ raw=287.32 prev=400.48 new=400.59 d=+0.102 fr=370.62 dt=0.102 rate=1.00 paused=False backlog=6.00 edge=406.59 div=-113.06
20:40:29.844 CLOCK fold raw=287.58 prev=400.59 new=400.64 d=+0.052 fr=370.62 dt=0.101 rate=1.00 paused=False backlog=6.05 edge=406.69 div=-113.06
20:40:29.945 CLOCK integ raw=287.58 prev=400.64 new=400.74 d=+0.101 fr=370.62 dt=0.101 rate=1.00 paused=False backlog=6.05 edge=406.79 div=-113.06
20:40:30.047 CLOCK fold raw=287.83 prev=400.74 new=400.89 d=+0.155 fr=370.62 dt=0.102 rate=1.00 paused=False backlog=6.00 edge=406.89 div=-113.06
20:40:30.150 CLOCK integ raw=287.83 prev=400.89 new=401.00 d=+0.102 fr=370.62 dt=0.102 rate=1.00 paused=False backlog=6.00 edge=406.99 div=-113.06
20:40:30.252 CLOCK integ raw=287.83 prev=401.00 new=401.10 d=+0.102 fr=370.62 dt=0.102 rate=1.00 paused=False backlog=6.00 edge=407.10 div=-113.06
20:40:30.355 CLOCK fold raw=288.09 prev=401.10 new=401.15 d=+0.050 fr=370.62 dt=0.103 rate=1.00 paused=False backlog=6.05 edge=407.20 div=-113.06
20:40:30.456 CLOCK integ raw=288.09 prev=401.15 new=401.25 d=+0.101 fr=370.62 dt=0.101 rate=1.00 paused=False backlog=6.05 edge=407.30 div=-113.06
20:40:30.559 CLOCK fold raw=288.34 prev=401.25 new=401.41 d=+0.155 fr=370.62 dt=0.103 rate=1.00 paused=False backlog=6.00 edge=407.40 div=-113.06
20:40:30.661 CLOCK integ raw=288.34 prev=401.41 new=401.51 d=+0.102 fr=370.62 dt=0.102 rate=1.00 paused=False backlog=6.00 edge=407.51 div=-113.06
20:40:30.767 CLOCK integ raw=288.34 prev=401.51 new=401.61 d=+0.106 fr=370.62 dt=0.106 rate=1.00 paused=False backlog=6.00 edge=407.61 div=-113.06
20:40:30.970 CLOCK fold raw=288.60 prev=401.61 new=401.66 d=+0.048 fr=370.62 dt=0.204 rate=1.00 paused=False backlog=6.15 edge=407.81 div=-113.06
20:40:31.072 CLOCK fold raw=288.86 prev=401.66 new=401.92 d=+0.257 fr=370.62 dt=0.102 rate=1.00 paused=False backlog=6.00 edge=407.92 div=-113.06
20:40:31.175 CLOCK integ raw=288.86 prev=401.92 new=402.02 d=+0.103 fr=370.62 dt=0.103 rate=1.00 paused=False backlog=5.62 edge=407.64 div=-113.06
20:40:31.277 CLOCK integ raw=288.86 prev=402.02 new=402.12 d=+0.102 fr=370.62 dt=0.102 rate=1.00 paused=False backlog=5.62 edge=407.74 div=-113.06
20:40:31.379 CLOCK fold raw=289.11 prev=402.12 new=402.17 d=+0.050 fr=370.62 dt=0.102 rate=1.00 paused=False backlog=5.67 edge=407.84 div=-113.06
20:40:31.481 CLOCK integ raw=289.11 prev=402.17 new=402.27 d=+0.102 fr=370.62 dt=0.102 rate=1.00 paused=False backlog=5.67 edge=407.95 div=-113.06
20:40:31.582 CLOCK fold raw=289.37 prev=402.27 new=402.43 d=+0.156 fr=370.62 dt=0.101 rate=1.00 paused=False backlog=5.62 edge=408.05 div=-113.06
20:40:31.684 CLOCK integ raw=289.37 prev=402.43 new=402.53 d=+0.102 fr=370.62 dt=0.102 rate=1.00 paused=False backlog=5.62 edge=408.15 div=-113.06
20:40:31.786 CLOCK integ raw=289.37 prev=402.53 new=402.63 d=+0.102 fr=370.62 dt=0.102 rate=1.00 paused=False backlog=5.62 edge=408.25 div=-113.06
20:40:31.887 CLOCK fold raw=289.62 prev=402.63 new=402.69 d=+0.051 fr=370.62 dt=0.102 rate=1.00 paused=False backlog=5.67 edge=408.35 div=-113.06
20:40:31.989 CLOCK integ raw=289.62 prev=402.69 new=402.79 d=+0.101 fr=370.62 dt=0.101 rate=1.00 paused=False backlog=5.67 edge=408.45 div=-113.06
20:40:32.090 CLOCK fold raw=289.88 prev=402.79 new=402.94 d=+0.154 fr=370.62 dt=0.102 rate=1.00 paused=False backlog=5.61 edge=408.55 div=-113.06
20:40:32.191 CLOCK integ raw=289.88 prev=402.94 new=403.04 d=+0.101 fr=370.62 dt=0.101 rate=1.00 paused=False backlog=5.61 edge=408.66 div=-113.06
20:40:32.393 CLOCK fold raw=290.14 prev=403.04 new=403.20 d=+0.157 fr=370.62 dt=0.202 rate=1.00 paused=False backlog=5.66 edge=408.86 div=-113.06
20:40:32.494 CLOCK integ raw=290.14 prev=403.20 new=403.30 d=+0.102 fr=370.62 dt=0.102 rate=1.00 paused=False backlog=5.66 edge=408.96 div=-113.06
20:40:32.595 CLOCK fold raw=290.39 prev=403.30 new=403.46 d=+0.154 fr=370.62 dt=0.101 rate=1.00 paused=False backlog=5.60 edge=409.06 div=-113.06
20:40:32.696 CLOCK integ raw=290.39 prev=403.46 new=403.56 d=+0.101 fr=370.62 dt=0.101 rate=1.00 paused=False backlog=5.60 edge=409.16 div=-113.06
20:40:32.799 CLOCK integ raw=290.39 prev=403.56 new=403.66 d=+0.102 fr=370.62 dt=0.102 rate=1.00 paused=False backlog=5.60 edge=409.26 div=-113.06
20:40:32.900 CLOCK fold raw=290.65 prev=403.66 new=403.71 d=+0.054 fr=370.62 dt=0.102 rate=1.00 paused=False backlog=5.65 edge=409.36 div=-113.06
20:40:33.002 CLOCK integ raw=290.65 prev=403.71 new=403.81 d=+0.102 fr=370.62 dt=0.102 rate=1.00 paused=False backlog=5.65 edge=409.47 div=-113.06
20:40:33.103 CLOCK fold raw=290.90 prev=403.81 new=403.97 d=+0.151 fr=370.62 dt=0.101 rate=1.00 paused=False backlog=5.60 edge=409.57 div=-113.06
20:40:33.206 CLOCK integ raw=290.90 prev=403.97 new=404.07 d=+0.103 fr=370.62 dt=0.103 rate=1.00 paused=False backlog=4.40 edge=408.47 div=-113.06
20:40:33.308 CLOCK integ raw=290.90 prev=404.07 new=404.17 d=+0.102 fr=370.62 dt=0.102 rate=1.00 paused=False backlog=4.40 edge=408.57 div=-113.06
20:40:33.409 CLOCK fold raw=291.16 prev=404.17 new=404.22 d=+0.051 fr=370.62 dt=0.101 rate=1.00 paused=False backlog=4.45 edge=408.67 div=-113.06
20:40:33.511 CLOCK integ raw=291.16 prev=404.22 new=404.32 d=+0.101 fr=370.62 dt=0.101 rate=1.00 paused=False backlog=4.45 edge=408.77 div=-113.06
20:40:33.614 CLOCK fold raw=291.42 prev=404.32 new=404.48 d=+0.155 fr=370.62 dt=0.102 rate=1.00 paused=False backlog=4.39 edge=408.87 div=-113.06
20:40:33.816 TICK fr=370.62 cc=404.48 raw=291.42 vid=404.63 playing=1 started=1 stall=0 | d_fr_cc=-33.86 d_fr_raw=+79.20 d_cc_raw=+113.06 | off=-0.49 ccx_end=406.07 since_show=0.2 since_cue=4.3 | pcr=407.158 pid=100 head_rel=407.16 ccx_lag=1.09 | credit=370.6 capped=0.0 | fsize=184892736 feed=184892736 feed_behind=0 | backlog=4.39 edge=408.87 div=-113.06 lag_ewma=1.60
20:40:33.817 CLOCK integ raw=291.42 prev=404.48 new=404.68 d=+0.205 fr=370.62 dt=0.205 rate=1.00 paused=False backlog=4.39 edge=409.08 div=-113.06
20:40:33.918 CLOCK fold raw=291.67 prev=404.68 new=404.73 d=+0.052 fr=370.62 dt=0.101 rate=1.00 paused=False backlog=4.44 edge=409.18 div=-113.06
20:40:34.020 CLOCK integ raw=291.67 prev=404.73 new=404.84 d=+0.101 fr=370.62 dt=0.101 rate=1.00 paused=False backlog=4.44 edge=409.28 div=-113.06
20:40:34.122 CLOCK fold raw=291.93 prev=404.84 new=404.99 d=+0.156 fr=370.62 dt=0.103 rate=1.00 paused=False backlog=4.39 edge=409.38 div=-113.06
20:40:34.226 CLOCK integ raw=291.93 prev=404.99 new=405.09 d=+0.103 fr=370.62 dt=0.103 rate=1.00 paused=False backlog=4.39 edge=409.48 div=-113.06
20:40:34.329 CLOCK integ raw=291.93 prev=405.09 new=405.20 d=+0.102 fr=370.62 dt=0.102 rate=1.00 paused=False backlog=4.39 edge=409.59 div=-113.06
20:40:34.431 CLOCK fold raw=292.19 prev=405.20 new=405.25 d=+0.050 fr=370.62 dt=0.103 rate=1.00 paused=False backlog=4.44 edge=409.69 div=-113.06
20:40:34.534 CLOCK integ raw=292.19 prev=405.25 new=405.35 d=+0.103 fr=370.62 dt=0.103 rate=1.00 paused=False backlog=4.44 edge=409.79 div=-113.06
20:40:34.636 CLOCK fold raw=292.44 prev=405.35 new=405.50 d=+0.152 fr=370.62 dt=0.102 rate=1.00 paused=False backlog=4.39 edge=409.89 div=-113.06
20:40:34.737 CLOCK integ raw=292.44 prev=405.50 new=405.60 d=+0.102 fr=370.62 dt=0.102 rate=1.00 paused=False backlog=4.39 edge=410.00 div=-113.06
20:40:34.839 CLOCK integ raw=292.44 prev=405.60 new=405.71 d=+0.102 fr=370.62 dt=0.102 rate=1.00 paused=False backlog=4.39 edge=410.10 div=-113.06
20:40:34.941 CLOCK fold raw=292.70 prev=405.71 new=405.76 d=+0.051 fr=370.62 dt=0.102 rate=1.00 paused=False backlog=4.44 edge=410.20 div=-113.06
20:40:35.042 CLOCK integ raw=292.70 prev=405.76 new=405.86 d=+0.101 fr=370.62 dt=0.101 rate=1.00 paused=False backlog=4.44 edge=410.30 div=-113.06
20:40:35.144 EDGESNAP err=-3.14 edge->407.16
20:40:35.144 CLOCK fold raw=292.95 prev=405.86 new=406.01 d=+0.156 fr=370.62 dt=0.102 rate=1.00 paused=False backlog=1.24 edge=407.26 div=-113.06
20:40:35.246 CLOCK integ raw=292.95 prev=406.01 new=406.12 d=+0.102 fr=370.62 dt=0.102 rate=1.00 paused=False backlog=1.24 edge=407.36 div=-113.06
20:40:35.447 CLOCK fold raw=293.21 prev=406.12 new=406.27 d=+0.153 fr=370.62 dt=0.201 rate=1.00 paused=False backlog=1.29 edge=407.56 div=-113.06
20:40:35.549 CLOCK integ raw=293.21 prev=406.27 new=406.37 d=+0.101 fr=370.62 dt=0.101 rate=1.00 paused=False backlog=1.29 edge=407.66 div=-113.06
20:40:35.650 CLOCK integ raw=293.21 prev=406.37 new=406.47 d=+0.101 fr=370.62 dt=0.101 rate=1.00 paused=False backlog=1.29 edge=407.76 div=-113.06
20:40:35.752 CLOCK fold raw=293.46 prev=406.47 new=406.53 d=+0.054 fr=370.62 dt=0.102 rate=1.00 paused=False backlog=1.34 edge=407.87 div=-113.06
20:40:35.853 CLOCK integ raw=293.46 prev=406.53 new=406.63 d=+0.101 fr=370.62 dt=0.101 rate=1.00 paused=False backlog=1.34 edge=407.97 div=-113.06
20:40:35.954 CLOCK fold raw=293.72 prev=406.63 new=406.78 d=+0.154 fr=370.62 dt=0.101 rate=1.00 paused=False backlog=1.29 edge=408.07 div=-113.06
20:40:36.055 CLOCK integ raw=293.72 prev=406.78 new=406.88 d=+0.101 fr=370.62 dt=0.101 rate=1.00 paused=False backlog=1.29 edge=408.17 div=-113.06
20:40:36.157 CLOCK integ raw=293.72 prev=406.88 new=406.98 d=+0.101 fr=370.62 dt=0.101 rate=1.00 paused=False backlog=1.29 edge=408.27 div=-113.06
20:40:36.258 CLOCK fold raw=293.98 prev=406.98 new=407.04 d=+0.054 fr=370.62 dt=0.102 rate=1.00 paused=False backlog=1.34 edge=408.37 div=-113.06
20:40:36.360 CLOCK integ raw=293.98 prev=407.04 new=407.14 d=+0.101 fr=370.62 dt=0.101 rate=1.00 paused=False backlog=1.34 edge=408.47 div=-113.06
20:40:36.461 CLOCK fold raw=294.23 prev=407.14 new=407.29 d=+0.155 fr=370.62 dt=0.102 rate=1.00 paused=False backlog=1.28 edge=408.58 div=-113.06
20:40:36.663 CLOCK integ raw=294.23 prev=407.29 new=407.50 d=+0.202 fr=370.62 dt=0.202 rate=1.00 paused=False backlog=1.28 edge=408.78 div=-113.06
20:40:36.765 CLOCK fold raw=294.49 prev=407.50 new=407.55 d=+0.054 fr=370.62 dt=0.102 rate=1.00 paused=False backlog=1.33 edge=408.88 div=-113.06
20:40:36.866 CLOCK integ raw=294.49 prev=407.55 new=407.65 d=+0.101 fr=370.62 dt=0.101 rate=1.00 paused=False backlog=1.33 edge=408.98 div=-113.06
20:40:36.969 CLOCK fold raw=294.74 prev=407.65 new=407.81 d=+0.155 fr=370.62 dt=0.102 rate=1.00 paused=False backlog=1.28 edge=409.08 div=-113.06
20:40:37.071 CLOCK integ raw=294.74 prev=407.81 new=407.91 d=+0.103 fr=370.62 dt=0.103 rate=1.00 paused=False backlog=1.28 edge=409.19 div=-113.06
20:40:37.175 CLOCK integ raw=294.74 prev=407.91 new=408.01 d=+0.104 fr=370.62 dt=0.104 rate=1.00 paused=False backlog=0.26 edge=408.28 div=-113.06
20:40:37.277 CLOCK fold raw=295.00 prev=408.01 new=408.06 d=+0.048 fr=370.62 dt=0.102 rate=1.00 paused=False backlog=0.32 edge=408.38 div=-113.06
20:40:37.379 CLOCK integ raw=295.00 prev=408.06 new=408.16 d=+0.102 fr=370.62 dt=0.102 rate=1.00 paused=False backlog=0.32 edge=408.48 div=-113.06
20:40:37.481 CLOCK fold raw=295.26 prev=408.16 new=408.32 d=+0.155 fr=370.62 dt=0.102 rate=1.00 paused=False backlog=0.26 edge=408.58 div=-113.06
20:40:37.584 CLOCK integ raw=295.26 prev=408.32 new=408.42 d=+0.103 fr=370.62 dt=0.103 rate=1.00 paused=False backlog=0.26 edge=408.68 div=-113.06
20:40:37.686 CLOCK integ raw=295.26 prev=408.42 new=408.52 d=+0.102 fr=370.62 dt=0.102 rate=1.00 paused=False backlog=0.26 edge=408.79 div=-113.06
20:40:37.789 CLOCK fold raw=295.51 prev=408.52 new=408.57 d=+0.051 fr=370.62 dt=0.103 rate=1.00 paused=False backlog=0.26 edge=408.84 div=-113.06
20:40:37.891 CLOCK integ raw=295.51 prev=408.57 new=408.68 d=+0.102 fr=370.62 dt=0.102 rate=1.00 paused=False backlog=0.26 edge=408.94 div=-113.06
20:40:37.992 CLOCK fold raw=295.77 prev=408.68 new=408.83 d=+0.154 fr=370.62 dt=0.101 rate=1.00 paused=False backlog=0.26 edge=409.09 div=-113.06
20:40:38.094 CLOCK integ raw=295.77 prev=408.83 new=408.93 d=+0.102 fr=370.62 dt=0.102 rate=1.00 paused=False backlog=0.26 edge=409.19 div=-113.06
20:40:38.195 CLOCK integ raw=295.77 prev=408.93 new=409.03 d=+0.101 fr=370.62 dt=0.101 rate=1.00 paused=False backlog=0.26 edge=409.30 div=-113.06
20:40:38.316 CUE cx=[406.07..407.91] adv=1.83 el=8.76 fresh | off=-0.49 fr=370.62 cc=409.03 raw=296.02 lead=-1.62 | pcr=409.125 head_rel=409.12 lag_ewma=1.60 | q=everything must go. I got this / KitchenAid stand mixer for 
20:40:38.318 ANCHOR pend_end=407.91 L=1.47 pinL=1.22 target=0.09 off=-0.49
20:40:38.319 CLOCK fold raw=296.02 prev=409.03 new=409.09 d=+0.053 fr=370.62 dt=0.124 rate=1.00 paused=False backlog=0.18 edge=409.26 div=-113.06
20:40:38.521 CLOCK fold raw=296.28 prev=409.09 new=409.34 d=+0.256 fr=370.62 dt=0.202 rate=1.00 paused=False backlog=0.18 edge=409.52 div=-113.06
20:40:38.623 CLOCK integ raw=296.28 prev=409.34 new=409.44 d=+0.102 fr=379.60 dt=0.102 rate=1.00 paused=False backlog=0.18 edge=409.62 div=-113.06
20:40:38.724 CLOCK integ raw=296.28 prev=409.44 new=409.55 d=+0.101 fr=379.60 dt=0.101 rate=1.00 paused=False backlog=0.18 edge=409.72 div=-113.06
20:40:38.753 TICK fr=379.60 cc=409.55 raw=296.28 vid=409.54 playing=1 started=1 stall=0 | d_fr_cc=-29.95 d_fr_raw=+83.32 d_cc_raw=+113.26 | off=-0.20 ccx_end=407.91 since_show=3.6 since_cue=0.4 | pcr=413.765 pid=100 head_rel=413.76 ccx_lag=5.86 | credit=379.6 capped=0.0 | fsize=187641860 feed=186945696 feed_behind=696164 | backlog=0.18 edge=409.72 div=-113.06 lag_ewma=1.47
20:40:38.878 EDGESNAP err=+5.45 edge->415.17
20:40:38.878 CUE cx=[407.91..411.51] adv=3.60 el=0.56 fresh | off=-0.20 fr=379.60 cc=409.55 raw=296.54 lead=+1.76 | pcr=415.168 head_rel=415.17 lag_ewma=6.91 | q=KitchenAid stand mixer for only / $56. I got this barbecue s
20:40:38.879 CUE cx=[411.51..412.91] adv=1.40 el=0.02 fresh | off=-0.20 fr=379.60 cc=409.55 raw=296.54 lead=+3.16 | pcr=415.168 head_rel=415.17 lag_ewma=6.91 | q=$56. I got this barbecue smoker / for 26 bucks, and you get 
20:40:38.880 ANCHOR pend_end=412.91 L=5.28 pinL=2.26 target=0.00 off=-0.20
20:40:38.880 CLOCK fold raw=296.54 prev=409.55 new=409.60 d=+0.059 fr=379.96 dt=0.156 rate=1.00 paused=False backlog=5.72 edge=415.32 div=-113.06
20:40:38.880 PAINT after 3.7 s blank (t=409.60)
20:40:38.981 CLOCK integ raw=296.54 prev=409.60 new=409.71 d=+0.102 fr=379.96 dt=0.102 rate=1.00 paused=False backlog=5.72 edge=415.42 div=-113.06
20:40:39.083 CLOCK fold raw=296.79 prev=409.71 new=409.85 d=+0.148 fr=379.96 dt=0.101 rate=1.00 paused=False backlog=5.67 edge=415.53 div=-113.06
20:40:39.187 CLOCK integ raw=296.79 prev=409.85 new=409.96 d=+0.104 fr=379.96 dt=0.104 rate=1.00 paused=False backlog=5.70 edge=415.66 div=-113.06
20:40:39.290 CLOCK fold raw=297.05 prev=409.96 new=410.11 d=+0.152 fr=380.37 dt=0.103 rate=1.00 paused=False backlog=5.65 edge=415.76 div=-113.06
20:40:39.492 CLOCK integ raw=297.05 prev=410.11 new=410.31 d=+0.202 fr=380.37 dt=0.202 rate=1.00 paused=False backlog=5.65 edge=415.97 div=-113.06
20:40:39.594 CLOCK fold raw=297.30 prev=410.31 new=410.37 d=+0.053 fr=380.37 dt=0.102 rate=1.00 paused=False backlog=5.70 edge=416.07 div=-113.06
20:40:39.695 CLOCK integ raw=297.30 prev=410.37 new=410.47 d=+0.101 fr=380.37 dt=0.101 rate=1.00 paused=False backlog=5.70 edge=416.17 div=-113.06
20:40:39.798 CLOCK fold raw=297.56 prev=410.47 new=410.62 d=+0.155 fr=380.37 dt=0.103 rate=1.00 paused=False backlog=5.65 edge=416.27 div=-113.06
20:40:39.900 CLOCK integ raw=297.56 prev=410.62 new=410.72 d=+0.102 fr=380.37 dt=0.102 rate=1.00 paused=False backlog=5.65 edge=416.37 div=-113.06
20:40:40.005 CLOCK integ raw=297.56 prev=410.72 new=410.83 d=+0.105 fr=380.37 dt=0.105 rate=1.00 paused=False backlog=5.65 edge=416.48 div=-113.06
20:40:40.106 CLOCK fold raw=297.82 prev=410.83 new=410.88 d=+0.049 fr=380.37 dt=0.101 rate=1.00 paused=False backlog=5.70 edge=416.58 div=-113.06
20:40:40.208 CLOCK integ raw=297.82 prev=410.88 new=410.98 d=+0.101 fr=380.37 dt=0.101 rate=1.00 paused=False backlog=5.70 edge=416.68 div=-113.06
20:40:40.310 CLOCK fold raw=298.07 prev=410.98 new=411.13 d=+0.155 fr=380.37 dt=0.102 rate=1.00 paused=False backlog=5.65 edge=416.78 div=-113.06
20:40:40.412 CLOCK integ raw=298.07 prev=411.13 new=411.24 d=+0.103 fr=380.37 dt=0.103 rate=1.00 paused=False backlog=5.65 edge=416.89 div=-113.06
20:40:40.518 CLOCK integ raw=298.07 prev=411.24 new=411.34 d=+0.105 fr=380.37 dt=0.105 rate=1.00 paused=False backlog=5.65 edge=416.99 div=-113.06
20:40:40.619 CLOCK fold raw=298.33 prev=411.34 new=411.39 d=+0.050 fr=380.37 dt=0.103 rate=1.00 paused=False backlog=5.70 edge=417.09 div=-113.06
20:40:40.720 CLOCK integ raw=298.33 prev=411.39 new=411.49 d=+0.101 fr=380.37 dt=0.101 rate=1.00 paused=False backlog=5.70 edge=417.20 div=-113.06
20:40:40.822 CLOCK fold raw=298.58 prev=411.49 new=411.65 d=+0.155 fr=380.37 dt=0.102 rate=1.00 paused=False backlog=5.65 edge=417.30 div=-113.06
20:40:41.025 CLOCK integ raw=298.58 prev=411.65 new=411.85 d=+0.203 fr=380.37 dt=0.203 rate=1.00 paused=False backlog=5.65 edge=417.50 div=-113.06
20:40:41.127 CLOCK fold raw=298.84 prev=411.85 new=411.90 d=+0.053 fr=380.37 dt=0.102 rate=1.00 paused=False backlog=5.70 edge=417.60 div=-113.06
20:40:41.229 CLOCK integ raw=298.84 prev=411.90 new=412.00 d=+0.102 fr=380.37 dt=0.102 rate=1.00 paused=False backlog=4.69 edge=416.70 div=-113.06
20:40:41.331 CLOCK fold raw=299.10 prev=412.00 new=412.16 d=+0.158 fr=380.37 dt=0.102 rate=1.00 paused=False backlog=4.64 edge=416.80 div=-113.06
20:40:41.433 CLOCK integ raw=299.10 prev=412.16 new=412.26 d=+0.103 fr=380.37 dt=0.103 rate=1.00 paused=False backlog=4.64 edge=416.90 div=-113.06
20:40:41.535 CLOCK integ raw=299.10 prev=412.26 new=412.37 d=+0.102 fr=380.37 dt=0.102 rate=1.00 paused=False backlog=4.64 edge=417.00 div=-113.06
20:40:41.637 CLOCK fold raw=299.35 prev=412.37 new=412.41 d=+0.046 fr=380.37 dt=0.101 rate=1.00 paused=False backlog=4.69 edge=417.11 div=-113.06
20:40:41.738 CLOCK integ raw=299.35 prev=412.41 new=412.51 d=+0.102 fr=380.37 dt=0.102 rate=1.00 paused=False backlog=4.69 edge=417.21 div=-113.06
20:40:41.840 CLOCK fold raw=299.61 prev=412.51 new=412.67 d=+0.155 fr=380.37 dt=0.102 rate=1.00 paused=False backlog=4.64 edge=417.31 div=-113.06
20:40:41.941 CLOCK integ raw=299.61 prev=412.67 new=412.77 d=+0.101 fr=380.37 dt=0.101 rate=1.00 paused=False backlog=4.64 edge=417.41 div=-113.06
20:40:42.044 CLOCK integ raw=299.61 prev=412.77 new=412.87 d=+0.102 fr=380.37 dt=0.102 rate=1.00 paused=False backlog=4.64 edge=417.51 div=-113.06
20:40:42.146 CLOCK fold raw=299.87 prev=412.87 new=412.93 d=+0.053 fr=380.37 dt=0.103 rate=1.00 paused=False backlog=4.69 edge=417.61 div=-113.06
20:40:42.349 CLOCK fold raw=300.12 prev=412.93 new=413.18 d=+0.256 fr=380.37 dt=0.202 rate=1.00 paused=False backlog=4.63 edge=417.82 div=-113.06
20:40:42.450 CLOCK integ raw=300.12 prev=413.18 new=413.28 d=+0.102 fr=380.37 dt=0.102 rate=1.00 paused=False backlog=4.63 edge=417.92 div=-113.06
20:40:42.551 CLOCK integ raw=300.12 prev=413.28 new=413.38 d=+0.101 fr=380.37 dt=0.101 rate=1.00 paused=False backlog=4.63 edge=418.02 div=-113.06
20:40:42.652 CLOCK fold raw=300.38 prev=413.38 new=413.44 d=+0.054 fr=380.37 dt=0.101 rate=1.00 paused=False backlog=4.68 edge=418.12 div=-113.06
20:40:42.753 CLOCK integ raw=300.38 prev=413.44 new=413.54 d=+0.101 fr=380.37 dt=0.101 rate=1.00 paused=False backlog=4.68 edge=418.22 div=-113.06
20:40:42.855 CLOCK fold raw=300.63 prev=413.54 new=413.69 d=+0.155 fr=380.37 dt=0.101 rate=1.00 paused=False backlog=4.63 edge=418.32 div=-113.06
20:40:42.956 CLOCK integ raw=300.63 prev=413.69 new=413.80 d=+0.102 fr=380.37 dt=0.102 rate=1.00 paused=False backlog=4.63 edge=418.42 div=-113.06
20:40:43.058 CLOCK integ raw=300.63 prev=413.80 new=413.90 d=+0.102 fr=380.37 dt=0.102 rate=1.00 paused=False backlog=4.63 edge=418.53 div=-113.06
20:40:43.158 EDGESNAP err=-2.94 edge->415.59
20:40:43.160 CLOCK fold raw=300.89 prev=413.90 new=413.95 d=+0.053 fr=380.37 dt=0.102 rate=1.00 paused=False backlog=1.74 edge=415.69 div=-113.06
20:40:43.261 CLOCK integ raw=300.89 prev=413.95 new=414.05 d=+0.101 fr=380.37 dt=0.101 rate=1.00 paused=False backlog=1.74 edge=415.79 div=-113.06
20:40:43.362 CLOCK fold raw=301.14 prev=414.05 new=414.21 d=+0.155 fr=380.37 dt=0.101 rate=1.00 paused=False backlog=1.69 edge=415.89 div=-113.06
20:40:43.463 CLOCK integ raw=301.14 prev=414.21 new=414.31 d=+0.102 fr=380.37 dt=0.102 rate=1.00 paused=False backlog=1.69 edge=415.99 div=-113.06
20:40:43.566 CLOCK integ raw=301.14 prev=414.31 new=414.41 d=+0.102 fr=380.37 dt=0.102 rate=1.00 paused=False backlog=1.69 edge=416.10 div=-113.06
20:40:43.669 CLOCK fold raw=301.40 prev=414.41 new=414.46 d=+0.051 fr=380.37 dt=0.104 rate=1.00 paused=False backlog=1.74 edge=416.20 div=-113.06
20:40:43.773 TICK fr=380.37 cc=414.46 raw=301.40 vid=414.38 playing=1 started=1 stall=0 | d_fr_cc=-34.09 d_fr_raw=+78.97 d_cc_raw=+113.06 | off=-0.10 ccx_end=412.91 since_show=1.6 since_cue=4.9 | pcr=415.590 pid=100 head_rel=415.59 ccx_lag=2.68 | credit=380.4 capped=0.0 | fsize=188377692 feed=188377692 feed_behind=0 | backlog=1.74 edge=416.20 div=-113.06 lag_ewma=5.28
20:40:43.774 CLOCK integ raw=301.40 prev=414.46 new=414.57 d=+0.105 fr=380.37 dt=0.105 rate=1.00 paused=False backlog=1.74 edge=416.31 div=-113.06
20:40:43.977 CLOCK fold raw=301.66 prev=414.57 new=414.72 d=+0.151 fr=380.37 dt=0.203 rate=1.00 paused=False backlog=1.79 edge=416.51 div=-113.06
20:40:44.079 CLOCK integ raw=301.66 prev=414.72 new=414.82 d=+0.102 fr=380.37 dt=0.102 rate=1.00 paused=False backlog=1.79 edge=416.61 div=-113.06
20:40:44.180 CLOCK fold raw=301.91 prev=414.82 new=414.97 d=+0.155 fr=380.37 dt=0.101 rate=1.00 paused=False backlog=1.74 edge=416.71 div=-113.06
20:40:44.282 CLOCK integ raw=301.91 prev=414.97 new=415.08 d=+0.103 fr=380.37 dt=0.103 rate=1.00 paused=False backlog=1.74 edge=416.81 div=-113.06
20:40:44.384 CLOCK fold raw=302.17 prev=415.08 new=415.23 d=+0.153 fr=380.37 dt=0.102 rate=1.00 paused=False backlog=1.69 edge=416.92 div=-113.06
20:40:44.487 CLOCK integ raw=302.17 prev=415.23 new=415.33 d=+0.102 fr=380.37 dt=0.102 rate=1.00 paused=False backlog=1.69 edge=417.02 div=-113.06
20:40:44.589 CLOCK integ raw=302.17 prev=415.33 new=415.43 d=+0.103 fr=380.37 dt=0.103 rate=1.00 paused=False backlog=1.69 edge=417.12 div=-113.06
20:40:44.690 CLOCK fold raw=302.43 prev=415.43 new=415.49 d=+0.052 fr=380.37 dt=0.101 rate=1.00 paused=False backlog=1.73 edge=417.22 div=-113.06
20:40:44.792 CLOCK integ raw=302.43 prev=415.49 new=415.59 d=+0.102 fr=380.37 dt=0.102 rate=1.00 paused=False backlog=1.73 edge=417.32 div=-113.06
20:40:44.894 CLOCK fold raw=302.68 prev=415.59 new=415.74 d=+0.153 fr=380.37 dt=0.102 rate=1.00 paused=False backlog=1.68 edge=417.42 div=-113.06
20:40:44.996 CLOCK integ raw=302.68 prev=415.74 new=415.84 d=+0.102 fr=380.37 dt=0.102 rate=1.00 paused=False backlog=1.68 edge=417.53 div=-113.06
20:40:45.100 CLOCK integ raw=302.68 prev=415.84 new=415.95 d=+0.104 fr=380.37 dt=0.104 rate=1.00 paused=False backlog=0.71 edge=416.66 div=-113.06
20:40:45.201 CLOCK fold raw=302.94 prev=415.95 new=416.00 d=+0.056 fr=380.37 dt=0.101 rate=1.00 paused=False backlog=0.76 edge=416.76 div=-113.06
20:40:45.404 CLOCK fold raw=303.19 prev=416.00 new=416.25 d=+0.251 fr=380.37 dt=0.202 rate=1.00 paused=False backlog=0.71 edge=416.97 div=-113.06
20:40:45.505 CLOCK integ raw=303.19 prev=416.25 new=416.36 d=+0.101 fr=380.37 dt=0.101 rate=1.00 paused=False backlog=0.71 edge=417.07 div=-113.06
20:40:45.606 CLOCK integ raw=303.19 prev=416.36 new=416.46 d=+0.101 fr=380.37 dt=0.101 rate=1.00 paused=False backlog=0.71 edge=417.17 div=-113.06
20:40:45.707 CLOCK fold raw=303.45 prev=416.46 new=416.51 d=+0.054 fr=380.37 dt=0.101 rate=1.00 paused=False backlog=0.76 edge=417.27 div=-113.06
20:40:45.809 CLOCK integ raw=303.45 prev=416.51 new=416.61 d=+0.101 fr=380.37 dt=0.101 rate=1.00 paused=False backlog=0.76 edge=417.37 div=-113.06
20:40:45.912 CLOCK fold raw=303.70 prev=416.61 new=416.77 d=+0.154 fr=380.37 dt=0.103 rate=1.00 paused=False backlog=0.71 edge=417.47 div=-113.06
20:40:46.013 CLOCK integ raw=303.70 prev=416.77 new=416.87 d=+0.102 fr=380.37 dt=0.102 rate=1.00 paused=False backlog=0.71 edge=417.58 div=-113.06
20:40:46.114 CLOCK integ raw=303.70 prev=416.87 new=416.97 d=+0.101 fr=380.37 dt=0.101 rate=1.00 paused=False backlog=0.71 edge=417.68 div=-113.06
20:40:46.217 CLOCK fold raw=303.96 prev=416.97 new=417.02 d=+0.054 fr=380.37 dt=0.103 rate=1.00 paused=False backlog=0.76 edge=417.78 div=-113.06
20:40:46.318 CLOCK integ raw=303.96 prev=417.02 new=417.12 d=+0.101 fr=380.37 dt=0.101 rate=1.00 paused=False backlog=0.76 edge=417.88 div=-113.06
20:40:46.419 CLOCK fold raw=304.22 prev=417.12 new=417.28 d=+0.155 fr=380.37 dt=0.101 rate=1.00 paused=False backlog=0.70 edge=417.98 div=-113.06
20:40:46.522 CLOCK integ raw=304.22 prev=417.28 new=417.38 d=+0.102 fr=380.37 dt=0.102 rate=1.00 paused=False backlog=0.70 edge=418.08 div=-113.06
20:40:46.623 CLOCK integ raw=304.22 prev=417.38 new=417.48 d=+0.102 fr=380.37 dt=0.102 rate=1.00 paused=False backlog=0.70 edge=418.19 div=-113.06
20:40:46.825 CLOCK fold raw=304.47 prev=417.48 new=417.53 d=+0.053 fr=380.37 dt=0.202 rate=1.00 paused=False backlog=0.85 edge=418.39 div=-113.06
20:40:46.926 CLOCK fold raw=304.73 prev=417.53 new=417.79 d=+0.256 fr=380.37 dt=0.101 rate=1.00 paused=False backlog=0.70 edge=418.49 div=-113.06
20:40:47.028 CLOCK integ raw=304.73 prev=417.79 new=417.89 d=+0.101 fr=380.37 dt=0.101 rate=1.00 paused=False backlog=0.70 edge=418.59 div=-113.06
20:40:47.129 CLOCK integ raw=304.73 prev=417.89 new=417.99 d=+0.101 fr=380.37 dt=0.101 rate=1.00 paused=False backlog=0.70 edge=418.69 div=-113.06
20:40:47.132 EDGESNAP err=-3.10 edge->415.59
20:40:47.233 CLOCK fold raw=304.99 prev=417.99 new=418.05 d=+0.053 fr=380.37 dt=0.104 rate=1.00 paused=False backlog=0.00 edge=418.05 div=-113.06
20:40:47.234 REBASE why=watchdog shift=+2.56 off=2.46
20:40:47.335 CLOCK integ raw=304.99 prev=418.05 new=418.15 d=+0.103 fr=380.37 dt=0.103 rate=1.00 paused=False backlog=0.00 edge=418.15 div=-113.06
20:40:47.436 CLOCK fold raw=305.24 prev=418.15 new=418.30 d=+0.153 fr=380.37 dt=0.101 rate=1.00 paused=False backlog=0.00 edge=418.30 div=-113.06
20:40:47.538 CLOCK integ raw=305.24 prev=418.30 new=418.40 d=+0.102 fr=380.37 dt=0.102 rate=1.00 paused=False backlog=0.00 edge=418.40 div=-113.06
20:40:47.639 CLOCK integ raw=305.24 prev=418.40 new=418.50 d=+0.101 fr=380.37 dt=0.101 rate=1.00 paused=False backlog=0.00 edge=418.50 div=-113.06
20:40:47.741 CLOCK fold raw=305.50 prev=418.50 new=418.56 d=+0.053 fr=380.37 dt=0.101 rate=1.00 paused=False backlog=0.00 edge=418.56 div=-113.06
20:40:47.842 CLOCK integ raw=305.50 prev=418.56 new=418.66 d=+0.101 fr=380.37 dt=0.101 rate=1.00 paused=False backlog=0.00 edge=418.66 div=-113.06
20:40:47.944 CLOCK fold raw=305.75 prev=418.66 new=418.81 d=+0.155 fr=380.37 dt=0.102 rate=1.00 paused=False backlog=0.00 edge=418.81 div=-113.06
20:40:48.146 CLOCK integ raw=305.75 prev=418.81 new=419.02 d=+0.202 fr=380.37 dt=0.202 rate=1.00 paused=False backlog=0.00 edge=419.02 div=-113.06
20:40:48.360 CLOCK fold raw=306.01 prev=419.02 new=419.07 d=+0.054 fr=389.32 dt=0.214 rate=1.00 paused=False backlog=0.16 edge=419.23 div=-113.06
20:40:48.476 CLOCK fold raw=306.26 prev=419.07 new=419.33 d=+0.256 fr=389.32 dt=0.116 rate=1.00 paused=False backlog=0.02 edge=419.35 div=-113.06
20:40:48.578 CLOCK integ raw=306.26 prev=419.33 new=419.43 d=+0.102 fr=389.32 dt=0.102 rate=1.00 paused=False backlog=0.02 edge=419.45 div=-113.06
20:40:48.650 CUE cx=[412.91..415.18] adv=2.27 el=9.70 fresh | off=2.46 fr=389.32 cc=419.43 raw=306.26 lead=-1.79 | pcr=420.368 head_rel=420.37 lag_ewma=5.28 | q=for 26 bucks, and you get a 90 / day money back guarantee wi
20:40:48.652 CUE cx=[415.18..417.62] adv=2.44 el=0.07 fresh | off=2.46 fr=389.32 cc=419.43 raw=306.26 lead=+0.64 | pcr=420.368 head_rel=420.37 lag_ewma=5.28 | q=day money back guarantee with / your first purchase. This br
20:40:48.756 ANCHOR pend_end=417.62 L=4.40 pinL=2.75 target=-0.23 off=2.46
20:40:48.756 CLOCK fold raw=306.52 prev=419.43 new=419.58 d=+0.156 fr=389.73 dt=0.178 rate=1.00 paused=False backlog=0.73 edge=420.32 div=-113.06
20:40:48.757 PAINT after 6.6 s blank (t=419.58)
20:40:48.806 TICK fr=389.73 cc=419.58 raw=306.52 vid=419.67 playing=1 started=1 stall=0 | d_fr_cc=-29.85 d_fr_raw=+83.21 d_cc_raw=+113.06 | off=1.11 ccx_end=417.62 since_show=0.0 since_cue=0.1 | pcr=421.493 pid=100 head_rel=421.49 ccx_lag=3.88 | credit=389.7 capped=0.0 | fsize=191462208 feed=190238140 feed_behind=1224068 | backlog=0.73 edge=420.32 div=-113.06 lag_ewma=4.40
20:40:49.009 CLOCK fold raw=306.78 prev=419.58 new=419.84 d=+0.253 fr=389.73 dt=0.252 rate=1.00 paused=False backlog=0.73 edge=420.57 div=-113.06
20:40:49.154 EDGESNAP err=+5.13 edge->425.70
20:40:49.154 CUE cx=[417.62..419.95] adv=2.34 el=0.46 fresh | off=1.11 fr=390.09 cc=419.84 raw=306.78 lead=+1.23 | pcr=425.704 head_rel=425.70 lag_ewma=9.53 | q=your first purchase. This brand / new iPhone sold for less t
20:40:49.155 ANCHOR pend_end=419.95 L=8.21 pinL=5.75 target=0.00 off=1.11
20:40:49.155 CLOCK integ raw=306.78 prev=419.84 new=419.98 d=+0.147 fr=390.09 dt=0.147 rate=1.00 paused=False backlog=5.87 edge=425.85 div=-113.06
20:40:49.259 CLOCK fold raw=307.04 prev=419.98 new=420.10 d=+0.117 fr=390.09 dt=0.104 rate=1.00 paused=False backlog=5.78 edge=425.88 div=-113.06
20:40:49.362 CUE cx=[419.95..422.59] adv=2.64 el=0.25 fresh | off=0.56 fr=390.09 cc=420.10 raw=307.04 lead=+3.04 | pcr=425.704 head_rel=425.70 lag_ewma=8.21 | q=new iPhone sold for less than / $42, and this DJI drone sold
20:40:49.366 CUE cx=[422.59..425.16] adv=2.57 el=0.00 fresh | off=0.56 fr=390.09 cc=420.10 raw=307.04 lead=+5.61 | pcr=425.774 head_rel=425.77 lag_ewma=8.21 | q=$42, and this DJI drone sold / for less than $21. And I got 
20:40:49.367 ANCHOR pend_end=425.16 L=5.55 pinL=0.62 target=0.01 off=0.56
20:40:49.368 CLOCK integ raw=307.04 prev=420.10 new=420.21 d=+0.109 fr=390.09 dt=0.109 rate=1.00 paused=False backlog=5.68 edge=425.89 div=-113.06
20:40:49.470 CLOCK integ raw=307.04 prev=420.21 new=420.31 d=+0.102 fr=390.55 dt=0.102 rate=1.00 paused=False backlog=5.68 edge=425.99 div=-113.06
20:40:49.673 CLOCK fold raw=307.29 prev=420.31 new=420.35 d=+0.039 fr=390.55 dt=0.202 rate=1.00 paused=False backlog=5.84 edge=426.20 div=-113.06
20:40:49.777 CLOCK fold raw=307.55 prev=420.35 new=420.61 d=+0.256 fr=390.55 dt=0.103 rate=1.00 paused=False backlog=5.69 edge=426.30 div=-113.06
20:40:49.880 CLOCK integ raw=307.55 prev=420.61 new=420.71 d=+0.104 fr=390.55 dt=0.104 rate=1.00 paused=False backlog=5.69 edge=426.40 div=-113.06
20:40:49.985 CLOCK integ raw=307.55 prev=420.71 new=420.82 d=+0.105 fr=390.55 dt=0.105 rate=1.00 paused=False backlog=5.69 edge=426.51 div=-113.06
20:40:50.088 CLOCK fold raw=307.80 prev=420.82 new=420.86 d=+0.047 fr=390.55 dt=0.103 rate=1.00 paused=False backlog=5.75 edge=426.61 div=-113.06
20:40:50.191 CLOCK integ raw=307.80 prev=420.86 new=420.97 d=+0.102 fr=390.55 dt=0.102 rate=1.00 paused=False backlog=5.75 edge=426.71 div=-113.06
20:40:50.295 CLOCK fold raw=308.06 prev=420.97 new=421.12 d=+0.153 fr=390.55 dt=0.103 rate=1.00 paused=False backlog=5.70 edge=426.82 div=-113.06
20:40:50.397 CLOCK integ raw=308.06 prev=421.12 new=421.22 d=+0.103 fr=390.55 dt=0.103 rate=1.00 paused=False backlog=5.70 edge=426.92 div=-113.06
20:40:50.499 CLOCK integ raw=308.06 prev=421.22 new=421.32 d=+0.102 fr=390.55 dt=0.102 rate=1.00 paused=False backlog=5.70 edge=427.02 div=-113.06
20:40:50.601 CLOCK fold raw=308.31 prev=421.32 new=421.37 d=+0.050 fr=390.55 dt=0.102 rate=1.00 paused=False backlog=5.75 edge=427.12 div=-113.06
20:40:50.703 CLOCK integ raw=308.31 prev=421.37 new=421.47 d=+0.102 fr=390.55 dt=0.102 rate=1.00 paused=False backlog=5.75 edge=427.23 div=-113.06
20:40:50.804 CLOCK fold raw=308.57 prev=421.47 new=421.63 d=+0.155 fr=390.55 dt=0.102 rate=1.00 paused=False backlog=5.70 edge=427.33 div=-113.06
20:40:50.906 CLOCK integ raw=308.57 prev=421.63 new=421.73 d=+0.102 fr=390.55 dt=0.102 rate=1.00 paused=False backlog=5.70 edge=427.43 div=-113.06
20:40:51.008 CLOCK integ raw=308.57 prev=421.73 new=421.83 d=+0.102 fr=390.55 dt=0.102 rate=1.00 paused=False backlog=5.70 edge=427.53 div=-113.06
20:40:51.114 CLOCK fold raw=308.82 prev=421.83 new=421.89 d=+0.053 fr=390.55 dt=0.105 rate=1.00 paused=False backlog=4.87 edge=426.76 div=-113.06
20:40:51.315 CLOCK fold raw=309.08 prev=421.89 new=422.14 d=+0.256 fr=390.55 dt=0.203 rate=1.00 paused=False backlog=4.82 edge=426.96 div=-113.06
20:40:51.417 CLOCK integ raw=309.08 prev=422.14 new=422.24 d=+0.101 fr=390.55 dt=0.101 rate=1.00 paused=False backlog=4.82 edge=427.06 div=-113.06
20:40:51.520 CLOCK integ raw=309.08 prev=422.24 new=422.35 d=+0.103 fr=390.55 dt=0.103 rate=1.00 paused=False backlog=4.82 edge=427.16 div=-113.06
20:40:51.623 CLOCK fold raw=309.34 prev=422.35 new=422.40 d=+0.052 fr=390.55 dt=0.103 rate=1.00 paused=False backlog=4.87 edge=427.27 div=-113.06
20:40:51.724 CLOCK integ raw=309.34 prev=422.40 new=422.50 d=+0.102 fr=390.55 dt=0.102 rate=1.00 paused=False backlog=4.87 edge=427.37 div=-113.06
20:40:51.826 CLOCK fold raw=309.59 prev=422.50 new=422.66 d=+0.155 fr=390.55 dt=0.102 rate=1.00 paused=False backlog=4.82 edge=427.47 div=-113.06
20:40:51.928 CLOCK integ raw=309.59 prev=422.66 new=422.76 d=+0.102 fr=390.55 dt=0.102 rate=1.00 paused=False backlog=4.82 edge=427.57 div=-113.06
20:40:52.030 CLOCK integ raw=309.59 prev=422.76 new=422.86 d=+0.102 fr=390.55 dt=0.102 rate=1.00 paused=False backlog=4.82 edge=427.67 div=-113.06
20:40:52.131 CLOCK fold raw=309.85 prev=422.86 new=422.91 d=+0.051 fr=390.55 dt=0.101 rate=1.00 paused=False backlog=4.87 edge=427.78 div=-113.06
20:40:52.232 CLOCK integ raw=309.85 prev=422.91 new=423.01 d=+0.101 fr=390.55 dt=0.101 rate=1.00 paused=False backlog=4.87 edge=427.88 div=-113.06
20:40:52.334 CLOCK fold raw=310.11 prev=423.01 new=423.17 d=+0.156 fr=393.41 dt=0.101 rate=1.00 paused=False backlog=4.81 edge=427.98 div=-113.06
20:40:52.436 CLOCK integ raw=310.11 prev=423.17 new=423.27 d=+0.102 fr=393.41 dt=0.102 rate=1.00 paused=False backlog=4.81 edge=428.08 div=-113.06
20:40:52.537 CLOCK integ raw=310.11 prev=423.27 new=423.37 d=+0.101 fr=393.41 dt=0.101 rate=1.00 paused=False backlog=4.81 edge=428.18 div=-113.06
20:40:52.639 CLOCK fold raw=310.36 prev=423.37 new=423.42 d=+0.052 fr=393.41 dt=0.102 rate=1.00 paused=False backlog=4.86 edge=428.28 div=-113.06
20:40:52.743 CLOCK integ raw=310.36 prev=423.42 new=423.53 d=+0.104 fr=393.82 dt=0.104 rate=1.00 paused=False backlog=4.86 edge=428.39 div=-113.06
20:40:52.847 CUE cx=[425.16..428.76] adv=3.60 el=3.48 fresh | off=0.28 fr=393.82 cc=423.53 raw=310.62 lead=+5.52 | pcr=430.560 head_rel=430.56 lag_ewma=5.55 | q=for less than $21. And I got it / for 16 bucks on DoorDash. 
20:40:52.848 CUE cx=[428.76..429.86] adv=1.10 el=0.00 fresh | off=0.28 fr=393.82 cc=423.53 raw=310.62 lead=+6.62 | pcr=430.560 head_rel=430.56 lag_ewma=5.55 | q=for 16 bucks on DoorDash. And / shipping is always free. Go 
20:40:52.948 ANCHOR pend_end=429.86 L=3.85 pinL=0.70 target=-0.54 off=0.28
20:40:52.948 CLOCK fold raw=310.62 prev=423.53 new=423.68 d=+0.153 fr=393.82 dt=0.205 rate=1.00 paused=False backlog=6.54 edge=430.22 div=-113.06
20:40:53.050 CLOCK integ raw=310.62 prev=423.68 new=423.78 d=+0.101 fr=393.82 dt=0.101 rate=1.00 paused=False backlog=6.54 edge=430.32 div=-113.06
20:40:53.152 CLOCK fold raw=310.88 prev=423.78 new=423.94 d=+0.158 fr=393.82 dt=0.102 rate=1.00 paused=False backlog=6.49 edge=430.42 div=-113.06
20:40:53.254 CLOCK integ raw=310.88 prev=423.94 new=424.04 d=+0.103 fr=393.82 dt=0.103 rate=1.00 paused=False backlog=6.55 edge=430.60 div=-113.06
20:40:53.357 CLOCK fold raw=311.13 prev=424.04 new=424.19 d=+0.148 fr=393.82 dt=0.102 rate=1.00 paused=False backlog=6.51 edge=430.70 div=-113.06
20:40:53.458 CLOCK integ raw=311.13 prev=424.19 new=424.29 d=+0.101 fr=393.82 dt=0.101 rate=1.00 paused=False backlog=6.51 edge=430.80 div=-113.06
20:40:53.559 CLOCK integ raw=311.13 prev=424.29 new=424.39 d=+0.101 fr=393.82 dt=0.101 rate=1.00 paused=False backlog=6.51 edge=430.90 div=-113.06
20:40:53.661 CLOCK fold raw=311.38 prev=424.39 new=424.45 d=+0.054 fr=393.82 dt=0.102 rate=1.00 paused=False backlog=6.56 edge=431.00 div=-113.06
20:40:53.765 TICK fr=393.82 cc=424.45 raw=311.38 vid=424.58 playing=1 started=1 stall=0 | d_fr_cc=-30.63 d_fr_raw=+82.43 d_cc_raw=+113.06 | off=-0.13 ccx_end=429.86 since_show=0.1 since_cue=0.9 | pcr=430.560 pid=100 head_rel=430.56 ccx_lag=0.70 | credit=393.8 capped=0.0 | fsize=195207356 feed=195207356 feed_behind=0 | backlog=6.56 edge=431.00 div=-113.06 lag_ewma=3.85
20:40:53.765 CLOCK integ raw=311.38 prev=424.45 new=424.55 d=+0.104 fr=393.82 dt=0.104 rate=1.00 paused=False backlog=6.56 edge=431.11 div=-113.06
20:40:53.867 CLOCK fold raw=311.64 prev=424.55 new=424.70 d=+0.153 fr=393.82 dt=0.102 rate=1.00 paused=False backlog=6.51 edge=431.21 div=-113.06
20:40:53.968 CLOCK integ raw=311.64 prev=424.70 new=424.80 d=+0.101 fr=393.82 dt=0.101 rate=1.00 paused=False backlog=6.51 edge=431.31 div=-113.06
20:40:54.070 CLOCK integ raw=311.64 prev=424.80 new=424.91 d=+0.102 fr=393.82 dt=0.102 rate=1.00 paused=False backlog=6.51 edge=431.41 div=-113.06
20:40:54.171 CLOCK fold raw=311.90 prev=424.91 new=424.96 d=+0.053 fr=393.82 dt=0.101 rate=1.00 paused=False backlog=6.55 edge=431.51 div=-113.06
20:40:54.373 CLOCK fold raw=312.15 prev=424.96 new=425.21 d=+0.256 fr=393.82 dt=0.202 rate=1.00 paused=False backlog=6.50 edge=431.71 div=-113.06
20:40:54.475 CLOCK integ raw=312.15 prev=425.21 new=425.32 d=+0.102 fr=393.82 dt=0.102 rate=1.00 paused=False backlog=6.50 edge=431.82 div=-113.06
20:40:54.577 CLOCK integ raw=312.15 prev=425.32 new=425.42 d=+0.102 fr=393.82 dt=0.102 rate=1.00 paused=False backlog=6.50 edge=431.92 div=-113.06
20:40:54.679 CLOCK fold raw=312.41 prev=425.42 new=425.47 d=+0.053 fr=393.82 dt=0.102 rate=1.00 paused=False backlog=6.55 edge=432.02 div=-113.06
20:40:54.782 CLOCK integ raw=312.41 prev=425.47 new=425.57 d=+0.103 fr=393.82 dt=0.103 rate=1.00 paused=False backlog=6.55 edge=432.12 div=-113.06
20:40:54.884 CLOCK fold raw=312.67 prev=425.57 new=425.73 d=+0.152 fr=393.82 dt=0.102 rate=1.00 paused=False backlog=6.50 edge=432.22 div=-113.06
20:40:54.986 CLOCK integ raw=312.67 prev=425.73 new=425.83 d=+0.102 fr=393.82 dt=0.102 rate=1.00 paused=False backlog=6.50 edge=432.33 div=-113.06
20:40:55.091 CLOCK integ raw=312.67 prev=425.83 new=425.93 d=+0.105 fr=393.82 dt=0.105 rate=1.00 paused=False backlog=6.50 edge=432.43 div=-113.06
20:40:55.200 CLOCK fold raw=312.92 prev=425.93 new=425.98 d=+0.048 fr=393.82 dt=0.109 rate=1.00 paused=False backlog=5.62 edge=431.60 div=-113.06
20:40:55.305 CLOCK integ raw=312.92 prev=425.98 new=426.09 d=+0.105 fr=393.82 dt=0.105 rate=1.00 paused=False backlog=5.62 edge=431.71 div=-113.06
20:40:55.410 CLOCK fold raw=313.18 prev=426.09 new=426.24 d=+0.152 fr=393.82 dt=0.104 rate=1.00 paused=False backlog=5.57 edge=431.81 div=-113.06
20:40:55.514 CLOCK integ raw=313.18 prev=426.24 new=426.34 d=+0.104 fr=393.82 dt=0.104 rate=1.00 paused=False backlog=5.57 edge=431.92 div=-113.06
20:40:55.618 CLOCK integ raw=313.18 prev=426.34 new=426.45 d=+0.105 fr=393.82 dt=0.105 rate=1.00 paused=False backlog=5.57 edge=432.02 div=-113.06
20:40:55.721 CLOCK fold raw=313.43 prev=426.45 new=426.49 d=+0.047 fr=393.82 dt=0.103 rate=1.00 paused=False backlog=5.63 edge=432.13 div=-113.06
20:40:55.825 CLOCK integ raw=313.43 prev=426.49 new=426.60 d=+0.104 fr=393.82 dt=0.104 rate=1.00 paused=False backlog=5.63 edge=432.23 div=-113.06
20:40:55.928 CLOCK fold raw=313.69 prev=426.60 new=426.75 d=+0.152 fr=393.82 dt=0.103 rate=1.00 paused=False backlog=5.58 edge=432.33 div=-113.06
20:40:56.032 CLOCK integ raw=313.69 prev=426.75 new=426.85 d=+0.102 fr=393.82 dt=0.102 rate=1.00 paused=False backlog=5.58 edge=432.43 div=-113.06
20:40:56.234 CLOCK fold raw=313.94 prev=426.85 new=427.01 d=+0.154 fr=393.82 dt=0.204 rate=1.00 paused=False backlog=5.63 edge=432.64 div=-113.06
20:40:56.337 CLOCK integ raw=313.94 prev=427.01 new=427.11 d=+0.103 fr=393.82 dt=0.103 rate=1.00 paused=False backlog=5.63 edge=432.74 div=-113.06
20:40:56.440 CLOCK fold raw=314.20 prev=427.11 new=427.26 d=+0.153 fr=393.82 dt=0.103 rate=1.00 paused=False backlog=5.58 edge=432.84 div=-113.06
20:40:56.542 CLOCK integ raw=314.20 prev=427.26 new=427.36 d=+0.102 fr=393.82 dt=0.102 rate=1.00 paused=False backlog=5.58 edge=432.95 div=-113.06
20:40:56.644 CLOCK integ raw=314.20 prev=427.36 new=427.47 d=+0.102 fr=393.82 dt=0.102 rate=1.00 paused=False backlog=5.58 edge=433.05 div=-113.06
20:40:56.748 CLOCK fold raw=314.46 prev=427.47 new=427.52 d=+0.052 fr=393.82 dt=0.104 rate=1.00 paused=False backlog=5.63 edge=433.15 div=-113.06
20:40:56.850 CLOCK integ raw=314.46 prev=427.52 new=427.62 d=+0.102 fr=393.82 dt=0.102 rate=1.00 paused=False backlog=5.63 edge=433.25 div=-113.06
20:40:56.953 CLOCK fold raw=314.72 prev=427.62 new=427.78 d=+0.159 fr=393.82 dt=0.102 rate=1.00 paused=False backlog=5.58 edge=433.36 div=-113.06
20:40:57.054 CLOCK integ raw=314.72 prev=427.78 new=427.88 d=+0.101 fr=393.82 dt=0.101 rate=1.00 paused=False backlog=5.58 edge=433.46 div=-113.06
20:40:57.157 EDGESNAP err=-2.90 edge->430.56
20:40:57.158 CLOCK fold raw=314.97 prev=427.88 new=428.03 d=+0.149 fr=393.82 dt=0.104 rate=1.00 paused=False backlog=2.63 edge=430.66 div=-113.06
20:40:57.259 CLOCK integ raw=314.97 prev=428.03 new=428.13 d=+0.101 fr=393.82 dt=0.101 rate=1.00 paused=False backlog=2.63 edge=430.76 div=-113.06
20:40:57.362 CLOCK integ raw=314.97 prev=428.13 new=428.23 d=+0.102 fr=393.82 dt=0.102 rate=1.00 paused=False backlog=2.63 edge=430.87 div=-113.06
20:40:57.464 CLOCK fold raw=315.23 prev=428.23 new=428.29 d=+0.053 fr=393.82 dt=0.102 rate=1.00 paused=False backlog=2.68 edge=430.97 div=-113.06
20:40:57.567 CLOCK integ raw=315.23 prev=428.29 new=428.39 d=+0.102 fr=393.82 dt=0.102 rate=1.00 paused=False backlog=2.68 edge=431.07 div=-113.06
20:40:57.768 CLOCK fold raw=315.48 prev=428.39 new=428.54 d=+0.153 fr=393.82 dt=0.202 rate=1.00 paused=False backlog=2.73 edge=431.27 div=-113.06
20:40:57.870 CLOCK integ raw=315.48 prev=428.54 new=428.64 d=+0.102 fr=393.82 dt=0.102 rate=1.00 paused=False backlog=2.73 edge=431.38 div=-113.06
20:40:57.971 CLOCK fold raw=315.74 prev=428.64 new=428.80 d=+0.154 fr=393.82 dt=0.102 rate=1.00 paused=False backlog=2.68 edge=431.48 div=-113.06
20:40:58.073 CLOCK integ raw=315.74 prev=428.80 new=428.90 d=+0.101 fr=393.82 dt=0.101 rate=1.00 paused=False backlog=2.68 edge=431.58 div=-113.06
20:40:58.174 CLOCK integ raw=315.74 prev=428.90 new=429.00 d=+0.102 fr=393.82 dt=0.102 rate=1.00 paused=False backlog=2.68 edge=431.68 div=-113.06
20:40:58.277 CLOCK fold raw=315.99 prev=429.00 new=429.05 d=+0.054 fr=393.82 dt=0.102 rate=1.00 paused=False backlog=2.73 edge=431.78 div=-113.06
20:40:58.378 CLOCK integ raw=315.99 prev=429.05 new=429.16 d=+0.102 fr=393.82 dt=0.102 rate=1.00 paused=False backlog=2.73 edge=431.88 div=-113.06
20:40:58.480 CLOCK fold raw=316.25 prev=429.16 new=429.31 d=+0.154 fr=393.82 dt=0.102 rate=1.00 paused=False backlog=2.68 edge=431.99 div=-113.06
20:40:58.583 CLOCK integ raw=316.25 prev=429.31 new=429.41 d=+0.102 fr=393.82 dt=0.102 rate=1.00 paused=False backlog=2.68 edge=432.09 div=-113.06
20:40:58.686 CLOCK integ raw=316.25 prev=429.41 new=429.52 d=+0.103 fr=393.82 dt=0.103 rate=1.00 paused=False backlog=2.68 edge=432.19 div=-113.06
20:40:58.789 TICK fr=393.82 cc=429.52 raw=316.50 vid=429.40 playing=1 started=1 stall=0 | d_fr_cc=-35.70 d_fr_raw=+77.31 d_cc_raw=+113.01 | off=-0.13 ccx_end=429.86 since_show=0.1 since_cue=5.9 | pcr=430.560 pid=100 head_rel=430.56 ccx_lag=0.70 | credit=393.8 capped=0.0 | fsize=195207356 feed=195207356 feed_behind=0 | backlog=2.68 edge=432.19 div=-113.06 lag_ewma=3.85
20:40:58.790 CLOCK fold raw=316.50 prev=429.52 new=429.57 d=+0.051 fr=393.82 dt=0.105 rate=1.00 paused=False backlog=2.73 edge=432.30 div=-113.06
20:40:58.893 CLOCK integ raw=316.50 prev=429.57 new=429.67 d=+0.102 fr=393.82 dt=0.102 rate=1.00 paused=False backlog=2.73 edge=432.40 div=-113.06
20:40:58.995 CLOCK fold raw=316.76 prev=429.67 new=429.82 d=+0.154 fr=393.82 dt=0.102 rate=1.00 paused=False backlog=2.68 edge=432.50 div=-113.06
20:40:59.099 CLOCK integ raw=316.76 prev=429.82 new=429.93 d=+0.105 fr=393.82 dt=0.105 rate=1.00 paused=False backlog=1.71 edge=431.63 div=-113.06
20:40:59.203 CLOCK integ raw=316.76 prev=429.93 new=430.03 d=+0.104 fr=393.82 dt=0.104 rate=1.00 paused=False backlog=1.71 edge=431.74 div=-113.06
20:40:59.406 CLOCK fold raw=317.02 prev=430.03 new=430.08 d=+0.047 fr=393.82 dt=0.203 rate=1.00 paused=False backlog=1.86 edge=431.94 div=-113.06
20:40:59.509 CLOCK fold raw=317.27 prev=430.08 new=430.34 d=+0.258 fr=393.82 dt=0.103 rate=1.00 paused=False backlog=1.71 edge=432.04 div=-113.06
20:40:59.613 CLOCK integ raw=317.27 prev=430.34 new=430.44 d=+0.104 fr=393.82 dt=0.104 rate=1.00 paused=False backlog=1.71 edge=432.15 div=-113.06
20:40:59.717 CLOCK integ raw=317.27 prev=430.44 new=430.54 d=+0.103 fr=400.69 dt=0.103 rate=1.00 paused=False backlog=1.71 edge=432.25 div=-113.06
20:40:59.821 CLOCK fold raw=317.53 prev=430.54 new=430.59 d=+0.048 fr=400.69 dt=0.104 rate=1.00 paused=False backlog=1.77 edge=432.36 div=-113.06
20:40:59.864 CUE cx=[429.86..431.76] adv=1.90 el=6.98 fresh | off=-0.13 fr=400.69 cc=430.59 raw=317.53 lead=+1.04 | pcr=433.019 head_rel=433.02 lag_ewma=3.85 | q=shipping is always free. Go to / dealdash.com right now and 
20:40:59.966 ANCHOR pend_end=431.76 L=2.94 pinL=1.25 target=-0.33 off=-0.13
20:40:59.967 CLOCK integ raw=317.53 prev=430.59 new=430.74 d=+0.145 fr=400.69 dt=0.145 rate=1.00 paused=False backlog=2.10 edge=432.83 div=-113.06
20:41:00.170 CLOCK fold raw=317.79 prev=430.74 new=430.85 d=+0.111 fr=401.14 dt=0.204 rate=1.00 paused=False backlog=2.19 edge=433.04 div=-113.06
20:41:00.271 CLOCK fold raw=318.04 prev=430.85 new=431.10 d=+0.256 fr=401.14 dt=0.102 rate=1.00 paused=False backlog=2.04 edge=433.14 div=-113.06
20:41:00.374 CLOCK integ raw=318.04 prev=431.10 new=431.20 d=+0.102 fr=401.14 dt=0.102 rate=1.00 paused=False backlog=2.04 edge=433.24 div=-113.06
20:41:00.476 CLOCK integ raw=318.04 prev=431.20 new=431.31 d=+0.102 fr=401.14 dt=0.102 rate=1.00 paused=False backlog=2.04 edge=433.34 div=-113.06
20:41:00.579 CLOCK fold raw=318.30 prev=431.31 new=431.36 d=+0.051 fr=401.14 dt=0.103 rate=1.00 paused=False backlog=2.09 edge=433.45 div=-113.06
20:41:00.682 CLOCK integ raw=318.30 prev=431.36 new=431.46 d=+0.103 fr=401.14 dt=0.103 rate=1.00 paused=False backlog=2.09 edge=433.55 div=-113.06
20:41:00.784 CLOCK fold raw=318.55 prev=431.46 new=431.62 d=+0.155 fr=401.14 dt=0.102 rate=1.00 paused=False backlog=2.03 edge=433.65 div=-113.06
20:41:00.886 CLOCK integ raw=318.55 prev=431.62 new=431.72 d=+0.102 fr=401.14 dt=0.102 rate=1.00 paused=False backlog=2.03 edge=433.75 div=-113.06
20:41:00.988 CLOCK integ raw=318.55 prev=431.72 new=431.82 d=+0.102 fr=401.14 dt=0.102 rate=1.00 paused=False backlog=2.03 edge=433.85 div=-113.06
20:41:01.090 CLOCK fold raw=318.81 prev=431.82 new=431.87 d=+0.051 fr=401.14 dt=0.103 rate=1.00 paused=False backlog=2.09 edge=433.96 div=-113.06
20:41:01.194 CLOCK integ raw=318.81 prev=431.87 new=431.97 d=+0.104 fr=401.14 dt=0.104 rate=1.00 paused=False backlog=1.62 edge=433.59 div=-113.06
20:41:01.296 CLOCK fold raw=319.07 prev=431.97 new=432.13 d=+0.154 fr=401.14 dt=0.103 rate=1.00 paused=False backlog=1.57 edge=433.69 div=-113.06
20:41:01.397 CLOCK integ raw=319.07 prev=432.13 new=432.23 d=+0.101 fr=401.14 dt=0.101 rate=1.00 paused=False backlog=1.57 edge=433.79 div=-113.06
20:41:01.499 CLOCK integ raw=319.07 prev=432.23 new=432.33 d=+0.102 fr=401.14 dt=0.102 rate=1.00 paused=False backlog=1.57 edge=433.90 div=-113.06
20:41:01.702 CLOCK fold raw=319.32 prev=432.33 new=432.38 d=+0.050 fr=401.14 dt=0.203 rate=1.00 paused=False backlog=1.72 edge=434.10 div=-113.06
20:41:01.805 CLOCK fold raw=319.58 prev=432.38 new=432.64 d=+0.256 fr=401.14 dt=0.103 rate=1.00 paused=False backlog=1.56 edge=434.20 div=-113.06
20:41:01.907 CLOCK integ raw=319.58 prev=432.64 new=432.74 d=+0.102 fr=401.14 dt=0.102 rate=1.00 paused=False backlog=1.56 edge=434.30 div=-113.06
20:41:02.008 CLOCK integ raw=319.58 prev=432.74 new=432.84 d=+0.101 fr=401.14 dt=0.101 rate=1.00 paused=False backlog=1.56 edge=434.41 div=-113.06
20:41:02.111 CLOCK fold raw=319.83 prev=432.84 new=432.89 d=+0.053 fr=401.14 dt=0.102 rate=1.00 paused=False backlog=1.61 edge=434.51 div=-113.06
20:41:02.211 CLOCK integ raw=319.83 prev=432.89 new=432.99 d=+0.101 fr=401.14 dt=0.101 rate=1.00 paused=False backlog=1.61 edge=434.61 div=-113.06
20:41:02.313 CLOCK fold raw=320.09 prev=432.99 new=433.15 d=+0.154 fr=401.14 dt=0.102 rate=1.00 paused=False backlog=1.56 edge=434.71 div=-113.06
20:41:02.415 CLOCK integ raw=320.09 prev=433.15 new=433.25 d=+0.101 fr=401.14 dt=0.101 rate=1.00 paused=False backlog=1.56 edge=434.81 div=-113.06
20:41:02.516 CLOCK integ raw=320.09 prev=433.25 new=433.35 d=+0.101 fr=401.14 dt=0.101 rate=1.00 paused=False backlog=1.56 edge=434.91 div=-113.06
20:41:02.617 CLOCK fold raw=320.34 prev=433.35 new=433.41 d=+0.053 fr=401.14 dt=0.102 rate=1.00 paused=False backlog=1.61 edge=435.01 div=-113.06
20:41:02.820 CLOCK fold raw=320.60 prev=433.41 new=433.66 d=+0.256 fr=401.14 dt=0.202 rate=1.00 paused=False backlog=1.56 edge=435.22 div=-113.06
20:41:02.921 CLOCK integ raw=320.60 prev=433.66 new=433.76 d=+0.101 fr=401.14 dt=0.101 rate=1.00 paused=False backlog=1.56 edge=435.32 div=-113.06
20:41:03.023 CLOCK integ raw=320.60 prev=433.76 new=433.86 d=+0.102 fr=401.14 dt=0.102 rate=1.00 paused=False backlog=1.56 edge=435.42 div=-113.06
20:41:03.124 CLOCK fold raw=320.86 prev=433.86 new=433.92 d=+0.054 fr=401.14 dt=0.101 rate=1.00 paused=False backlog=1.60 edge=435.52 div=-113.06
20:41:03.126 EDGESNAP err=-2.50 edge->433.02
20:41:03.227 CLOCK integ raw=320.86 prev=433.92 new=434.02 d=+0.103 fr=401.14 dt=0.103 rate=1.00 paused=False backlog=0.00 edge=434.02 div=-113.06
20:41:03.329 CLOCK fold raw=321.11 prev=434.02 new=434.17 d=+0.153 fr=404.40 dt=0.101 rate=1.00 paused=False backlog=0.00 edge=434.17 div=-113.06
20:41:03.430 CLOCK integ raw=321.11 prev=434.17 new=434.28 d=+0.102 fr=404.40 dt=0.102 rate=1.00 paused=False backlog=0.00 edge=434.28 div=-113.06
20:41:03.533 CLOCK integ raw=321.11 prev=434.28 new=434.38 d=+0.103 fr=404.40 dt=0.103 rate=1.00 paused=False backlog=0.00 edge=434.38 div=-113.06
20:41:03.636 CLOCK fold raw=321.37 prev=434.38 new=434.43 d=+0.050 fr=404.40 dt=0.102 rate=1.00 paused=False backlog=0.05 edge=434.48 div=-113.06
20:41:03.738 CLOCK integ raw=321.37 prev=434.43 new=434.53 d=+0.103 fr=404.81 dt=0.103 rate=1.00 paused=False backlog=0.05 edge=434.58 div=-113.06
20:41:03.772 TICK fr=404.81 cc=434.53 raw=321.37 vid=434.76 playing=1 started=1 stall=0 | d_fr_cc=-29.72 d_fr_raw=+83.45 d_cc_raw=+113.16 | off=-0.23 ccx_end=431.76 since_show=2.6 since_cue=3.9 | pcr=437.170 pid=100 head_rel=437.17 ccx_lag=5.41 | credit=404.8 capped=0.0 | fsize=198235096 feed=197919068 feed_behind=316028 | backlog=0.05 edge=434.58 div=-113.06 lag_ewma=2.94
20:41:03.878 EDGESNAP err=+2.58 edge->437.17
20:41:03.878 CUE cx=[431.76..433.43] adv=1.67 el=4.05 fresh | off=-0.23 fr=404.81 cc=434.53 raw=321.62 lead=-1.33 | pcr=437.170 head_rel=437.17 lag_ewma=5.53 | q=dealdash.com right now and see / how much you can save. Ther
20:41:03.879 CUE cx=[433.43..434.87] adv=1.43 el=0.00 fresh | off=-0.23 fr=404.81 cc=434.53 raw=321.62 lead=+0.10 | pcr=437.170 head_rel=437.17 lag_ewma=5.53 | q=how much you can save. There / are auctions going on right n
20:41:03.880 ANCHOR pend_end=434.87 L=4.40 pinL=2.30 target=0.00 off=-0.23
20:41:03.880 CLOCK fold raw=321.62 prev=434.53 new=434.69 d=+0.154 fr=404.81 dt=0.141 rate=1.00 paused=False backlog=2.62 edge=437.31 div=-113.06
20:41:03.880 PAINT after 2.8 s blank (t=434.69)
20:41:03.982 CLOCK integ raw=321.62 prev=434.69 new=434.79 d=+0.102 fr=404.81 dt=0.102 rate=1.00 paused=False backlog=2.62 edge=437.41 div=-113.06
20:41:04.084 CLOCK fold raw=321.88 prev=434.79 new=434.94 d=+0.154 fr=404.81 dt=0.102 rate=1.00 paused=False backlog=2.57 edge=437.51 div=-113.06
20:41:04.186 CLOCK integ raw=321.88 prev=434.94 new=435.04 d=+0.102 fr=404.81 dt=0.102 rate=1.00 paused=False backlog=2.57 edge=437.62 div=-113.06
20:41:04.287 CLOCK integ raw=321.88 prev=435.04 new=435.15 d=+0.101 fr=404.81 dt=0.101 rate=1.00 paused=False backlog=2.57 edge=437.72 div=-113.06
20:41:04.388 CLOCK fold raw=322.14 prev=435.15 new=435.20 d=+0.052 fr=404.81 dt=0.101 rate=1.00 paused=False backlog=2.62 edge=437.82 div=-113.06
20:41:04.490 CLOCK integ raw=322.14 prev=435.20 new=435.30 d=+0.102 fr=404.81 dt=0.102 rate=1.00 paused=False backlog=2.62 edge=437.92 div=-113.06
20:41:04.592 CLOCK fold raw=322.39 prev=435.30 new=435.45 d=+0.154 fr=404.81 dt=0.102 rate=1.00 paused=False backlog=2.57 edge=438.02 div=-113.06
20:41:04.694 CLOCK integ raw=322.39 prev=435.45 new=435.56 d=+0.102 fr=404.81 dt=0.102 rate=1.00 paused=False backlog=2.57 edge=438.12 div=-113.06
20:41:04.796 CLOCK integ raw=322.39 prev=435.56 new=435.66 d=+0.103 fr=404.81 dt=0.103 rate=1.00 paused=False backlog=2.57 edge=438.23 div=-113.06
20:41:04.999 CLOCK fold raw=322.65 prev=435.66 new=435.71 d=+0.052 fr=404.81 dt=0.203 rate=1.00 paused=False backlog=2.72 edge=438.43 div=-113.06
20:41:05.100 CLOCK fold raw=322.90 prev=435.71 new=435.97 d=+0.256 fr=404.81 dt=0.101 rate=1.00 paused=False backlog=2.57 edge=438.53 div=-113.06
20:41:05.204 CLOCK integ raw=322.90 prev=435.97 new=436.07 d=+0.104 fr=404.81 dt=0.104 rate=1.00 paused=False backlog=1.88 edge=437.95 div=-113.06
20:41:05.306 CLOCK integ raw=322.90 prev=436.07 new=436.17 d=+0.101 fr=404.81 dt=0.101 rate=1.00 paused=False backlog=1.88 edge=438.06 div=-113.06
20:41:05.409 CLOCK fold raw=323.16 prev=436.17 new=436.22 d=+0.051 fr=404.81 dt=0.103 rate=1.00 paused=False backlog=1.94 edge=438.16 div=-113.06
20:41:05.512 CLOCK integ raw=323.16 prev=436.22 new=436.32 d=+0.102 fr=404.81 dt=0.102 rate=1.00 paused=False backlog=1.94 edge=438.26 div=-113.06
20:41:05.613 CLOCK fold raw=323.42 prev=436.32 new=436.48 d=+0.154 fr=404.81 dt=0.102 rate=1.00 paused=False backlog=1.88 edge=438.36 div=-113.06
20:41:05.717 CLOCK integ raw=323.42 prev=436.48 new=436.58 d=+0.104 fr=404.81 dt=0.104 rate=1.00 paused=False backlog=1.88 edge=438.47 div=-113.06
20:41:05.819 CLOCK integ raw=323.42 prev=436.58 new=436.68 d=+0.102 fr=404.81 dt=0.102 rate=1.00 paused=False backlog=1.88 edge=438.57 div=-113.06
20:41:05.920 CLOCK fold raw=323.67 prev=436.68 new=436.73 d=+0.050 fr=404.81 dt=0.102 rate=1.00 paused=False backlog=1.94 edge=438.67 div=-113.06
20:41:06.022 CLOCK integ raw=323.67 prev=436.73 new=436.84 d=+0.101 fr=404.81 dt=0.101 rate=1.00 paused=False backlog=1.94 edge=438.77 div=-113.06
20:41:06.122 CLOCK fold raw=323.93 prev=436.84 new=436.99 d=+0.155 fr=404.81 dt=0.101 rate=1.00 paused=False backlog=1.88 edge=438.87 div=-113.06
20:41:06.325 CLOCK integ raw=323.93 prev=436.99 new=437.19 d=+0.202 fr=404.81 dt=0.202 rate=1.00 paused=False backlog=1.88 edge=439.07 div=-113.06
20:41:06.426 CLOCK fold raw=324.18 prev=437.19 new=437.25 d=+0.053 fr=404.81 dt=0.101 rate=1.00 paused=False backlog=1.93 edge=439.18 div=-113.06
20:41:06.527 CLOCK integ raw=324.18 prev=437.25 new=437.35 d=+0.101 fr=404.81 dt=0.101 rate=1.00 paused=False backlog=1.93 edge=439.28 div=-113.06
20:41:06.629 CLOCK integ raw=324.18 prev=437.35 new=437.45 d=+0.102 fr=404.81 dt=0.102 rate=1.00 paused=False backlog=1.93 edge=439.38 div=-113.06
20:41:06.731 CLOCK fold raw=324.44 prev=437.45 new=437.50 d=+0.055 fr=404.81 dt=0.102 rate=1.00 paused=False backlog=1.98 edge=439.48 div=-113.06
20:41:06.832 CLOCK integ raw=324.44 prev=437.50 new=437.60 d=+0.101 fr=404.81 dt=0.101 rate=1.00 paused=False backlog=1.98 edge=439.58 div=-113.06
20:41:06.935 CLOCK fold raw=324.70 prev=437.60 new=437.76 d=+0.154 fr=404.81 dt=0.103 rate=1.00 paused=False backlog=1.93 edge=439.69 div=-113.06
20:41:07.038 CLOCK integ raw=324.70 prev=437.76 new=437.86 d=+0.102 fr=404.81 dt=0.102 rate=1.00 paused=False backlog=1.93 edge=439.79 div=-113.06
20:41:07.141 EDGESNAP err=-2.62 edge->437.17
20:41:07.141 CLOCK integ raw=324.70 prev=437.86 new=437.96 d=+0.104 fr=404.81 dt=0.104 rate=1.00 paused=False backlog=0.00 edge=437.96 div=-113.06
20:41:07.243 CLOCK fold raw=324.95 prev=437.96 new=438.01 d=+0.050 fr=404.81 dt=0.102 rate=1.00 paused=False backlog=0.05 edge=438.07 div=-113.06
20:41:07.346 CLOCK integ raw=324.95 prev=438.01 new=438.12 d=+0.103 fr=408.42 dt=0.103 rate=1.00 paused=False backlog=0.05 edge=438.17 div=-113.06
20:41:07.448 CLOCK fold raw=325.21 prev=438.12 new=438.27 d=+0.153 fr=408.42 dt=0.102 rate=1.00 paused=False backlog=0.00 edge=438.27 div=-113.06
20:41:07.550 CLOCK integ raw=325.21 prev=438.27 new=438.37 d=+0.102 fr=408.42 dt=0.102 rate=1.00 paused=False backlog=0.00 edge=438.37 div=-113.06
20:41:07.652 CLOCK integ raw=325.21 prev=438.37 new=438.47 d=+0.101 fr=408.42 dt=0.101 rate=1.00 paused=False backlog=0.00 edge=438.47 div=-113.06
20:41:07.855 CLOCK fold raw=325.47 prev=438.47 new=438.53 d=+0.053 fr=408.83 dt=0.204 rate=1.00 paused=False backlog=0.15 edge=438.68 div=-113.06
20:41:07.921 EDGESNAP err=+3.76 edge->442.44
20:41:07.922 CUE cx=[434.87..438.57] adv=3.70 el=3.98 fresh | off=-0.12 fr=408.83 cc=438.53 raw=325.72 lead=-0.07 | pcr=442.440 head_rel=442.44 lag_ewma=8.16 | q=are auctions going on right now, / so what are you waiting f
20:41:08.024 ANCHOR pend_end=438.57 L=6.66 pinL=3.87 target=0.00 off=-0.12
20:41:08.024 CLOCK fold raw=325.72 prev=438.53 new=438.78 d=+0.256 fr=408.83 dt=0.168 rate=1.00 paused=False backlog=3.82 edge=442.61 div=-113.06
20:41:08.159 CUE cx=[438.57..440.64] adv=2.07 el=0.27 fresh | off=-0.06 fr=408.83 cc=438.78 raw=325.72 lead=+1.80 | pcr=443.986 head_rel=443.99 lag_ewma=6.66 | q=so what are you waiting for? / Have a great trip. Do you thi
20:41:08.160 CUE cx=[440.64..441.87] adv=1.23 el=0.03 fresh | off=-0.06 fr=408.83 cc=438.78 raw=325.72 lead=+3.03 | pcr=443.986 head_rel=443.99 lag_ewma=6.66 | q=Have a great trip. Do you think / they'll be okay? Honey, / 
20:41:08.160 ANCHOR pend_end=441.87 L=5.07 pinL=2.11 target=-0.34 off=-0.06
20:41:08.161 CLOCK integ raw=325.72 prev=438.78 new=438.92 d=+0.137 fr=408.83 dt=0.137 rate=1.00 paused=False backlog=4.86 edge=443.78 div=-113.06
20:41:08.161 PAINT after 4.2 s blank (t=438.92)
20:41:08.263 CLOCK fold raw=325.98 prev=438.92 new=439.04 d=+0.117 fr=409.24 dt=0.103 rate=1.00 paused=False backlog=4.84 edge=443.88 div=-113.06
20:41:08.365 CUE cx=[441.88..443.41] adv=1.54 el=0.21 fresh | off=-0.20 fr=409.24 cc=439.04 raw=325.98 lead=+4.17 | pcr=443.986 head_rel=443.99 lag_ewma=5.07 | q=they'll be okay? Honey, / nothing's gonna happen. And if / i
20:41:08.367 ANCHOR pend_end=443.41 L=3.50 pinL=0.58 target=-0.05 off=-0.20
20:41:08.367 CLOCK integ raw=325.98 prev=439.04 new=439.14 d=+0.103 fr=409.24 dt=0.103 rate=1.00 paused=False backlog=4.90 edge=444.04 div=-113.06
20:41:08.469 CLOCK fold raw=326.23 prev=439.14 new=439.29 d=+0.154 fr=409.24 dt=0.102 rate=1.00 paused=False backlog=4.84 edge=444.14 div=-113.06
20:41:08.571 CLOCK integ raw=326.23 prev=439.29 new=439.40 d=+0.103 fr=409.65 dt=0.103 rate=1.00 paused=False backlog=4.84 edge=444.24 div=-113.06
20:41:08.673 CLOCK integ raw=326.23 prev=439.40 new=439.50 d=+0.101 fr=409.65 dt=0.101 rate=1.00 paused=False backlog=4.84 edge=444.34 div=-113.06
20:41:08.777 TICK fr=409.65 cc=439.50 raw=326.49 vid=439.59 playing=1 started=1 stall=0 | d_fr_cc=-29.85 d_fr_raw=+83.16 d_cc_raw=+113.01 | off=-0.13 ccx_end=443.41 since_show=0.1 since_cue=0.4 | pcr=444.828 pid=100 head_rel=444.83 ccx_lag=1.42 | credit=409.6 capped=0.0 | fsize=201726256 feed=201726256 feed_behind=0 | backlog=4.84 edge=444.34 div=-113.06 lag_ewma=3.50
20:41:08.779 CLOCK fold raw=326.49 prev=439.50 new=439.55 d=+0.051 fr=409.65 dt=0.106 rate=1.00 paused=False backlog=4.90 edge=444.45 div=-113.06
20:41:08.880 CLOCK integ raw=326.49 prev=439.55 new=439.65 d=+0.101 fr=409.65 dt=0.101 rate=1.00 paused=False backlog=4.90 edge=444.55 div=-113.06
20:41:08.983 CLOCK fold raw=326.74 prev=439.65 new=439.81 d=+0.155 fr=409.65 dt=0.102 rate=1.00 paused=False backlog=4.85 edge=444.65 div=-113.06
20:41:09.084 CLOCK integ raw=326.74 prev=439.81 new=439.91 d=+0.102 fr=409.65 dt=0.102 rate=1.00 paused=False backlog=4.85 edge=444.75 div=-113.06
20:41:09.188 CLOCK integ raw=326.74 prev=439.91 new=440.01 d=+0.104 fr=409.65 dt=0.104 rate=1.00 paused=False backlog=4.88 edge=444.89 div=-113.06
20:41:09.291 CLOCK fold raw=327.00 prev=440.01 new=440.06 d=+0.050 fr=409.65 dt=0.103 rate=1.00 paused=False backlog=4.94 edge=445.00 div=-113.06
20:41:09.495 CLOCK fold raw=327.26 prev=440.06 new=440.32 d=+0.256 fr=409.65 dt=0.204 rate=1.00 paused=False backlog=4.88 edge=445.20 div=-113.06
20:41:09.597 CLOCK integ raw=327.26 prev=440.32 new=440.42 d=+0.102 fr=409.65 dt=0.102 rate=1.00 paused=False backlog=4.88 edge=445.30 div=-113.06
20:41:09.699 CLOCK integ raw=327.26 prev=440.42 new=440.52 d=+0.102 fr=409.65 dt=0.102 rate=1.00 paused=False backlog=4.88 edge=445.41 div=-113.06
20:41:09.801 CLOCK fold raw=327.51 prev=440.52 new=440.57 d=+0.053 fr=409.65 dt=0.102 rate=1.00 paused=False backlog=4.93 edge=445.51 div=-113.06
20:41:09.905 CLOCK integ raw=327.51 prev=440.57 new=440.68 d=+0.103 fr=409.65 dt=0.103 rate=1.00 paused=False backlog=4.93 edge=445.61 div=-113.06
20:41:10.006 CLOCK fold raw=327.77 prev=440.68 new=440.83 d=+0.153 fr=409.65 dt=0.101 rate=1.00 paused=False backlog=4.88 edge=445.71 div=-113.06
20:41:10.107 CLOCK integ raw=327.77 prev=440.83 new=440.93 d=+0.101 fr=409.65 dt=0.101 rate=1.00 paused=False backlog=4.88 edge=445.81 div=-113.06
20:41:10.211 CLOCK integ raw=327.77 prev=440.93 new=441.03 d=+0.103 fr=409.65 dt=0.103 rate=1.00 paused=False backlog=4.88 edge=445.92 div=-113.06
20:41:10.312 CLOCK fold raw=328.02 prev=441.03 new=441.09 d=+0.052 fr=409.65 dt=0.101 rate=1.00 paused=False backlog=4.93 edge=446.02 div=-113.06
20:41:10.413 CLOCK integ raw=328.02 prev=441.09 new=441.19 d=+0.101 fr=409.65 dt=0.101 rate=1.00 paused=False backlog=4.93 edge=446.12 div=-113.06
20:41:10.616 CLOCK fold raw=328.29 prev=441.19 new=441.35 d=+0.161 fr=409.65 dt=0.203 rate=1.00 paused=False backlog=4.97 edge=446.32 div=-113.06
20:41:10.719 CLOCK integ raw=328.29 prev=441.35 new=441.45 d=+0.103 fr=409.65 dt=0.103 rate=1.00 paused=False backlog=4.97 edge=446.43 div=-113.06
20:41:10.822 CLOCK fold raw=328.54 prev=441.45 new=441.60 d=+0.148 fr=409.65 dt=0.102 rate=1.00 paused=False backlog=4.93 edge=446.53 div=-113.06
20:41:10.923 CLOCK integ raw=328.54 prev=441.60 new=441.70 d=+0.102 fr=409.65 dt=0.102 rate=1.00 paused=False backlog=4.93 edge=446.63 div=-113.06
20:41:11.025 CLOCK fold raw=328.79 prev=441.70 new=441.86 d=+0.154 fr=409.65 dt=0.102 rate=1.00 paused=False backlog=4.88 edge=446.73 div=-113.06
20:41:11.128 CLOCK integ raw=328.79 prev=441.86 new=441.96 d=+0.102 fr=409.65 dt=0.102 rate=1.00 paused=False backlog=4.88 edge=446.83 div=-113.06
20:41:11.232 CLOCK integ raw=328.79 prev=441.96 new=442.06 d=+0.104 fr=409.65 dt=0.104 rate=1.00 paused=False backlog=3.87 edge=445.93 div=-113.06
20:41:11.333 CLOCK fold raw=329.05 prev=442.06 new=442.12 d=+0.054 fr=409.65 dt=0.101 rate=1.00 paused=False backlog=3.92 edge=446.04 div=-113.06
20:41:11.434 CLOCK integ raw=329.05 prev=442.12 new=442.22 d=+0.101 fr=409.65 dt=0.101 rate=1.00 paused=False backlog=3.92 edge=446.14 div=-113.06
20:41:11.537 CLOCK fold raw=329.30 prev=442.22 new=442.37 d=+0.149 fr=409.65 dt=0.102 rate=1.00 paused=False backlog=3.87 edge=446.24 div=-113.06
20:41:11.638 CLOCK integ raw=329.30 prev=442.37 new=442.47 d=+0.101 fr=409.65 dt=0.101 rate=1.00 paused=False backlog=3.87 edge=446.34 div=-113.06
20:41:11.739 CLOCK integ raw=329.30 prev=442.47 new=442.57 d=+0.101 fr=409.65 dt=0.101 rate=1.00 paused=False backlog=3.87 edge=446.44 div=-113.06
20:41:11.842 CLOCK fold raw=329.56 prev=442.57 new=442.62 d=+0.054 fr=409.65 dt=0.103 rate=1.00 paused=False backlog=3.92 edge=446.54 div=-113.06
20:41:11.944 CLOCK integ raw=329.56 prev=442.62 new=442.72 d=+0.102 fr=409.65 dt=0.102 rate=1.00 paused=False backlog=3.92 edge=446.65 div=-113.06
20:41:12.045 CLOCK fold raw=329.82 prev=442.72 new=442.88 d=+0.154 fr=409.65 dt=0.101 rate=1.00 paused=False backlog=3.87 edge=446.75 div=-113.06
20:41:12.247 CLOCK integ raw=329.82 prev=442.88 new=443.08 d=+0.202 fr=409.65 dt=0.202 rate=1.00 paused=False backlog=3.87 edge=446.95 div=-113.06
20:41:12.349 CLOCK fold raw=330.07 prev=443.08 new=443.13 d=+0.054 fr=409.65 dt=0.102 rate=1.00 paused=False backlog=3.92 edge=447.05 div=-113.06
20:41:12.450 CLOCK integ raw=330.07 prev=443.13 new=443.24 d=+0.101 fr=409.65 dt=0.101 rate=1.00 paused=False backlog=3.92 edge=447.15 div=-113.06
20:41:12.552 CLOCK fold raw=330.33 prev=443.24 new=443.39 d=+0.154 fr=409.65 dt=0.102 rate=1.00 paused=False backlog=3.87 edge=447.25 div=-113.06
20:41:12.654 CLOCK integ raw=330.33 prev=443.39 new=443.49 d=+0.103 fr=409.65 dt=0.103 rate=1.00 paused=False backlog=3.87 edge=447.36 div=-113.06
20:41:12.756 CLOCK integ raw=330.33 prev=443.49 new=443.59 d=+0.101 fr=409.65 dt=0.101 rate=1.00 paused=False backlog=3.87 edge=447.46 div=-113.06
20:41:12.858 CLOCK fold raw=330.59 prev=443.59 new=443.65 d=+0.054 fr=409.65 dt=0.103 rate=1.00 paused=False backlog=3.91 edge=447.56 div=-113.06
20:41:12.959 CLOCK integ raw=330.59 prev=443.65 new=443.75 d=+0.101 fr=409.65 dt=0.101 rate=1.00 paused=False backlog=3.91 edge=447.66 div=-113.06
20:41:13.061 CLOCK fold raw=330.84 prev=443.75 new=443.90 d=+0.153 fr=409.65 dt=0.102 rate=1.00 paused=False backlog=3.86 edge=447.76 div=-113.06
20:41:13.164 EDGESNAP err=-2.94 edge->444.83
20:41:13.165 CLOCK integ raw=330.84 prev=443.90 new=444.00 d=+0.104 fr=409.65 dt=0.104 rate=1.00 paused=False backlog=0.93 edge=444.93 div=-113.06
20:41:13.267 CLOCK integ raw=330.84 prev=444.00 new=444.11 d=+0.102 fr=409.65 dt=0.102 rate=1.00 paused=False backlog=0.93 edge=445.03 div=-113.06
20:41:13.368 CLOCK fold raw=331.10 prev=444.11 new=444.16 d=+0.050 fr=409.65 dt=0.101 rate=1.00 paused=False backlog=0.98 edge=445.13 div=-113.06
20:41:13.571 CLOCK fold raw=331.35 prev=444.16 new=444.41 d=+0.257 fr=409.65 dt=0.202 rate=1.00 paused=False backlog=0.92 edge=445.34 div=-113.06
20:41:13.672 CLOCK integ raw=331.35 prev=444.41 new=444.52 d=+0.101 fr=409.65 dt=0.101 rate=1.00 paused=False backlog=0.92 edge=445.44 div=-113.06
20:41:13.773 CLOCK integ raw=331.35 prev=444.52 new=444.62 d=+0.101 fr=409.65 dt=0.101 rate=1.00 paused=False backlog=0.92 edge=445.54 div=-113.06
20:41:13.776 TICK fr=409.65 cc=444.62 raw=331.35 vid=444.49 playing=1 started=1 stall=0 | d_fr_cc=-34.97 d_fr_raw=+78.29 d_cc_raw=+113.26 | off=-0.13 ccx_end=443.41 since_show=1.2 since_cue=5.4 | pcr=444.828 pid=100 head_rel=444.83 ccx_lag=1.42 | credit=409.6 capped=0.0 | fsize=201726256 feed=201726256 feed_behind=0 | backlog=0.92 edge=445.54 div=-113.06 lag_ewma=3.50
20:41:13.878 CLOCK fold raw=331.61 prev=444.62 new=444.67 d=+0.054 fr=409.65 dt=0.105 rate=1.00 paused=False backlog=0.97 edge=445.64 div=-113.06
20:41:13.980 CLOCK integ raw=331.61 prev=444.67 new=444.77 d=+0.102 fr=409.65 dt=0.102 rate=1.00 paused=False backlog=0.97 edge=445.75 div=-113.06
20:41:14.082 CLOCK fold raw=331.86 prev=444.77 new=444.93 d=+0.153 fr=409.65 dt=0.102 rate=1.00 paused=False backlog=0.92 edge=445.85 div=-113.06
20:41:14.184 CLOCK integ raw=331.86 prev=444.93 new=445.03 d=+0.102 fr=409.65 dt=0.102 rate=1.00 paused=False backlog=0.92 edge=445.95 div=-113.06
20:41:14.285 CLOCK integ raw=331.86 prev=445.03 new=445.13 d=+0.101 fr=415.36 dt=0.101 rate=1.00 paused=False backlog=0.92 edge=446.05 div=-113.06
20:41:14.435 CUE cx=[443.41..445.01] adv=1.60 el=6.02 fresh | off=-0.13 fr=415.36 cc=445.13 raw=332.12 lead=-0.25 | pcr=446.022 head_rel=446.02 lag_ewma=3.50 | q=nothing's gonna happen. And if / it did, your parents would 
20:41:14.436 ANCHOR pend_end=445.01 L=2.63 pinL=1.01 target=0.02 off=-0.13
20:41:14.437 CLOCK fold raw=332.12 prev=445.13 new=445.18 d=+0.053 fr=415.36 dt=0.152 rate=1.00 paused=False backlog=1.01 edge=446.19 div=-113.06
20:41:14.539 CLOCK integ raw=332.12 prev=445.18 new=445.28 d=+0.101 fr=415.36 dt=0.101 rate=1.00 paused=False backlog=1.01 edge=446.29 div=-113.06
20:41:14.683 CUE cx=[445.01..446.48] adv=1.47 el=0.25 fresh | off=-0.06 fr=415.36 cc=445.28 raw=332.38 lead=+1.14 | pcr=447.427 head_rel=447.43 lag_ewma=2.63 | q=it did, your parents would take / care of the kids. Our mone
20:41:14.684 ANCHOR pend_end=446.48 L=2.04 pinL=0.95 target=-0.57 off=-0.06
20:41:14.684 CLOCK fold raw=332.38 prev=445.28 new=445.44 d=+0.157 fr=415.36 dt=0.146 rate=1.00 paused=False backlog=1.56 edge=447.00 div=-113.06
20:41:14.685 PAINT after 2.1 s blank (t=445.44)
20:41:14.789 CLOCK integ raw=332.38 prev=445.44 new=445.54 d=+0.104 fr=415.76 dt=0.104 rate=1.00 paused=False backlog=1.56 edge=447.11 div=-113.06
20:41:14.891 CLOCK fold raw=332.63 prev=445.54 new=445.69 d=+0.151 fr=415.76 dt=0.102 rate=1.00 paused=False backlog=1.52 edge=447.21 div=-113.06
20:41:14.993 CLOCK integ raw=332.63 prev=445.69 new=445.80 d=+0.102 fr=415.76 dt=0.102 rate=1.00 paused=False backlog=1.52 edge=447.31 div=-113.06
20:41:15.210 CLOCK fold raw=332.89 prev=445.80 new=445.95 d=+0.154 fr=416.17 dt=0.217 rate=1.00 paused=False backlog=2.13 edge=448.08 div=-113.06
20:41:15.312 CLOCK integ raw=332.89 prev=445.95 new=446.05 d=+0.102 fr=416.17 dt=0.102 rate=1.00 paused=False backlog=2.13 edge=448.18 div=-113.06
20:41:15.413 CLOCK fold raw=333.14 prev=446.05 new=446.21 d=+0.154 fr=416.17 dt=0.102 rate=1.00 paused=False backlog=2.08 edge=448.28 div=-113.06
20:41:15.515 CLOCK integ raw=333.14 prev=446.21 new=446.31 d=+0.101 fr=416.17 dt=0.101 rate=1.00 paused=False backlog=2.08 edge=448.38 div=-113.06
20:41:15.616 CLOCK fold raw=333.40 prev=446.31 new=446.47 d=+0.158 fr=416.17 dt=0.101 rate=1.00 paused=False backlog=2.02 edge=448.48 div=-113.06
20:41:15.718 CLOCK integ raw=333.40 prev=446.47 new=446.57 d=+0.102 fr=416.17 dt=0.102 rate=1.00 paused=False backlog=2.02 edge=448.59 div=-113.06
20:41:15.819 CLOCK integ raw=333.40 prev=446.57 new=446.67 d=+0.101 fr=416.17 dt=0.101 rate=1.00 paused=False backlog=2.02 edge=448.69 div=-113.06
20:41:15.922 CLOCK fold raw=333.66 prev=446.67 new=446.72 d=+0.050 fr=416.17 dt=0.103 rate=1.00 paused=False backlog=2.07 edge=448.79 div=-113.06
20:41:16.025 CLOCK integ raw=333.66 prev=446.72 new=446.82 d=+0.103 fr=416.17 dt=0.103 rate=1.00 paused=False backlog=2.07 edge=448.89 div=-113.06
20:41:16.126 CLOCK fold raw=333.91 prev=446.82 new=446.97 d=+0.153 fr=416.17 dt=0.101 rate=1.00 paused=False backlog=2.02 edge=448.99 div=-113.06
20:41:16.227 CLOCK integ raw=333.91 prev=446.97 new=447.08 d=+0.101 fr=416.17 dt=0.101 rate=1.00 paused=False backlog=2.02 edge=449.10 div=-113.06
20:41:16.329 CLOCK integ raw=333.91 prev=447.08 new=447.18 d=+0.102 fr=416.17 dt=0.102 rate=1.00 paused=False backlog=2.02 edge=449.20 div=-113.06
20:41:16.430 CLOCK fold raw=334.17 prev=447.18 new=447.23 d=+0.052 fr=416.17 dt=0.101 rate=1.00 paused=False backlog=2.07 edge=449.30 div=-113.06
20:41:16.531 CLOCK integ raw=334.17 prev=447.23 new=447.33 d=+0.102 fr=416.17 dt=0.102 rate=1.00 paused=False backlog=2.07 edge=449.40 div=-113.06
20:41:16.734 CLOCK fold raw=334.43 prev=447.33 new=447.49 d=+0.155 fr=416.17 dt=0.203 rate=1.00 paused=False backlog=2.12 edge=449.60 div=-113.06
20:41:16.838 CLOCK integ raw=334.43 prev=447.49 new=447.59 d=+0.103 fr=416.17 dt=0.103 rate=1.00 paused=False backlog=2.12 edge=449.71 div=-113.06
20:41:16.939 CLOCK fold raw=334.68 prev=447.59 new=447.74 d=+0.154 fr=416.17 dt=0.102 rate=1.00 paused=False backlog=2.06 edge=449.81 div=-113.06
20:41:17.040 CLOCK integ raw=334.68 prev=447.74 new=447.84 d=+0.101 fr=416.17 dt=0.101 rate=1.00 paused=False backlog=2.06 edge=449.91 div=-113.06
20:41:17.142 CLOCK fold raw=334.94 prev=447.84 new=448.00 d=+0.153 fr=416.17 dt=0.102 rate=1.00 paused=False backlog=2.01 edge=450.01 div=-113.06
20:41:17.245 CLOCK integ raw=334.94 prev=448.00 new=448.10 d=+0.103 fr=416.17 dt=0.103 rate=1.00 paused=False backlog=1.21 edge=449.31 div=-113.06
20:41:17.346 CLOCK integ raw=334.94 prev=448.10 new=448.20 d=+0.101 fr=416.17 dt=0.101 rate=1.00 paused=False backlog=1.21 edge=449.42 div=-113.06
20:41:17.447 CLOCK fold raw=335.19 prev=448.20 new=448.25 d=+0.053 fr=416.17 dt=0.101 rate=1.00 paused=False backlog=1.26 edge=449.52 div=-113.06
20:41:17.550 CLOCK integ raw=335.19 prev=448.25 new=448.36 d=+0.102 fr=416.17 dt=0.102 rate=1.00 paused=False backlog=1.26 edge=449.62 div=-113.06
20:41:17.652 CLOCK fold raw=335.45 prev=448.36 new=448.51 d=+0.153 fr=416.17 dt=0.103 rate=1.00 paused=False backlog=1.21 edge=449.72 div=-113.06
20:41:17.753 CLOCK integ raw=335.45 prev=448.51 new=448.61 d=+0.102 fr=416.17 dt=0.102 rate=1.00 paused=False backlog=1.21 edge=449.82 div=-113.06
20:41:17.856 CLOCK integ raw=335.45 prev=448.61 new=448.71 d=+0.102 fr=416.17 dt=0.102 rate=1.00 paused=False backlog=1.21 edge=449.92 div=-113.06
20:41:17.957 CLOCK fold raw=335.70 prev=448.71 new=448.77 d=+0.053 fr=416.17 dt=0.102 rate=1.00 paused=False backlog=1.26 edge=450.03 div=-113.06
20:41:18.159 CLOCK fold raw=335.97 prev=448.77 new=449.03 d=+0.261 fr=416.17 dt=0.202 rate=1.00 paused=False backlog=1.20 edge=450.23 div=-113.06
20:41:18.262 CLOCK integ raw=335.97 prev=449.03 new=449.13 d=+0.102 fr=416.17 dt=0.102 rate=1.00 paused=False backlog=1.20 edge=450.33 div=-113.06
20:41:18.365 CLOCK integ raw=335.97 prev=449.13 new=449.23 d=+0.103 fr=419.44 dt=0.103 rate=1.00 paused=False backlog=1.20 edge=450.43 div=-113.06
20:41:18.468 CLOCK fold raw=336.22 prev=449.23 new=449.28 d=+0.045 fr=419.44 dt=0.102 rate=1.00 paused=False backlog=1.26 edge=450.54 div=-113.06
20:41:18.569 CLOCK integ raw=336.22 prev=449.28 new=449.38 d=+0.103 fr=419.44 dt=0.103 rate=1.00 paused=False backlog=1.26 edge=450.64 div=-113.06
20:41:18.616 CUE cx=[446.48..448.95] adv=2.47 el=3.93 fresh | off=-0.31 fr=419.44 cc=449.38 raw=336.22 lead=-0.74 | pcr=450.029 head_rel=450.03 lag_ewma=2.04 | q=care of the kids. Our money, / our house, everything would g
20:41:18.753 TICK fr=419.80 cc=449.38 raw=336.47 vid=449.74 playing=1 started=1 stall=0 | d_fr_cc=-29.58 d_fr_raw=+83.32 d_cc_raw=+112.91 | off=-0.31 ccx_end=448.95 since_show=2.9 since_cue=0.1 | pcr=450.594 pid=100 head_rel=450.59 ccx_lag=1.65 | credit=419.8 capped=0.0 | fsize=204302044 feed=203886564 feed_behind=415480 | backlog=0.95 edge=450.33 div=-113.06 lag_ewma=2.04
20:41:18.755 ANCHOR pend_end=448.95 L=1.70 pinL=1.08 target=0.31 off=-0.31
20:41:18.755 CLOCK fold raw=336.47 prev=449.38 new=449.53 d=+0.153 fr=419.80 dt=0.185 rate=1.00 paused=False backlog=0.99 edge=450.52 div=-113.06
20:41:18.856 CLOCK integ raw=336.47 prev=449.53 new=449.63 d=+0.101 fr=419.80 dt=0.101 rate=1.00 paused=False backlog=0.99 edge=450.62 div=-113.06
20:41:18.958 CLOCK fold raw=336.73 prev=449.63 new=449.79 d=+0.156 fr=419.80 dt=0.103 rate=1.00 paused=False backlog=0.93 edge=450.72 div=-113.06
20:41:19.060 CLOCK integ raw=336.73 prev=449.79 new=449.89 d=+0.101 fr=419.80 dt=0.101 rate=1.00 paused=False backlog=0.93 edge=450.82 div=-113.06
20:41:19.168 CLOCK integ raw=336.73 prev=449.89 new=450.00 d=+0.108 fr=420.24 dt=0.108 rate=1.00 paused=False backlog=1.52 edge=451.52 div=-113.06
20:41:19.269 CLOCK fold raw=336.99 prev=450.00 new=450.05 d=+0.048 fr=420.24 dt=0.101 rate=1.00 paused=False backlog=1.57 edge=451.62 div=-113.06
20:41:19.374 CUE cx=[448.95..451.08] adv=2.14 el=0.80 fresh | off=-0.00 fr=420.24 cc=450.05 raw=336.99 lead=+1.03 | pcr=451.996 head_rel=452.00 lag_ewma=1.70 | q=our house, everything would go / to them. Doesn't count. Sol
20:41:19.375 ANCHOR pend_end=451.08 L=1.43 pinL=0.91 target=-0.19 off=-0.00
20:41:19.376 CLOCK integ raw=336.99 prev=450.05 new=450.15 d=+0.107 fr=420.24 dt=0.107 rate=1.00 paused=False backlog=1.76 edge=451.91 div=-113.06
20:41:19.377 PAINT after 3.6 s blank (t=450.15)
20:41:19.581 CLOCK fold raw=337.24 prev=450.15 new=450.30 d=+0.148 fr=420.24 dt=0.205 rate=1.00 paused=False backlog=1.82 edge=452.12 div=-113.06
20:41:19.684 CLOCK integ raw=337.24 prev=450.30 new=450.40 d=+0.103 fr=420.24 dt=0.103 rate=1.00 paused=False backlog=1.82 edge=452.22 div=-113.06
20:41:19.787 CLOCK fold raw=337.50 prev=450.40 new=450.56 d=+0.154 fr=420.24 dt=0.102 rate=1.00 paused=False backlog=1.77 edge=452.32 div=-113.06
20:41:19.889 CLOCK integ raw=337.50 prev=450.56 new=450.66 d=+0.103 fr=420.24 dt=0.103 rate=1.00 paused=False backlog=1.77 edge=452.43 div=-113.06
20:41:19.992 CLOCK fold raw=337.75 prev=450.66 new=450.81 d=+0.152 fr=420.24 dt=0.102 rate=1.00 paused=False backlog=1.71 edge=452.53 div=-113.06
20:41:20.094 CLOCK integ raw=337.75 prev=450.81 new=450.92 d=+0.104 fr=420.24 dt=0.104 rate=1.00 paused=False backlog=1.71 edge=452.63 div=-113.06
20:41:20.196 CLOCK integ raw=337.75 prev=450.92 new=451.02 d=+0.102 fr=420.24 dt=0.102 rate=1.00 paused=False backlog=1.71 edge=452.73 div=-113.06
20:41:20.298 CLOCK fold raw=338.01 prev=451.02 new=451.07 d=+0.051 fr=420.24 dt=0.102 rate=1.00 paused=False backlog=1.77 edge=452.84 div=-113.06
20:41:20.400 CLOCK integ raw=338.01 prev=451.07 new=451.17 d=+0.102 fr=420.24 dt=0.102 rate=1.00 paused=False backlog=1.77 edge=452.94 div=-113.06
20:41:20.502 CLOCK fold raw=338.26 prev=451.17 new=451.33 d=+0.153 fr=420.24 dt=0.102 rate=1.00 paused=False backlog=1.71 edge=453.04 div=-113.06
20:41:20.604 CLOCK integ raw=338.26 prev=451.33 new=451.43 d=+0.102 fr=420.24 dt=0.102 rate=1.00 paused=False backlog=1.71 edge=453.14 div=-113.06
20:41:20.705 CLOCK integ raw=338.26 prev=451.43 new=451.53 d=+0.101 fr=420.24 dt=0.101 rate=1.00 paused=False backlog=1.71 edge=453.24 div=-113.06
20:41:20.808 CLOCK fold raw=338.53 prev=451.53 new=451.59 d=+0.060 fr=420.24 dt=0.101 rate=1.00 paused=False backlog=1.76 edge=453.34 div=-113.06
20:41:20.908 CLOCK integ raw=338.53 prev=451.59 new=451.69 d=+0.102 fr=420.24 dt=0.102 rate=1.00 paused=False backlog=1.76 edge=453.45 div=-113.06
20:41:21.013 CLOCK fold raw=338.78 prev=451.69 new=451.84 d=+0.148 fr=420.24 dt=0.105 rate=1.00 paused=False backlog=1.71 edge=453.55 div=-113.06
20:41:21.221 CLOCK integ raw=338.78 prev=451.84 new=452.05 d=+0.208 fr=420.24 dt=0.208 rate=1.00 paused=False backlog=0.93 edge=452.98 div=-113.06
20:41:21.327 CLOCK fold raw=339.04 prev=452.05 new=452.10 d=+0.050 fr=420.24 dt=0.105 rate=1.00 paused=False backlog=0.99 edge=453.09 div=-113.06
20:41:21.430 CLOCK integ raw=339.04 prev=452.10 new=452.20 d=+0.104 fr=420.24 dt=0.104 rate=1.00 paused=False backlog=0.99 edge=453.19 div=-113.06
20:41:21.532 CLOCK fold raw=339.29 prev=452.20 new=452.35 d=+0.151 fr=420.24 dt=0.102 rate=1.00 paused=False backlog=0.94 edge=453.29 div=-113.06
20:41:21.635 CLOCK integ raw=339.29 prev=452.35 new=452.45 d=+0.103 fr=420.24 dt=0.103 rate=1.00 paused=False backlog=0.94 edge=453.39 div=-113.06
20:41:21.737 CLOCK fold raw=339.55 prev=452.45 new=452.61 d=+0.152 fr=420.24 dt=0.102 rate=1.00 paused=False backlog=0.89 edge=453.50 div=-113.06
20:41:21.838 CLOCK integ raw=339.55 prev=452.61 new=452.71 d=+0.101 fr=420.24 dt=0.101 rate=1.00 paused=False backlog=0.89 edge=453.60 div=-113.06
20:41:21.939 CLOCK integ raw=339.55 prev=452.71 new=452.81 d=+0.101 fr=420.24 dt=0.101 rate=1.00 paused=False backlog=0.89 edge=453.70 div=-113.06
20:41:22.041 CLOCK fold raw=339.80 prev=452.81 new=452.86 d=+0.054 fr=420.24 dt=0.102 rate=1.00 paused=False backlog=0.94 edge=453.80 div=-113.06
20:41:22.142 CLOCK integ raw=339.80 prev=452.86 new=452.96 d=+0.101 fr=420.24 dt=0.101 rate=1.00 paused=False backlog=0.94 edge=453.90 div=-113.06
20:41:22.244 CLOCK integ raw=339.80 prev=452.96 new=453.07 d=+0.102 fr=420.24 dt=0.102 rate=1.00 paused=False backlog=0.94 edge=454.00 div=-113.06
20:41:22.346 CLOCK fold raw=340.06 prev=453.07 new=453.12 d=+0.054 fr=420.24 dt=0.102 rate=1.00 paused=False backlog=0.99 edge=454.11 div=-113.06
20:41:22.448 CLOCK integ raw=340.06 prev=453.12 new=453.22 d=+0.102 fr=423.42 dt=0.102 rate=1.00 paused=False backlog=0.99 edge=454.21 div=-113.06
20:41:22.550 CLOCK fold raw=340.31 prev=453.22 new=453.37 d=+0.153 fr=423.42 dt=0.102 rate=1.00 paused=False backlog=0.94 edge=454.31 div=-113.06
20:41:22.652 CLOCK integ raw=340.31 prev=453.37 new=453.48 d=+0.103 fr=423.42 dt=0.103 rate=1.00 paused=False backlog=0.94 edge=454.41 div=-113.06
20:41:22.755 CLOCK integ raw=340.31 prev=453.48 new=453.58 d=+0.103 fr=423.83 dt=0.103 rate=1.00 paused=False backlog=0.94 edge=454.52 div=-113.06
20:41:22.890 CUE cx=[451.08..452.52] adv=1.43 el=3.48 fresh | off=-0.10 fr=423.83 cc=453.58 raw=340.57 lead=-1.16 | pcr=455.439 head_rel=455.44 lag_ewma=1.43 | q=to them. Doesn't count. Solid / plan. But what you need is a
20:41:22.890 CUE cx=[452.52..453.75] adv=1.24 el=0.03 fresh | off=-0.10 fr=423.83 cc=453.58 raw=340.57 lead=+0.08 | pcr=455.439 head_rel=455.44 lag_ewma=1.43 | q=plan. But what you need is a / will. Luckily, trust and will
20:41:22.890 ANCHOR pend_end=453.75 L=1.52 pinL=1.69 target=-0.23 off=-0.10
20:41:22.890 CLOCK fold raw=340.57 prev=453.58 new=453.63 d=+0.049 fr=423.83 dt=0.135 rate=1.00 paused=False backlog=1.71 edge=455.34 div=-113.06
20:41:22.890 PAINT after 2.4 s blank (t=453.63)
20:41:22.992 CLOCK integ raw=340.57 prev=453.63 new=453.73 d=+0.102 fr=423.83 dt=0.102 rate=1.00 paused=False backlog=1.71 edge=455.44 div=-113.06
20:41:23.195 CLOCK fold raw=340.82 prev=453.73 new=453.89 d=+0.155 fr=423.83 dt=0.203 rate=1.00 paused=False backlog=1.76 edge=455.65 div=-113.06
20:41:23.299 CLOCK fold raw=341.08 prev=453.89 new=454.14 d=+0.255 fr=424.27 dt=0.104 rate=1.00 paused=False backlog=1.61 edge=455.75 div=-113.06
20:41:23.401 CLOCK integ raw=341.08 prev=454.14 new=454.24 d=+0.102 fr=424.27 dt=0.102 rate=1.00 paused=False backlog=1.61 edge=455.85 div=-113.06
20:41:23.503 CLOCK integ raw=341.08 prev=454.24 new=454.34 d=+0.101 fr=424.27 dt=0.101 rate=1.00 paused=False backlog=1.61 edge=455.95 div=-113.06
20:41:23.604 CLOCK fold raw=341.34 prev=454.34 new=454.40 d=+0.056 fr=424.27 dt=0.102 rate=1.00 paused=False backlog=1.66 edge=456.06 div=-113.06
20:41:23.707 CLOCK integ raw=341.34 prev=454.40 new=454.50 d=+0.102 fr=424.27 dt=0.102 rate=1.00 paused=False backlog=1.66 edge=456.16 div=-113.06
20:41:23.811 TICK fr=424.27 cc=454.50 raw=341.60 vid=454.63 playing=1 started=1 stall=0 | d_fr_cc=-30.23 d_fr_raw=+82.68 d_cc_raw=+112.91 | off=-0.16 ccx_end=453.75 since_show=0.6 since_cue=0.9 | pcr=455.649 pid=100 head_rel=455.65 ccx_lag=1.90 | credit=424.3 capped=0.0 | fsize=206721980 feed=206721980 feed_behind=0 | backlog=1.66 edge=456.16 div=-113.06 lag_ewma=1.52
20:41:23.811 CLOCK fold raw=341.60 prev=454.50 new=454.66 d=+0.154 fr=424.27 dt=0.105 rate=1.00 paused=False backlog=1.61 edge=456.26 div=-113.06
20:41:23.914 CLOCK integ raw=341.60 prev=454.66 new=454.76 d=+0.103 fr=424.27 dt=0.103 rate=1.00 paused=False backlog=1.61 edge=456.37 div=-113.06
20:41:24.015 CLOCK integ raw=341.60 prev=454.76 new=454.86 d=+0.101 fr=424.27 dt=0.101 rate=1.00 paused=False backlog=1.61 edge=456.47 div=-113.06
20:41:24.118 CLOCK fold raw=341.85 prev=454.86 new=454.91 d=+0.050 fr=424.27 dt=0.103 rate=1.00 paused=False backlog=1.66 edge=456.57 div=-113.06
20:41:24.219 CLOCK integ raw=341.85 prev=454.91 new=455.01 d=+0.101 fr=424.27 dt=0.101 rate=1.00 paused=False backlog=1.66 edge=456.67 div=-113.06
20:41:24.321 CLOCK fold raw=342.10 prev=455.01 new=455.17 d=+0.154 fr=424.27 dt=0.102 rate=1.00 paused=False backlog=1.61 edge=456.77 div=-113.06
20:41:24.422 CLOCK integ raw=342.10 prev=455.17 new=455.27 d=+0.101 fr=424.27 dt=0.101 rate=1.00 paused=False backlog=1.61 edge=456.87 div=-113.06
20:41:24.524 CLOCK integ raw=342.10 prev=455.27 new=455.37 d=+0.101 fr=424.27 dt=0.101 rate=1.00 paused=False backlog=1.61 edge=456.98 div=-113.06
20:41:24.625 CLOCK fold raw=342.36 prev=455.37 new=455.42 d=+0.054 fr=424.27 dt=0.101 rate=1.00 paused=False backlog=1.66 edge=457.08 div=-113.06
20:41:24.827 CLOCK fold raw=342.62 prev=455.42 new=455.68 d=+0.255 fr=424.27 dt=0.202 rate=1.00 paused=False backlog=1.60 edge=457.28 div=-113.06
20:41:24.930 CLOCK integ raw=342.62 prev=455.68 new=455.78 d=+0.102 fr=424.27 dt=0.102 rate=1.00 paused=False backlog=1.60 edge=457.38 div=-113.06
20:41:25.033 CLOCK integ raw=342.62 prev=455.78 new=455.88 d=+0.104 fr=424.27 dt=0.104 rate=1.00 paused=False backlog=1.60 edge=457.49 div=-113.06
20:41:25.135 CLOCK fold raw=342.87 prev=455.88 new=455.93 d=+0.051 fr=424.27 dt=0.102 rate=1.00 paused=False backlog=1.65 edge=457.59 div=-113.06
20:41:25.239 CLOCK integ raw=342.87 prev=455.93 new=456.04 d=+0.104 fr=424.27 dt=0.104 rate=1.00 paused=False backlog=0.68 edge=456.72 div=-113.06
20:41:25.343 CLOCK fold raw=343.13 prev=456.04 new=456.19 d=+0.152 fr=424.27 dt=0.104 rate=1.00 paused=False backlog=0.64 edge=456.83 div=-113.06
20:41:25.444 CLOCK integ raw=343.13 prev=456.19 new=456.29 d=+0.101 fr=424.27 dt=0.101 rate=1.00 paused=False backlog=0.64 edge=456.93 div=-113.06
20:41:25.545 CLOCK integ raw=343.13 prev=456.29 new=456.39 d=+0.101 fr=424.27 dt=0.101 rate=1.00 paused=False backlog=0.64 edge=457.03 div=-113.06
20:41:25.646 CLOCK fold raw=343.38 prev=456.39 new=456.45 d=+0.054 fr=424.27 dt=0.101 rate=1.00 paused=False backlog=0.68 edge=457.13 div=-113.06
20:41:25.748 CLOCK integ raw=343.38 prev=456.45 new=456.55 d=+0.102 fr=424.27 dt=0.102 rate=1.00 paused=False backlog=0.68 edge=457.23 div=-113.06
20:41:25.849 CLOCK fold raw=343.64 prev=456.55 new=456.71 d=+0.157 fr=424.27 dt=0.101 rate=1.00 paused=False backlog=0.63 edge=457.33 div=-113.06
20:41:25.951 CLOCK integ raw=343.64 prev=456.71 new=456.81 d=+0.102 fr=424.27 dt=0.102 rate=1.00 paused=False backlog=0.63 edge=457.43 div=-113.06
20:41:26.053 CLOCK integ raw=343.64 prev=456.81 new=456.91 d=+0.102 fr=424.27 dt=0.102 rate=1.00 paused=False backlog=0.63 edge=457.54 div=-113.06
20:41:26.255 CLOCK fold raw=343.90 prev=456.91 new=456.96 d=+0.049 fr=424.27 dt=0.202 rate=1.00 paused=False backlog=0.78 edge=457.74 div=-113.06
20:41:26.357 CLOCK fold raw=344.15 prev=456.96 new=457.21 d=+0.256 fr=424.27 dt=0.102 rate=1.00 paused=False backlog=0.63 edge=457.84 div=-113.06
20:41:26.458 CLOCK integ raw=344.15 prev=457.21 new=457.32 d=+0.101 fr=424.27 dt=0.101 rate=1.00 paused=False backlog=0.63 edge=457.94 div=-113.06
20:41:26.559 CLOCK integ raw=344.15 prev=457.32 new=457.42 d=+0.101 fr=424.27 dt=0.101 rate=1.00 paused=False backlog=0.63 edge=458.04 div=-113.06
20:41:26.660 CLOCK fold raw=344.41 prev=457.42 new=457.47 d=+0.052 fr=424.27 dt=0.101 rate=1.00 paused=False backlog=0.67 edge=458.14 div=-113.06
20:41:26.762 CLOCK integ raw=344.41 prev=457.47 new=457.57 d=+0.101 fr=424.27 dt=0.101 rate=1.00 paused=False backlog=0.67 edge=458.24 div=-113.06
20:41:26.863 CLOCK fold raw=344.67 prev=457.57 new=457.73 d=+0.156 fr=424.27 dt=0.101 rate=1.00 paused=False backlog=0.62 edge=458.35 div=-113.06
20:41:26.964 CLOCK integ raw=344.67 prev=457.73 new=457.83 d=+0.101 fr=424.27 dt=0.101 rate=1.00 paused=False backlog=0.62 edge=458.45 div=-113.06
20:41:27.066 CLOCK integ raw=344.67 prev=457.83 new=457.93 d=+0.102 fr=424.27 dt=0.102 rate=1.00 paused=False backlog=0.62 edge=458.55 div=-113.06
20:41:27.168 EDGESNAP err=-2.90 edge->455.65
20:41:27.168 CLOCK fold raw=344.92 prev=457.93 new=457.98 d=+0.053 fr=424.27 dt=0.103 rate=1.00 paused=False backlog=0.00 edge=457.98 div=-113.06
20:41:27.270 CLOCK integ raw=344.92 prev=457.98 new=458.08 d=+0.101 fr=424.27 dt=0.101 rate=1.00 paused=False backlog=0.00 edge=458.08 div=-113.06
20:41:27.371 CLOCK fold raw=345.18 prev=458.08 new=458.24 d=+0.156 fr=424.27 dt=0.102 rate=1.00 paused=False backlog=0.00 edge=458.24 div=-113.06
20:41:27.474 CLOCK integ raw=345.18 prev=458.24 new=458.34 d=+0.103 fr=424.27 dt=0.103 rate=1.00 paused=False backlog=0.00 edge=458.34 div=-113.06
20:41:27.577 CLOCK integ raw=345.18 prev=458.34 new=458.44 d=+0.103 fr=424.27 dt=0.103 rate=1.00 paused=False backlog=0.00 edge=458.44 div=-113.06
20:41:27.680 CLOCK fold raw=345.43 prev=458.44 new=458.49 d=+0.050 fr=424.27 dt=0.103 rate=1.00 paused=False backlog=0.05 edge=458.55 div=-113.06
20:41:27.882 CLOCK fold raw=345.69 prev=458.49 new=458.75 d=+0.255 fr=424.27 dt=0.202 rate=1.00 paused=False backlog=0.00 edge=458.75 div=-113.06
20:41:27.985 CLOCK integ raw=345.69 prev=458.75 new=458.85 d=+0.102 fr=424.27 dt=0.102 rate=1.00 paused=False backlog=0.00 edge=458.85 div=-113.06
20:41:28.088 CLOCK integ raw=345.69 prev=458.85 new=458.96 d=+0.104 fr=424.27 dt=0.104 rate=1.00 paused=False backlog=0.00 edge=458.96 div=-113.06
20:41:28.190 CLOCK fold raw=345.94 prev=458.96 new=459.01 d=+0.051 fr=424.27 dt=0.103 rate=1.00 paused=False backlog=0.05 edge=459.06 div=-113.06
20:41:28.292 CLOCK integ raw=345.94 prev=459.01 new=459.11 d=+0.101 fr=424.27 dt=0.101 rate=1.00 paused=False backlog=0.05 edge=459.16 div=-113.06
20:41:28.294 REBASE why=watchdog shift=+3.67 off=3.51
20:41:28.395 CLOCK fold raw=346.20 prev=459.11 new=459.26 d=+0.154 fr=424.27 dt=0.103 rate=1.00 paused=False backlog=0.00 edge=459.26 div=-113.06
20:41:28.498 CLOCK integ raw=346.20 prev=459.26 new=459.36 d=+0.103 fr=424.27 dt=0.103 rate=1.00 paused=False backlog=0.00 edge=459.37 div=-113.06
20:41:28.599 CLOCK integ raw=346.20 prev=459.36 new=459.47 d=+0.101 fr=424.27 dt=0.101 rate=1.00 paused=False backlog=0.00 edge=459.47 div=-113.06
20:41:28.700 CLOCK fold raw=346.46 prev=459.47 new=459.52 d=+0.052 fr=424.27 dt=0.101 rate=1.00 paused=False backlog=0.05 edge=459.57 div=-113.06
20:41:28.802 TICK fr=424.27 cc=459.52 raw=346.46 vid=459.52 playing=1 started=1 stall=0 | d_fr_cc=-35.24 d_fr_raw=+77.82 d_cc_raw=+113.06 | off=3.51 ccx_end=453.75 since_show=5.6 since_cue=5.9 | pcr=455.649 pid=100 head_rel=455.65 ccx_lag=1.90 | credit=424.3 capped=0.0 | fsize=206721980 feed=206721980 feed_behind=0 | backlog=0.05 edge=459.57 div=-113.06 lag_ewma=1.52
20:41:28.803 CLOCK integ raw=346.46 prev=459.52 new=459.62 d=+0.103 fr=424.27 dt=0.103 rate=1.00 paused=False backlog=0.05 edge=459.67 div=-113.06
20:41:28.905 CLOCK fold raw=346.71 prev=459.62 new=459.77 d=+0.154 fr=424.27 dt=0.102 rate=1.00 paused=False backlog=0.00 edge=459.77 div=-113.06
20:41:29.005 CLOCK integ raw=346.71 prev=459.77 new=459.87 d=+0.101 fr=424.27 dt=0.101 rate=1.00 paused=False backlog=0.00 edge=459.87 div=-113.06
20:41:29.208 EDGESNAP err=-4.23 edge->455.65
20:41:29.209 CLOCK fold raw=346.97 prev=459.87 new=460.03 d=+0.154 fr=424.27 dt=0.204 rate=1.00 paused=False backlog=0.00 edge=460.03 div=-113.06
20:41:29.310 CLOCK integ raw=346.97 prev=460.03 new=460.13 d=+0.101 fr=424.27 dt=0.101 rate=1.00 paused=False backlog=0.00 edge=460.13 div=-113.06
20:41:29.414 CLOCK integ raw=346.97 prev=460.13 new=460.23 d=+0.103 fr=430.39 dt=0.103 rate=1.00 paused=False backlog=0.00 edge=460.23 div=-113.06
20:41:29.518 CLOCK fold raw=347.23 prev=460.23 new=460.29 d=+0.053 fr=430.39 dt=0.103 rate=1.00 paused=False backlog=0.05 edge=460.34 div=-113.06
20:41:29.619 CLOCK integ raw=347.23 prev=460.29 new=460.39 d=+0.102 fr=430.39 dt=0.102 rate=1.00 paused=False backlog=0.05 edge=460.44 div=-113.06
20:41:29.648 CUE cx=[453.75..455.09] adv=1.33 el=6.73 fresh | off=3.51 fr=430.39 cc=460.39 raw=347.23 lead=-1.79 | pcr=458.601 head_rel=458.60 lag_ewma=1.52 | q=will. Luckily, trust and will / makes creating a will easy. 
20:41:29.648 CUE cx=[455.09..456.12] adv=1.03 el=0.03 fresh | off=3.51 fr=430.39 cc=460.39 raw=347.23 lead=-0.76 | pcr=458.601 head_rel=458.60 lag_ewma=1.52 | q=makes creating a will easy. / It's an eternity designed / of
20:41:29.750 ANCHOR pend_end=456.12 L=1.85 pinL=2.48 target=0.46 off=3.51
20:41:29.750 CLOCK fold raw=347.48 prev=460.39 new=460.54 d=+0.155 fr=430.83 dt=0.131 rate=1.00 paused=False backlog=0.00 edge=460.54 div=-113.06
20:41:29.852 CLOCK integ raw=347.48 prev=460.54 new=460.65 d=+0.102 fr=430.83 dt=0.102 rate=1.00 paused=False backlog=0.00 edge=460.65 div=-113.06
20:41:29.853 CUE cx=[456.12..457.92] adv=1.80 el=0.20 fresh | off=1.99 fr=430.83 cc=460.65 raw=347.48 lead=-0.74 | pcr=458.601 head_rel=458.60 lag_ewma=1.85 | q=It's an eternity designed / official plan that states your /
20:41:29.955 ANCHOR pend_end=457.92 L=1.44 pinL=0.68 target=1.02 off=1.99
20:41:29.955 CLOCK fold raw=347.74 prev=460.65 new=460.80 d=+0.153 fr=430.83 dt=0.103 rate=1.00 paused=False backlog=0.00 edge=460.80 div=-113.06
20:41:30.056 CLOCK integ raw=347.74 prev=460.80 new=460.90 d=+0.102 fr=430.83 dt=0.102 rate=1.00 paused=False backlog=0.00 edge=460.90 div=-113.06
20:41:30.185 CUE cx=[457.93..460.46] adv=2.54 el=0.30 fresh | off=1.50 fr=431.13 cc=460.90 raw=347.99 lead=+1.06 | pcr=461.689 head_rel=461.69 lag_ewma=1.44 | q=official plan that states your / wishes if you died and it /
20:41:30.185 ANCHOR pend_end=460.46 L=1.37 pinL=1.23 target=-0.39 off=1.50
20:41:30.186 CLOCK fold raw=347.99 prev=460.90 new=461.05 d=+0.154 fr=431.13 dt=0.129 rate=1.00 paused=False backlog=0.37 edge=461.42 div=-113.06
20:41:30.186 PAINT after 7.0 s blank (t=461.05)
20:41:30.287 CLOCK integ raw=347.99 prev=461.05 new=461.16 d=+0.102 fr=431.13 dt=0.102 rate=1.00 paused=False backlog=0.37 edge=461.52 div=-113.06
20:41:30.389 CLOCK integ raw=347.99 prev=461.16 new=461.26 d=+0.102 fr=431.13 dt=0.102 rate=1.00 paused=False backlog=0.37 edge=461.63 div=-113.06
20:41:30.490 CLOCK fold raw=348.25 prev=461.26 new=461.31 d=+0.051 fr=431.13 dt=0.102 rate=1.00 paused=False backlog=0.42 edge=461.73 div=-113.06
20:41:30.593 CLOCK integ raw=348.25 prev=461.31 new=461.41 d=+0.103 fr=431.57 dt=0.103 rate=1.00 paused=False backlog=0.42 edge=461.83 div=-113.06
20:41:30.624 EDGESNAP err=+2.67 edge->464.50
20:41:30.625 CUE cx=[460.46..462.06] adv=1.60 el=0.44 fresh | off=0.55 fr=431.57 cc=461.41 raw=348.25 lead=+1.20 | pcr=464.499 head_rel=464.50 lag_ewma=4.03 | q=wishes if you died and it / actually counts. Slug bug. Get /
20:41:30.726 ANCHOR pend_end=462.06 L=3.48 pinL=2.44 target=0.00 off=0.55
20:41:30.726 CLOCK fold raw=348.50 prev=461.41 new=461.57 d=+0.154 fr=431.57 dt=0.133 rate=1.00 paused=False backlog=3.07 edge=464.63 div=-113.06
20:41:30.829 CLOCK integ raw=348.50 prev=461.57 new=461.67 d=+0.102 fr=431.57 dt=0.102 rate=1.00 paused=False backlog=3.07 edge=464.73 div=-113.06
20:41:30.830 CUE cx=[462.06..464.60] adv=2.54 el=0.24 fresh | off=0.28 fr=431.57 cc=461.67 raw=348.50 lead=+3.21 | pcr=464.499 head_rel=464.50 lag_ewma=3.48 | q=actually counts. Slug bug. Get / started at trust and will.c
20:41:30.931 ANCHOR pend_end=464.60 L=3.48 pinL=- target=-3.46 off=0.28
20:41:30.932 CLOCK integ raw=348.50 prev=461.67 new=461.77 d=+0.103 fr=431.57 dt=0.103 rate=1.00 paused=False backlog=2.95 edge=464.72 div=-113.06
20:41:31.033 CLOCK fold raw=348.76 prev=461.77 new=461.82 d=+0.051 fr=432.01 dt=0.102 rate=1.00 paused=False backlog=3.00 edge=464.82 div=-113.06
20:41:31.135 CLOCK integ raw=348.76 prev=461.82 new=461.92 d=+0.102 fr=432.01 dt=0.102 rate=1.00 paused=False backlog=3.00 edge=464.92 div=-113.06
20:41:31.239 CLOCK fold raw=349.02 prev=461.92 new=462.08 d=+0.153 fr=432.01 dt=0.104 rate=1.00 paused=False backlog=3.90 edge=465.97 div=-113.06
20:41:31.340 CLOCK integ raw=349.02 prev=462.08 new=462.18 d=+0.101 fr=432.42 dt=0.101 rate=1.00 paused=False backlog=3.90 edge=466.08 div=-113.06
20:41:31.442 CLOCK integ raw=349.02 prev=462.18 new=462.28 d=+0.102 fr=432.42 dt=0.102 rate=1.00 paused=False backlog=3.90 edge=466.18 div=-113.06
20:41:31.544 CLOCK fold raw=349.27 prev=462.28 new=462.33 d=+0.054 fr=432.42 dt=0.102 rate=1.00 paused=False backlog=3.94 edge=466.28 div=-113.06
20:41:31.646 CLOCK integ raw=349.27 prev=462.33 new=462.44 d=+0.102 fr=432.42 dt=0.102 rate=1.00 paused=False backlog=3.94 edge=466.38 div=-113.06
20:41:31.747 CLOCK fold raw=349.53 prev=462.44 new=462.59 d=+0.153 fr=432.42 dt=0.101 rate=1.00 paused=False backlog=3.89 edge=466.48 div=-113.06
20:41:31.849 CLOCK integ raw=349.53 prev=462.59 new=462.69 d=+0.102 fr=432.42 dt=0.102 rate=1.00 paused=False backlog=3.89 edge=466.58 div=-113.06
20:41:32.051 CLOCK fold raw=349.78 prev=462.69 new=462.85 d=+0.154 fr=432.42 dt=0.202 rate=1.00 paused=False backlog=3.94 edge=466.79 div=-113.06
20:41:32.152 CLOCK integ raw=349.78 prev=462.85 new=462.95 d=+0.101 fr=432.42 dt=0.101 rate=1.00 paused=False backlog=3.94 edge=466.89 div=-113.06
20:41:32.254 CLOCK fold raw=350.04 prev=462.95 new=463.10 d=+0.156 fr=432.42 dt=0.102 rate=1.00 paused=False backlog=3.89 edge=466.99 div=-113.06
20:41:32.356 CLOCK integ raw=350.04 prev=463.10 new=463.20 d=+0.101 fr=432.42 dt=0.101 rate=1.00 paused=False backlog=3.89 edge=467.09 div=-113.06
20:41:32.458 CLOCK integ raw=350.04 prev=463.20 new=463.31 d=+0.102 fr=432.42 dt=0.102 rate=1.00 paused=False backlog=3.89 edge=467.19 div=-113.06
20:41:32.559 CLOCK fold raw=350.30 prev=463.31 new=463.36 d=+0.053 fr=432.42 dt=0.101 rate=1.00 paused=False backlog=3.94 edge=467.29 div=-113.06
20:41:32.661 CLOCK integ raw=350.30 prev=463.36 new=463.46 d=+0.102 fr=432.42 dt=0.102 rate=1.00 paused=False backlog=3.94 edge=467.40 div=-113.06
20:41:32.762 CLOCK fold raw=350.55 prev=463.46 new=463.61 d=+0.153 fr=432.42 dt=0.101 rate=1.00 paused=False backlog=3.88 edge=467.50 div=-113.06
20:41:32.863 CLOCK integ raw=350.55 prev=463.61 new=463.71 d=+0.101 fr=432.42 dt=0.101 rate=1.00 paused=False backlog=3.88 edge=467.60 div=-113.06
20:41:32.966 CLOCK integ raw=350.55 prev=463.71 new=463.82 d=+0.103 fr=432.42 dt=0.103 rate=1.00 paused=False backlog=3.88 edge=467.70 div=-113.06
20:41:33.068 CLOCK fold raw=350.81 prev=463.82 new=463.87 d=+0.055 fr=432.42 dt=0.102 rate=1.00 paused=False backlog=3.93 edge=467.80 div=-113.06
20:41:33.170 CLOCK integ raw=350.81 prev=463.87 new=463.98 d=+0.102 fr=432.42 dt=0.102 rate=1.00 paused=False backlog=3.44 edge=467.41 div=-113.06
20:41:33.272 CLOCK fold raw=351.06 prev=463.98 new=464.13 d=+0.151 fr=432.42 dt=0.102 rate=1.00 paused=False backlog=3.39 edge=467.51 div=-113.06
20:41:33.375 CLOCK integ raw=351.06 prev=464.13 new=464.23 d=+0.102 fr=432.42 dt=0.102 rate=1.00 paused=False backlog=3.39 edge=467.62 div=-113.06
20:41:33.577 CLOCK fold raw=351.32 prev=464.23 new=464.38 d=+0.153 fr=432.42 dt=0.202 rate=1.00 paused=False backlog=3.44 edge=467.82 div=-113.06
20:41:33.679 CLOCK integ raw=351.32 prev=464.38 new=464.48 d=+0.102 fr=432.42 dt=0.102 rate=1.00 paused=False backlog=3.44 edge=467.92 div=-113.06
20:41:33.780 CLOCK fold raw=351.58 prev=464.48 new=464.64 d=+0.157 fr=432.42 dt=0.101 rate=1.00 paused=False backlog=3.38 edge=468.02 div=-113.06
20:41:33.782 TICK fr=432.42 cc=464.64 raw=351.58 vid=464.39 playing=1 started=1 stall=0 | d_fr_cc=-32.22 d_fr_raw=+80.84 d_cc_raw=+113.06 | off=-1.59 ccx_end=464.60 since_show=0.0 since_cue=3.0 | pcr=466.819 pid=100 head_rel=466.82 ccx_lag=2.22 | credit=432.4 capped=0.0 | fsize=212184320 feed=212184320 feed_behind=0 | backlog=3.38 edge=468.02 div=-113.06 lag_ewma=3.48
20:41:33.884 CLOCK integ raw=351.58 prev=464.64 new=464.74 d=+0.104 fr=432.42 dt=0.104 rate=1.00 paused=False backlog=3.38 edge=468.13 div=-113.06
20:41:33.986 CLOCK integ raw=351.58 prev=464.74 new=464.85 d=+0.102 fr=432.42 dt=0.102 rate=1.00 paused=False backlog=3.38 edge=468.23 div=-113.06
20:41:34.088 CLOCK fold raw=351.83 prev=464.85 new=464.89 d=+0.048 fr=432.42 dt=0.102 rate=1.00 paused=False backlog=3.44 edge=468.33 div=-113.06
20:41:34.189 CLOCK integ raw=351.83 prev=464.89 new=465.00 d=+0.101 fr=432.42 dt=0.101 rate=1.00 paused=False backlog=3.44 edge=468.43 div=-113.06
20:41:34.291 CLOCK fold raw=352.09 prev=465.00 new=465.15 d=+0.155 fr=432.42 dt=0.102 rate=1.00 paused=False backlog=3.38 edge=468.53 div=-113.06
20:41:34.392 CLOCK integ raw=352.09 prev=465.15 new=465.25 d=+0.101 fr=432.42 dt=0.101 rate=1.00 paused=False backlog=3.38 edge=468.63 div=-113.06
20:41:34.493 CLOCK integ raw=352.09 prev=465.25 new=465.35 d=+0.101 fr=432.42 dt=0.101 rate=1.00 paused=False backlog=3.38 edge=468.74 div=-113.06
20:41:34.594 CLOCK fold raw=352.35 prev=465.35 new=465.41 d=+0.053 fr=432.42 dt=0.101 rate=1.00 paused=False backlog=3.43 edge=468.84 div=-113.06
20:41:34.696 CLOCK integ raw=352.35 prev=465.41 new=465.51 d=+0.102 fr=432.42 dt=0.102 rate=1.00 paused=False backlog=3.43 edge=468.94 div=-113.06
20:41:34.798 CLOCK fold raw=352.60 prev=465.51 new=465.66 d=+0.153 fr=432.42 dt=0.102 rate=1.00 paused=False backlog=3.38 edge=469.04 div=-113.06
20:41:35.000 CLOCK integ raw=352.60 prev=465.66 new=465.86 d=+0.203 fr=432.42 dt=0.203 rate=1.00 paused=False backlog=3.38 edge=469.24 div=-113.06
20:41:35.102 CLOCK fold raw=352.86 prev=465.86 new=465.92 d=+0.053 fr=432.42 dt=0.101 rate=1.00 paused=False backlog=3.43 edge=469.34 div=-113.06
20:41:35.204 EDGESNAP err=-2.53 edge->466.82
20:41:35.205 CLOCK integ raw=352.86 prev=465.92 new=466.02 d=+0.103 fr=432.42 dt=0.103 rate=1.00 paused=False backlog=0.90 edge=466.92 div=-113.06
20:41:35.306 CLOCK fold raw=353.12 prev=466.02 new=466.18 d=+0.157 fr=432.42 dt=0.101 rate=1.00 paused=False backlog=0.84 edge=467.02 div=-113.06
20:41:35.409 CLOCK integ raw=353.12 prev=466.18 new=466.28 d=+0.103 fr=432.42 dt=0.103 rate=1.00 paused=False backlog=0.84 edge=467.13 div=-113.06
20:41:35.512 CLOCK integ raw=353.12 prev=466.28 new=466.38 d=+0.102 fr=432.42 dt=0.102 rate=1.00 paused=False backlog=0.84 edge=467.23 div=-113.06
20:41:35.613 CLOCK fold raw=353.37 prev=466.38 new=466.43 d=+0.048 fr=432.42 dt=0.102 rate=1.00 paused=False backlog=0.90 edge=467.33 div=-113.06
20:41:35.715 CLOCK integ raw=353.37 prev=466.43 new=466.53 d=+0.102 fr=432.42 dt=0.102 rate=1.00 paused=False backlog=0.90 edge=467.43 div=-113.06
20:41:35.819 CLOCK fold raw=353.63 prev=466.53 new=466.69 d=+0.155 fr=432.42 dt=0.105 rate=1.00 paused=False backlog=0.85 edge=467.54 div=-113.06
20:41:35.922 CLOCK integ raw=353.63 prev=466.69 new=466.79 d=+0.103 fr=432.42 dt=0.103 rate=1.00 paused=False backlog=0.85 edge=467.64 div=-113.06
20:41:36.024 CLOCK integ raw=353.63 prev=466.79 new=466.89 d=+0.101 fr=432.42 dt=0.101 rate=1.00 paused=False backlog=0.85 edge=467.74 div=-113.06
20:41:36.125 CLOCK fold raw=353.88 prev=466.89 new=466.94 d=+0.050 fr=432.42 dt=0.101 rate=1.00 paused=False backlog=0.90 edge=467.84 div=-113.06
20:41:36.228 CLOCK integ raw=353.88 prev=466.94 new=467.04 d=+0.103 fr=432.42 dt=0.103 rate=1.00 paused=False backlog=0.90 edge=467.94 div=-113.06
20:41:36.330 CLOCK fold raw=354.14 prev=467.04 new=467.20 d=+0.154 fr=432.42 dt=0.102 rate=1.00 paused=False backlog=0.85 edge=468.05 div=-113.06
20:41:36.434 CLOCK integ raw=354.14 prev=467.20 new=467.30 d=+0.103 fr=432.42 dt=0.103 rate=1.00 paused=False backlog=0.85 edge=468.15 div=-113.06
20:41:36.539 CLOCK integ raw=354.14 prev=467.30 new=467.41 d=+0.105 fr=432.42 dt=0.105 rate=1.00 paused=False backlog=0.85 edge=468.25 div=-113.06
20:41:36.745 CLOCK fold raw=354.39 prev=467.41 new=467.45 d=+0.047 fr=432.42 dt=0.206 rate=1.00 paused=False backlog=1.01 edge=468.46 div=-113.06
20:41:36.847 CLOCK fold raw=354.65 prev=467.45 new=467.71 d=+0.256 fr=432.42 dt=0.102 rate=1.00 paused=False backlog=0.85 edge=468.56 div=-113.06
20:41:36.948 CLOCK integ raw=354.65 prev=467.71 new=467.81 d=+0.101 fr=432.42 dt=0.101 rate=1.00 paused=False backlog=0.85 edge=468.66 div=-113.06
20:41:37.049 CLOCK integ raw=354.65 prev=467.81 new=467.91 d=+0.101 fr=432.42 dt=0.101 rate=1.00 paused=False backlog=0.85 edge=468.77 div=-113.06
20:41:37.152 CLOCK fold raw=354.90 prev=467.91 new=467.97 d=+0.054 fr=432.42 dt=0.102 rate=1.00 paused=False backlog=0.90 edge=468.87 div=-113.06
20:41:37.254 CLOCK integ raw=354.90 prev=467.97 new=468.07 d=+0.103 fr=432.42 dt=0.103 rate=1.00 paused=False backlog=0.00 edge=468.07 div=-113.06
20:41:37.356 CLOCK fold raw=355.16 prev=468.07 new=468.22 d=+0.153 fr=432.42 dt=0.102 rate=1.00 paused=False backlog=0.00 edge=468.22 div=-113.06
20:41:37.458 CLOCK integ raw=355.16 prev=468.22 new=468.32 d=+0.101 fr=432.42 dt=0.101 rate=1.00 paused=False backlog=0.00 edge=468.32 div=-113.06
20:41:37.559 CLOCK integ raw=355.16 prev=468.32 new=468.42 d=+0.102 fr=432.42 dt=0.102 rate=1.00 paused=False backlog=0.00 edge=468.42 div=-113.06
20:41:37.661 CLOCK fold raw=355.42 prev=468.42 new=468.48 d=+0.055 fr=432.42 dt=0.102 rate=1.00 paused=False backlog=0.05 edge=468.53 div=-113.06
20:41:37.763 CLOCK integ raw=355.42 prev=468.48 new=468.58 d=+0.102 fr=432.42 dt=0.102 rate=1.00 paused=False backlog=0.05 edge=468.63 div=-113.06
20:41:37.866 CLOCK fold raw=355.67 prev=468.58 new=468.73 d=+0.152 fr=432.42 dt=0.103 rate=1.00 paused=False backlog=0.00 edge=468.73 div=-113.06
20:41:38.068 CLOCK integ raw=355.67 prev=468.73 new=468.94 d=+0.202 fr=432.42 dt=0.202 rate=1.00 paused=False backlog=0.00 edge=468.94 div=-113.06
20:41:38.169 CLOCK fold raw=355.93 prev=468.94 new=468.99 d=+0.053 fr=432.42 dt=0.102 rate=1.00 paused=False backlog=0.05 edge=469.04 div=-113.06
20:41:38.272 CLOCK integ raw=355.93 prev=468.99 new=469.09 d=+0.103 fr=432.42 dt=0.103 rate=1.00 paused=False backlog=0.05 edge=469.14 div=-113.06
20:41:38.373 CLOCK integ raw=355.93 prev=469.09 new=469.19 d=+0.101 fr=432.42 dt=0.101 rate=1.00 paused=False backlog=0.05 edge=469.24 div=-113.06
20:41:38.475 CLOCK fold raw=356.19 prev=469.19 new=469.25 d=+0.053 fr=432.42 dt=0.102 rate=1.00 paused=False backlog=0.10 edge=469.34 div=-113.06
20:41:38.577 CLOCK integ raw=356.19 prev=469.25 new=469.35 d=+0.102 fr=432.42 dt=0.102 rate=1.00 paused=False backlog=0.10 edge=469.45 div=-113.06
20:41:38.680 CLOCK fold raw=356.44 prev=469.35 new=469.50 d=+0.154 fr=432.42 dt=0.103 rate=1.00 paused=False backlog=0.05 edge=469.55 div=-113.06
20:41:38.784 TICK fr=432.42 cc=469.50 raw=356.44 vid=469.70 playing=1 started=1 stall=0 | d_fr_cc=-37.09 d_fr_raw=+75.98 d_cc_raw=+113.06 | off=-1.59 ccx_end=464.60 since_show=4.6 since_cue=8.0 | pcr=466.819 pid=100 head_rel=466.82 ccx_lag=2.22 | credit=432.4 capped=0.0 | fsize=212184320 feed=212184320 feed_behind=0 | backlog=0.05 edge=469.55 div=-113.06 lag_ewma=3.48
20:41:38.784 CLOCK integ raw=356.44 prev=469.50 new=469.61 d=+0.104 fr=432.42 dt=0.104 rate=1.00 paused=False backlog=0.05 edge=469.65 div=-113.06
20:41:38.886 CLOCK fold raw=356.70 prev=469.61 new=469.76 d=+0.151 fr=432.42 dt=0.102 rate=1.00 paused=False backlog=0.00 edge=469.76 div=-113.06
20:41:38.987 CLOCK integ raw=356.70 prev=469.76 new=469.86 d=+0.101 fr=432.42 dt=0.101 rate=1.00 paused=False backlog=0.00 edge=469.86 div=-113.06
20:41:39.089 CLOCK integ raw=356.70 prev=469.86 new=469.96 d=+0.102 fr=432.42 dt=0.102 rate=1.00 paused=False backlog=0.00 edge=469.96 div=-113.06
20:41:39.192 EDGESNAP err=-3.14 edge->466.82
20:41:39.192 CLOCK fold raw=356.95 prev=469.96 new=470.01 d=+0.054 fr=432.42 dt=0.103 rate=1.00 paused=False backlog=0.00 edge=470.01 div=-113.06
20:41:39.194 REBASE why=watchdog shift=+4.79 off=3.20
20:41:39.296 CLOCK integ raw=356.95 prev=470.01 new=470.12 d=+0.104 fr=432.42 dt=0.104 rate=1.00 paused=False backlog=0.00 edge=470.12 div=-113.06
20:41:39.398 CLOCK fold raw=357.21 prev=470.12 new=470.27 d=+0.152 fr=432.42 dt=0.102 rate=1.00 paused=False backlog=0.00 edge=470.27 div=-113.06
20:41:39.501 CLOCK integ raw=357.21 prev=470.27 new=470.37 d=+0.103 fr=440.48 dt=0.103 rate=1.00 paused=False backlog=0.00 edge=470.37 div=-113.06
20:41:39.603 CLOCK integ raw=357.21 prev=470.37 new=470.48 d=+0.103 fr=440.48 dt=0.103 rate=1.00 paused=False backlog=0.00 edge=470.48 div=-113.06
20:41:39.807 CLOCK fold raw=357.46 prev=470.48 new=470.53 d=+0.051 fr=440.48 dt=0.204 rate=1.00 paused=False backlog=0.15 edge=470.68 div=-113.06
20:41:39.909 CLOCK integ raw=357.46 prev=470.53 new=470.63 d=+0.102 fr=440.98 dt=0.102 rate=1.00 paused=False backlog=0.15 edge=470.78 div=-113.06
20:41:39.951 CUE cx=[464.60..468.50] adv=3.90 el=9.08 fresh | off=3.20 fr=440.98 cc=470.63 raw=357.73 lead=+1.07 | pcr=472.650 head_rel=472.65 lag_ewma=3.48 | q=started at trust and will.com / and make it count. Just and 
20:41:40.052 ANCHOR pend_end=468.50 L=3.71 pinL=4.15 target=-0.93 off=3.20
20:41:40.052 CLOCK fold raw=357.73 prev=470.63 new=470.79 d=+0.161 fr=440.98 dt=0.143 rate=1.00 paused=False backlog=1.07 edge=471.86 div=-113.06
20:41:40.052 PAINT after 5.9 s blank (t=470.79)
20:41:40.153 CUE cx=[468.50..470.17] adv=1.67 el=0.24 fresh | off=1.13 fr=440.98 cc=470.79 raw=357.73 lead=+0.51 | pcr=472.650 head_rel=472.65 lag_ewma=3.71 | q=and make it count. Just and / will. Hey, you're not packing 
20:41:40.153 CUE cx=[470.17..471.24] adv=1.07 el=0.00 fresh | off=1.13 fr=440.98 cc=470.79 raw=357.73 lead=+1.58 | pcr=472.650 head_rel=472.65 lag_ewma=3.71 | q=will. Hey, you're not packing / your toys for the Super Bowl
20:41:40.156 ANCHOR pend_end=471.24 L=2.91 pinL=1.41 target=-0.20 off=1.13
20:41:40.156 CLOCK integ raw=357.73 prev=470.79 new=470.89 d=+0.105 fr=440.98 dt=0.105 rate=1.00 paused=False backlog=1.66 edge=472.56 div=-113.06
20:41:40.360 CLOCK fold raw=358.00 prev=470.89 new=471.06 d=+0.165 fr=441.34 dt=0.203 rate=1.00 paused=False backlog=1.70 edge=472.76 div=-113.06
20:41:40.361 CUE cx=[471.24..473.07] adv=1.84 el=0.21 fresh | off=0.47 fr=441.34 cc=471.06 raw=358.00 lead=+2.48 | pcr=474.407 head_rel=474.41 lag_ewma=2.91 | q=your toys for the Super Bowl. / Nah, they gotta hold down th
20:41:40.464 ANCHOR pend_end=473.07 L=2.36 pinL=1.33 target=-0.82 off=0.47
20:41:40.464 CLOCK fold raw=358.25 prev=471.06 new=471.32 d=+0.257 fr=441.34 dt=0.104 rate=1.00 paused=False backlog=2.37 edge=473.69 div=-113.06
20:41:40.565 CLOCK integ raw=358.25 prev=471.32 new=471.42 d=+0.101 fr=441.34 dt=0.101 rate=1.00 paused=False backlog=2.37 edge=473.79 div=-113.06
20:41:40.667 CLOCK integ raw=358.25 prev=471.42 new=471.52 d=+0.102 fr=441.34 dt=0.102 rate=1.00 paused=False backlog=2.37 edge=473.89 div=-113.06
20:41:40.769 CLOCK fold raw=358.51 prev=471.52 new=471.57 d=+0.052 fr=441.34 dt=0.102 rate=1.00 paused=False backlog=2.42 edge=473.99 div=-113.06
20:41:40.871 CLOCK integ raw=358.51 prev=471.57 new=471.67 d=+0.102 fr=441.34 dt=0.102 rate=1.00 paused=False backlog=2.42 edge=474.09 div=-113.06
20:41:40.972 CLOCK fold raw=358.77 prev=471.67 new=471.83 d=+0.153 fr=441.34 dt=0.101 rate=1.00 paused=False backlog=2.37 edge=474.20 div=-113.06
20:41:41.074 CLOCK integ raw=358.77 prev=471.83 new=471.93 d=+0.102 fr=441.34 dt=0.102 rate=1.00 paused=False backlog=2.37 edge=474.30 div=-113.06
20:41:41.179 CLOCK integ raw=358.77 prev=471.93 new=472.03 d=+0.104 fr=441.34 dt=0.104 rate=1.00 paused=False backlog=2.42 edge=474.46 div=-113.06
20:41:41.280 CLOCK fold raw=359.02 prev=472.03 new=472.08 d=+0.051 fr=441.34 dt=0.101 rate=1.00 paused=False backlog=2.47 edge=474.56 div=-113.06
20:41:41.382 CLOCK integ raw=359.02 prev=472.08 new=472.19 d=+0.102 fr=441.34 dt=0.102 rate=1.00 paused=False backlog=2.47 edge=474.66 div=-113.06
20:41:41.485 CLOCK fold raw=359.29 prev=472.19 new=472.35 d=+0.162 fr=441.34 dt=0.103 rate=1.00 paused=False backlog=2.41 edge=474.76 div=-113.06
20:41:41.586 CLOCK integ raw=359.29 prev=472.35 new=472.45 d=+0.102 fr=441.34 dt=0.102 rate=1.00 paused=False backlog=2.41 edge=474.86 div=-113.06
20:41:41.688 CLOCK integ raw=359.29 prev=472.45 new=472.55 d=+0.102 fr=441.34 dt=0.102 rate=1.00 paused=False backlog=2.41 edge=474.97 div=-113.06
20:41:41.791 CLOCK fold raw=359.56 prev=472.55 new=472.62 d=+0.065 fr=441.34 dt=0.103 rate=1.00 paused=False backlog=2.45 edge=475.07 div=-113.06
20:41:41.994 CLOCK integ raw=359.56 prev=472.62 new=472.82 d=+0.204 fr=441.34 dt=0.204 rate=1.00 paused=False backlog=2.45 edge=475.27 div=-113.06
20:41:42.098 CLOCK fold raw=359.81 prev=472.82 new=472.87 d=+0.052 fr=441.34 dt=0.103 rate=1.00 paused=False backlog=2.50 edge=475.37 div=-113.06
20:41:42.199 CLOCK integ raw=359.81 prev=472.87 new=472.97 d=+0.102 fr=441.34 dt=0.102 rate=1.00 paused=False backlog=2.50 edge=475.48 div=-113.06
20:41:42.304 CLOCK fold raw=360.07 prev=472.97 new=473.13 d=+0.153 fr=441.34 dt=0.105 rate=1.00 paused=False backlog=2.45 edge=475.58 div=-113.06
20:41:42.408 CLOCK integ raw=360.07 prev=473.13 new=473.23 d=+0.103 fr=441.34 dt=0.103 rate=1.00 paused=False backlog=2.45 edge=475.68 div=-113.06
20:41:42.509 CLOCK integ raw=360.07 prev=473.23 new=473.33 d=+0.102 fr=441.34 dt=0.102 rate=1.00 paused=False backlog=2.45 edge=475.79 div=-113.06
20:41:42.612 CLOCK fold raw=360.32 prev=473.33 new=473.39 d=+0.052 fr=441.34 dt=0.103 rate=1.00 paused=False backlog=2.50 edge=475.89 div=-113.06
20:41:42.714 CLOCK integ raw=360.32 prev=473.39 new=473.49 d=+0.102 fr=441.34 dt=0.102 rate=1.00 paused=False backlog=2.50 edge=475.99 div=-113.06
20:41:42.816 CLOCK fold raw=360.58 prev=473.49 new=473.64 d=+0.156 fr=441.34 dt=0.102 rate=1.00 paused=False backlog=2.45 edge=476.09 div=-113.06
20:41:42.918 CLOCK integ raw=360.58 prev=473.64 new=473.75 d=+0.102 fr=441.34 dt=0.102 rate=1.00 paused=False backlog=2.45 edge=476.20 div=-113.06
20:41:43.021 CLOCK integ raw=360.58 prev=473.75 new=473.85 d=+0.103 fr=441.34 dt=0.103 rate=1.00 paused=False backlog=2.45 edge=476.30 div=-113.06
20:41:43.123 CLOCK fold raw=360.83 prev=473.85 new=473.90 d=+0.047 fr=441.34 dt=0.102 rate=1.00 paused=False backlog=1.56 edge=475.45 div=-113.06
20:41:43.225 CLOCK integ raw=360.83 prev=473.90 new=474.00 d=+0.102 fr=441.34 dt=0.102 rate=1.00 paused=False backlog=1.56 edge=475.56 div=-113.06
20:41:43.328 CLOCK fold raw=361.10 prev=474.00 new=474.16 d=+0.158 fr=441.34 dt=0.103 rate=1.00 paused=False backlog=1.50 edge=475.66 div=-113.06
20:41:43.531 CLOCK integ raw=361.10 prev=474.16 new=474.36 d=+0.203 fr=441.34 dt=0.203 rate=1.00 paused=False backlog=1.50 edge=475.86 div=-113.06
20:41:43.632 CLOCK fold raw=361.35 prev=474.36 new=474.41 d=+0.054 fr=441.34 dt=0.102 rate=1.00 paused=False backlog=1.55 edge=475.96 div=-113.06
20:41:43.734 CLOCK integ raw=361.35 prev=474.41 new=474.51 d=+0.102 fr=441.34 dt=0.102 rate=1.00 paused=False backlog=1.55 edge=476.06 div=-113.06
20:41:43.736 TICK fr=441.34 cc=474.51 raw=361.35 vid=474.55 playing=1 started=1 stall=0 | d_fr_cc=-33.18 d_fr_raw=+79.98 d_cc_raw=+113.16 | off=-0.18 ccx_end=473.07 since_show=0.8 since_cue=3.4 | pcr=474.407 pid=100 head_rel=474.41 ccx_lag=1.33 | credit=441.3 capped=0.0 | fsize=215669088 feed=215669088 feed_behind=0 | backlog=1.55 edge=476.06 div=-113.06 lag_ewma=2.36
20:41:43.837 CLOCK fold raw=361.61 prev=474.51 new=474.67 d=+0.152 fr=441.34 dt=0.103 rate=1.00 paused=False backlog=1.50 edge=476.17 div=-113.06
20:41:43.938 CLOCK integ raw=361.61 prev=474.67 new=474.77 d=+0.101 fr=441.34 dt=0.101 rate=1.00 paused=False backlog=1.50 edge=476.27 div=-113.06
20:41:44.040 CLOCK integ raw=361.61 prev=474.77 new=474.87 d=+0.102 fr=441.34 dt=0.102 rate=1.00 paused=False backlog=1.50 edge=476.37 div=-113.06
20:41:44.141 CLOCK fold raw=361.86 prev=474.87 new=474.92 d=+0.052 fr=441.34 dt=0.101 rate=1.00 paused=False backlog=1.55 edge=476.47 div=-113.06
20:41:44.243 CLOCK integ raw=361.86 prev=474.92 new=475.02 d=+0.102 fr=441.34 dt=0.102 rate=1.00 paused=False backlog=1.55 edge=476.57 div=-113.06
20:41:44.345 CLOCK fold raw=362.12 prev=475.02 new=475.18 d=+0.153 fr=445.42 dt=0.102 rate=1.00 paused=False backlog=1.50 edge=476.68 div=-113.06
20:41:44.447 CLOCK integ raw=362.12 prev=475.18 new=475.28 d=+0.102 fr=445.42 dt=0.102 rate=1.00 paused=False backlog=1.50 edge=476.78 div=-113.06
20:41:44.551 CLOCK integ raw=362.12 prev=475.28 new=475.38 d=+0.104 fr=445.42 dt=0.104 rate=1.00 paused=False backlog=1.50 edge=476.88 div=-113.06
20:41:44.659 CLOCK fold raw=362.37 prev=475.38 new=475.43 d=+0.051 fr=445.42 dt=0.108 rate=1.00 paused=False backlog=1.56 edge=476.99 div=-113.06
20:41:44.766 CLOCK integ raw=362.37 prev=475.43 new=475.54 d=+0.107 fr=445.84 dt=0.107 rate=1.00 paused=False backlog=1.56 edge=477.10 div=-113.06
20:41:44.871 CUE cx=[473.07..477.31] adv=4.24 el=4.51 fresh | off=-0.18 fr=445.84 cc=475.54 raw=362.63 lead=+1.59 | pcr=477.848 head_rel=477.85 lag_ewma=2.36 | q=Nah, they gotta hold down the / fort while we're in L.A. lik
20:41:44.871 ANCHOR pend_end=477.31 L=1.72 pinL=0.54 target=-0.37 off=-0.18
20:41:44.871 CLOCK fold raw=362.63 prev=475.54 new=475.70 d=+0.155 fr=445.84 dt=0.105 rate=1.00 paused=False backlog=1.88 edge=477.58 div=-113.06
20:41:44.973 CLOCK integ raw=362.63 prev=475.70 new=475.80 d=+0.102 fr=445.84 dt=0.102 rate=1.00 paused=False backlog=1.88 edge=477.68 div=-113.06
20:41:45.075 CLOCK integ raw=362.63 prev=475.80 new=475.90 d=+0.102 fr=445.84 dt=0.102 rate=1.00 paused=False backlog=1.88 edge=477.78 div=-113.06
20:41:45.179 CLOCK fold raw=362.89 prev=475.90 new=475.95 d=+0.049 fr=445.84 dt=0.104 rate=1.00 paused=False backlog=1.97 edge=477.92 div=-113.06
20:41:45.382 CLOCK fold raw=363.14 prev=475.95 new=476.20 d=+0.253 fr=445.84 dt=0.203 rate=1.00 paused=False backlog=1.92 edge=478.12 div=-113.06
20:41:45.484 CLOCK integ raw=363.14 prev=476.20 new=476.30 d=+0.102 fr=445.84 dt=0.102 rate=1.00 paused=False backlog=1.92 edge=478.22 div=-113.06
20:41:45.586 CLOCK fold raw=363.40 prev=476.30 new=476.46 d=+0.154 fr=445.84 dt=0.102 rate=1.00 paused=False backlog=1.87 edge=478.32 div=-113.06
20:41:45.687 CLOCK integ raw=363.40 prev=476.46 new=476.56 d=+0.102 fr=445.84 dt=0.102 rate=1.00 paused=False backlog=1.87 edge=478.43 div=-113.06
20:41:45.789 CLOCK integ raw=363.40 prev=476.56 new=476.66 d=+0.101 fr=445.84 dt=0.101 rate=1.00 paused=False backlog=1.87 edge=478.53 div=-113.06
20:41:45.890 CLOCK fold raw=363.65 prev=476.66 new=476.71 d=+0.053 fr=445.84 dt=0.101 rate=1.00 paused=False backlog=1.92 edge=478.63 div=-113.06
20:41:45.991 CLOCK integ raw=363.65 prev=476.71 new=476.81 d=+0.101 fr=445.84 dt=0.101 rate=1.00 paused=False backlog=1.92 edge=478.73 div=-113.06
20:41:46.092 CLOCK integ raw=363.65 prev=476.81 new=476.92 d=+0.102 fr=445.84 dt=0.102 rate=1.00 paused=False backlog=1.92 edge=478.83 div=-113.06
20:41:46.194 CLOCK fold raw=363.91 prev=476.92 new=476.97 d=+0.052 fr=445.84 dt=0.101 rate=1.00 paused=False backlog=1.96 edge=478.93 div=-113.06
20:41:46.296 CLOCK integ raw=363.91 prev=476.97 new=477.07 d=+0.102 fr=445.84 dt=0.102 rate=1.00 paused=False backlog=1.96 edge=479.03 div=-113.06
20:41:46.399 CLOCK fold raw=364.17 prev=477.07 new=477.23 d=+0.158 fr=445.84 dt=0.104 rate=1.00 paused=False backlog=1.91 edge=479.14 div=-113.06
20:41:46.500 CLOCK integ raw=364.17 prev=477.23 new=477.33 d=+0.101 fr=445.84 dt=0.101 rate=1.00 paused=False backlog=1.91 edge=479.24 div=-113.06
20:41:46.601 CLOCK integ raw=364.17 prev=477.33 new=477.43 d=+0.101 fr=445.84 dt=0.101 rate=1.00 paused=False backlog=1.91 edge=479.34 div=-113.06
20:41:46.805 CLOCK fold raw=364.43 prev=477.43 new=477.49 d=+0.056 fr=445.84 dt=0.204 rate=1.00 paused=False backlog=2.06 edge=479.54 div=-113.06
20:41:46.907 CLOCK fold raw=364.68 prev=477.49 new=477.74 d=+0.251 fr=445.84 dt=0.102 rate=1.00 paused=False backlog=1.91 edge=479.65 div=-113.06
20:41:47.009 CLOCK integ raw=364.68 prev=477.74 new=477.84 d=+0.102 fr=445.84 dt=0.102 rate=1.00 paused=False backlog=1.91 edge=479.75 div=-113.06
20:41:47.113 CLOCK integ raw=364.68 prev=477.84 new=477.94 d=+0.104 fr=445.84 dt=0.104 rate=1.00 paused=False backlog=1.91 edge=479.85 div=-113.06
20:41:47.217 CLOCK fold raw=364.94 prev=477.94 new=478.00 d=+0.055 fr=445.84 dt=0.103 rate=1.00 paused=False backlog=0.95 edge=478.95 div=-113.06
20:41:47.320 CLOCK integ raw=364.94 prev=478.00 new=478.10 d=+0.104 fr=445.84 dt=0.104 rate=1.00 paused=False backlog=0.95 edge=479.06 div=-113.06
20:41:47.423 CLOCK fold raw=365.19 prev=478.10 new=478.26 d=+0.154 fr=445.84 dt=0.103 rate=1.00 paused=False backlog=0.90 edge=479.16 div=-113.06
20:41:47.525 CLOCK integ raw=365.19 prev=478.26 new=478.36 d=+0.102 fr=445.84 dt=0.102 rate=1.00 paused=False backlog=0.90 edge=479.26 div=-113.06
20:41:47.628 CLOCK integ raw=365.19 prev=478.36 new=478.46 d=+0.103 fr=445.84 dt=0.103 rate=1.00 paused=False backlog=0.90 edge=479.36 div=-113.06
20:41:47.730 CLOCK fold raw=365.47 prev=478.46 new=478.53 d=+0.070 fr=445.84 dt=0.103 rate=1.00 paused=False backlog=0.94 edge=479.47 div=-113.06
20:41:47.836 CLOCK integ raw=365.47 prev=478.53 new=478.64 d=+0.105 fr=445.84 dt=0.105 rate=1.00 paused=False backlog=0.94 edge=479.57 div=-113.06
20:41:47.938 CLOCK fold raw=365.72 prev=478.64 new=478.78 d=+0.146 fr=445.84 dt=0.103 rate=1.00 paused=False backlog=0.89 edge=479.67 div=-113.06
20:41:48.040 CLOCK integ raw=365.72 prev=478.78 new=478.88 d=+0.101 fr=445.84 dt=0.101 rate=1.00 paused=False backlog=0.89 edge=479.78 div=-113.06
20:41:48.141 CLOCK integ raw=365.72 prev=478.88 new=478.99 d=+0.102 fr=445.84 dt=0.102 rate=1.00 paused=False backlog=0.89 edge=479.88 div=-113.06
20:41:48.344 CLOCK fold raw=365.98 prev=478.99 new=479.04 d=+0.053 fr=445.84 dt=0.202 rate=1.00 paused=False backlog=1.04 edge=480.08 div=-113.06
20:41:48.447 CLOCK fold raw=366.24 prev=479.04 new=479.30 d=+0.259 fr=449.52 dt=0.104 rate=1.00 paused=False backlog=0.89 edge=480.18 div=-113.06
20:41:48.550 CLOCK integ raw=366.24 prev=479.30 new=479.40 d=+0.103 fr=449.52 dt=0.103 rate=1.00 paused=False backlog=0.89 edge=480.29 div=-113.06
20:41:48.651 CLOCK integ raw=366.24 prev=479.40 new=479.50 d=+0.101 fr=449.52 dt=0.101 rate=1.00 paused=False backlog=0.89 edge=480.39 div=-113.06
20:41:48.752 CLOCK fold raw=366.49 prev=479.50 new=479.55 d=+0.049 fr=449.52 dt=0.101 rate=1.00 paused=False backlog=0.94 edge=480.49 div=-113.06
20:41:48.755 TICK fr=449.52 cc=479.55 raw=366.49 vid=479.47 playing=1 started=1 stall=0 | d_fr_cc=-30.03 d_fr_raw=+83.03 d_cc_raw=+113.06 | off=-0.28 ccx_end=477.31 since_show=2.3 since_cue=3.9 | pcr=480.446 pid=100 head_rel=480.44 ccx_lag=3.14 | credit=449.5 capped=0.0 | fsize=218354104 feed=218354104 feed_behind=0 | backlog=0.94 edge=480.49 div=-113.06 lag_ewma=1.72
20:41:48.856 CLOCK integ raw=366.49 prev=479.55 new=479.65 d=+0.104 fr=449.93 dt=0.104 rate=1.00 paused=False backlog=0.94 edge=480.59 div=-113.06
20:41:48.959 CLOCK fold raw=366.75 prev=479.65 new=479.81 d=+0.152 fr=449.93 dt=0.101 rate=1.00 paused=False backlog=0.89 edge=480.69 div=-113.06
20:41:49.060 CLOCK integ raw=366.75 prev=479.81 new=479.91 d=+0.103 fr=449.93 dt=0.103 rate=1.00 paused=False backlog=0.89 edge=480.80 div=-113.06
20:41:49.162 CLOCK integ raw=366.75 prev=479.91 new=480.01 d=+0.102 fr=449.93 dt=0.102 rate=1.00 paused=False backlog=0.71 edge=480.72 div=-113.06
20:41:49.264 CLOCK fold raw=367.00 prev=480.01 new=480.07 d=+0.054 fr=449.93 dt=0.102 rate=1.00 paused=False backlog=0.76 edge=480.82 div=-113.06
20:41:49.365 CLOCK integ raw=367.00 prev=480.07 new=480.17 d=+0.102 fr=449.93 dt=0.102 rate=1.00 paused=False backlog=0.76 edge=480.93 div=-113.06
20:41:49.469 CLOCK fold raw=367.26 prev=480.17 new=480.32 d=+0.155 fr=449.93 dt=0.104 rate=1.00 paused=False backlog=0.71 edge=481.03 div=-113.06
20:41:49.570 CLOCK integ raw=367.26 prev=480.32 new=480.42 d=+0.101 fr=449.93 dt=0.101 rate=1.00 paused=False backlog=0.71 edge=481.13 div=-113.06
20:41:49.706 EDGESNAP err=+3.74 edge->484.87
20:41:49.706 CUE cx=[477.31..480.91] adv=3.60 el=4.80 fresh | off=-0.28 fr=450.75 cc=480.42 raw=367.52 lead=+0.21 | pcr=484.869 head_rel=484.87 lag_ewma=5.46 | q=fort while we're in L.A. like / Toy Story, toy Story. The wh
20:41:49.708 ANCHOR pend_end=480.91 L=4.93 pinL=3.96 target=0.00 off=-0.28
20:41:49.708 CLOCK fold raw=367.52 prev=480.42 new=480.58 d=+0.154 fr=450.75 dt=0.138 rate=1.00 paused=False backlog=4.43 edge=485.01 div=-113.06
20:41:49.708 PAINT after 3.2 s blank (t=480.58)
20:41:49.811 CLOCK integ raw=367.52 prev=480.58 new=480.68 d=+0.104 fr=450.75 dt=0.104 rate=1.00 paused=False backlog=4.43 edge=485.11 div=-113.06
20:41:49.913 CLOCK integ raw=367.52 prev=480.68 new=480.78 d=+0.101 fr=450.75 dt=0.101 rate=1.00 paused=False backlog=4.43 edge=485.21 div=-113.06
20:41:50.015 CLOCK fold raw=367.77 prev=480.78 new=480.83 d=+0.048 fr=451.09 dt=0.102 rate=1.00 paused=False backlog=4.48 edge=485.31 div=-113.06
20:41:50.119 CLOCK integ raw=367.77 prev=480.83 new=480.93 d=+0.104 fr=451.09 dt=0.104 rate=1.00 paused=False backlog=4.48 edge=485.42 div=-113.06
20:41:50.220 CLOCK fold raw=368.03 prev=480.93 new=481.09 d=+0.155 fr=451.09 dt=0.101 rate=1.00 paused=False backlog=4.43 edge=485.52 div=-113.06
20:41:50.322 CLOCK integ raw=368.03 prev=481.09 new=481.19 d=+0.101 fr=451.09 dt=0.101 rate=1.00 paused=False backlog=4.43 edge=485.62 div=-113.06
20:41:50.525 CLOCK fold raw=368.28 prev=481.19 new=481.34 d=+0.153 fr=451.09 dt=0.203 rate=1.00 paused=False backlog=4.48 edge=485.82 div=-113.06
20:41:50.626 CLOCK integ raw=368.28 prev=481.34 new=481.44 d=+0.101 fr=451.09 dt=0.101 rate=1.00 paused=False backlog=4.48 edge=485.92 div=-113.06
20:41:50.729 CLOCK fold raw=368.54 prev=481.44 new=481.60 d=+0.153 fr=451.09 dt=0.103 rate=1.00 paused=False backlog=4.43 edge=486.03 div=-113.06
20:41:50.834 CLOCK integ raw=368.54 prev=481.60 new=481.70 d=+0.104 fr=451.09 dt=0.104 rate=1.00 paused=False backlog=4.43 edge=486.13 div=-113.06
20:41:50.937 CLOCK integ raw=368.54 prev=481.70 new=481.81 d=+0.105 fr=451.09 dt=0.105 rate=1.00 paused=False backlog=4.43 edge=486.24 div=-113.06
20:41:51.040 CLOCK fold raw=368.80 prev=481.81 new=481.86 d=+0.054 fr=451.09 dt=0.102 rate=1.00 paused=False backlog=4.48 edge=486.34 div=-113.06
20:41:51.141 CLOCK integ raw=368.80 prev=481.86 new=481.96 d=+0.101 fr=451.09 dt=0.101 rate=1.00 paused=False backlog=4.34 edge=486.30 div=-113.06
20:41:51.245 CLOCK fold raw=369.05 prev=481.96 new=482.11 d=+0.150 fr=451.09 dt=0.103 rate=1.00 paused=False backlog=4.30 edge=486.41 div=-113.06
20:41:51.346 CLOCK integ raw=369.05 prev=482.11 new=482.21 d=+0.102 fr=451.09 dt=0.102 rate=1.00 paused=False backlog=4.30 edge=486.51 div=-113.06
20:41:51.447 CLOCK integ raw=369.05 prev=482.21 new=482.31 d=+0.101 fr=451.09 dt=0.101 rate=1.00 paused=False backlog=4.30 edge=486.61 div=-113.06
20:41:51.550 CLOCK fold raw=369.31 prev=482.31 new=482.37 d=+0.052 fr=451.09 dt=0.103 rate=1.00 paused=False backlog=4.35 edge=486.71 div=-113.06
20:41:51.652 CLOCK integ raw=369.31 prev=482.37 new=482.47 d=+0.102 fr=451.09 dt=0.102 rate=1.00 paused=False backlog=4.35 edge=486.81 div=-113.06
20:41:51.854 CLOCK fold raw=369.56 prev=482.47 new=482.62 d=+0.153 fr=451.09 dt=0.203 rate=1.00 paused=False backlog=4.39 edge=487.02 div=-113.06
20:41:51.956 CLOCK integ raw=369.56 prev=482.62 new=482.72 d=+0.102 fr=451.09 dt=0.102 rate=1.00 paused=False backlog=4.39 edge=487.12 div=-113.06
20:41:52.057 CLOCK fold raw=369.82 prev=482.72 new=482.88 d=+0.155 fr=451.09 dt=0.101 rate=1.00 paused=False backlog=4.34 edge=487.22 div=-113.06
20:41:52.158 CLOCK integ raw=369.82 prev=482.88 new=482.98 d=+0.101 fr=451.09 dt=0.101 rate=1.00 paused=False backlog=4.34 edge=487.32 div=-113.06
20:41:52.260 CLOCK integ raw=369.82 prev=482.98 new=483.08 d=+0.101 fr=451.09 dt=0.101 rate=1.00 paused=False backlog=4.34 edge=487.42 div=-113.06
20:41:52.362 CLOCK fold raw=370.07 prev=483.08 new=483.13 d=+0.052 fr=451.09 dt=0.102 rate=1.00 paused=False backlog=4.39 edge=487.52 div=-113.06
20:41:52.463 CLOCK integ raw=370.07 prev=483.13 new=483.23 d=+0.101 fr=451.09 dt=0.101 rate=1.00 paused=False backlog=4.39 edge=487.62 div=-113.06
20:41:52.566 CLOCK fold raw=370.33 prev=483.23 new=483.39 d=+0.155 fr=451.09 dt=0.103 rate=1.00 paused=False backlog=4.34 edge=487.73 div=-113.06
20:41:52.669 CLOCK integ raw=370.33 prev=483.39 new=483.49 d=+0.103 fr=451.09 dt=0.103 rate=1.00 paused=False backlog=4.34 edge=487.83 div=-113.06
20:41:52.771 CLOCK integ raw=370.33 prev=483.49 new=483.59 d=+0.102 fr=451.09 dt=0.102 rate=1.00 paused=False backlog=4.34 edge=487.93 div=-113.06
20:41:52.872 CLOCK fold raw=370.59 prev=483.59 new=483.65 d=+0.057 fr=451.09 dt=0.101 rate=1.00 paused=False backlog=4.38 edge=488.03 div=-113.06
20:41:52.974 CLOCK integ raw=370.59 prev=483.65 new=483.75 d=+0.102 fr=451.09 dt=0.102 rate=1.00 paused=False backlog=4.38 edge=488.14 div=-113.06
20:41:53.076 CLOCK fold raw=370.84 prev=483.75 new=483.90 d=+0.149 fr=451.09 dt=0.102 rate=1.00 paused=False backlog=4.34 edge=488.24 div=-113.06
20:41:53.181 CLOCK integ raw=370.84 prev=483.90 new=484.01 d=+0.105 fr=451.09 dt=0.105 rate=1.00 paused=False backlog=3.25 edge=487.26 div=-113.06
20:41:53.385 CLOCK fold raw=371.10 prev=484.01 new=484.16 d=+0.151 fr=451.09 dt=0.204 rate=1.00 paused=False backlog=3.30 edge=487.46 div=-113.06
20:41:53.486 CLOCK integ raw=371.10 prev=484.16 new=484.26 d=+0.102 fr=451.09 dt=0.102 rate=1.00 paused=False backlog=3.30 edge=487.56 div=-113.06
20:41:53.587 CLOCK fold raw=371.35 prev=484.26 new=484.41 d=+0.154 fr=451.09 dt=0.101 rate=1.00 paused=False backlog=3.25 edge=487.66 div=-113.06
20:41:53.689 CLOCK integ raw=371.35 prev=484.41 new=484.52 d=+0.102 fr=451.09 dt=0.102 rate=1.00 paused=False backlog=3.25 edge=487.76 div=-113.06
20:41:53.817 TICK fr=454.77 cc=484.52 raw=371.35 vid=484.71 playing=1 started=1 stall=0 | d_fr_cc=-29.75 d_fr_raw=+83.41 d_cc_raw=+113.16 | off=-0.14 ccx_end=480.91 since_show=3.8 since_cue=4.1 | pcr=489.086 pid=100 head_rel=489.09 ccx_lag=8.17 | credit=454.8 capped=0.0 | fsize=222312820 feed=222312820 feed_behind=0 | backlog=3.25 edge=487.76 div=-113.06 lag_ewma=4.93
20:41:53.818 CLOCK fold raw=371.61 prev=484.52 new=484.67 d=+0.153 fr=454.77 dt=0.128 rate=1.00 paused=False backlog=3.22 edge=487.89 div=-113.06
20:41:53.919 CLOCK integ raw=371.61 prev=484.67 new=484.77 d=+0.102 fr=454.77 dt=0.102 rate=1.00 paused=False backlog=3.22 edge=487.99 div=-113.06
20:41:54.022 CLOCK integ raw=371.61 prev=484.77 new=484.87 d=+0.103 fr=454.77 dt=0.103 rate=1.00 paused=False backlog=3.22 edge=488.10 div=-113.06
20:41:54.124 CLOCK fold raw=371.87 prev=484.87 new=484.93 d=+0.056 fr=454.77 dt=0.102 rate=1.00 paused=False backlog=3.27 edge=488.20 div=-113.06
20:41:54.226 CLOCK integ raw=371.87 prev=484.93 new=485.03 d=+0.102 fr=454.77 dt=0.102 rate=1.00 paused=False backlog=3.27 edge=488.30 div=-113.06
20:41:54.328 CLOCK fold raw=372.13 prev=485.03 new=485.19 d=+0.155 fr=454.77 dt=0.102 rate=1.00 paused=False backlog=3.22 edge=488.40 div=-113.06
20:41:54.433 CLOCK integ raw=372.13 prev=485.19 new=485.29 d=+0.105 fr=454.77 dt=0.105 rate=1.00 paused=False backlog=3.22 edge=488.51 div=-113.06
20:41:54.535 CLOCK integ raw=372.13 prev=485.29 new=485.39 d=+0.102 fr=454.77 dt=0.102 rate=1.00 paused=False backlog=3.22 edge=488.61 div=-113.06
20:41:54.637 CLOCK fold raw=372.38 prev=485.39 new=485.44 d=+0.044 fr=454.77 dt=0.101 rate=1.00 paused=False backlog=3.27 edge=488.71 div=-113.06
20:41:54.739 CLOCK integ raw=372.38 prev=485.44 new=485.54 d=+0.102 fr=454.77 dt=0.102 rate=1.00 paused=False backlog=3.27 edge=488.81 div=-113.06
20:41:54.840 CLOCK fold raw=372.63 prev=485.54 new=485.69 d=+0.153 fr=454.77 dt=0.101 rate=1.00 paused=False backlog=3.22 edge=488.92 div=-113.06
20:41:54.944 CLOCK integ raw=372.63 prev=485.69 new=485.80 d=+0.102 fr=454.77 dt=0.102 rate=1.00 paused=False backlog=3.22 edge=489.02 div=-113.06
20:41:55.145 CLOCK fold raw=372.89 prev=485.80 new=485.95 d=+0.155 fr=454.77 dt=0.203 rate=1.00 paused=False backlog=3.27 edge=489.22 div=-113.06
20:41:55.248 CLOCK integ raw=372.89 prev=485.95 new=486.05 d=+0.102 fr=454.77 dt=0.102 rate=1.00 paused=False backlog=3.20 edge=489.26 div=-113.06
20:41:55.351 CLOCK fold raw=373.14 prev=486.05 new=486.21 d=+0.154 fr=454.77 dt=0.103 rate=1.00 paused=False backlog=3.15 edge=489.36 div=-113.06
20:41:55.453 CLOCK integ raw=373.14 prev=486.21 new=486.31 d=+0.102 fr=454.77 dt=0.102 rate=1.00 paused=False backlog=3.15 edge=489.46 div=-113.06
20:41:55.554 CLOCK integ raw=373.14 prev=486.31 new=486.41 d=+0.101 fr=454.77 dt=0.101 rate=1.00 paused=False backlog=3.15 edge=489.56 div=-113.06
20:41:55.655 CLOCK fold raw=373.40 prev=486.41 new=486.46 d=+0.052 fr=454.77 dt=0.102 rate=1.00 paused=False backlog=3.20 edge=489.66 div=-113.06
20:41:55.756 CLOCK integ raw=373.40 prev=486.46 new=486.56 d=+0.101 fr=454.77 dt=0.101 rate=1.00 paused=False backlog=3.20 edge=489.76 div=-113.06
20:41:55.858 CLOCK fold raw=373.66 prev=486.56 new=486.72 d=+0.156 fr=454.77 dt=0.102 rate=1.00 paused=False backlog=3.15 edge=489.87 div=-113.06
20:41:55.960 CLOCK integ raw=373.66 prev=486.72 new=486.82 d=+0.102 fr=454.77 dt=0.102 rate=1.00 paused=False backlog=3.15 edge=489.97 div=-113.06
20:41:56.063 CLOCK integ raw=373.66 prev=486.82 new=486.92 d=+0.102 fr=454.77 dt=0.102 rate=1.00 paused=False backlog=3.15 edge=490.07 div=-113.06
20:41:56.166 CLOCK fold raw=373.92 prev=486.92 new=486.98 d=+0.055 fr=454.77 dt=0.102 rate=1.00 paused=False backlog=3.19 edge=490.17 div=-113.06
20:41:56.266 CLOCK integ raw=373.92 prev=486.98 new=487.08 d=+0.102 fr=454.77 dt=0.102 rate=1.00 paused=False backlog=3.19 edge=490.27 div=-113.06
20:41:56.368 CLOCK fold raw=374.17 prev=487.08 new=487.23 d=+0.154 fr=454.77 dt=0.102 rate=1.00 paused=False backlog=3.14 edge=490.38 div=-113.06
20:41:56.469 CLOCK integ raw=374.17 prev=487.23 new=487.34 d=+0.101 fr=454.77 dt=0.101 rate=1.00 paused=False backlog=3.14 edge=490.48 div=-113.06
20:41:56.573 CLOCK integ raw=374.17 prev=487.34 new=487.44 d=+0.102 fr=454.77 dt=0.102 rate=1.00 paused=False backlog=3.14 edge=490.58 div=-113.06
20:41:56.775 CLOCK fold raw=374.43 prev=487.44 new=487.49 d=+0.052 fr=454.77 dt=0.203 rate=1.00 paused=False backlog=3.29 edge=490.78 div=-113.06
20:41:56.876 CLOCK fold raw=374.68 prev=487.49 new=487.74 d=+0.251 fr=454.77 dt=0.101 rate=1.00 paused=False backlog=3.14 edge=490.88 div=-113.06
20:41:56.980 CLOCK integ raw=374.68 prev=487.74 new=487.84 d=+0.104 fr=454.77 dt=0.104 rate=1.00 paused=False backlog=3.14 edge=490.99 div=-113.06
20:41:57.081 CLOCK integ raw=374.68 prev=487.84 new=487.95 d=+0.101 fr=454.77 dt=0.101 rate=1.00 paused=False backlog=3.14 edge=491.09 div=-113.06
20:41:57.185 CLOCK fold raw=374.94 prev=487.95 new=488.00 d=+0.052 fr=454.77 dt=0.104 rate=1.00 paused=False backlog=2.19 edge=490.19 div=-113.06
20:41:57.288 CLOCK integ raw=374.94 prev=488.00 new=488.10 d=+0.103 fr=454.77 dt=0.103 rate=1.00 paused=False backlog=2.19 edge=490.29 div=-113.06
20:41:57.392 CLOCK fold raw=375.19 prev=488.10 new=488.25 d=+0.152 fr=454.77 dt=0.103 rate=1.00 paused=False backlog=2.14 edge=490.40 div=-113.06
20:41:57.493 CLOCK integ raw=375.19 prev=488.25 new=488.36 d=+0.102 fr=454.77 dt=0.102 rate=1.00 paused=False backlog=2.14 edge=490.50 div=-113.06
20:41:57.595 CLOCK integ raw=375.19 prev=488.36 new=488.46 d=+0.102 fr=454.77 dt=0.102 rate=1.00 paused=False backlog=2.14 edge=490.60 div=-113.06
20:41:57.699 CLOCK fold raw=375.45 prev=488.46 new=488.51 d=+0.053 fr=454.77 dt=0.103 rate=1.00 paused=False backlog=2.19 edge=490.70 div=-113.06
20:41:57.802 CLOCK integ raw=375.45 prev=488.51 new=488.61 d=+0.103 fr=454.77 dt=0.103 rate=1.00 paused=False backlog=2.19 edge=490.81 div=-113.06
20:41:57.903 CLOCK fold raw=375.70 prev=488.61 new=488.77 d=+0.153 fr=454.77 dt=0.101 rate=1.00 paused=False backlog=2.14 edge=490.91 div=-113.06
20:41:58.006 CLOCK integ raw=375.70 prev=488.77 new=488.87 d=+0.102 fr=454.77 dt=0.102 rate=1.00 paused=False backlog=2.14 edge=491.01 div=-113.06
20:41:58.209 CLOCK fold raw=375.96 prev=488.87 new=489.02 d=+0.153 fr=454.77 dt=0.204 rate=1.00 paused=False backlog=2.19 edge=491.22 div=-113.06
20:41:58.311 CLOCK integ raw=375.96 prev=489.02 new=489.12 d=+0.102 fr=454.77 dt=0.102 rate=1.00 paused=False backlog=2.19 edge=491.32 div=-113.06
20:41:58.413 CLOCK fold raw=376.22 prev=489.12 new=489.28 d=+0.155 fr=454.77 dt=0.102 rate=1.00 paused=False backlog=2.14 edge=491.42 div=-113.06
20:41:58.516 CLOCK integ raw=376.22 prev=489.28 new=489.38 d=+0.103 fr=454.77 dt=0.103 rate=1.00 paused=False backlog=2.14 edge=491.52 div=-113.06
20:41:58.619 CLOCK integ raw=376.22 prev=489.38 new=489.48 d=+0.103 fr=459.59 dt=0.103 rate=1.00 paused=False backlog=2.14 edge=491.63 div=-113.06
20:41:58.721 CLOCK fold raw=376.47 prev=489.48 new=489.53 d=+0.049 fr=459.59 dt=0.102 rate=1.00 paused=False backlog=2.19 edge=491.73 div=-113.06
20:41:58.723 TICK fr=459.59 cc=489.53 raw=376.47 vid=489.54 playing=1 started=1 stall=0 | d_fr_cc=-29.94 d_fr_raw=+83.12 d_cc_raw=+113.06 | off=-0.14 ccx_end=480.91 since_show=8.7 since_cue=9.0 | pcr=493.023 pid=100 head_rel=493.02 ccx_lag=12.11 | credit=459.6 capped=0.0 | fsize=223793884 feed=223793884 feed_behind=0 | backlog=2.19 edge=491.73 div=-113.06 lag_ewma=4.93
20:41:58.826 CLOCK integ raw=376.47 prev=489.53 new=489.64 d=+0.105 fr=459.59 dt=0.105 rate=1.00 paused=False backlog=2.19 edge=491.83 div=-113.06
20:41:58.928 CLOCK fold raw=376.73 prev=489.64 new=489.79 d=+0.151 fr=459.59 dt=0.102 rate=1.00 paused=False backlog=2.14 edge=491.93 div=-113.06
20:41:59.029 CLOCK integ raw=376.73 prev=489.79 new=489.89 d=+0.102 fr=460.00 dt=0.102 rate=1.00 paused=False backlog=2.14 edge=492.04 div=-113.06
20:41:59.131 CLOCK integ raw=376.73 prev=489.89 new=489.99 d=+0.102 fr=460.00 dt=0.102 rate=1.00 paused=False backlog=2.14 edge=492.14 div=-113.06
20:41:59.235 CLOCK fold raw=376.98 prev=489.99 new=490.05 d=+0.052 fr=460.00 dt=0.104 rate=1.00 paused=False backlog=2.64 edge=492.68 div=-113.06
20:41:59.338 CLOCK integ raw=376.98 prev=490.05 new=490.15 d=+0.102 fr=460.00 dt=0.102 rate=1.00 paused=False backlog=2.64 edge=492.79 div=-113.06
20:41:59.439 CLOCK fold raw=377.25 prev=490.15 new=490.31 d=+0.160 fr=460.00 dt=0.103 rate=1.00 paused=False backlog=2.58 edge=492.89 div=-113.06
20:41:59.541 CLOCK integ raw=377.25 prev=490.31 new=490.41 d=+0.101 fr=460.00 dt=0.101 rate=1.00 paused=False backlog=2.58 edge=492.99 div=-113.06
20:41:59.642 CLOCK integ raw=377.25 prev=490.41 new=490.51 d=+0.101 fr=460.00 dt=0.101 rate=1.00 paused=False backlog=2.58 edge=493.09 div=-113.06
20:41:59.844 CLOCK fold raw=377.50 prev=490.51 new=490.56 d=+0.049 fr=460.00 dt=0.203 rate=1.00 paused=False backlog=2.74 edge=493.29 div=-113.06
20:41:59.946 CLOCK fold raw=377.75 prev=490.56 new=490.81 d=+0.255 fr=460.00 dt=0.101 rate=1.00 paused=False backlog=2.58 edge=493.39 div=-113.06
20:42:00.047 CLOCK integ raw=377.75 prev=490.81 new=490.91 d=+0.102 fr=460.00 dt=0.102 rate=1.00 paused=False backlog=2.58 edge=493.50 div=-113.06
20:42:00.149 CLOCK integ raw=377.75 prev=490.91 new=491.02 d=+0.101 fr=460.00 dt=0.101 rate=1.00 paused=False backlog=2.58 edge=493.60 div=-113.06
20:42:00.251 CLOCK fold raw=378.01 prev=491.02 new=491.07 d=+0.054 fr=460.00 dt=0.102 rate=1.00 paused=False backlog=2.63 edge=493.70 div=-113.06
20:42:00.352 CLOCK integ raw=378.01 prev=491.07 new=491.17 d=+0.101 fr=460.00 dt=0.101 rate=1.00 paused=False backlog=2.63 edge=493.80 div=-113.06
20:42:00.455 CLOCK integ raw=378.01 prev=491.17 new=491.27 d=+0.103 fr=460.00 dt=0.103 rate=1.00 paused=False backlog=2.63 edge=493.90 div=-113.06
20:42:00.557 CLOCK fold raw=378.27 prev=491.27 new=491.33 d=+0.058 fr=460.00 dt=0.101 rate=1.00 paused=False backlog=2.67 edge=494.00 div=-113.06
20:42:00.658 CLOCK integ raw=378.27 prev=491.33 new=491.43 d=+0.102 fr=460.00 dt=0.102 rate=1.00 paused=False backlog=2.67 edge=494.11 div=-113.06
20:42:00.760 CLOCK fold raw=378.54 prev=491.43 new=491.60 d=+0.170 fr=460.00 dt=0.101 rate=1.00 paused=False backlog=2.60 edge=494.21 div=-113.06
20:42:00.861 CLOCK integ raw=378.54 prev=491.60 new=491.71 d=+0.101 fr=460.00 dt=0.101 rate=1.00 paused=False backlog=2.60 edge=494.31 div=-113.06
20:42:00.964 CLOCK integ raw=378.54 prev=491.71 new=491.81 d=+0.103 fr=460.00 dt=0.103 rate=1.00 paused=False backlog=2.60 edge=494.41 div=-113.06
20:42:01.067 CLOCK fold raw=378.80 prev=491.81 new=491.86 d=+0.052 fr=460.00 dt=0.102 rate=1.00 paused=False backlog=2.66 edge=494.52 div=-113.06
20:42:01.174 CLOCK integ raw=378.80 prev=491.86 new=491.97 d=+0.106 fr=460.00 dt=0.106 rate=1.00 paused=False backlog=1.91 edge=493.88 div=-113.06
20:42:01.376 CLOCK fold raw=379.06 prev=491.97 new=492.12 d=+0.152 fr=460.00 dt=0.204 rate=1.00 paused=False backlog=1.96 edge=494.08 div=-113.06
20:42:01.479 CLOCK integ raw=379.06 prev=492.12 new=492.22 d=+0.102 fr=460.00 dt=0.102 rate=1.00 paused=False backlog=1.96 edge=494.18 div=-113.06
20:42:01.581 CLOCK fold raw=379.31 prev=492.22 new=492.37 d=+0.152 fr=460.00 dt=0.102 rate=1.00 paused=False backlog=1.91 edge=494.28 div=-113.06
20:42:01.687 CLOCK integ raw=379.31 prev=492.37 new=492.48 d=+0.106 fr=460.00 dt=0.106 rate=1.00 paused=False backlog=1.91 edge=494.39 div=-113.06
20:42:01.790 CLOCK fold raw=379.57 prev=492.48 new=492.63 d=+0.150 fr=460.00 dt=0.102 rate=1.00 paused=False backlog=1.86 edge=494.49 div=-113.06
20:42:01.891 CLOCK integ raw=379.57 prev=492.63 new=492.73 d=+0.102 fr=460.00 dt=0.102 rate=1.00 paused=False backlog=1.86 edge=494.59 div=-113.06
20:42:01.992 CLOCK integ raw=379.57 prev=492.73 new=492.83 d=+0.101 fr=460.00 dt=0.101 rate=1.00 paused=False backlog=1.86 edge=494.69 div=-113.06
20:42:02.094 CLOCK fold raw=379.82 prev=492.83 new=492.88 d=+0.052 fr=460.00 dt=0.101 rate=1.00 paused=False backlog=1.91 edge=494.80 div=-113.06
20:42:02.195 CLOCK integ raw=379.82 prev=492.88 new=492.99 d=+0.101 fr=460.00 dt=0.101 rate=1.00 paused=False backlog=1.91 edge=494.90 div=-113.06
20:42:02.297 CLOCK fold raw=380.08 prev=492.99 new=493.14 d=+0.154 fr=460.00 dt=0.102 rate=1.00 paused=False backlog=1.86 edge=495.00 div=-113.06
20:42:02.398 CLOCK integ raw=380.08 prev=493.14 new=493.24 d=+0.101 fr=460.00 dt=0.101 rate=1.00 paused=False backlog=1.86 edge=495.10 div=-113.06
20:42:02.500 CLOCK integ raw=380.08 prev=493.24 new=493.34 d=+0.101 fr=460.00 dt=0.101 rate=1.00 paused=False backlog=1.86 edge=495.20 div=-113.06
20:42:02.601 CLOCK fold raw=380.34 prev=493.34 new=493.40 d=+0.058 fr=460.00 dt=0.102 rate=1.00 paused=False backlog=1.90 edge=495.30 div=-113.06
20:42:02.703 CLOCK integ raw=380.34 prev=493.40 new=493.50 d=+0.102 fr=460.00 dt=0.102 rate=1.00 paused=False backlog=1.90 edge=495.41 div=-113.06
20:42:02.905 CLOCK fold raw=380.59 prev=493.50 new=493.65 d=+0.150 fr=460.00 dt=0.202 rate=1.00 paused=False backlog=1.96 edge=495.61 div=-113.06
20:42:03.006 CLOCK integ raw=380.59 prev=493.65 new=493.75 d=+0.101 fr=460.00 dt=0.101 rate=1.00 paused=False backlog=1.96 edge=495.71 div=-113.06
20:42:03.109 CLOCK fold raw=380.85 prev=493.75 new=493.91 d=+0.159 fr=460.00 dt=0.103 rate=1.00 paused=False backlog=1.90 edge=495.81 div=-113.06
20:42:03.212 EDGESNAP err=-2.79 edge->493.02
20:42:03.217 CLOCK integ raw=380.85 prev=493.91 new=494.02 d=+0.109 fr=460.00 dt=0.109 rate=1.00 paused=False backlog=0.00 edge=494.02 div=-113.06
20:42:03.219 REBASE why=watchdog shift=+1.14 off=1.00
20:42:03.321 CLOCK fold raw=381.10 prev=494.02 new=494.16 d=+0.144 fr=460.00 dt=0.104 rate=1.00 paused=False backlog=0.00 edge=494.16 div=-113.06
20:42:03.422 CLOCK integ raw=381.10 prev=494.16 new=494.27 d=+0.101 fr=460.00 dt=0.101 rate=1.00 paused=False backlog=0.00 edge=494.27 div=-113.06
20:42:03.527 CLOCK integ raw=381.10 prev=494.27 new=494.37 d=+0.104 fr=464.50 dt=0.104 rate=1.00 paused=False backlog=0.00 edge=494.37 div=-113.06
20:42:03.629 CLOCK fold raw=381.36 prev=494.37 new=494.42 d=+0.051 fr=464.50 dt=0.102 rate=1.00 paused=False backlog=0.05 edge=494.47 div=-113.06
20:42:03.731 CLOCK integ raw=381.36 prev=494.42 new=494.52 d=+0.102 fr=464.50 dt=0.102 rate=1.00 paused=False backlog=0.05 edge=494.57 div=-113.06
20:42:03.781 TICK fr=464.50 cc=494.52 raw=381.36 vid=494.44 playing=1 started=1 stall=0 | d_fr_cc=-30.02 d_fr_raw=+83.14 d_cc_raw=+113.16 | off=1.00 ccx_end=480.91 since_show=13.7 since_cue=14.1 | pcr=498.290 pid=100 head_rel=498.29 ccx_lag=17.38 | credit=464.5 capped=0.0 | fsize=226285072 feed=224837472 feed_behind=1447600 | backlog=0.05 edge=494.57 div=-113.06 lag_ewma=4.93
20:42:03.886 CLOCK fold raw=381.62 prev=494.52 new=494.68 d=+0.154 fr=464.96 dt=0.156 rate=1.00 paused=False backlog=0.05 edge=494.73 div=-113.06
20:42:03.929 EDGESNAP err=+5.11 edge->499.83
20:42:03.931 CUE cx=[480.91..497.16] adv=16.25 el=14.22 fresh | off=1.00 fr=464.96 cc=494.68 raw=381.62 lead=+3.48 | pcr=499.836 head_rel=499.83 lag_ewma=10.04 | q=Toy Story, toy Story. The whole / company's going, let's rol
20:42:04.036 ANCHOR pend_end=497.16 L=7.46 pinL=2.67 target=0.00 off=1.00
20:42:04.036 CLOCK integ raw=381.62 prev=494.68 new=494.83 d=+0.150 fr=464.96 dt=0.150 rate=1.00 paused=False backlog=5.16 edge=499.98 div=-113.06
20:42:04.037 PAINT after 14.0 s blank (t=494.83)
20:42:04.138 CLOCK fold raw=381.87 prev=494.83 new=494.93 d=+0.105 fr=464.96 dt=0.102 rate=1.00 paused=False backlog=5.15 edge=500.09 div=-113.06
20:42:04.242 CLOCK integ raw=381.87 prev=494.93 new=495.03 d=+0.103 fr=465.32 dt=0.103 rate=1.00 paused=False backlog=5.15 edge=500.19 div=-113.06
20:42:04.343 CLOCK fold raw=382.13 prev=495.03 new=495.19 d=+0.153 fr=465.32 dt=0.103 rate=1.00 paused=False backlog=5.10 edge=500.29 div=-113.06
20:42:04.448 CLOCK integ raw=382.13 prev=495.19 new=495.29 d=+0.104 fr=465.32 dt=0.104 rate=1.00 paused=False backlog=5.10 edge=500.40 div=-113.06
20:42:04.558 CLOCK integ raw=382.13 prev=495.29 new=495.40 d=+0.111 fr=465.32 dt=0.111 rate=1.00 paused=False backlog=5.10 edge=500.51 div=-113.06
20:42:04.662 CLOCK fold raw=382.38 prev=495.40 new=495.44 d=+0.041 fr=465.32 dt=0.103 rate=1.00 paused=False backlog=5.17 edge=500.61 div=-113.06
20:42:04.864 CLOCK fold raw=382.64 prev=495.44 new=495.70 d=+0.256 fr=465.32 dt=0.203 rate=1.00 paused=False backlog=5.11 edge=500.81 div=-113.06
20:42:04.967 CLOCK integ raw=382.64 prev=495.70 new=495.80 d=+0.103 fr=465.32 dt=0.103 rate=1.00 paused=False backlog=5.11 edge=500.92 div=-113.06
20:42:05.070 CLOCK integ raw=382.64 prev=495.80 new=495.91 d=+0.102 fr=465.32 dt=0.102 rate=1.00 paused=False backlog=5.11 edge=501.02 div=-113.06
20:42:05.173 CLOCK fold raw=382.89 prev=495.91 new=495.96 d=+0.051 fr=465.32 dt=0.103 rate=1.00 paused=False backlog=5.17 edge=501.12 div=-113.06
20:42:05.276 CLOCK integ raw=382.89 prev=495.96 new=496.06 d=+0.103 fr=465.32 dt=0.103 rate=1.00 paused=False backlog=4.84 edge=500.90 div=-113.06
20:42:05.379 CLOCK fold raw=383.15 prev=496.06 new=496.22 d=+0.157 fr=465.32 dt=0.104 rate=1.00 paused=False backlog=4.78 edge=501.00 div=-113.06
20:42:05.484 CLOCK integ raw=383.15 prev=496.22 new=496.32 d=+0.105 fr=465.32 dt=0.105 rate=1.00 paused=False backlog=4.78 edge=501.10 div=-113.06
20:42:05.587 CLOCK integ raw=383.15 prev=496.32 new=496.42 d=+0.102 fr=465.32 dt=0.102 rate=1.00 paused=False backlog=4.78 edge=501.21 div=-113.06
20:42:05.689 CLOCK fold raw=383.41 prev=496.42 new=496.47 d=+0.044 fr=465.32 dt=0.102 rate=1.00 paused=False backlog=4.84 edge=501.31 div=-113.06
20:42:05.790 CLOCK integ raw=383.41 prev=496.47 new=496.57 d=+0.101 fr=465.32 dt=0.101 rate=1.00 paused=False backlog=4.84 edge=501.41 div=-113.06
20:42:05.892 CLOCK fold raw=383.66 prev=496.57 new=496.72 d=+0.155 fr=465.32 dt=0.101 rate=1.00 paused=False backlog=4.79 edge=501.51 div=-113.06
20:42:05.994 CLOCK integ raw=383.66 prev=496.72 new=496.83 d=+0.102 fr=465.32 dt=0.102 rate=1.00 paused=False backlog=4.79 edge=501.61 div=-113.06
20:42:06.098 CLOCK integ raw=383.66 prev=496.83 new=496.93 d=+0.104 fr=465.32 dt=0.104 rate=1.00 paused=False backlog=4.79 edge=501.72 div=-113.06
20:42:06.199 CLOCK fold raw=383.92 prev=496.93 new=496.98 d=+0.055 fr=465.32 dt=0.101 rate=1.00 paused=False backlog=4.84 edge=501.82 div=-113.06
20:42:06.403 CLOCK fold raw=384.18 prev=496.98 new=497.24 d=+0.257 fr=465.32 dt=0.204 rate=1.00 paused=False backlog=4.78 edge=502.02 div=-113.06
20:42:06.505 CLOCK integ raw=384.18 prev=497.24 new=497.34 d=+0.101 fr=465.32 dt=0.101 rate=1.00 paused=False backlog=4.78 edge=502.13 div=-113.06
20:42:06.607 CLOCK integ raw=384.18 prev=497.34 new=497.44 d=+0.102 fr=465.32 dt=0.102 rate=1.00 paused=False backlog=4.78 edge=502.23 div=-113.06
20:42:06.708 CLOCK fold raw=384.43 prev=497.44 new=497.49 d=+0.047 fr=465.32 dt=0.101 rate=1.00 paused=False backlog=4.84 edge=502.33 div=-113.06
20:42:06.809 CLOCK integ raw=384.43 prev=497.49 new=497.59 d=+0.101 fr=465.32 dt=0.101 rate=1.00 paused=False backlog=4.84 edge=502.43 div=-113.06
20:42:06.910 CLOCK fold raw=384.69 prev=497.59 new=497.75 d=+0.158 fr=465.32 dt=0.101 rate=1.00 paused=False backlog=4.78 edge=502.53 div=-113.06
20:42:07.012 CLOCK integ raw=384.69 prev=497.75 new=497.85 d=+0.102 fr=465.32 dt=0.102 rate=1.00 paused=False backlog=4.78 edge=502.63 div=-113.06
20:42:07.116 CLOCK integ raw=384.69 prev=497.85 new=497.96 d=+0.104 fr=465.32 dt=0.104 rate=1.00 paused=False backlog=4.78 edge=502.74 div=-113.06
20:42:07.219 CLOCK fold raw=384.95 prev=497.96 new=498.01 d=+0.053 fr=465.32 dt=0.103 rate=1.00 paused=False backlog=3.69 edge=501.70 div=-113.06
20:42:07.320 CLOCK integ raw=384.95 prev=498.01 new=498.11 d=+0.101 fr=465.32 dt=0.101 rate=1.00 paused=False backlog=3.69 edge=501.80 div=-113.06
20:42:07.421 CLOCK fold raw=385.20 prev=498.11 new=498.26 d=+0.149 fr=465.32 dt=0.101 rate=1.00 paused=False backlog=3.65 edge=501.91 div=-113.06
20:42:07.524 CLOCK integ raw=385.20 prev=498.26 new=498.36 d=+0.102 fr=465.32 dt=0.102 rate=1.00 paused=False backlog=3.65 edge=502.01 div=-113.06
20:42:07.625 CLOCK integ raw=385.20 prev=498.36 new=498.46 d=+0.102 fr=465.32 dt=0.102 rate=1.00 paused=False backlog=3.65 edge=502.11 div=-113.06
20:42:07.727 CLOCK fold raw=385.45 prev=498.46 new=498.52 d=+0.053 fr=465.32 dt=0.101 rate=1.00 paused=False backlog=3.70 edge=502.21 div=-113.06
20:42:07.929 CLOCK fold raw=385.71 prev=498.52 new=498.78 d=+0.259 fr=465.32 dt=0.202 rate=1.00 paused=False backlog=3.64 edge=502.41 div=-113.06
20:42:08.031 CLOCK integ raw=385.71 prev=498.78 new=498.88 d=+0.102 fr=465.32 dt=0.102 rate=1.00 paused=False backlog=3.64 edge=502.52 div=-113.06
20:42:08.132 CLOCK integ raw=385.71 prev=498.88 new=498.98 d=+0.101 fr=465.32 dt=0.101 rate=1.00 paused=False backlog=3.64 edge=502.62 div=-113.06
20:42:08.234 CLOCK fold raw=385.97 prev=498.98 new=499.03 d=+0.049 fr=465.32 dt=0.102 rate=1.00 paused=False backlog=3.69 edge=502.72 div=-113.06
20:42:08.335 CLOCK integ raw=385.97 prev=499.03 new=499.13 d=+0.101 fr=469.41 dt=0.101 rate=1.00 paused=False backlog=3.69 edge=502.82 div=-113.06
20:42:08.438 CLOCK fold raw=386.23 prev=499.13 new=499.29 d=+0.159 fr=469.41 dt=0.102 rate=1.00 paused=False backlog=3.64 edge=502.92 div=-113.06
20:42:08.539 CLOCK integ raw=386.23 prev=499.29 new=499.39 d=+0.102 fr=469.41 dt=0.102 rate=1.00 paused=False backlog=3.64 edge=503.02 div=-113.06
20:42:08.641 CLOCK integ raw=386.23 prev=499.39 new=499.49 d=+0.101 fr=469.41 dt=0.101 rate=1.00 paused=False backlog=3.64 edge=503.13 div=-113.06
20:42:08.746 TICK fr=469.82 cc=499.49 raw=386.49 vid=499.76 playing=1 started=1 stall=0 | d_fr_cc=-29.67 d_fr_raw=+83.33 d_cc_raw=+113.00 | off=0.50 ccx_end=497.16 since_show=1.2 since_cue=4.9 | pcr=501.449 pid=100 head_rel=501.45 ccx_lag=4.29 | credit=469.8 capped=0.0 | fsize=228019372 feed=228019372 feed_behind=0 | backlog=3.64 edge=503.13 div=-113.06 lag_ewma=7.46
20:42:08.748 CLOCK fold raw=386.49 prev=499.49 new=499.55 d=+0.057 fr=469.82 dt=0.108 rate=1.00 paused=False backlog=3.69 edge=503.23 div=-113.06
20:42:08.852 CLOCK integ raw=386.49 prev=499.55 new=499.65 d=+0.104 fr=469.82 dt=0.104 rate=1.00 paused=False backlog=3.69 edge=503.34 div=-113.06
20:42:08.956 CLOCK fold raw=386.74 prev=499.65 new=499.80 d=+0.146 fr=469.82 dt=0.104 rate=1.00 paused=False backlog=3.64 edge=503.44 div=-113.06
20:42:09.160 CLOCK integ raw=386.74 prev=499.80 new=500.00 d=+0.204 fr=469.82 dt=0.204 rate=1.00 paused=False backlog=3.64 edge=503.64 div=-113.06
20:42:09.271 CLOCK fold raw=386.99 prev=500.00 new=500.05 d=+0.051 fr=469.82 dt=0.111 rate=1.00 paused=False backlog=2.61 edge=502.66 div=-113.06
20:42:09.374 CLOCK integ raw=386.99 prev=500.05 new=500.16 d=+0.103 fr=469.82 dt=0.103 rate=1.00 paused=False backlog=2.61 edge=502.76 div=-113.06
20:42:09.475 CLOCK fold raw=387.25 prev=500.16 new=500.31 d=+0.154 fr=469.82 dt=0.102 rate=1.00 paused=False backlog=2.55 edge=502.86 div=-113.06
20:42:09.581 CLOCK integ raw=387.25 prev=500.31 new=500.41 d=+0.105 fr=470.66 dt=0.105 rate=1.00 paused=False backlog=2.55 edge=502.97 div=-113.06
20:42:09.684 CLOCK integ raw=387.25 prev=500.41 new=500.52 d=+0.103 fr=470.66 dt=0.103 rate=1.00 paused=False backlog=2.55 edge=503.07 div=-113.06
20:42:09.788 CLOCK fold raw=387.50 prev=500.52 new=500.56 d=+0.046 fr=470.66 dt=0.103 rate=1.00 paused=False backlog=2.61 edge=503.17 div=-113.06
20:42:09.890 CLOCK integ raw=387.50 prev=500.56 new=500.67 d=+0.103 fr=470.66 dt=0.103 rate=1.00 paused=False backlog=2.61 edge=503.28 div=-113.06
20:42:09.993 CLOCK fold raw=387.76 prev=500.67 new=500.82 d=+0.155 fr=470.66 dt=0.103 rate=1.00 paused=False backlog=2.56 edge=503.38 div=-113.06
20:42:10.097 CLOCK integ raw=387.76 prev=500.82 new=500.93 d=+0.103 fr=470.66 dt=0.103 rate=1.00 paused=False backlog=2.56 edge=503.48 div=-113.06
20:42:10.201 CLOCK integ raw=387.76 prev=500.93 new=501.03 d=+0.104 fr=470.66 dt=0.104 rate=1.00 paused=False backlog=2.56 edge=503.59 div=-113.06
20:42:10.303 CLOCK fold raw=388.03 prev=501.03 new=501.09 d=+0.059 fr=470.66 dt=0.103 rate=1.00 paused=False backlog=2.60 edge=503.69 div=-113.06
20:42:10.406 CLOCK integ raw=388.03 prev=501.09 new=501.19 d=+0.103 fr=470.66 dt=0.103 rate=1.00 paused=False backlog=2.60 edge=503.79 div=-113.06
20:42:10.508 CLOCK fold raw=388.29 prev=501.19 new=501.35 d=+0.162 fr=470.66 dt=0.102 rate=1.00 paused=False backlog=2.54 edge=503.89 div=-113.06
20:42:10.611 CLOCK integ raw=388.29 prev=501.35 new=501.45 d=+0.102 fr=470.66 dt=0.102 rate=1.00 paused=False backlog=2.54 edge=504.00 div=-113.06
20:42:10.712 CLOCK integ raw=388.29 prev=501.45 new=501.56 d=+0.102 fr=470.66 dt=0.102 rate=1.00 paused=False backlog=2.54 edge=504.10 div=-113.06
20:42:10.816 CLOCK fold raw=388.55 prev=501.56 new=501.61 d=+0.052 fr=470.66 dt=0.103 rate=1.00 paused=False backlog=2.59 edge=504.20 div=-113.06
20:42:11.018 CLOCK fold raw=388.80 prev=501.61 new=501.86 d=+0.255 fr=470.66 dt=0.203 rate=1.00 paused=False backlog=2.54 edge=504.40 div=-113.06
20:42:11.121 CLOCK integ raw=388.80 prev=501.86 new=501.97 d=+0.102 fr=470.66 dt=0.102 rate=1.00 paused=False backlog=2.54 edge=504.51 div=-113.06
20:42:11.225 CLOCK integ raw=388.80 prev=501.97 new=502.07 d=+0.105 fr=470.66 dt=0.105 rate=1.00 paused=False backlog=2.42 edge=504.49 div=-113.06
20:42:11.326 CLOCK fold raw=389.06 prev=502.07 new=502.12 d=+0.049 fr=470.66 dt=0.102 rate=1.00 paused=False backlog=2.47 edge=504.59 div=-113.06
20:42:11.429 CLOCK integ raw=389.06 prev=502.12 new=502.22 d=+0.102 fr=470.66 dt=0.102 rate=1.00 paused=False backlog=2.47 edge=504.69 div=-113.06
20:42:11.532 CLOCK fold raw=389.32 prev=502.22 new=502.38 d=+0.155 fr=470.66 dt=0.103 rate=1.00 paused=False backlog=2.42 edge=504.79 div=-113.06
20:42:11.635 CLOCK integ raw=389.32 prev=502.38 new=502.48 d=+0.103 fr=470.66 dt=0.103 rate=1.00 paused=False backlog=2.42 edge=504.90 div=-113.06
20:42:11.738 CLOCK integ raw=389.32 prev=502.48 new=502.58 d=+0.103 fr=470.66 dt=0.103 rate=1.00 paused=False backlog=2.42 edge=505.00 div=-113.06
20:42:11.839 CLOCK fold raw=389.57 prev=502.58 new=502.63 d=+0.050 fr=470.66 dt=0.101 rate=1.00 paused=False backlog=2.47 edge=505.10 div=-113.06
20:42:11.941 CLOCK integ raw=389.57 prev=502.63 new=502.74 d=+0.102 fr=470.66 dt=0.102 rate=1.00 paused=False backlog=2.47 edge=505.20 div=-113.06
20:42:12.042 CLOCK fold raw=389.83 prev=502.74 new=502.89 d=+0.153 fr=470.66 dt=0.102 rate=1.00 paused=False backlog=2.42 edge=505.31 div=-113.06
20:42:12.143 CLOCK integ raw=389.83 prev=502.89 new=502.99 d=+0.101 fr=470.66 dt=0.101 rate=1.00 paused=False backlog=2.42 edge=505.41 div=-113.06
20:42:12.244 CLOCK integ raw=389.83 prev=502.99 new=503.09 d=+0.101 fr=470.66 dt=0.101 rate=1.00 paused=False backlog=2.42 edge=505.51 div=-113.06
20:42:12.346 CLOCK fold raw=390.09 prev=503.09 new=503.15 d=+0.061 fr=470.66 dt=0.101 rate=1.00 paused=False backlog=2.46 edge=505.61 div=-113.06
20:42:12.452 CLOCK integ raw=390.09 prev=503.15 new=503.26 d=+0.106 fr=470.66 dt=0.106 rate=1.00 paused=False backlog=2.46 edge=505.71 div=-113.06
20:42:12.654 CLOCK fold raw=390.34 prev=503.26 new=503.40 d=+0.145 fr=470.66 dt=0.202 rate=1.00 paused=False backlog=2.51 edge=505.92 div=-113.06
20:42:12.656 REBASE why=watchdog shift=+1.16 off=1.66
20:42:12.758 CLOCK integ raw=390.34 prev=503.40 new=503.51 d=+0.104 fr=470.66 dt=0.104 rate=1.00 paused=False backlog=2.51 edge=506.02 div=-113.06
20:42:12.861 CLOCK fold raw=390.60 prev=503.51 new=503.66 d=+0.151 fr=470.66 dt=0.103 rate=1.00 paused=False backlog=2.47 edge=506.12 div=-113.06
20:42:12.963 CLOCK integ raw=390.60 prev=503.66 new=503.76 d=+0.102 fr=470.66 dt=0.102 rate=1.00 paused=False backlog=2.47 edge=506.23 div=-113.06
20:42:13.065 CLOCK fold raw=390.86 prev=503.76 new=503.92 d=+0.159 fr=470.66 dt=0.102 rate=1.00 paused=False backlog=2.41 edge=506.33 div=-113.06
20:42:13.167 CLOCK integ raw=390.86 prev=503.92 new=504.02 d=+0.102 fr=470.66 dt=0.102 rate=1.00 paused=False backlog=2.41 edge=506.43 div=-113.06
20:42:13.270 CLOCK integ raw=390.86 prev=504.02 new=504.12 d=+0.104 fr=470.66 dt=0.104 rate=1.00 paused=False backlog=1.32 edge=505.45 div=-113.06
20:42:13.372 CLOCK fold raw=391.11 prev=504.12 new=504.17 d=+0.045 fr=470.66 dt=0.102 rate=1.00 paused=False backlog=1.38 edge=505.55 div=-113.06
20:42:13.473 CLOCK integ raw=391.11 prev=504.17 new=504.27 d=+0.101 fr=470.66 dt=0.101 rate=1.00 paused=False backlog=1.38 edge=505.65 div=-113.06
20:42:13.578 CLOCK fold raw=391.36 prev=504.27 new=504.42 d=+0.154 fr=470.66 dt=0.103 rate=1.00 paused=False backlog=1.33 edge=505.75 div=-113.06
20:42:13.680 CLOCK integ raw=391.36 prev=504.42 new=504.53 d=+0.103 fr=470.66 dt=0.103 rate=1.00 paused=False backlog=1.33 edge=505.86 div=-113.06
20:42:13.782 TICK fr=470.66 cc=504.53 raw=391.36 vid=504.60 playing=1 started=1 stall=0 | d_fr_cc=-33.87 d_fr_raw=+79.29 d_cc_raw=+113.16 | off=1.66 ccx_end=497.16 since_show=6.3 since_cue=9.9 | pcr=504.260 pid=100 head_rel=504.26 ccx_lag=7.10 | credit=470.7 capped=0.0 | fsize=229297960 feed=229297960 feed_behind=0 | backlog=1.33 edge=505.86 div=-113.06 lag_ewma=7.46
20:42:13.783 CLOCK integ raw=391.36 prev=504.53 new=504.63 d=+0.103 fr=470.66 dt=0.103 rate=1.00 paused=False backlog=1.33 edge=505.96 div=-113.06
20:42:13.885 CLOCK fold raw=391.62 prev=504.63 new=504.68 d=+0.049 fr=470.66 dt=0.102 rate=1.00 paused=False backlog=1.38 edge=506.06 div=-113.06
20:42:13.988 CLOCK integ raw=391.62 prev=504.68 new=504.78 d=+0.103 fr=470.66 dt=0.103 rate=1.00 paused=False backlog=1.38 edge=506.17 div=-113.06
20:42:14.190 CLOCK fold raw=391.88 prev=504.78 new=504.94 d=+0.153 fr=470.66 dt=0.201 rate=1.00 paused=False backlog=1.43 edge=506.37 div=-113.06
20:42:14.291 CLOCK integ raw=391.88 prev=504.94 new=505.04 d=+0.101 fr=470.66 dt=0.101 rate=1.00 paused=False backlog=1.43 edge=506.47 div=-113.06
20:42:14.393 CLOCK fold raw=392.13 prev=505.04 new=505.19 d=+0.156 fr=470.66 dt=0.102 rate=1.00 paused=False backlog=1.38 edge=506.57 div=-113.06
20:42:14.496 CLOCK integ raw=392.13 prev=505.19 new=505.30 d=+0.103 fr=475.47 dt=0.103 rate=1.00 paused=False backlog=1.38 edge=506.67 div=-113.06
20:42:14.599 CLOCK fold raw=392.39 prev=505.30 new=505.45 d=+0.152 fr=475.47 dt=0.102 rate=1.00 paused=False backlog=1.33 edge=506.78 div=-113.06
20:42:14.701 CLOCK integ raw=392.39 prev=505.45 new=505.55 d=+0.102 fr=475.47 dt=0.102 rate=1.00 paused=False backlog=1.33 edge=506.88 div=-113.06
20:42:14.704 CUE cx=[502.54..506.94] adv=9.78 el=10.81 fresh | off=1.66 fr=475.47 cc=505.55 raw=392.39 lead=+3.05 | pcr=508.262 head_rel=508.26 lag_ewma=7.46 | q=We're never gonna / make it. It would take some / kind of un
20:42:14.806 ANCHOR pend_end=506.94 L=5.31 pinL=1.32 target=-0.69 off=1.66
20:42:14.807 CLOCK integ raw=392.39 prev=505.55 new=505.66 d=+0.106 fr=475.47 dt=0.106 rate=1.00 paused=False backlog=2.02 edge=507.68 div=-113.06
20:42:14.807 PAINT after 7.3 s blank (t=505.66)
20:42:14.909 CLOCK fold raw=392.64 prev=505.66 new=505.70 d=+0.048 fr=475.88 dt=0.102 rate=1.00 paused=False backlog=2.07 edge=507.78 div=-113.06
20:42:15.011 CLOCK integ raw=392.64 prev=505.70 new=505.81 d=+0.102 fr=475.88 dt=0.102 rate=1.00 paused=False backlog=2.07 edge=507.88 div=-113.06
20:42:15.113 CLOCK fold raw=392.90 prev=505.81 new=505.96 d=+0.155 fr=475.88 dt=0.102 rate=1.00 paused=False backlog=2.02 edge=507.98 div=-113.06
20:42:15.217 CLOCK integ raw=392.90 prev=505.96 new=506.06 d=+0.103 fr=475.88 dt=0.103 rate=1.00 paused=False backlog=2.16 edge=508.22 div=-113.06
20:42:15.318 CLOCK integ raw=392.90 prev=506.06 new=506.17 d=+0.102 fr=475.88 dt=0.102 rate=1.00 paused=False backlog=2.16 edge=508.33 div=-113.06
20:42:15.420 CLOCK fold raw=393.16 prev=506.17 new=506.22 d=+0.051 fr=475.88 dt=0.102 rate=1.00 paused=False backlog=2.21 edge=508.43 div=-113.06
20:42:15.522 CLOCK integ raw=393.16 prev=506.22 new=506.32 d=+0.103 fr=475.88 dt=0.103 rate=1.00 paused=False backlog=2.21 edge=508.53 div=-113.06
20:42:15.625 CLOCK fold raw=393.41 prev=506.32 new=506.47 d=+0.152 fr=475.88 dt=0.103 rate=1.00 paused=False backlog=2.16 edge=508.63 div=-113.06
20:42:15.732 CLOCK integ raw=393.41 prev=506.47 new=506.58 d=+0.107 fr=475.88 dt=0.107 rate=1.00 paused=False backlog=2.16 edge=508.74 div=-113.06
20:42:15.835 CLOCK integ raw=393.41 prev=506.58 new=506.68 d=+0.103 fr=475.88 dt=0.103 rate=1.00 paused=False backlog=2.16 edge=508.84 div=-113.06
20:42:16.038 CLOCK fold raw=393.67 prev=506.68 new=506.73 d=+0.046 fr=475.88 dt=0.203 rate=1.00 paused=False backlog=2.32 edge=509.05 div=-113.06
20:42:16.141 CLOCK fold raw=393.93 prev=506.73 new=506.99 d=+0.258 fr=475.88 dt=0.102 rate=1.00 paused=False backlog=2.16 edge=509.15 div=-113.06
20:42:16.243 CLOCK integ raw=393.93 prev=506.99 new=507.09 d=+0.102 fr=475.88 dt=0.102 rate=1.00 paused=False backlog=2.16 edge=509.25 div=-113.06
20:42:16.345 CLOCK integ raw=393.93 prev=507.09 new=507.19 d=+0.102 fr=475.88 dt=0.102 rate=1.00 paused=False backlog=2.16 edge=509.35 div=-113.06
20:42:16.448 CLOCK fold raw=394.18 prev=507.19 new=507.24 d=+0.051 fr=475.88 dt=0.103 rate=1.00 paused=False backlog=2.22 edge=509.46 div=-113.06
20:42:16.551 CLOCK integ raw=394.18 prev=507.24 new=507.34 d=+0.103 fr=475.88 dt=0.103 rate=1.00 paused=False backlog=2.22 edge=509.56 div=-113.06
20:42:16.653 CLOCK fold raw=394.44 prev=507.34 new=507.50 d=+0.153 fr=475.88 dt=0.102 rate=1.00 paused=False backlog=2.16 edge=509.66 div=-113.06
20:42:16.754 CLOCK integ raw=394.44 prev=507.50 new=507.60 d=+0.101 fr=475.88 dt=0.101 rate=1.00 paused=False backlog=2.16 edge=509.76 div=-113.06
20:42:16.858 CLOCK integ raw=394.44 prev=507.60 new=507.70 d=+0.104 fr=475.88 dt=0.104 rate=1.00 paused=False backlog=2.16 edge=509.87 div=-113.06
20:42:16.961 CLOCK fold raw=394.70 prev=507.70 new=507.76 d=+0.060 fr=475.88 dt=0.102 rate=1.00 paused=False backlog=2.21 edge=509.97 div=-113.06
20:42:17.164 CLOCK fold raw=394.97 prev=507.76 new=508.03 d=+0.267 fr=475.88 dt=0.203 rate=1.00 paused=False backlog=2.14 edge=510.17 div=-113.06
20:42:17.267 CLOCK integ raw=394.97 prev=508.03 new=508.13 d=+0.104 fr=475.88 dt=0.104 rate=1.00 paused=False backlog=1.19 edge=509.32 div=-113.06
20:42:17.369 CLOCK integ raw=394.97 prev=508.13 new=508.24 d=+0.102 fr=475.88 dt=0.102 rate=1.00 paused=False backlog=1.19 edge=509.42 div=-113.06
20:42:17.471 CLOCK fold raw=395.22 prev=508.24 new=508.29 d=+0.049 fr=475.88 dt=0.101 rate=1.00 paused=False backlog=1.24 edge=509.52 div=-113.06
20:42:17.573 CLOCK integ raw=395.22 prev=508.29 new=508.39 d=+0.103 fr=475.88 dt=0.103 rate=1.00 paused=False backlog=1.24 edge=509.63 div=-113.06
20:42:17.675 CLOCK fold raw=395.48 prev=508.39 new=508.54 d=+0.156 fr=475.88 dt=0.101 rate=1.00 paused=False backlog=1.18 edge=509.73 div=-113.06
20:42:17.776 CLOCK integ raw=395.48 prev=508.54 new=508.65 d=+0.102 fr=475.88 dt=0.102 rate=1.00 paused=False backlog=1.18 edge=509.83 div=-113.06
20:42:17.878 CLOCK integ raw=395.48 prev=508.65 new=508.75 d=+0.102 fr=475.88 dt=0.102 rate=1.00 paused=False backlog=1.18 edge=509.93 div=-113.06
20:42:17.979 CLOCK fold raw=395.74 prev=508.75 new=508.80 d=+0.051 fr=475.88 dt=0.102 rate=1.00 paused=False backlog=1.23 edge=510.03 div=-113.06
20:42:18.082 CLOCK integ raw=395.74 prev=508.80 new=508.90 d=+0.102 fr=475.88 dt=0.102 rate=1.00 paused=False backlog=1.23 edge=510.14 div=-113.06
20:42:18.184 CLOCK fold raw=395.99 prev=508.90 new=509.05 d=+0.154 fr=475.88 dt=0.102 rate=1.00 paused=False backlog=1.18 edge=510.24 div=-113.06
20:42:18.285 CLOCK integ raw=395.99 prev=509.05 new=509.16 d=+0.101 fr=475.88 dt=0.101 rate=1.00 paused=False backlog=1.18 edge=510.34 div=-113.06
20:42:18.387 CLOCK integ raw=395.99 prev=509.16 new=509.26 d=+0.102 fr=475.88 dt=0.102 rate=1.00 paused=False backlog=1.18 edge=510.44 div=-113.06
20:42:18.489 CLOCK fold raw=396.25 prev=509.26 new=509.31 d=+0.053 fr=475.88 dt=0.102 rate=1.00 paused=False backlog=1.23 edge=510.54 div=-113.06
20:42:18.690 CLOCK integ raw=396.25 prev=509.31 new=509.51 d=+0.201 fr=475.88 dt=0.201 rate=1.00 paused=False backlog=1.23 edge=510.74 div=-113.06
20:42:18.793 CLOCK fold raw=396.50 prev=509.51 new=509.57 d=+0.054 fr=475.88 dt=0.103 rate=1.00 paused=False backlog=1.28 edge=510.85 div=-113.06
20:42:18.796 TICK fr=475.88 cc=509.57 raw=396.50 vid=509.51 playing=1 started=1 stall=0 | d_fr_cc=-33.68 d_fr_raw=+79.38 d_cc_raw=+113.06 | off=0.48 ccx_end=506.94 since_show=0.8 since_cue=4.1 | pcr=508.262 pid=100 head_rel=508.26 ccx_lag=1.32 | credit=475.9 capped=0.0 | fsize=231159536 feed=231159536 feed_behind=0 | backlog=1.28 edge=510.85 div=-113.06 lag_ewma=5.31
20:42:18.898 CLOCK integ raw=396.50 prev=509.57 new=509.67 d=+0.105 fr=475.88 dt=0.105 rate=1.00 paused=False backlog=1.28 edge=510.95 div=-113.06
20:42:19.000 CLOCK fold raw=396.76 prev=509.67 new=509.82 d=+0.153 fr=475.88 dt=0.102 rate=1.00 paused=False backlog=1.23 edge=511.05 div=-113.06
20:42:19.101 CLOCK integ raw=396.76 prev=509.82 new=509.92 d=+0.101 fr=475.88 dt=0.101 rate=1.00 paused=False backlog=1.23 edge=511.15 div=-113.06
20:42:19.203 EDGESNAP err=-2.89 edge->508.26
20:42:19.204 CLOCK integ raw=396.76 prev=509.92 new=510.03 d=+0.103 fr=475.88 dt=0.103 rate=1.00 paused=False backlog=0.00 edge=510.03 div=-113.06
20:42:19.306 CLOCK fold raw=397.02 prev=510.03 new=510.08 d=+0.054 fr=475.88 dt=0.102 rate=1.00 paused=False backlog=0.05 edge=510.13 div=-113.06
20:42:19.407 CLOCK integ raw=397.02 prev=510.08 new=510.18 d=+0.101 fr=475.88 dt=0.101 rate=1.00 paused=False backlog=0.05 edge=510.23 div=-113.06
20:42:19.509 CLOCK fold raw=397.27 prev=510.18 new=510.33 d=+0.151 fr=475.88 dt=0.102 rate=1.00 paused=False backlog=0.00 edge=510.33 div=-113.06
20:42:19.612 CLOCK integ raw=397.27 prev=510.33 new=510.44 d=+0.103 fr=475.88 dt=0.103 rate=1.00 paused=False backlog=0.00 edge=510.44 div=-113.06
20:42:19.763 EDGESNAP err=+4.79 edge->515.23
20:42:19.763 CUE cx=[506.94..509.01] adv=2.07 el=5.01 fresh | off=0.48 fr=480.79 cc=510.44 raw=397.54 lead=-0.95 | pcr=515.226 head_rel=515.23 lag_ewma=10.10 | q=make it. It would take some / kind of unbelievable, / miracu
20:42:19.766 ANCHOR pend_end=509.01 L=8.74 pinL=6.22 target=0.00 off=0.48
20:42:19.767 CLOCK fold raw=397.54 prev=510.44 new=510.60 d=+0.160 fr=480.79 dt=0.155 rate=1.00 paused=False backlog=4.78 edge=515.38 div=-113.06
20:42:19.868 CLOCK integ raw=397.54 prev=510.60 new=510.70 d=+0.101 fr=480.79 dt=0.101 rate=1.00 paused=False backlog=4.78 edge=515.48 div=-113.06
20:42:19.970 CLOCK integ raw=397.54 prev=510.70 new=510.80 d=+0.102 fr=480.79 dt=0.102 rate=1.00 paused=False backlog=4.78 edge=515.58 div=-113.06
20:42:20.072 CLOCK fold raw=397.79 prev=510.80 new=510.85 d=+0.047 fr=480.79 dt=0.102 rate=1.00 paused=False backlog=4.84 edge=515.69 div=-113.06
20:42:20.181 CLOCK integ raw=397.79 prev=510.85 new=510.96 d=+0.109 fr=481.15 dt=0.109 rate=1.00 paused=False backlog=4.84 edge=515.79 div=-113.06
20:42:20.287 CLOCK fold raw=398.04 prev=510.96 new=511.10 d=+0.148 fr=481.15 dt=0.106 rate=1.00 paused=False backlog=4.80 edge=515.90 div=-113.06
20:42:20.391 CLOCK integ raw=398.04 prev=511.10 new=511.21 d=+0.104 fr=481.15 dt=0.104 rate=1.00 paused=False backlog=4.80 edge=516.00 div=-113.06
20:42:20.498 CLOCK fold raw=398.30 prev=511.21 new=511.36 d=+0.150 fr=481.15 dt=0.107 rate=1.00 paused=False backlog=4.75 edge=516.11 div=-113.06
20:42:20.607 CLOCK integ raw=398.30 prev=511.36 new=511.47 d=+0.108 fr=481.15 dt=0.108 rate=1.00 paused=False backlog=4.75 edge=516.22 div=-113.06
20:42:20.710 CLOCK integ raw=398.30 prev=511.47 new=511.57 d=+0.103 fr=481.15 dt=0.103 rate=1.00 paused=False backlog=4.75 edge=516.32 div=-113.06
20:42:20.815 CLOCK fold raw=398.55 prev=511.57 new=511.62 d=+0.046 fr=481.15 dt=0.105 rate=1.00 paused=False backlog=4.81 edge=516.43 div=-113.06
20:42:20.919 CLOCK integ raw=398.55 prev=511.62 new=511.72 d=+0.104 fr=481.15 dt=0.104 rate=1.00 paused=False backlog=4.81 edge=516.53 div=-113.06
20:42:21.022 CLOCK fold raw=398.81 prev=511.72 new=511.87 d=+0.151 fr=481.15 dt=0.102 rate=1.00 paused=False backlog=4.76 edge=516.63 div=-113.06
20:42:21.128 CLOCK integ raw=398.81 prev=511.87 new=511.98 d=+0.107 fr=481.15 dt=0.107 rate=1.00 paused=False backlog=4.76 edge=516.74 div=-113.06
20:42:21.234 CLOCK integ raw=398.81 prev=511.98 new=512.08 d=+0.106 fr=481.15 dt=0.106 rate=1.00 paused=False backlog=4.04 edge=516.12 div=-113.06
20:42:21.338 CLOCK fold raw=399.07 prev=512.08 new=512.13 d=+0.045 fr=481.15 dt=0.104 rate=1.00 paused=False backlog=4.10 edge=516.23 div=-113.06
20:42:21.439 CLOCK integ raw=399.07 prev=512.13 new=512.23 d=+0.101 fr=481.15 dt=0.101 rate=1.00 paused=False backlog=4.10 edge=516.33 div=-113.06
20:42:21.546 CLOCK fold raw=399.32 prev=512.23 new=512.38 d=+0.152 fr=481.15 dt=0.104 rate=1.00 paused=False backlog=4.05 edge=516.43 div=-113.06
20:42:21.748 CLOCK integ raw=399.32 prev=512.38 new=512.59 d=+0.205 fr=481.15 dt=0.205 rate=1.00 paused=False backlog=4.05 edge=516.64 div=-113.06
20:42:21.851 CLOCK fold raw=399.58 prev=512.59 new=512.64 d=+0.052 fr=481.15 dt=0.102 rate=1.00 paused=False backlog=4.10 edge=516.74 div=-113.06
20:42:21.953 CLOCK integ raw=399.58 prev=512.64 new=512.74 d=+0.102 fr=481.15 dt=0.102 rate=1.00 paused=False backlog=4.10 edge=516.84 div=-113.06
20:42:22.054 CLOCK fold raw=399.84 prev=512.74 new=512.90 d=+0.157 fr=481.15 dt=0.101 rate=1.00 paused=False backlog=4.05 edge=516.94 div=-113.06
20:42:22.157 CLOCK integ raw=399.84 prev=512.90 new=513.00 d=+0.103 fr=481.15 dt=0.103 rate=1.00 paused=False backlog=4.05 edge=517.05 div=-113.06
20:42:22.258 CLOCK integ raw=399.84 prev=513.00 new=513.10 d=+0.101 fr=481.15 dt=0.101 rate=1.00 paused=False backlog=4.05 edge=517.15 div=-113.06
20:42:22.362 CLOCK fold raw=400.09 prev=513.10 new=513.15 d=+0.049 fr=481.15 dt=0.103 rate=1.00 paused=False backlog=4.10 edge=517.25 div=-113.06
20:42:22.465 CLOCK integ raw=400.09 prev=513.15 new=513.25 d=+0.103 fr=481.15 dt=0.103 rate=1.00 paused=False backlog=4.10 edge=517.36 div=-113.06
20:42:22.569 CLOCK fold raw=400.35 prev=513.25 new=513.41 d=+0.153 fr=481.15 dt=0.105 rate=1.00 paused=False backlog=4.05 edge=517.46 div=-113.06
20:42:22.672 CLOCK integ raw=400.35 prev=513.41 new=513.51 d=+0.103 fr=481.15 dt=0.103 rate=1.00 paused=False backlog=4.05 edge=517.56 div=-113.06
20:42:22.776 CLOCK integ raw=400.35 prev=513.51 new=513.61 d=+0.104 fr=481.15 dt=0.104 rate=1.00 paused=False backlog=4.05 edge=517.67 div=-113.06
20:42:22.877 CLOCK fold raw=400.60 prev=513.61 new=513.66 d=+0.052 fr=481.15 dt=0.102 rate=1.00 paused=False backlog=4.10 edge=517.77 div=-113.06
20:42:22.980 CLOCK integ raw=400.60 prev=513.66 new=513.77 d=+0.102 fr=481.15 dt=0.102 rate=1.00 paused=False backlog=4.10 edge=517.87 div=-113.06
20:42:22.983 REBASE why=watchdog shift=+2.33 off=2.57
20:42:23.085 CLOCK fold raw=400.86 prev=513.77 new=513.93 d=+0.159 fr=481.15 dt=0.105 rate=1.00 paused=False backlog=4.05 edge=517.98 div=-113.06
20:42:23.188 EDGESNAP err=-2.68 edge->515.30
20:42:23.188 CLOCK integ raw=400.86 prev=513.93 new=514.03 d=+0.103 fr=481.15 dt=0.103 rate=1.00 paused=False backlog=1.37 edge=515.40 div=-113.06
20:42:23.391 CLOCK fold raw=401.14 prev=514.03 new=514.20 d=+0.173 fr=481.15 dt=0.203 rate=1.00 paused=False backlog=1.40 edge=515.60 div=-113.06
20:42:23.493 CLOCK integ raw=401.14 prev=514.20 new=514.30 d=+0.102 fr=481.15 dt=0.102 rate=1.00 paused=False backlog=1.40 edge=515.70 div=-113.06
20:42:23.597 CLOCK fold raw=401.39 prev=514.30 new=514.45 d=+0.149 fr=481.15 dt=0.104 rate=1.00 paused=False backlog=1.36 edge=515.81 div=-113.06
20:42:23.700 CLOCK integ raw=401.39 prev=514.45 new=514.56 d=+0.103 fr=481.15 dt=0.103 rate=1.00 paused=False backlog=1.36 edge=515.91 div=-113.06
20:42:23.805 TICK fr=481.15 cc=514.56 raw=401.39 vid=514.41 playing=1 started=1 stall=0 | d_fr_cc=-33.41 d_fr_raw=+79.76 d_cc_raw=+113.16 | off=2.57 ccx_end=509.01 since_show=5.8 since_cue=4.1 | pcr=515.297 pid=100 head_rel=515.30 ccx_lag=6.29 | credit=481.1 capped=0.0 | fsize=233808268 feed=233808268 feed_behind=0 | backlog=1.36 edge=515.91 div=-113.06 lag_ewma=8.74
20:42:23.806 CLOCK integ raw=401.39 prev=514.56 new=514.66 d=+0.106 fr=481.15 dt=0.106 rate=1.00 paused=False backlog=1.36 edge=516.02 div=-113.06
20:42:23.908 CLOCK fold raw=401.65 prev=514.66 new=514.71 d=+0.046 fr=481.15 dt=0.101 rate=1.00 paused=False backlog=1.41 edge=516.12 div=-113.06
20:42:24.009 CLOCK integ raw=401.65 prev=514.71 new=514.81 d=+0.101 fr=481.15 dt=0.101 rate=1.00 paused=False backlog=1.41 edge=516.22 div=-113.06
20:42:24.112 CLOCK fold raw=401.91 prev=514.81 new=514.97 d=+0.160 fr=481.15 dt=0.103 rate=1.00 paused=False backlog=1.36 edge=516.32 div=-113.06
20:42:24.215 CLOCK integ raw=401.91 prev=514.97 new=515.07 d=+0.103 fr=481.15 dt=0.103 rate=1.00 paused=False backlog=1.36 edge=516.43 div=-113.06
20:42:24.317 CLOCK integ raw=401.91 prev=515.07 new=515.17 d=+0.102 fr=481.15 dt=0.102 rate=1.00 paused=False backlog=1.36 edge=516.53 div=-113.06
20:42:24.419 CLOCK fold raw=402.16 prev=515.17 new=515.22 d=+0.047 fr=481.15 dt=0.102 rate=1.00 paused=False backlog=1.41 edge=516.63 div=-113.06
20:42:24.522 CLOCK integ raw=402.16 prev=515.22 new=515.32 d=+0.103 fr=481.15 dt=0.103 rate=1.00 paused=False backlog=1.41 edge=516.73 div=-113.06
20:42:24.623 CLOCK fold raw=402.41 prev=515.32 new=515.48 d=+0.152 fr=481.15 dt=0.101 rate=1.00 paused=False backlog=1.36 edge=516.83 div=-113.06
20:42:24.727 CLOCK integ raw=402.41 prev=515.48 new=515.58 d=+0.104 fr=481.15 dt=0.104 rate=1.00 paused=False backlog=1.36 edge=516.94 div=-113.06
20:42:24.829 CLOCK integ raw=402.41 prev=515.58 new=515.68 d=+0.101 fr=481.15 dt=0.101 rate=1.00 paused=False backlog=1.36 edge=517.04 div=-113.06
20:42:25.035 CLOCK fold raw=402.68 prev=515.68 new=515.74 d=+0.058 fr=481.15 dt=0.206 rate=1.00 paused=False backlog=1.51 edge=517.25 div=-113.06
20:42:25.137 CLOCK fold raw=402.93 prev=515.74 new=515.99 d=+0.256 fr=481.15 dt=0.102 rate=1.00 paused=False backlog=1.35 edge=517.35 div=-113.06
20:42:25.240 CLOCK integ raw=402.93 prev=515.99 new=516.10 d=+0.103 fr=481.15 dt=0.103 rate=1.00 paused=False backlog=0.33 edge=516.43 div=-113.06
20:42:25.342 CLOCK integ raw=402.93 prev=516.10 new=516.20 d=+0.102 fr=481.15 dt=0.102 rate=1.00 paused=False backlog=0.33 edge=516.53 div=-113.06
20:42:25.445 CLOCK fold raw=403.20 prev=516.20 new=516.27 d=+0.066 fr=481.15 dt=0.103 rate=1.00 paused=False backlog=0.36 edge=516.63 div=-113.06
20:42:25.547 CLOCK integ raw=403.20 prev=516.27 new=516.37 d=+0.102 fr=481.15 dt=0.102 rate=1.00 paused=False backlog=0.36 edge=516.73 div=-113.06
20:42:25.651 CLOCK integ raw=403.20 prev=516.37 new=516.47 d=+0.104 fr=481.15 dt=0.104 rate=1.00 paused=False backlog=0.36 edge=516.84 div=-113.06
20:42:25.752 CLOCK fold raw=403.46 prev=516.47 new=516.53 d=+0.054 fr=481.15 dt=0.101 rate=1.00 paused=False backlog=0.41 edge=516.94 div=-113.06
20:42:25.854 CLOCK integ raw=403.46 prev=516.53 new=516.63 d=+0.102 fr=481.15 dt=0.102 rate=1.00 paused=False backlog=0.41 edge=517.04 div=-113.06
20:42:25.956 CLOCK fold raw=403.71 prev=516.63 new=516.78 d=+0.149 fr=481.15 dt=0.102 rate=1.00 paused=False backlog=0.37 edge=517.14 div=-113.06
20:42:26.058 CLOCK integ raw=403.71 prev=516.78 new=516.88 d=+0.102 fr=481.15 dt=0.102 rate=1.00 paused=False backlog=0.37 edge=517.24 div=-113.06
20:42:26.159 CLOCK integ raw=403.71 prev=516.88 new=516.98 d=+0.101 fr=481.15 dt=0.101 rate=1.00 paused=False backlog=0.37 edge=517.34 div=-113.06
20:42:26.264 CLOCK fold raw=403.97 prev=516.98 new=517.03 d=+0.054 fr=481.15 dt=0.105 rate=1.00 paused=False backlog=0.42 edge=517.45 div=-113.06
20:42:26.466 CLOCK fold raw=404.23 prev=517.03 new=517.29 d=+0.257 fr=481.15 dt=0.202 rate=1.00 paused=False backlog=0.36 edge=517.65 div=-113.06
20:42:26.572 CLOCK integ raw=404.23 prev=517.29 new=517.40 d=+0.106 fr=481.15 dt=0.106 rate=1.00 paused=False backlog=0.36 edge=517.76 div=-113.06
20:42:26.675 CLOCK fold raw=404.48 prev=517.40 new=517.55 d=+0.149 fr=481.15 dt=0.103 rate=1.00 paused=False backlog=0.31 edge=517.86 div=-113.06
20:42:26.778 CLOCK integ raw=404.48 prev=517.55 new=517.65 d=+0.103 fr=481.15 dt=0.103 rate=1.00 paused=False backlog=0.31 edge=517.96 div=-113.06
20:42:26.880 CLOCK integ raw=404.48 prev=517.65 new=517.75 d=+0.102 fr=481.15 dt=0.102 rate=1.00 paused=False backlog=0.31 edge=518.06 div=-113.06
20:42:26.981 CLOCK fold raw=404.74 prev=517.75 new=517.80 d=+0.051 fr=481.15 dt=0.102 rate=1.00 paused=False backlog=0.37 edge=518.17 div=-113.06
20:42:27.085 CLOCK integ raw=404.74 prev=517.80 new=517.90 d=+0.103 fr=481.15 dt=0.103 rate=1.00 paused=False backlog=0.37 edge=518.27 div=-113.06
20:42:27.188 EDGESNAP err=-2.97 edge->515.30
20:42:27.189 CLOCK integ raw=404.74 prev=517.90 new=518.01 d=+0.104 fr=481.15 dt=0.104 rate=1.00 paused=False backlog=0.00 edge=518.01 div=-113.06
20:42:27.291 CLOCK fold raw=405.00 prev=518.01 new=518.06 d=+0.055 fr=481.15 dt=0.101 rate=1.00 paused=False backlog=0.05 edge=518.11 div=-113.06
20:42:27.393 CLOCK integ raw=405.00 prev=518.06 new=518.17 d=+0.102 fr=481.15 dt=0.102 rate=1.00 paused=False backlog=0.05 edge=518.21 div=-113.06
20:42:27.495 CLOCK fold raw=405.25 prev=518.17 new=518.31 d=+0.148 fr=481.15 dt=0.103 rate=1.00 paused=False backlog=0.00 edge=518.32 div=-113.06
20:42:27.600 CLOCK integ raw=405.25 prev=518.31 new=518.42 d=+0.104 fr=481.15 dt=0.104 rate=1.00 paused=False backlog=0.00 edge=518.42 div=-113.06
20:42:27.702 CLOCK fold raw=405.51 prev=518.42 new=518.57 d=+0.151 fr=481.15 dt=0.102 rate=1.00 paused=False backlog=0.00 edge=518.57 div=-113.06
20:42:27.805 CLOCK integ raw=405.51 prev=518.57 new=518.67 d=+0.102 fr=481.15 dt=0.102 rate=1.00 paused=False backlog=0.00 edge=518.67 div=-113.06
20:42:27.906 CLOCK integ raw=405.51 prev=518.67 new=518.77 d=+0.102 fr=481.15 dt=0.102 rate=1.00 paused=False backlog=0.00 edge=518.77 div=-113.06
20:42:28.111 CLOCK fold raw=405.77 prev=518.77 new=518.83 d=+0.060 fr=481.15 dt=0.204 rate=1.00 paused=False backlog=0.00 edge=518.83 div=-113.06
20:42:28.212 CLOCK integ raw=405.77 prev=518.83 new=518.93 d=+0.101 fr=481.15 dt=0.101 rate=1.00 paused=False backlog=0.00 edge=518.93 div=-113.06
20:42:28.314 CLOCK fold raw=406.04 prev=518.93 new=519.10 d=+0.167 fr=481.15 dt=0.102 rate=1.00 paused=False backlog=0.00 edge=519.10 div=-113.06
20:42:28.416 CLOCK integ raw=406.04 prev=519.10 new=519.20 d=+0.102 fr=481.15 dt=0.102 rate=1.00 paused=False backlog=0.00 edge=519.20 div=-113.06
20:42:28.518 CLOCK fold raw=406.30 prev=519.20 new=519.36 d=+0.155 fr=481.15 dt=0.101 rate=1.00 paused=False backlog=0.00 edge=519.36 div=-113.06
20:42:28.620 CLOCK integ raw=406.30 prev=519.36 new=519.46 d=+0.102 fr=481.15 dt=0.102 rate=1.00 paused=False backlog=0.00 edge=519.46 div=-113.06
20:42:28.722 CLOCK integ raw=406.30 prev=519.46 new=519.56 d=+0.103 fr=481.15 dt=0.103 rate=1.00 paused=False backlog=0.00 edge=519.56 div=-113.06
20:42:28.725 TICK fr=481.15 cc=519.56 raw=406.30 vid=519.64 playing=1 started=1 stall=0 | d_fr_cc=-38.41 d_fr_raw=+74.85 d_cc_raw=+113.27 | off=2.57 ccx_end=509.01 since_show=10.7 since_cue=9.0 | pcr=515.297 pid=100 head_rel=515.30 ccx_lag=6.29 | credit=481.1 capped=0.0 | fsize=233808268 feed=233808268 feed_behind=0 | backlog=0.00 edge=519.56 div=-113.06 lag_ewma=8.74
20:42:28.827 CLOCK fold raw=406.55 prev=519.56 new=519.62 d=+0.052 fr=481.15 dt=0.104 rate=1.00 paused=False backlog=0.00 edge=519.62 div=-113.06
20:42:28.928 CLOCK integ raw=406.55 prev=519.62 new=519.72 d=+0.102 fr=481.15 dt=0.102 rate=1.00 paused=False backlog=0.00 edge=519.72 div=-113.06
20:42:29.033 CLOCK fold raw=406.81 prev=519.72 new=519.87 d=+0.153 fr=481.15 dt=0.105 rate=1.00 paused=False backlog=0.00 edge=519.87 div=-113.06
20:42:29.136 CLOCK integ raw=406.81 prev=519.87 new=519.97 d=+0.102 fr=481.15 dt=0.102 rate=1.00 paused=False backlog=0.00 edge=519.97 div=-113.06
20:42:29.139 EDGESNAP err=-4.68 edge->515.30
20:42:29.242 CLOCK integ raw=406.81 prev=519.97 new=520.08 d=+0.106 fr=481.15 dt=0.106 rate=1.00 paused=False backlog=-4.68 edge=515.40 div=-113.06
20:42:29.344 CLOCK fold raw=407.06 prev=520.08 new=520.13 d=+0.047 fr=481.15 dt=0.102 rate=1.00 paused=False backlog=-4.68 edge=515.45 div=-113.06
20:42:29.446 CLOCK integ raw=407.06 prev=520.13 new=520.23 d=+0.103 fr=490.52 dt=0.103 rate=1.00 paused=False backlog=0.00 edge=520.23 div=-113.06
20:42:29.649 CLOCK fold raw=407.32 prev=520.23 new=520.38 d=+0.153 fr=490.52 dt=0.203 rate=1.00 paused=False backlog=0.05 edge=520.43 div=-113.06
20:42:29.755 CLOCK integ raw=407.32 prev=520.38 new=520.49 d=+0.105 fr=490.52 dt=0.105 rate=1.00 paused=False backlog=0.05 edge=520.54 div=-113.06
20:42:29.799 CUE cx=[509.01..516.62] adv=7.61 el=10.04 fresh | off=2.57 fr=490.52 cc=520.49 raw=407.58 lead=-1.30 | pcr=520.777 head_rel=520.78 lag_ewma=8.74 | q=kind of unbelievable, / miraculous Super Bowl Hail Mary. / T
20:42:29.904 ANCHOR pend_end=516.62 L=7.14 pinL=4.16 target=-0.12 off=2.57
20:42:29.904 CLOCK fold raw=407.58 prev=520.49 new=520.64 d=+0.153 fr=490.98 dt=0.149 rate=1.00 paused=False backlog=0.17 edge=520.81 div=-113.06
20:42:30.006 CLOCK integ raw=407.58 prev=520.64 new=520.74 d=+0.103 fr=490.98 dt=0.103 rate=1.00 paused=False backlog=0.17 edge=520.91 div=-113.06
20:42:30.109 CLOCK fold raw=407.83 prev=520.74 new=520.89 d=+0.152 fr=490.98 dt=0.102 rate=1.00 paused=False backlog=0.12 edge=521.01 div=-113.06
20:42:30.212 CLOCK integ raw=407.83 prev=520.89 new=521.00 d=+0.103 fr=490.98 dt=0.103 rate=1.00 paused=False backlog=0.12 edge=521.11 div=-113.06
20:42:30.314 CLOCK fold raw=408.09 prev=521.00 new=521.15 d=+0.153 fr=491.29 dt=0.102 rate=1.00 paused=False backlog=0.07 edge=521.22 div=-113.06
20:42:30.416 CLOCK integ raw=408.09 prev=521.15 new=521.25 d=+0.101 fr=491.29 dt=0.101 rate=1.00 paused=False backlog=0.07 edge=521.32 div=-113.06
20:42:30.618 CLOCK fold raw=408.34 prev=521.25 new=521.41 d=+0.154 fr=491.29 dt=0.202 rate=1.00 paused=False backlog=0.11 edge=521.52 div=-113.06
20:42:30.723 CLOCK integ raw=408.34 prev=521.41 new=521.51 d=+0.103 fr=491.80 dt=0.103 rate=1.00 paused=False backlog=0.11 edge=521.62 div=-113.06
20:42:30.766 EDGESNAP err=+4.64 edge->526.26
20:42:30.766 CUE cx=[516.62..525.59] adv=8.98 el=0.97 catchup(adv=9.0>7.9) | off=1.23 fr=491.80 cc=521.51 raw=408.34 lead=+5.31 | pcr=526.265 head_rel=526.26 lag_ewma=11.78 | q=miraculous Super Bowl Hail Mary. / That's not funny, Eli. To
20:42:30.868 CLOCK fold raw=408.61 prev=521.51 new=521.67 d=+0.159 fr=491.80 dt=0.147 rate=1.00 paused=False backlog=4.74 edge=526.41 div=-113.06
20:42:30.868 PAINT after 12.9 s blank (t=521.67)
20:42:30.971 CLOCK integ raw=408.61 prev=521.67 new=521.77 d=+0.102 fr=491.80 dt=0.102 rate=1.00 paused=False backlog=4.74 edge=526.51 div=-113.06
20:42:31.072 CLOCK fold raw=408.86 prev=521.77 new=521.92 d=+0.148 fr=491.80 dt=0.102 rate=1.00 paused=False backlog=4.70 edge=526.61 div=-113.06
20:42:31.174 CLOCK integ raw=408.86 prev=521.92 new=522.02 d=+0.102 fr=491.80 dt=0.102 rate=1.00 paused=False backlog=4.70 edge=526.72 div=-113.06
20:42:31.279 CLOCK integ raw=408.86 prev=522.02 new=522.12 d=+0.105 fr=491.80 dt=0.105 rate=1.00 paused=False backlog=4.47 edge=526.60 div=-113.06
20:42:31.383 CLOCK fold raw=409.11 prev=522.12 new=522.17 d=+0.050 fr=491.80 dt=0.103 rate=1.00 paused=False backlog=4.52 edge=526.70 div=-113.06
20:42:31.484 CLOCK integ raw=409.11 prev=522.17 new=522.28 d=+0.102 fr=491.80 dt=0.102 rate=1.00 paused=False backlog=4.52 edge=526.80 div=-113.06
20:42:31.586 CLOCK fold raw=409.38 prev=522.28 new=522.44 d=+0.160 fr=491.80 dt=0.102 rate=1.00 paused=False backlog=4.47 edge=526.90 div=-113.06
20:42:31.689 CLOCK integ raw=409.38 prev=522.44 new=522.54 d=+0.103 fr=491.80 dt=0.103 rate=1.00 paused=False backlog=4.47 edge=527.00 div=-113.06
20:42:31.792 CLOCK integ raw=409.38 prev=522.54 new=522.64 d=+0.103 fr=491.80 dt=0.103 rate=1.00 paused=False backlog=4.47 edge=527.11 div=-113.06
20:42:31.896 CLOCK fold raw=409.63 prev=522.64 new=522.69 d=+0.049 fr=491.80 dt=0.105 rate=1.00 paused=False backlog=4.52 edge=527.21 div=-113.06
20:42:31.997 CLOCK integ raw=409.63 prev=522.69 new=522.79 d=+0.101 fr=491.80 dt=0.101 rate=1.00 paused=False backlog=4.52 edge=527.31 div=-113.06
20:42:32.101 CLOCK fold raw=409.88 prev=522.79 new=522.94 d=+0.150 fr=491.80 dt=0.104 rate=1.00 paused=False backlog=4.48 edge=527.42 div=-113.06
20:42:32.203 CLOCK integ raw=409.88 prev=522.94 new=523.04 d=+0.102 fr=491.80 dt=0.102 rate=1.00 paused=False backlog=4.48 edge=527.52 div=-113.06
20:42:32.306 CLOCK integ raw=409.88 prev=523.04 new=523.14 d=+0.102 fr=491.80 dt=0.102 rate=1.00 paused=False backlog=4.48 edge=527.62 div=-113.06
20:42:32.411 CLOCK fold raw=410.14 prev=523.14 new=523.20 d=+0.053 fr=491.80 dt=0.104 rate=1.00 paused=False backlog=4.53 edge=527.72 div=-113.06
20:42:32.513 CLOCK integ raw=410.14 prev=523.20 new=523.30 d=+0.104 fr=491.80 dt=0.104 rate=1.00 paused=False backlog=4.53 edge=527.83 div=-113.06
20:42:32.716 CLOCK fold raw=410.39 prev=523.30 new=523.45 d=+0.152 fr=491.80 dt=0.203 rate=1.00 paused=False backlog=4.58 edge=528.03 div=-113.06
20:42:32.821 CLOCK integ raw=410.39 prev=523.45 new=523.56 d=+0.106 fr=491.80 dt=0.106 rate=1.00 paused=False backlog=4.58 edge=528.14 div=-113.06
20:42:32.925 CLOCK fold raw=410.65 prev=523.56 new=523.71 d=+0.150 fr=491.80 dt=0.103 rate=1.00 paused=False backlog=4.53 edge=528.24 div=-113.06
20:42:33.027 CLOCK integ raw=410.65 prev=523.71 new=523.81 d=+0.102 fr=491.80 dt=0.102 rate=1.00 paused=False backlog=4.53 edge=528.34 div=-113.06
20:42:33.129 CLOCK fold raw=410.90 prev=523.81 new=523.97 d=+0.153 fr=491.80 dt=0.103 rate=1.00 paused=False backlog=4.48 edge=528.45 div=-113.06
20:42:33.233 CLOCK integ raw=410.90 prev=523.97 new=524.07 d=+0.103 fr=491.80 dt=0.103 rate=1.00 paused=False backlog=3.39 edge=527.46 div=-113.06
20:42:33.335 CLOCK integ raw=410.90 prev=524.07 new=524.17 d=+0.102 fr=491.80 dt=0.102 rate=1.00 paused=False backlog=3.39 edge=527.56 div=-113.06
20:42:33.437 CLOCK fold raw=411.16 prev=524.17 new=524.22 d=+0.052 fr=491.80 dt=0.102 rate=1.00 paused=False backlog=3.44 edge=527.66 div=-113.06
20:42:33.540 CLOCK integ raw=411.16 prev=524.22 new=524.33 d=+0.103 fr=491.80 dt=0.103 rate=1.00 paused=False backlog=3.44 edge=527.76 div=-113.06
20:42:33.642 CLOCK fold raw=411.42 prev=524.33 new=524.48 d=+0.153 fr=491.80 dt=0.103 rate=1.00 paused=False backlog=3.39 edge=527.87 div=-113.06
20:42:33.750 TICK fr=491.80 cc=524.48 raw=411.42 vid=524.56 playing=1 started=1 stall=0 | d_fr_cc=-32.68 d_fr_raw=+80.38 d_cc_raw=+113.06 | off=1.23 ccx_end=525.59 since_show=0.1 since_cue=3.0 | pcr=526.265 pid=100 head_rel=526.26 ccx_lag=0.67 | credit=491.8 capped=0.0 | fsize=239271736 feed=239271736 feed_behind=0 | backlog=3.39 edge=527.87 div=-113.06 lag_ewma=11.78
20:42:33.752 CLOCK integ raw=411.42 prev=524.48 new=524.59 d=+0.108 fr=491.80 dt=0.108 rate=1.00 paused=False backlog=3.39 edge=527.98 div=-113.06
20:42:33.855 CLOCK integ raw=411.42 prev=524.59 new=524.69 d=+0.104 fr=491.80 dt=0.104 rate=1.00 paused=False backlog=3.39 edge=528.08 div=-113.06
20:42:33.959 CLOCK fold raw=411.67 prev=524.69 new=524.73 d=+0.042 fr=491.80 dt=0.103 rate=1.00 paused=False backlog=3.45 edge=528.18 div=-113.06
20:42:34.062 CLOCK integ raw=411.67 prev=524.73 new=524.84 d=+0.104 fr=491.80 dt=0.104 rate=1.00 paused=False backlog=3.45 edge=528.29 div=-113.06
20:42:34.168 CLOCK fold raw=411.93 prev=524.84 new=524.99 d=+0.153 fr=491.80 dt=0.106 rate=1.00 paused=False backlog=3.40 edge=528.39 div=-113.06
20:42:34.275 CLOCK integ raw=411.93 prev=524.99 new=525.10 d=+0.107 fr=491.80 dt=0.107 rate=1.00 paused=False backlog=3.40 edge=528.50 div=-113.06
20:42:34.379 CLOCK fold raw=412.19 prev=525.10 new=525.25 d=+0.148 fr=491.80 dt=0.103 rate=1.00 paused=False backlog=3.36 edge=528.60 div=-113.06
20:42:34.483 CLOCK integ raw=412.19 prev=525.25 new=525.35 d=+0.105 fr=491.80 dt=0.105 rate=1.00 paused=False backlog=3.36 edge=528.71 div=-113.06
20:42:34.686 CLOCK fold raw=412.44 prev=525.35 new=525.50 d=+0.151 fr=491.80 dt=0.203 rate=1.00 paused=False backlog=3.41 edge=528.91 div=-113.06
20:42:34.789 CLOCK integ raw=412.44 prev=525.50 new=525.61 d=+0.103 fr=495.76 dt=0.103 rate=1.00 paused=False backlog=3.41 edge=529.01 div=-113.06
20:42:34.836 CUE cx=[525.59..527.02] adv=1.43 el=4.07 fresh | off=1.23 fr=495.76 cc=525.61 raw=412.44 lead=+2.65 | pcr=529.917 head_rel=529.92 lag_ewma=11.78 | q=That's not funny, Eli. To Super / Bowl 61 and beyond. Welcom
20:42:34.939 ANCHOR pend_end=527.02 L=8.67 pinL=2.89 target=-0.45 off=1.23
20:42:34.939 CLOCK fold raw=412.70 prev=525.61 new=525.76 d=+0.154 fr=495.76 dt=0.150 rate=1.00 paused=False backlog=3.86 edge=529.61 div=-113.06
20:42:35.076 CUE cx=[527.03..528.86] adv=1.84 el=0.25 fresh | off=0.39 fr=495.76 cc=525.76 raw=412.70 lead=+3.49 | pcr=529.917 head_rel=529.92 lag_ewma=8.67 | q=Bowl 61 and beyond. Welcome / back in to State Farm Stadium.
20:42:35.078 ANCHOR pend_end=528.86 L=6.00 pinL=1.06 target=-0.15 off=0.39
20:42:35.078 CLOCK integ raw=412.70 prev=525.76 new=525.90 d=+0.139 fr=495.76 dt=0.139 rate=1.00 paused=False backlog=4.01 edge=529.90 div=-113.06
20:42:35.181 CLOCK fold raw=412.95 prev=525.90 new=526.02 d=+0.117 fr=496.26 dt=0.103 rate=1.00 paused=False backlog=4.00 edge=530.01 div=-113.06
20:42:35.284 CLOCK integ raw=412.95 prev=526.02 new=526.12 d=+0.103 fr=496.26 dt=0.103 rate=1.00 paused=False backlog=4.00 edge=530.12 div=-113.06
20:42:35.385 CLOCK integ raw=412.95 prev=526.12 new=526.22 d=+0.101 fr=496.26 dt=0.101 rate=1.00 paused=False backlog=4.00 edge=530.22 div=-113.06
20:42:35.487 CLOCK fold raw=413.21 prev=526.22 new=526.27 d=+0.051 fr=496.26 dt=0.103 rate=1.00 paused=False backlog=4.05 edge=530.32 div=-113.06
20:42:35.589 CLOCK integ raw=413.21 prev=526.27 new=526.37 d=+0.101 fr=496.26 dt=0.101 rate=1.00 paused=False backlog=4.05 edge=530.42 div=-113.06
20:42:35.691 CLOCK fold raw=413.46 prev=526.37 new=526.53 d=+0.155 fr=496.26 dt=0.103 rate=1.00 paused=False backlog=4.00 edge=530.52 div=-113.06
20:42:35.894 CLOCK integ raw=413.46 prev=526.53 new=526.73 d=+0.203 fr=496.26 dt=0.203 rate=1.00 paused=False backlog=4.00 edge=530.73 div=-113.06
20:42:35.997 CLOCK fold raw=413.72 prev=526.73 new=526.78 d=+0.052 fr=496.26 dt=0.103 rate=1.00 paused=False backlog=4.05 edge=530.83 div=-113.06
20:42:36.100 CLOCK integ raw=413.72 prev=526.78 new=526.88 d=+0.103 fr=496.26 dt=0.103 rate=1.00 paused=False backlog=4.05 edge=530.93 div=-113.06
20:42:36.202 CLOCK fold raw=413.98 prev=526.88 new=527.04 d=+0.154 fr=496.26 dt=0.102 rate=1.00 paused=False backlog=4.00 edge=531.03 div=-113.06
20:42:36.303 CLOCK integ raw=413.98 prev=527.04 new=527.14 d=+0.102 fr=496.26 dt=0.102 rate=1.00 paused=False backlog=4.00 edge=531.14 div=-113.06
20:42:36.405 CLOCK integ raw=413.98 prev=527.14 new=527.24 d=+0.101 fr=496.26 dt=0.101 rate=1.00 paused=False backlog=4.00 edge=531.24 div=-113.06
20:42:36.507 CLOCK fold raw=414.24 prev=527.24 new=527.30 d=+0.060 fr=496.26 dt=0.102 rate=1.00 paused=False backlog=4.04 edge=531.34 div=-113.06
20:42:36.609 CLOCK integ raw=414.24 prev=527.30 new=527.40 d=+0.102 fr=496.26 dt=0.102 rate=1.00 paused=False backlog=4.04 edge=531.44 div=-113.06
20:42:36.712 CLOCK fold raw=414.49 prev=527.40 new=527.55 d=+0.148 fr=496.26 dt=0.102 rate=1.00 paused=False backlog=3.99 edge=531.54 div=-113.06
20:42:36.816 CLOCK integ raw=414.49 prev=527.55 new=527.65 d=+0.103 fr=496.26 dt=0.103 rate=1.00 paused=False backlog=3.99 edge=531.65 div=-113.06
20:42:37.018 CLOCK fold raw=414.75 prev=527.65 new=527.81 d=+0.152 fr=496.26 dt=0.204 rate=1.00 paused=False backlog=4.04 edge=531.85 div=-113.06
20:42:37.121 CLOCK integ raw=414.75 prev=527.81 new=527.91 d=+0.102 fr=496.26 dt=0.102 rate=1.00 paused=False backlog=4.04 edge=531.95 div=-113.06
20:42:37.225 CLOCK fold raw=415.00 prev=527.91 new=528.06 d=+0.154 fr=496.26 dt=0.105 rate=1.00 paused=False backlog=2.98 edge=531.04 div=-113.06
20:42:37.327 CLOCK integ raw=415.00 prev=528.06 new=528.16 d=+0.102 fr=496.26 dt=0.102 rate=1.00 paused=False backlog=2.98 edge=531.14 div=-113.06
20:42:37.429 CLOCK integ raw=415.00 prev=528.16 new=528.27 d=+0.102 fr=496.26 dt=0.102 rate=1.00 paused=False backlog=2.98 edge=531.24 div=-113.06
20:42:37.533 CLOCK fold raw=415.26 prev=528.27 new=528.32 d=+0.052 fr=496.26 dt=0.104 rate=1.00 paused=False backlog=3.03 edge=531.35 div=-113.06
20:42:37.637 CLOCK integ raw=415.26 prev=528.32 new=528.42 d=+0.104 fr=496.26 dt=0.104 rate=1.00 paused=False backlog=3.03 edge=531.45 div=-113.06
20:42:37.739 CLOCK fold raw=415.52 prev=528.42 new=528.58 d=+0.158 fr=496.26 dt=0.102 rate=1.00 paused=False backlog=2.97 edge=531.55 div=-113.06
20:42:37.842 CLOCK integ raw=415.52 prev=528.58 new=528.68 d=+0.103 fr=496.26 dt=0.103 rate=1.00 paused=False backlog=2.97 edge=531.66 div=-113.06
20:42:37.944 CLOCK integ raw=415.52 prev=528.68 new=528.78 d=+0.102 fr=496.26 dt=0.102 rate=1.00 paused=False backlog=2.97 edge=531.76 div=-113.06
20:42:38.047 CLOCK fold raw=415.79 prev=528.78 new=528.85 d=+0.068 fr=496.26 dt=0.103 rate=1.00 paused=False backlog=3.01 edge=531.86 div=-113.06
20:42:38.153 CLOCK integ raw=415.79 prev=528.85 new=528.96 d=+0.105 fr=496.26 dt=0.105 rate=1.00 paused=False backlog=3.01 edge=531.97 div=-113.06
20:42:38.259 CLOCK fold raw=416.05 prev=528.96 new=529.11 d=+0.152 fr=496.26 dt=0.107 rate=1.00 paused=False backlog=2.96 edge=532.07 div=-113.06
20:42:38.363 CLOCK integ raw=416.05 prev=529.11 new=529.21 d=+0.104 fr=496.26 dt=0.104 rate=1.00 paused=False backlog=2.96 edge=532.18 div=-113.06
20:42:38.467 CLOCK integ raw=416.05 prev=529.21 new=529.32 d=+0.104 fr=496.26 dt=0.104 rate=1.00 paused=False backlog=2.96 edge=532.28 div=-113.06
20:42:38.569 CLOCK fold raw=416.30 prev=529.32 new=529.36 d=+0.045 fr=496.26 dt=0.102 rate=1.00 paused=False backlog=3.02 edge=532.38 div=-113.06
20:42:38.673 CLOCK integ raw=416.30 prev=529.36 new=529.47 d=+0.104 fr=496.26 dt=0.104 rate=1.00 paused=False backlog=3.02 edge=532.49 div=-113.06
20:42:38.778 TICK fr=496.26 cc=529.47 raw=416.56 vid=529.39 playing=1 started=1 stall=0 | d_fr_cc=-33.21 d_fr_raw=+79.70 d_cc_raw=+112.91 | off=0.12 ccx_end=528.86 since_show=0.1 since_cue=3.7 | pcr=529.917 pid=100 head_rel=529.92 ccx_lag=1.06 | credit=496.3 capped=0.0 | fsize=240816532 feed=240816532 feed_behind=0 | backlog=3.02 edge=532.49 div=-113.06 lag_ewma=6.00
20:42:38.780 CLOCK fold raw=416.56 prev=529.47 new=529.62 d=+0.152 fr=496.26 dt=0.108 rate=1.00 paused=False backlog=2.97 edge=532.59 div=-113.06
20:42:38.984 CLOCK integ raw=416.56 prev=529.62 new=529.82 d=+0.204 fr=496.26 dt=0.204 rate=1.00 paused=False backlog=2.97 edge=532.80 div=-113.06
20:42:39.086 CLOCK fold raw=416.81 prev=529.82 new=529.88 d=+0.052 fr=496.26 dt=0.102 rate=1.00 paused=False backlog=3.02 edge=532.90 div=-113.06
20:42:39.188 CLOCK integ raw=416.81 prev=529.88 new=529.98 d=+0.101 fr=496.26 dt=0.101 rate=1.00 paused=False backlog=3.02 edge=533.00 div=-113.06
20:42:39.190 EDGESNAP err=-3.09 edge->529.92
20:42:39.292 CLOCK fold raw=417.07 prev=529.98 new=530.13 d=+0.155 fr=496.26 dt=0.104 rate=1.00 paused=False backlog=0.00 edge=530.13 div=-113.06
20:42:39.394 CLOCK integ raw=417.07 prev=530.13 new=530.23 d=+0.102 fr=496.26 dt=0.102 rate=1.00 paused=False backlog=0.00 edge=530.23 div=-113.06
20:42:39.496 CLOCK integ raw=417.07 prev=530.23 new=530.33 d=+0.102 fr=496.26 dt=0.102 rate=1.00 paused=False backlog=0.00 edge=530.33 div=-113.06
20:42:39.602 CLOCK fold raw=417.33 prev=530.33 new=530.39 d=+0.054 fr=496.26 dt=0.105 rate=1.00 paused=False backlog=0.05 edge=530.44 div=-113.06
20:42:39.704 CLOCK integ raw=417.33 prev=530.39 new=530.49 d=+0.104 fr=500.68 dt=0.104 rate=1.00 paused=False backlog=0.05 edge=530.54 div=-113.06
20:42:39.881 EDGESNAP err=+2.95 edge->533.50
20:42:39.883 CUE cx=[528.86..530.66] adv=1.80 el=4.77 fresh | off=0.12 fr=500.68 cc=530.49 raw=417.58 lead=+0.29 | pcr=533.498 head_rel=533.50 lag_ewma=8.96 | q=back in to State Farm Stadium. / It's time now for your side
20:42:39.886 ANCHOR pend_end=530.66 L=6.82 pinL=2.84 target=0.00 off=0.12
20:42:39.887 CLOCK fold raw=417.58 prev=530.49 new=530.64 d=+0.150 fr=500.68 dt=0.182 rate=1.00 paused=False backlog=3.04 edge=533.68 div=-113.06
20:42:39.996 CLOCK integ raw=417.58 prev=530.64 new=530.75 d=+0.110 fr=501.07 dt=0.110 rate=1.00 paused=False backlog=3.04 edge=533.79 div=-113.06
20:42:40.103 CUE cx=[530.66..532.50] adv=1.83 el=0.29 fresh | off=0.06 fr=501.07 cc=530.75 raw=417.85 lead=+1.80 | pcr=533.709 head_rel=533.71 lag_ewma=6.82 | q=It's time now for your sideline / report presented by Fry's 
20:42:40.105 ANCHOR pend_end=532.50 L=4.85 pinL=1.21 target=0.04 off=0.06
20:42:40.105 CLOCK fold raw=417.85 prev=530.75 new=530.91 d=+0.161 fr=501.07 dt=0.110 rate=1.00 paused=False backlog=2.94 edge=533.86 div=-113.06
20:42:40.208 CLOCK integ raw=417.85 prev=530.91 new=531.02 d=+0.102 fr=501.07 dt=0.102 rate=1.00 paused=False backlog=2.94 edge=533.96 div=-113.06
20:42:40.315 CLOCK fold raw=418.12 prev=531.02 new=531.18 d=+0.161 fr=501.07 dt=0.107 rate=1.00 paused=False backlog=2.89 edge=534.07 div=-113.06
20:42:40.425 CLOCK integ raw=418.12 prev=531.18 new=531.29 d=+0.110 fr=501.07 dt=0.110 rate=1.00 paused=False backlog=2.89 edge=534.18 div=-113.06
20:42:40.529 CLOCK integ raw=418.12 prev=531.29 new=531.39 d=+0.102 fr=501.07 dt=0.102 rate=1.00 paused=False backlog=2.89 edge=534.28 div=-113.06
20:42:40.731 CLOCK fold raw=418.37 prev=531.39 new=531.43 d=+0.044 fr=501.07 dt=0.204 rate=1.00 paused=False backlog=3.05 edge=534.48 div=-113.06
20:42:40.834 CLOCK fold raw=418.63 prev=531.43 new=531.69 d=+0.255 fr=501.07 dt=0.102 rate=1.00 paused=False backlog=2.90 edge=534.59 div=-113.06
20:42:40.935 CLOCK integ raw=418.63 prev=531.69 new=531.79 d=+0.102 fr=501.07 dt=0.102 rate=1.00 paused=False backlog=2.90 edge=534.69 div=-113.06
20:42:41.037 CLOCK integ raw=418.63 prev=531.79 new=531.89 d=+0.101 fr=501.07 dt=0.101 rate=1.00 paused=False backlog=2.90 edge=534.79 div=-113.06
20:42:41.138 CLOCK fold raw=418.89 prev=531.89 new=531.95 d=+0.057 fr=501.07 dt=0.102 rate=1.00 paused=False backlog=2.94 edge=534.89 div=-113.06
20:42:41.241 CLOCK integ raw=418.89 prev=531.95 new=532.05 d=+0.103 fr=501.07 dt=0.103 rate=1.00 paused=False backlog=2.35 edge=534.40 div=-113.06
20:42:41.345 CLOCK fold raw=419.14 prev=532.05 new=532.21 d=+0.153 fr=501.07 dt=0.104 rate=1.00 paused=False backlog=2.30 edge=534.51 div=-113.06
20:42:41.447 CLOCK integ raw=419.14 prev=532.21 new=532.31 d=+0.101 fr=501.07 dt=0.101 rate=1.00 paused=False backlog=2.30 edge=534.61 div=-113.06
20:42:41.548 CLOCK integ raw=419.14 prev=532.31 new=532.41 d=+0.102 fr=501.07 dt=0.102 rate=1.00 paused=False backlog=2.30 edge=534.71 div=-113.06
20:42:41.651 CLOCK fold raw=419.40 prev=532.41 new=532.46 d=+0.048 fr=501.07 dt=0.103 rate=1.00 paused=False backlog=2.36 edge=534.81 div=-113.06
20:42:41.752 CLOCK integ raw=419.40 prev=532.46 new=532.56 d=+0.101 fr=501.07 dt=0.101 rate=1.00 paused=False backlog=2.36 edge=534.91 div=-113.06
20:42:41.855 CLOCK fold raw=419.65 prev=532.56 new=532.71 d=+0.154 fr=501.07 dt=0.102 rate=1.00 paused=False backlog=2.30 edge=535.02 div=-113.06
20:42:41.958 CLOCK integ raw=419.65 prev=532.71 new=532.82 d=+0.103 fr=501.07 dt=0.103 rate=1.00 paused=False backlog=2.30 edge=535.12 div=-113.06
20:42:42.162 CLOCK fold raw=419.91 prev=532.82 new=532.97 d=+0.154 fr=501.07 dt=0.204 rate=1.00 paused=False backlog=2.35 edge=535.32 div=-113.06
20:42:42.263 CLOCK integ raw=419.91 prev=532.97 new=533.07 d=+0.102 fr=501.07 dt=0.102 rate=1.00 paused=False backlog=2.35 edge=535.42 div=-113.06
20:42:42.366 CLOCK fold raw=420.16 prev=533.07 new=533.23 d=+0.154 fr=501.07 dt=0.103 rate=1.00 paused=False backlog=2.30 edge=535.53 div=-113.06
20:42:42.470 CLOCK integ raw=420.16 prev=533.23 new=533.33 d=+0.104 fr=501.07 dt=0.104 rate=1.00 paused=False backlog=2.30 edge=535.63 div=-113.06
20:42:42.576 CLOCK integ raw=420.16 prev=533.33 new=533.43 d=+0.106 fr=501.07 dt=0.106 rate=1.00 paused=False backlog=2.30 edge=535.74 div=-113.06
20:42:42.681 CLOCK fold raw=420.42 prev=533.43 new=533.48 d=+0.046 fr=501.07 dt=0.105 rate=1.00 paused=False backlog=2.36 edge=535.84 div=-113.06
20:42:42.785 CLOCK integ raw=420.42 prev=533.48 new=533.58 d=+0.103 fr=501.07 dt=0.103 rate=1.00 paused=False backlog=2.36 edge=535.95 div=-113.06
20:42:42.889 CLOCK fold raw=420.68 prev=533.58 new=533.74 d=+0.153 fr=501.07 dt=0.104 rate=1.00 paused=False backlog=2.31 edge=536.05 div=-113.06
20:42:42.991 CLOCK integ raw=420.68 prev=533.74 new=533.84 d=+0.102 fr=501.07 dt=0.102 rate=1.00 paused=False backlog=2.31 edge=536.15 div=-113.06
20:42:43.092 CLOCK integ raw=420.68 prev=533.84 new=533.94 d=+0.102 fr=501.07 dt=0.102 rate=1.00 paused=False backlog=2.31 edge=536.25 div=-113.06
20:42:43.196 EDGESNAP err=-2.55 edge->533.71
20:42:43.196 CLOCK fold raw=420.93 prev=533.94 new=533.99 d=+0.051 fr=501.07 dt=0.104 rate=1.00 paused=False backlog=0.00 edge=533.99 div=-113.06
20:42:43.300 CLOCK integ raw=420.93 prev=533.99 new=534.10 d=+0.103 fr=501.07 dt=0.103 rate=1.00 paused=False backlog=0.00 edge=534.10 div=-113.06
20:42:43.402 CLOCK fold raw=421.19 prev=534.10 new=534.25 d=+0.154 fr=501.07 dt=0.102 rate=1.00 paused=False backlog=0.00 edge=534.25 div=-113.06
20:42:43.505 CLOCK integ raw=421.19 prev=534.25 new=534.35 d=+0.103 fr=501.07 dt=0.103 rate=1.00 paused=False backlog=0.00 edge=534.35 div=-113.06
20:42:43.607 CLOCK integ raw=421.19 prev=534.35 new=534.45 d=+0.102 fr=501.07 dt=0.102 rate=1.00 paused=False backlog=0.00 edge=534.45 div=-113.06
20:42:43.711 CLOCK fold raw=421.44 prev=534.45 new=534.51 d=+0.052 fr=501.07 dt=0.103 rate=1.00 paused=False backlog=0.05 edge=534.56 div=-113.06
20:42:43.817 TICK fr=501.07 cc=534.51 raw=421.44 vid=534.73 playing=1 started=1 stall=0 | d_fr_cc=-33.44 d_fr_raw=+79.62 d_cc_raw=+113.06 | off=0.05 ccx_end=532.50 since_show=2.0 since_cue=3.7 | pcr=533.709 pid=100 head_rel=533.71 ccx_lag=1.21 | credit=501.1 capped=0.0 | fsize=242620768 feed=242620768 feed_behind=0 | backlog=0.05 edge=534.56 div=-113.06 lag_ewma=4.85
20:42:43.821 CLOCK integ raw=421.44 prev=534.51 new=534.62 d=+0.111 fr=501.07 dt=0.111 rate=1.00 paused=False backlog=0.05 edge=534.67 div=-113.06
20:42:43.925 CLOCK fold raw=421.70 prev=534.62 new=534.76 d=+0.144 fr=501.07 dt=0.104 rate=1.00 paused=False backlog=0.01 edge=534.77 div=-113.06
20:42:44.028 CLOCK integ raw=421.70 prev=534.76 new=534.86 d=+0.102 fr=501.07 dt=0.102 rate=1.00 paused=False backlog=0.01 edge=534.87 div=-113.06
20:42:44.232 CLOCK fold raw=421.96 prev=534.86 new=535.03 d=+0.162 fr=501.07 dt=0.205 rate=1.00 paused=False backlog=0.05 edge=535.08 div=-113.06
20:42:44.336 CLOCK integ raw=421.96 prev=535.03 new=535.13 d=+0.104 fr=501.07 dt=0.104 rate=1.00 paused=False backlog=0.05 edge=535.18 div=-113.06
20:42:44.437 CLOCK fold raw=422.23 prev=535.13 new=535.29 d=+0.164 fr=501.07 dt=0.102 rate=1.00 paused=False backlog=0.00 edge=535.29 div=-113.06
20:42:44.540 CLOCK integ raw=422.23 prev=535.29 new=535.40 d=+0.103 fr=505.62 dt=0.103 rate=1.00 paused=False backlog=0.00 edge=535.40 div=-113.06
20:42:44.644 CLOCK integ raw=422.23 prev=535.40 new=535.50 d=+0.104 fr=505.62 dt=0.104 rate=1.00 paused=False backlog=0.00 edge=535.50 div=-113.06
20:42:44.748 CLOCK fold raw=422.50 prev=535.50 new=535.56 d=+0.058 fr=505.62 dt=0.104 rate=1.00 paused=False backlog=0.05 edge=535.60 div=-113.06
20:42:44.898 CUE cx=[532.50..534.20] adv=1.70 el=4.75 fresh | off=0.05 fr=505.62 cc=535.56 raw=422.50 lead=-1.31 | pcr=537.503 head_rel=537.50 lag_ewma=4.85 | q=report presented by Fry's Food / Stores. I'm joined now by /
20:42:44.901 ANCHOR pend_end=534.20 L=4.31 pinL=3.30 target=-0.95 off=0.05
20:42:44.903 CLOCK integ raw=422.50 prev=535.56 new=535.71 d=+0.153 fr=505.62 dt=0.153 rate=1.00 paused=False backlog=0.99 edge=536.71 div=-113.06
20:42:45.009 CUE cx=[534.20..535.37] adv=1.17 el=0.16 fresh | off=-0.45 fr=505.98 cc=535.71 raw=422.77 lead=-0.79 | pcr=537.503 head_rel=537.50 lag_ewma=4.31 | q=Stores. I'm joined now by / quarterback Jacoby Brissett. / J
20:42:45.010 CUE cx=[535.37..536.40] adv=1.03 el=0.00 fresh | off=-0.45 fr=505.98 cc=535.71 raw=422.77 lead=+0.24 | pcr=537.503 head_rel=537.50 lag_ewma=4.31 | q=quarterback Jacoby Brissett. / Jacoby, you've been back / pr
20:42:45.012 ANCHOR pend_end=536.40 L=3.19 pinL=1.10 target=-0.20 off=-0.45
20:42:45.012 CLOCK fold raw=422.77 prev=535.71 new=535.83 d=+0.117 fr=505.98 dt=0.110 rate=1.00 paused=False backlog=1.59 edge=537.41 div=-113.06
20:42:45.013 PAINT after 3.2 s blank (t=535.83)
20:42:45.222 CLOCK fold raw=423.03 prev=535.83 new=536.09 d=+0.263 fr=505.98 dt=0.210 rate=1.00 paused=False backlog=1.58 edge=537.67 div=-113.06
20:42:45.324 CLOCK integ raw=423.03 prev=536.09 new=536.19 d=+0.102 fr=505.98 dt=0.102 rate=1.00 paused=False backlog=1.58 edge=537.77 div=-113.06
20:42:45.430 PHASE SCRUBBACK seek -120 s
20:42:45.431 XPORT chase_seek target=416.19 raw_pre=423.03 fr=505.98 cc=536.19 vid=536.35 rate=1.00 safe=416.19 vlc=303.13 resume=False
20:42:45.432 SEED target=416.19 jump=False backlog=121.58 edge=537.77
20:42:45.439 CLOCK base raw=303.13 prev=416.19 new=416.20 d=+0.007 fr=505.98 dt=0.007 rate=1.00 paused=False backlog=121.58 edge=537.78 div=-113.06
20:42:45.475 CLOCK integ raw=303.13 prev=416.20 new=416.24 d=+0.035 fr=505.98 dt=0.035 rate=1.00 paused=False backlog=121.58 edge=537.81 div=-113.06
20:42:45.603 CLOCK integ raw=303.13 prev=416.24 new=416.36 d=+0.127 fr=505.98 dt=0.127 rate=1.00 paused=False backlog=121.58 edge=537.94 div=-113.06
20:42:45.697 CLOCK trickle raw=303.13 prev=416.36 new=416.36 d=+0.000 fr=505.98 dt=0.095 rate=1.00 paused=False backlog=121.58 edge=537.94 div=-113.06
20:42:45.793 CLOCK trickle raw=303.13 prev=416.36 new=416.36 d=+0.000 fr=505.98 dt=0.095 rate=1.00 paused=False backlog=121.58 edge=537.94 div=-113.06
20:42:45.922 CLOCK trickle raw=303.13 prev=416.36 new=416.36 d=+0.000 fr=505.98 dt=0.129 rate=1.00 paused=False backlog=121.58 edge=537.94 div=-113.06
20:42:46.022 CLOCK trickle raw=303.13 prev=416.36 new=416.36 d=+0.000 fr=505.98 dt=0.100 rate=1.00 paused=False backlog=121.58 edge=537.94 div=-113.06
20:42:46.118 CLOCK trickle raw=303.13 prev=416.36 new=416.36 d=+0.000 fr=505.98 dt=0.096 rate=1.00 paused=False backlog=121.58 edge=537.94 div=-113.06
20:42:46.243 CLOCK trickle raw=303.13 prev=416.36 new=416.36 d=+0.000 fr=505.98 dt=0.125 rate=1.00 paused=False backlog=121.58 edge=537.94 div=-113.06
20:42:46.337 CLOCK trickle raw=303.13 prev=416.36 new=416.36 d=+0.000 fr=505.98 dt=0.094 rate=1.00 paused=False backlog=121.58 edge=537.94 div=-113.06
20:42:46.460 XPORT1s chase_seek raw=303.13 fr=505.98 cc=416.36 vid=416.56
20:42:46.461 CLOCK trickle raw=303.13 prev=416.36 new=416.36 d=+0.000 fr=505.98 dt=0.125 rate=1.00 paused=False backlog=121.58 edge=537.94 div=-113.06
20:42:46.571 CLOCK trickle raw=303.13 prev=416.36 new=416.36 d=+0.000 fr=505.98 dt=0.110 rate=1.00 paused=False backlog=121.58 edge=537.94 div=-113.06
20:42:46.674 CLOCK trickle raw=303.13 prev=416.36 new=416.36 d=+0.000 fr=505.98 dt=0.102 rate=1.00 paused=False backlog=121.58 edge=537.94 div=-113.06
20:42:46.876 CLOCK trickle raw=303.13 prev=416.36 new=416.36 d=+0.000 fr=505.98 dt=0.203 rate=1.00 paused=False backlog=121.58 edge=537.94 div=-113.06
20:42:46.978 CLOCK trickle raw=303.13 prev=416.36 new=416.36 d=+0.000 fr=505.98 dt=0.102 rate=1.00 paused=False backlog=121.58 edge=537.94 div=-113.06
20:42:47.081 CLOCK trickle raw=303.13 prev=416.36 new=416.36 d=+0.000 fr=505.98 dt=0.103 rate=1.00 paused=False backlog=121.58 edge=537.94 div=-113.06
20:42:47.182 CLOCK trickle raw=303.13 prev=416.36 new=416.36 d=+0.000 fr=505.98 dt=0.101 rate=1.00 paused=False backlog=121.58 edge=537.94 div=-113.06
20:42:47.286 CLOCK trickle raw=303.13 prev=416.36 new=416.36 d=+0.000 fr=505.98 dt=0.104 rate=1.00 paused=False backlog=121.36 edge=537.72 div=-113.06
20:42:47.388 CLOCK trickle raw=303.13 prev=416.36 new=416.36 d=+0.000 fr=505.98 dt=0.102 rate=1.00 paused=False backlog=121.36 edge=537.72 div=-113.06
20:42:47.489 CLOCK trickle raw=303.13 prev=416.36 new=416.36 d=+0.000 fr=505.98 dt=0.101 rate=1.00 paused=False backlog=121.36 edge=537.72 div=-113.06
20:42:47.591 CLOCK trickle raw=303.13 prev=416.36 new=416.36 d=+0.000 fr=505.98 dt=0.102 rate=1.00 paused=False backlog=121.36 edge=537.72 div=-113.06
20:42:47.693 CLOCK trickle raw=303.13 prev=416.36 new=416.36 d=+0.000 fr=505.98 dt=0.101 rate=1.00 paused=False backlog=121.36 edge=537.72 div=-113.06
20:42:47.795 CLOCK trickle raw=303.13 prev=416.36 new=416.36 d=+0.000 fr=505.98 dt=0.103 rate=1.00 paused=False backlog=121.36 edge=537.72 div=-113.06
20:42:47.897 CLOCK trickle raw=303.13 prev=416.36 new=416.36 d=+0.000 fr=505.98 dt=0.102 rate=1.00 paused=False backlog=121.36 edge=537.72 div=-113.06
20:42:48.000 CLOCK trickle raw=303.13 prev=416.36 new=416.36 d=+0.000 fr=505.98 dt=0.103 rate=1.00 paused=False backlog=121.36 edge=537.72 div=-113.06
20:42:48.102 CLOCK trickle raw=303.13 prev=416.36 new=416.36 d=+0.000 fr=505.98 dt=0.101 rate=1.00 paused=False backlog=121.36 edge=537.72 div=-113.06
20:42:48.204 CLOCK trickle raw=303.13 prev=416.36 new=416.36 d=+0.000 fr=505.98 dt=0.102 rate=1.00 paused=False backlog=121.36 edge=537.72 div=-113.06
20:42:48.306 CLOCK fold raw=303.12 prev=416.36 new=416.19 d=-0.173 fr=505.98 dt=0.102 rate=1.00 paused=False backlog=121.53 edge=537.72 div=-113.06
20:42:48.508 CLOCK trickle raw=303.12 prev=416.19 new=416.19 d=+0.000 fr=505.98 dt=0.202 rate=1.00 paused=False backlog=121.53 edge=537.72 div=-113.06
20:42:48.610 CLOCK fold raw=303.39 prev=416.19 new=416.45 d=+0.264 fr=505.98 dt=0.103 rate=1.00 paused=False backlog=121.27 edge=537.72 div=-113.06
20:42:48.712 CLOCK trickle raw=303.39 prev=416.45 new=416.45 d=+0.000 fr=505.98 dt=0.101 rate=1.00 paused=False backlog=121.27 edge=537.72 div=-113.06
20:42:48.714 TICK fr=505.98 cc=416.45 raw=303.39 vid=416.56 playing=1 started=1 stall=0 | d_fr_cc=+89.53 d_fr_raw=+202.59 d_cc_raw=+113.07 | off=-0.32 ccx_end=536.40 since_show=0.2 since_cue=3.7 | pcr=537.503 pid=100 head_rel=537.50 ccx_lag=1.10 | credit=506.0 capped=0.0 | fsize=244272724 feed=244272724 feed_behind=0 | backlog=121.27 edge=537.72 div=-113.06 lag_ewma=3.19
20:42:48.815 CLOCK fold raw=303.64 prev=416.45 new=416.71 d=+0.257 fr=505.98 dt=0.104 rate=1.00 paused=False backlog=121.01 edge=537.72 div=-113.07
20:42:48.918 CLOCK trickle raw=303.64 prev=416.71 new=416.71 d=+0.000 fr=505.98 dt=0.102 rate=1.00 paused=False backlog=121.01 edge=537.72 div=-113.07
20:42:49.020 CLOCK trickle raw=303.64 prev=416.71 new=416.71 d=+0.000 fr=505.98 dt=0.102 rate=1.00 paused=False backlog=121.03 edge=537.74 div=-113.07
20:42:49.121 CLOCK fold raw=303.90 prev=416.71 new=416.97 d=+0.255 fr=505.98 dt=0.102 rate=1.00 paused=False backlog=120.79 edge=537.76 div=-113.07
20:42:49.225 CLOCK trickle raw=303.90 prev=416.97 new=416.97 d=+0.000 fr=505.98 dt=0.104 rate=1.00 paused=False backlog=120.68 edge=537.65 div=-113.07
20:42:49.328 CLOCK fold raw=304.15 prev=416.97 new=417.22 d=+0.255 fr=505.98 dt=0.103 rate=1.00 paused=False backlog=120.44 edge=537.66 div=-113.07
20:42:49.431 CLOCK integ raw=304.15 prev=417.22 new=417.32 d=+0.103 fr=505.98 dt=0.103 rate=1.00 paused=False backlog=120.44 edge=537.76 div=-113.07
20:42:49.566 CUE cx=[536.40..537.40] adv=1.00 el=4.52 fresh | off=-0.32 fr=505.98 cc=417.32 raw=304.15 lead=+119.75 | pcr=539.330 head_rel=539.33 lag_ewma=3.19 | q=Jacoby, you've been back / practicing with the team for / ab
20:42:49.566 ANCHOR pend_end=537.40 L=2.75 pinL=1.93 target=-0.78 off=-0.32
20:42:49.567 CLOCK integ raw=304.15 prev=417.32 new=417.46 d=+0.135 fr=505.98 dt=0.135 rate=1.00 paused=False backlog=121.22 edge=538.68 div=-113.07
20:42:49.670 CLOCK fold raw=304.41 prev=417.46 new=417.48 d=+0.018 fr=505.98 dt=0.103 rate=1.00 paused=False backlog=121.31 edge=538.79 div=-113.07
20:42:49.773 CLOCK integ raw=304.41 prev=417.48 new=417.58 d=+0.104 fr=510.85 dt=0.104 rate=1.00 paused=False backlog=121.31 edge=538.89 div=-113.07
20:42:49.775 CUE cx=[537.40..538.37] adv=0.97 el=0.24 fresh | off=-0.55 fr=510.85 cc=417.58 raw=304.41 lead=+120.24 | pcr=539.330 head_rel=539.33 lag_ewma=2.75 | q=practicing with the team for / about a month now. After / ge
20:42:49.877 ANCHOR pend_end=538.37 L=2.12 pinL=0.96 target=-0.22 off=-0.55
20:42:49.879 CLOCK fold raw=304.67 prev=417.58 new=417.73 d=+0.153 fr=510.85 dt=0.106 rate=1.00 paused=False backlog=121.48 edge=539.21 div=-113.07
20:42:49.981 CLOCK integ raw=304.67 prev=417.73 new=417.84 d=+0.102 fr=510.85 dt=0.102 rate=1.00 paused=False backlog=121.48 edge=539.32 div=-113.07
20:42:50.146 EDGESNAP err=+4.79 edge->544.11
20:42:50.146 CUE cx=[538.37..540.40] adv=2.03 el=0.31 fresh | off=-0.39 fr=510.85 cc=417.84 raw=304.92 lead=+122.18 | pcr=544.107 head_rel=544.11 lag_ewma=6.91 | q=about a month now. After / getting your new contract. You / 
20:42:50.150 ANCHOR pend_end=540.40 L=5.79 pinL=3.70 target=0.00 off=-0.39
20:42:50.150 CLOCK fold raw=304.92 prev=417.84 new=417.99 d=+0.154 fr=510.85 dt=0.169 rate=1.00 paused=False backlog=126.29 edge=544.28 div=-113.07
20:42:50.254 CLOCK integ raw=304.92 prev=417.99 new=418.09 d=+0.104 fr=511.23 dt=0.104 rate=1.00 paused=False backlog=126.29 edge=544.38 div=-113.07
20:42:50.392 CUE cx=[540.41..541.47] adv=1.07 el=0.27 fresh | off=-0.19 fr=511.23 cc=418.09 raw=305.18 lead=+123.19 | pcr=544.529 head_rel=544.53 lag_ewma=5.79 | q=getting your new contract. You / got some preseason looks la
20:42:50.393 CUE cx=[541.48..542.84] adv=1.37 el=0.04 fresh | off=-0.19 fr=511.23 cc=418.09 raw=305.18 lead=+124.55 | pcr=544.529 head_rel=544.53 lag_ewma=5.79 | q=got some preseason looks last / week. What are you still / w
20:42:50.393 ANCHOR pend_end=542.84 L=4.35 pinL=1.69 target=-0.04 off=-0.19
20:42:50.394 CLOCK fold raw=305.18 prev=418.09 new=418.25 d=+0.151 fr=511.23 dt=0.140 rate=1.00 paused=False backlog=126.39 edge=544.63 div=-113.07
20:42:50.496 CLOCK integ raw=305.18 prev=418.25 new=418.35 d=+0.101 fr=511.23 dt=0.101 rate=1.00 paused=False backlog=126.39 edge=544.73 div=-113.07
20:42:50.701 CLOCK fold raw=305.43 prev=418.35 new=418.50 d=+0.156 fr=511.68 dt=0.206 rate=1.00 paused=False backlog=126.44 edge=544.94 div=-113.07
20:42:50.804 CLOCK integ raw=305.43 prev=418.50 new=418.60 d=+0.103 fr=511.68 dt=0.103 rate=1.00 paused=False backlog=126.44 edge=545.04 div=-113.07
20:42:50.909 CLOCK fold raw=305.69 prev=418.60 new=418.76 d=+0.153 fr=511.68 dt=0.105 rate=1.00 paused=False backlog=126.39 edge=545.14 div=-113.07
20:42:51.014 CLOCK integ raw=305.69 prev=418.76 new=418.86 d=+0.105 fr=511.68 dt=0.105 rate=1.00 paused=False backlog=126.39 edge=545.25 div=-113.07
20:42:51.115 CLOCK fold raw=305.94 prev=418.86 new=419.01 d=+0.150 fr=511.68 dt=0.102 rate=1.00 paused=False backlog=126.34 edge=545.35 div=-113.07
20:42:51.220 CLOCK integ raw=305.94 prev=419.01 new=419.12 d=+0.105 fr=511.68 dt=0.105 rate=1.00 paused=False backlog=125.93 edge=545.04 div=-113.07
20:42:51.322 CLOCK integ raw=305.94 prev=419.12 new=419.22 d=+0.102 fr=511.68 dt=0.102 rate=1.00 paused=False backlog=125.93 edge=545.15 div=-113.07
20:42:51.424 CLOCK fold raw=306.21 prev=419.22 new=419.28 d=+0.059 fr=511.68 dt=0.102 rate=1.00 paused=False backlog=125.97 edge=545.25 div=-113.07
20:42:51.526 CLOCK integ raw=306.21 prev=419.28 new=419.38 d=+0.102 fr=511.68 dt=0.102 rate=1.00 paused=False backlog=125.97 edge=545.35 div=-113.07
20:42:51.627 CLOCK integ raw=306.21 prev=419.38 new=419.48 d=+0.102 fr=511.68 dt=0.102 rate=1.00 paused=False backlog=125.97 edge=545.45 div=-113.07
20:42:51.729 CLOCK fold raw=306.48 prev=419.48 new=419.55 d=+0.065 fr=511.68 dt=0.101 rate=1.00 paused=False backlog=126.01 edge=545.55 div=-113.07
20:42:51.830 CLOCK integ raw=306.48 prev=419.55 new=419.65 d=+0.101 fr=511.68 dt=0.101 rate=1.00 paused=False backlog=126.01 edge=545.65 div=-113.07
20:42:51.932 CLOCK fold raw=306.74 prev=419.65 new=419.80 d=+0.156 fr=511.68 dt=0.101 rate=1.00 paused=False backlog=125.95 edge=545.76 div=-113.07
20:42:52.035 CLOCK integ raw=306.74 prev=419.80 new=419.91 d=+0.102 fr=511.68 dt=0.102 rate=1.00 paused=False backlog=125.95 edge=545.86 div=-113.07
20:42:52.136 CLOCK integ raw=306.74 prev=419.91 new=420.01 d=+0.102 fr=511.68 dt=0.102 rate=1.00 paused=False backlog=125.95 edge=545.96 div=-113.07
20:42:52.339 CLOCK fold raw=306.99 prev=420.01 new=420.06 d=+0.052 fr=511.68 dt=0.203 rate=1.00 paused=False backlog=126.10 edge=546.16 div=-113.07
20:42:52.441 CLOCK fold raw=307.25 prev=420.06 new=420.32 d=+0.256 fr=511.68 dt=0.102 rate=1.00 paused=False backlog=125.95 edge=546.27 div=-113.07
20:42:52.543 CLOCK integ raw=307.25 prev=420.32 new=420.42 d=+0.102 fr=511.68 dt=0.102 rate=1.00 paused=False backlog=125.95 edge=546.37 div=-113.07
20:42:52.644 CLOCK integ raw=307.25 prev=420.42 new=420.52 d=+0.101 fr=511.68 dt=0.101 rate=1.00 paused=False backlog=125.95 edge=546.47 div=-113.07
20:42:52.747 CLOCK fold raw=307.51 prev=420.52 new=420.57 d=+0.056 fr=511.68 dt=0.102 rate=1.00 paused=False backlog=126.00 edge=546.57 div=-113.07
20:42:52.849 CLOCK integ raw=307.51 prev=420.57 new=420.68 d=+0.103 fr=511.68 dt=0.103 rate=1.00 paused=False backlog=126.00 edge=546.67 div=-113.07
20:42:52.951 CLOCK fold raw=307.76 prev=420.68 new=420.83 d=+0.149 fr=511.68 dt=0.102 rate=1.00 paused=False backlog=125.95 edge=546.78 div=-113.07
20:42:53.055 CLOCK integ raw=307.76 prev=420.83 new=420.93 d=+0.104 fr=511.68 dt=0.104 rate=1.00 paused=False backlog=125.95 edge=546.88 div=-113.07
20:42:53.157 CLOCK integ raw=307.76 prev=420.93 new=421.03 d=+0.102 fr=511.68 dt=0.102 rate=1.00 paused=False backlog=125.95 edge=546.98 div=-113.07
20:42:53.260 CLOCK fold raw=308.01 prev=421.03 new=421.08 d=+0.050 fr=511.68 dt=0.103 rate=1.00 paused=False backlog=124.78 edge=545.86 div=-113.07
20:42:53.365 CLOCK integ raw=308.01 prev=421.08 new=421.19 d=+0.105 fr=511.68 dt=0.105 rate=1.00 paused=False backlog=124.78 edge=545.96 div=-113.07
20:42:53.467 CLOCK fold raw=308.28 prev=421.19 new=421.35 d=+0.159 fr=511.68 dt=0.102 rate=1.00 paused=False backlog=124.72 edge=546.06 div=-113.07
20:42:53.569 CLOCK integ raw=308.28 prev=421.35 new=421.45 d=+0.102 fr=511.68 dt=0.102 rate=1.00 paused=False backlog=124.72 edge=546.17 div=-113.07
20:42:53.672 CLOCK integ raw=308.28 prev=421.45 new=421.55 d=+0.102 fr=511.68 dt=0.102 rate=1.00 paused=False backlog=124.72 edge=546.27 div=-113.07
20:42:53.775 TICK fr=511.68 cc=421.55 raw=308.53 vid=420.70 playing=1 started=1 stall=0 | d_fr_cc=+90.13 d_fr_raw=+203.15 d_cc_raw=+113.02 | off=-0.12 ccx_end=542.84 since_show=0.1 since_cue=3.4 | pcr=544.529 pid=100 head_rel=544.53 ccx_lag=1.69 | credit=511.7 capped=0.0 | fsize=247447104 feed=247447104 feed_behind=0 | backlog=124.72 edge=546.27 div=-113.07 lag_ewma=4.35
20:42:53.877 CLOCK fold raw=308.53 prev=421.55 new=421.60 d=+0.047 fr=511.68 dt=0.206 rate=1.00 paused=False backlog=124.88 edge=546.48 div=-113.07
20:42:53.979 CLOCK fold raw=308.78 prev=421.60 new=421.85 d=+0.253 fr=511.68 dt=0.101 rate=1.00 paused=False backlog=124.73 edge=546.58 div=-113.07
20:42:54.081 CLOCK integ raw=308.78 prev=421.85 new=421.95 d=+0.102 fr=511.68 dt=0.102 rate=1.00 paused=False backlog=124.73 edge=546.68 div=-113.07
20:42:54.183 CLOCK integ raw=308.78 prev=421.95 new=422.05 d=+0.102 fr=511.68 dt=0.102 rate=1.00 paused=False backlog=124.73 edge=546.78 div=-113.07
20:42:54.284 CLOCK fold raw=309.04 prev=422.05 new=422.11 d=+0.053 fr=511.68 dt=0.102 rate=1.00 paused=False backlog=124.77 edge=546.88 div=-113.07
20:42:54.386 CLOCK integ raw=309.04 prev=422.11 new=422.21 d=+0.102 fr=511.68 dt=0.102 rate=1.00 paused=False backlog=124.77 edge=546.98 div=-113.07
20:42:54.487 CLOCK fold raw=309.30 prev=422.21 new=422.37 d=+0.161 fr=511.68 dt=0.101 rate=1.00 paused=False backlog=124.71 edge=547.08 div=-113.07
20:42:54.621 CUE cx=[542.84..544.68] adv=1.84 el=4.20 fresh | off=-0.12 fr=511.68 cc=422.37 raw=309.30 lead=+122.19 | pcr=547.483 head_rel=547.48 lag_ewma=4.35 | q=week. What are you still / working on to feel fully caught /
20:42:54.623 ANCHOR pend_end=544.68 L=3.81 pinL=2.81 target=-0.20 off=-0.12
20:42:54.624 CLOCK integ raw=309.30 prev=422.37 new=422.51 d=+0.135 fr=511.68 dt=0.135 rate=1.00 paused=False backlog=124.91 edge=547.42 div=-113.07
20:42:54.727 CLOCK fold raw=309.55 prev=422.51 new=422.62 d=+0.115 fr=515.70 dt=0.104 rate=1.00 paused=False backlog=124.90 edge=547.52 div=-113.07
20:42:54.829 CUE cx=[544.68..546.61] adv=1.93 el=0.24 fresh | off=-0.16 fr=515.70 cc=422.62 raw=309.55 lead=+123.83 | pcr=547.483 head_rel=547.48 lag_ewma=3.81 | q=working on to feel fully caught / up with this offense? I th
20:42:54.830 ANCHOR pend_end=546.61 L=2.78 pinL=0.87 target=0.02 off=-0.16
20:42:54.830 CLOCK integ raw=309.55 prev=422.62 new=422.72 d=+0.103 fr=515.70 dt=0.103 rate=1.00 paused=False backlog=124.88 edge=547.61 div=-113.07
20:42:54.935 CLOCK integ raw=309.55 prev=422.72 new=422.83 d=+0.104 fr=515.70 dt=0.104 rate=1.00 paused=False backlog=124.88 edge=547.71 div=-113.07
20:42:55.038 CLOCK fold raw=309.81 prev=422.83 new=422.88 d=+0.054 fr=515.70 dt=0.104 rate=1.00 paused=False backlog=124.93 edge=547.81 div=-113.07
20:42:55.141 CLOCK integ raw=309.81 prev=422.88 new=422.98 d=+0.103 fr=516.12 dt=0.103 rate=1.00 paused=False backlog=124.93 edge=547.92 div=-113.07
20:42:55.248 CLOCK fold raw=310.06 prev=422.98 new=423.13 d=+0.147 fr=516.12 dt=0.106 rate=1.00 paused=False backlog=124.89 edge=548.02 div=-113.07
20:42:55.354 CLOCK integ raw=310.06 prev=423.13 new=423.24 d=+0.106 fr=516.12 dt=0.106 rate=1.00 paused=False backlog=124.89 edge=548.12 div=-113.07
20:42:55.459 CLOCK integ raw=310.06 prev=423.24 new=423.34 d=+0.105 fr=516.12 dt=0.105 rate=1.00 paused=False backlog=124.89 edge=548.23 div=-113.07
20:42:55.565 CLOCK fold raw=310.32 prev=423.34 new=423.39 d=+0.043 fr=516.12 dt=0.106 rate=1.00 paused=False backlog=124.95 edge=548.33 div=-113.07
20:42:55.669 CLOCK integ raw=310.32 prev=423.39 new=423.49 d=+0.104 fr=516.12 dt=0.104 rate=1.00 paused=False backlog=124.95 edge=548.44 div=-113.07
20:42:55.771 CLOCK fold raw=310.58 prev=423.49 new=423.65 d=+0.160 fr=516.12 dt=0.103 rate=1.00 paused=False backlog=124.89 edge=548.54 div=-113.07
20:42:55.875 CLOCK integ raw=310.58 prev=423.65 new=423.75 d=+0.104 fr=516.12 dt=0.104 rate=1.00 paused=False backlog=124.89 edge=548.65 div=-113.07
20:42:55.977 CLOCK integ raw=310.58 prev=423.75 new=423.86 d=+0.102 fr=516.12 dt=0.102 rate=1.00 paused=False backlog=124.89 edge=548.75 div=-113.07
20:42:56.180 CLOCK fold raw=310.83 prev=423.86 new=423.90 d=+0.045 fr=516.12 dt=0.202 rate=1.00 paused=False backlog=125.05 edge=548.95 div=-113.07
20:42:56.383 CLOCK fold raw=311.09 prev=423.90 new=424.16 d=+0.254 fr=516.12 dt=0.203 rate=1.00 paused=False backlog=125.00 edge=549.15 div=-113.07
20:42:56.485 CLOCK integ raw=311.09 prev=424.16 new=424.26 d=+0.103 fr=516.12 dt=0.103 rate=1.00 paused=False backlog=125.00 edge=549.26 div=-113.07
20:42:56.588 CLOCK fold raw=311.34 prev=424.26 new=424.41 d=+0.153 fr=516.12 dt=0.103 rate=1.00 paused=False backlog=124.95 edge=549.36 div=-113.07
20:42:56.690 CLOCK integ raw=311.34 prev=424.41 new=424.51 d=+0.102 fr=516.12 dt=0.102 rate=1.00 paused=False backlog=124.95 edge=549.46 div=-113.07
20:42:56.793 CLOCK fold raw=311.60 prev=424.51 new=424.67 d=+0.158 fr=516.12 dt=0.103 rate=1.00 paused=False backlog=124.89 edge=549.56 div=-113.07
20:42:56.894 CLOCK integ raw=311.60 prev=424.67 new=424.77 d=+0.101 fr=516.12 dt=0.101 rate=1.00 paused=False backlog=124.89 edge=549.66 div=-113.07
20:42:56.997 CLOCK integ raw=311.60 prev=424.77 new=424.88 d=+0.103 fr=516.12 dt=0.103 rate=1.00 paused=False backlog=124.89 edge=549.77 div=-113.07
20:42:57.098 CLOCK fold raw=311.86 prev=424.88 new=424.92 d=+0.048 fr=516.12 dt=0.101 rate=1.00 paused=False backlog=124.95 edge=549.87 div=-113.07
20:42:57.202 CLOCK integ raw=311.86 prev=424.92 new=425.03 d=+0.104 fr=516.12 dt=0.104 rate=1.00 paused=False backlog=123.96 edge=548.99 div=-113.07
20:42:57.304 CLOCK fold raw=312.11 prev=425.03 new=425.18 d=+0.155 fr=516.12 dt=0.102 rate=1.00 paused=False backlog=123.91 edge=549.09 div=-113.07
20:42:57.405 CLOCK integ raw=312.11 prev=425.18 new=425.28 d=+0.102 fr=516.12 dt=0.102 rate=1.00 paused=False backlog=123.91 edge=549.19 div=-113.07
20:42:57.508 CLOCK integ raw=312.11 prev=425.28 new=425.39 d=+0.103 fr=516.12 dt=0.103 rate=1.00 paused=False backlog=123.91 edge=549.30 div=-113.07
20:42:57.610 CLOCK fold raw=312.37 prev=425.39 new=425.44 d=+0.049 fr=516.12 dt=0.101 rate=1.00 paused=False backlog=123.96 edge=549.40 div=-113.07
20:42:57.812 CLOCK fold raw=312.62 prev=425.44 new=425.69 d=+0.256 fr=516.12 dt=0.203 rate=1.00 paused=False backlog=123.91 edge=549.60 div=-113.07
20:42:57.915 CLOCK integ raw=312.62 prev=425.69 new=425.79 d=+0.103 fr=516.12 dt=0.103 rate=1.00 paused=False backlog=123.91 edge=549.70 div=-113.07
20:42:58.018 CLOCK integ raw=312.62 prev=425.79 new=425.90 d=+0.103 fr=516.12 dt=0.103 rate=1.00 paused=False backlog=123.91 edge=549.81 div=-113.07
20:42:58.120 CLOCK fold raw=312.88 prev=425.90 new=425.95 d=+0.050 fr=516.12 dt=0.102 rate=1.00 paused=False backlog=123.96 edge=549.91 div=-113.07
20:42:58.222 CLOCK integ raw=312.88 prev=425.95 new=426.05 d=+0.102 fr=516.12 dt=0.102 rate=1.00 paused=False backlog=123.96 edge=550.01 div=-113.07
20:42:58.323 CLOCK fold raw=313.13 prev=426.05 new=426.20 d=+0.153 fr=516.12 dt=0.101 rate=1.00 paused=False backlog=123.91 edge=550.11 div=-113.07
20:42:58.424 CLOCK integ raw=313.13 prev=426.20 new=426.30 d=+0.102 fr=516.12 dt=0.102 rate=1.00 paused=False backlog=123.91 edge=550.21 div=-113.07
20:42:58.526 CLOCK integ raw=313.13 prev=426.30 new=426.41 d=+0.101 fr=516.12 dt=0.101 rate=1.00 paused=False backlog=123.91 edge=550.31 div=-113.07
20:42:58.627 CLOCK fold raw=313.39 prev=426.41 new=426.46 d=+0.053 fr=516.12 dt=0.102 rate=1.00 paused=False backlog=123.96 edge=550.42 div=-113.07
20:42:58.732 TICK fr=516.12 cc=426.46 raw=313.39 vid=425.96 playing=1 started=1 stall=0 | d_fr_cc=+89.66 d_fr_raw=+202.73 d_cc_raw=+113.07 | off=-0.07 ccx_end=546.61 since_show=0.1 since_cue=3.9 | pcr=547.906 pid=100 head_rel=547.91 ccx_lag=1.29 | credit=516.1 capped=0.0 | fsize=248768744 feed=248768744 feed_behind=0 | backlog=123.96 edge=550.42 div=-113.07 lag_ewma=2.78
20:42:58.732 CLOCK integ raw=313.39 prev=426.46 new=426.56 d=+0.105 fr=516.12 dt=0.105 rate=1.00 paused=False backlog=123.96 edge=550.52 div=-113.07
20:42:58.834 CLOCK fold raw=313.65 prev=426.56 new=426.72 d=+0.152 fr=516.12 dt=0.102 rate=1.00 paused=False backlog=123.91 edge=550.62 div=-113.07
20:42:59.037 CLOCK integ raw=313.65 prev=426.72 new=426.92 d=+0.203 fr=516.12 dt=0.203 rate=1.00 paused=False backlog=123.91 edge=550.82 div=-113.07
20:42:59.243 EDGESNAP err=-2.92 edge->547.91
20:42:59.243 CLOCK fold raw=313.91 prev=426.92 new=426.98 d=+0.057 fr=516.12 dt=0.206 rate=1.00 paused=False backlog=121.14 edge=548.11 div=-113.07
20:42:59.345 CLOCK fold raw=314.16 prev=426.98 new=427.23 d=+0.252 fr=516.12 dt=0.102 rate=1.00 paused=False backlog=120.99 edge=548.21 div=-113.07
20:42:59.446 CLOCK integ raw=314.16 prev=427.23 new=427.33 d=+0.102 fr=516.12 dt=0.102 rate=1.00 paused=False backlog=120.99 edge=548.31 div=-113.07
20:42:59.548 CLOCK integ raw=314.16 prev=427.33 new=427.43 d=+0.102 fr=520.62 dt=0.102 rate=1.00 paused=False backlog=120.99 edge=548.42 div=-113.07
20:42:59.552 CUE cx=[546.61..547.95] adv=1.34 el=4.72 fresh | off=-0.07 fr=520.62 cc=427.43 raw=314.16 lead=+120.45 | pcr=548.326 head_rel=548.32 lag_ewma=2.78 | q=up with this offense? I think / it's just timing. You know, 
20:42:59.653 ANCHOR pend_end=547.95 L=1.94 pinL=0.38 target=0.05 off=-0.07
20:42:59.655 CLOCK fold raw=314.42 prev=427.43 new=427.49 d=+0.056 fr=520.62 dt=0.106 rate=1.00 paused=False backlog=120.99 edge=548.48 div=-113.07
20:42:59.756 CLOCK integ raw=314.42 prev=427.49 new=427.59 d=+0.101 fr=520.62 dt=0.101 rate=1.00 paused=False backlog=120.99 edge=548.58 div=-113.07
20:42:59.859 CLOCK fold raw=314.67 prev=427.59 new=427.74 d=+0.151 fr=520.62 dt=0.104 rate=1.00 paused=False backlog=120.94 edge=548.68 div=-113.07
20:42:59.962 CLOCK integ raw=314.67 prev=427.74 new=427.84 d=+0.102 fr=520.62 dt=0.102 rate=1.00 paused=False backlog=120.94 edge=548.78 div=-113.07
20:43:00.064 CLOCK integ raw=314.67 prev=427.84 new=427.94 d=+0.102 fr=520.62 dt=0.102 rate=1.00 paused=False backlog=120.94 edge=548.89 div=-113.07
20:43:00.166 CLOCK fold raw=314.93 prev=427.94 new=428.00 d=+0.051 fr=520.62 dt=0.102 rate=1.00 paused=False backlog=120.99 edge=548.99 div=-113.07
20:43:00.267 CLOCK integ raw=314.93 prev=428.00 new=428.10 d=+0.101 fr=520.62 dt=0.101 rate=1.00 paused=False backlog=120.99 edge=549.09 div=-113.07
20:43:00.368 CLOCK fold raw=315.18 prev=428.10 new=428.25 d=+0.155 fr=520.62 dt=0.101 rate=1.00 paused=False backlog=120.94 edge=549.19 div=-113.07
20:43:00.470 CLOCK integ raw=315.18 prev=428.25 new=428.35 d=+0.102 fr=520.62 dt=0.102 rate=1.00 paused=False backlog=120.94 edge=549.29 div=-113.07
20:43:00.574 CLOCK integ raw=315.18 prev=428.35 new=428.46 d=+0.104 fr=520.62 dt=0.104 rate=1.00 paused=False backlog=120.94 edge=549.40 div=-113.07
20:43:00.681 CLOCK fold raw=315.44 prev=428.46 new=428.51 d=+0.052 fr=520.62 dt=0.108 rate=1.00 paused=False backlog=121.00 edge=549.50 div=-113.07
20:43:00.835 CUE cx=[547.95..549.08] adv=1.13 el=1.24 fresh | off=-0.01 fr=521.86 cc=428.51 raw=315.44 lead=+120.56 | pcr=551.912 head_rel=551.91 lag_ewma=1.94 | q=it's just timing. You know, / with the offense obviously / l
20:43:00.839 ANCHOR pend_end=549.08 L=2.25 pinL=2.83 target=-1.20 off=-0.01
20:43:00.840 CLOCK integ raw=315.44 prev=428.51 new=428.67 d=+0.158 fr=521.86 dt=0.158 rate=1.00 paused=False backlog=122.20 edge=550.87 div=-113.07
20:43:00.944 CLOCK fold raw=315.70 prev=428.67 new=428.76 d=+0.098 fr=521.86 dt=0.105 rate=1.00 paused=False backlog=122.21 edge=550.97 div=-113.07
20:43:01.050 CUE cx=[549.08..550.55] adv=1.47 el=0.26 fresh | off=-0.61 fr=521.86 cc=428.76 raw=315.70 lead=+121.18 | pcr=551.912 head_rel=551.91 lag_ewma=2.25 | q=with the offense obviously / learning a new language and the
20:43:01.051 ANCHOR pend_end=550.55 L=1.94 pinL=1.36 target=-0.47 off=-0.61
20:43:01.052 CLOCK integ raw=315.70 prev=428.76 new=428.87 d=+0.109 fr=521.86 dt=0.109 rate=1.00 paused=False backlog=122.68 edge=551.55 div=-113.07
20:43:01.156 CLOCK fold raw=315.95 prev=428.87 new=429.02 d=+0.146 fr=521.86 dt=0.103 rate=1.00 paused=False backlog=122.63 edge=551.65 div=-113.07
20:43:01.259 CLOCK integ raw=315.95 prev=429.02 new=429.12 d=+0.104 fr=521.86 dt=0.104 rate=1.00 paused=False backlog=122.76 edge=551.89 div=-113.07
20:43:01.361 CLOCK integ raw=315.95 prev=429.12 new=429.22 d=+0.102 fr=521.86 dt=0.102 rate=1.00 paused=False backlog=122.76 edge=551.99 div=-113.07
20:43:01.464 CLOCK fold raw=316.21 prev=429.22 new=429.28 d=+0.051 fr=521.86 dt=0.103 rate=1.00 paused=False backlog=122.81 edge=552.09 div=-113.07
20:43:01.566 CLOCK integ raw=316.21 prev=429.28 new=429.38 d=+0.103 fr=521.86 dt=0.103 rate=1.00 paused=False backlog=122.81 edge=552.19 div=-113.07
20:43:01.670 CLOCK fold raw=316.46 prev=429.38 new=429.53 d=+0.152 fr=521.86 dt=0.104 rate=1.00 paused=False backlog=122.77 edge=552.30 div=-113.07
20:43:01.873 CLOCK integ raw=316.46 prev=429.53 new=429.73 d=+0.203 fr=521.86 dt=0.203 rate=1.00 paused=False backlog=122.77 edge=552.50 div=-113.07
20:43:01.975 CLOCK fold raw=316.72 prev=429.73 new=429.79 d=+0.052 fr=521.86 dt=0.102 rate=1.00 paused=False backlog=122.81 edge=552.60 div=-113.07
20:43:02.078 CLOCK integ raw=316.72 prev=429.79 new=429.89 d=+0.103 fr=521.86 dt=0.103 rate=1.00 paused=False backlog=122.81 edge=552.70 div=-113.07
20:43:02.179 CLOCK fold raw=316.98 prev=429.89 new=430.04 d=+0.154 fr=521.86 dt=0.102 rate=1.00 paused=False backlog=122.76 edge=552.81 div=-113.07
20:43:02.282 CLOCK integ raw=316.98 prev=430.04 new=430.15 d=+0.103 fr=521.86 dt=0.103 rate=1.00 paused=False backlog=122.76 edge=552.91 div=-113.07
20:43:02.384 CLOCK integ raw=316.98 prev=430.15 new=430.25 d=+0.102 fr=521.86 dt=0.102 rate=1.00 paused=False backlog=122.76 edge=553.01 div=-113.07
20:43:02.487 CLOCK fold raw=317.23 prev=430.25 new=430.30 d=+0.051 fr=521.86 dt=0.102 rate=1.00 paused=False backlog=122.81 edge=553.11 div=-113.07
20:43:02.590 CLOCK integ raw=317.23 prev=430.30 new=430.40 d=+0.103 fr=521.86 dt=0.103 rate=1.00 paused=False backlog=122.81 edge=553.22 div=-113.07
20:43:02.693 CLOCK fold raw=317.49 prev=430.40 new=430.56 d=+0.157 fr=521.86 dt=0.104 rate=1.00 paused=False backlog=122.76 edge=553.32 div=-113.07
20:43:02.797 CLOCK integ raw=317.49 prev=430.56 new=430.66 d=+0.104 fr=521.86 dt=0.104 rate=1.00 paused=False backlog=122.76 edge=553.42 div=-113.07
20:43:02.899 CLOCK integ raw=317.49 prev=430.66 new=430.76 d=+0.102 fr=521.86 dt=0.102 rate=1.00 paused=False backlog=122.76 edge=553.52 div=-113.07
20:43:03.000 CLOCK fold raw=317.74 prev=430.76 new=430.81 d=+0.046 fr=521.86 dt=0.102 rate=1.00 paused=False backlog=122.82 edge=553.63 div=-113.07
20:43:03.102 CLOCK integ raw=317.74 prev=430.81 new=430.91 d=+0.102 fr=521.86 dt=0.102 rate=1.00 paused=False backlog=122.82 edge=553.73 div=-113.07
20:43:03.205 CLOCK fold raw=318.00 prev=430.91 new=431.07 d=+0.154 fr=521.86 dt=0.102 rate=1.00 paused=False backlog=121.86 edge=552.92 div=-113.07
20:43:03.306 CLOCK integ raw=318.00 prev=431.07 new=431.17 d=+0.102 fr=521.86 dt=0.102 rate=1.00 paused=False backlog=121.86 edge=553.02 div=-113.07
20:43:03.509 CLOCK fold raw=318.26 prev=431.17 new=431.32 d=+0.155 fr=521.86 dt=0.202 rate=1.00 paused=False backlog=121.90 edge=553.23 div=-113.07
20:43:03.610 CLOCK integ raw=318.26 prev=431.32 new=431.43 d=+0.102 fr=521.86 dt=0.102 rate=1.00 paused=False backlog=121.90 edge=553.33 div=-113.07
20:43:03.712 CLOCK fold raw=318.51 prev=431.43 new=431.58 d=+0.156 fr=521.86 dt=0.101 rate=1.00 paused=False backlog=121.85 edge=553.43 div=-113.07
20:43:03.715 TICK fr=521.86 cc=431.58 raw=318.51 vid=430.84 playing=1 started=1 stall=0 | d_fr_cc=+90.28 d_fr_raw=+203.35 d_cc_raw=+113.07 | off=-0.54 ccx_end=550.55 since_show=0.0 since_cue=2.7 | pcr=551.912 pid=100 head_rel=551.91 ccx_lag=1.36 | credit=521.9 capped=0.0 | fsize=250494208 feed=250494208 feed_behind=0 | backlog=121.85 edge=553.43 div=-113.07 lag_ewma=1.94
20:43:03.816 CLOCK integ raw=318.51 prev=431.58 new=431.69 d=+0.104 fr=521.86 dt=0.104 rate=1.00 paused=False backlog=121.85 edge=553.53 div=-113.07
20:43:03.920 CLOCK integ raw=318.51 prev=431.69 new=431.79 d=+0.103 fr=521.86 dt=0.103 rate=1.00 paused=False backlog=121.85 edge=553.64 div=-113.07
20:43:04.021 CLOCK fold raw=318.77 prev=431.79 new=431.84 d=+0.045 fr=521.86 dt=0.102 rate=1.00 paused=False backlog=121.90 edge=553.74 div=-113.07
20:43:04.123 CLOCK integ raw=318.77 prev=431.84 new=431.94 d=+0.102 fr=521.86 dt=0.102 rate=1.00 paused=False backlog=121.90 edge=553.84 div=-113.07
20:43:04.224 CLOCK fold raw=319.02 prev=431.94 new=432.09 d=+0.154 fr=521.86 dt=0.101 rate=1.00 paused=False backlog=121.85 edge=553.94 div=-113.07
20:43:04.325 CLOCK integ raw=319.02 prev=432.09 new=432.19 d=+0.101 fr=521.86 dt=0.101 rate=1.00 paused=False backlog=121.85 edge=554.04 div=-113.07
20:43:04.427 CLOCK integ raw=319.02 prev=432.19 new=432.29 d=+0.102 fr=521.86 dt=0.102 rate=1.00 paused=False backlog=121.85 edge=554.14 div=-113.07
20:43:04.530 CLOCK fold raw=319.29 prev=432.29 new=432.36 d=+0.062 fr=521.86 dt=0.103 rate=1.00 paused=False backlog=121.89 edge=554.25 div=-113.07
20:43:04.634 CLOCK integ raw=319.29 prev=432.36 new=432.46 d=+0.104 fr=521.86 dt=0.104 rate=1.00 paused=False backlog=121.89 edge=554.35 div=-113.07
20:43:04.736 CLOCK fold raw=319.56 prev=432.46 new=432.62 d=+0.163 fr=521.86 dt=0.101 rate=1.00 paused=False backlog=121.83 edge=554.45 div=-113.07
20:43:04.939 CLOCK integ raw=319.56 prev=432.62 new=432.83 d=+0.203 fr=521.86 dt=0.203 rate=1.00 paused=False backlog=121.83 edge=554.66 div=-113.07
20:43:05.041 CLOCK fold raw=319.82 prev=432.83 new=432.89 d=+0.060 fr=521.86 dt=0.102 rate=1.00 paused=False backlog=121.87 edge=554.76 div=-113.07
20:43:05.144 CLOCK integ raw=319.82 prev=432.89 new=432.99 d=+0.102 fr=521.86 dt=0.102 rate=1.00 paused=False backlog=121.87 edge=554.86 div=-113.07
20:43:05.248 EDGESNAP err=-2.95 edge->551.91
20:43:05.250 CLOCK integ raw=319.82 prev=432.99 new=433.09 d=+0.106 fr=521.86 dt=0.106 rate=1.00 paused=False backlog=118.92 edge=552.02 div=-113.07
20:43:05.352 CLOCK fold raw=320.10 prev=433.09 new=433.16 d=+0.069 fr=521.86 dt=0.102 rate=1.00 paused=False backlog=118.96 edge=552.12 div=-113.07
20:43:05.454 CLOCK integ raw=320.10 prev=433.16 new=433.27 d=+0.101 fr=521.86 dt=0.101 rate=1.00 paused=False backlog=118.96 edge=552.22 div=-113.07
20:43:05.556 CLOCK fold raw=320.35 prev=433.27 new=433.41 d=+0.149 fr=521.86 dt=0.103 rate=1.00 paused=False backlog=118.91 edge=552.32 div=-113.07
20:43:05.658 CLOCK integ raw=320.35 prev=433.41 new=433.52 d=+0.102 fr=526.73 dt=0.102 rate=1.00 paused=False backlog=118.91 edge=552.43 div=-113.07
20:43:05.762 CLOCK integ raw=320.35 prev=433.52 new=433.62 d=+0.104 fr=526.73 dt=0.104 rate=1.00 paused=False backlog=118.91 edge=552.53 div=-113.07
20:43:05.910 EDGESNAP err=+3.60 edge->556.13
20:43:05.910 CUE cx=[550.55..551.85] adv=1.30 el=4.82 fresh | off=-0.54 fr=526.73 cc=433.62 raw=320.60 lead=+117.69 | pcr=556.128 head_rel=556.13 lag_ewma=5.54 | q=learning a new language and the / new verbiage with the guys
20:43:05.911 CUE cx=[551.85..553.05] adv=1.20 el=0.04 fresh | off=-0.54 fr=526.73 cc=433.62 raw=320.60 lead=+118.89 | pcr=556.128 head_rel=556.13 lag_ewma=5.54 | q=new verbiage with the guys. But / you know it's a new season
20:43:05.911 CUE cx=[553.05..553.92] adv=0.87 el=0.00 fresh | off=-0.54 fr=526.73 cc=433.62 raw=320.60 lead=+119.76 | pcr=556.128 head_rel=556.13 lag_ewma=5.54 | q=you know it's a new season. So / you just got to get your ti
20:43:05.912 ANCHOR pend_end=553.92 L=4.37 pinL=2.21 target=0.00 off=-0.54
20:43:05.912 CLOCK fold raw=320.60 prev=433.62 new=433.67 d=+0.049 fr=526.73 dt=0.151 rate=1.00 paused=False backlog=122.61 edge=556.28 div=-113.07
20:43:06.015 CLOCK integ raw=320.60 prev=433.67 new=433.77 d=+0.102 fr=526.73 dt=0.102 rate=1.00 paused=False backlog=122.61 edge=556.38 div=-113.07
20:43:06.119 CUE cx=[553.92..555.12] adv=1.20 el=0.21 fresh | off=-0.27 fr=527.09 cc=433.77 raw=320.86 lead=+121.08 | pcr=556.128 head_rel=556.13 lag_ewma=4.37 | q=you just got to get your timing / back with your receivers a
20:43:06.120 ANCHOR pend_end=555.12 L=3.19 pinL=1.01 target=0.13 off=-0.27
20:43:06.120 CLOCK fold raw=320.86 prev=433.77 new=433.93 d=+0.156 fr=527.09 dt=0.105 rate=1.00 paused=False backlog=122.43 edge=556.36 div=-113.07
20:43:06.221 CLOCK integ raw=320.86 prev=433.93 new=434.03 d=+0.102 fr=527.09 dt=0.102 rate=1.00 paused=False backlog=122.43 edge=556.46 div=-113.07
20:43:06.323 CLOCK fold raw=321.12 prev=434.03 new=434.19 d=+0.156 fr=527.09 dt=0.101 rate=1.00 paused=False backlog=122.38 edge=556.56 div=-113.07
20:43:06.424 CLOCK integ raw=321.12 prev=434.19 new=434.29 d=+0.101 fr=527.09 dt=0.101 rate=1.00 paused=False backlog=122.38 edge=556.66 div=-113.07
20:43:06.527 PHASE SCRUBFWD seek +120 s
20:43:06.527 XPORT chase_seek target=554.29 raw_pre=321.12 fr=527.09 cc=434.29 vid=433.66 rate=1.00 safe=551.66 vlc=438.59 resume=False
20:43:06.528 SEED target=551.66 jump=False backlog=5.00 edge=556.66
20:43:06.530 CLOCK base raw=438.59 prev=551.66 new=551.66 d=+0.002 fr=527.09 dt=0.002 rate=1.00 paused=False backlog=5.00 edge=556.66 div=-113.07
20:43:06.633 CLOCK integ raw=438.59 prev=551.66 new=551.77 d=+0.104 fr=527.09 dt=0.104 rate=1.00 paused=False backlog=5.00 edge=556.77 div=-113.07
20:43:06.739 CLOCK integ raw=438.59 prev=551.77 new=551.87 d=+0.106 fr=527.09 dt=0.106 rate=1.00 paused=False backlog=5.00 edge=556.87 div=-113.07
20:43:06.841 CLOCK integ raw=438.59 prev=551.87 new=551.98 d=+0.102 fr=527.09 dt=0.102 rate=1.00 paused=False backlog=5.00 edge=556.98 div=-113.07
20:43:06.944 CLOCK integ raw=438.59 prev=551.98 new=552.08 d=+0.103 fr=527.09 dt=0.103 rate=1.00 paused=False backlog=5.00 edge=557.08 div=-113.07
20:43:07.051 CLOCK integ raw=438.59 prev=552.08 new=552.19 d=+0.107 fr=527.09 dt=0.107 rate=1.00 paused=False backlog=5.00 edge=557.19 div=-113.07
20:43:07.155 CLOCK integ raw=438.59 prev=552.19 new=552.29 d=+0.104 fr=527.09 dt=0.104 rate=1.00 paused=False backlog=5.00 edge=557.29 div=-113.07
20:43:07.264 CLOCK integ raw=438.59 prev=552.29 new=552.40 d=+0.107 fr=527.09 dt=0.107 rate=1.00 paused=False backlog=4.42 edge=556.82 div=-113.07
20:43:07.368 CLOCK integ raw=438.59 prev=552.40 new=552.50 d=+0.105 fr=527.09 dt=0.105 rate=1.00 paused=False backlog=4.42 edge=556.92 div=-113.07
20:43:07.469 CLOCK integ raw=438.59 prev=552.50 new=552.60 d=+0.102 fr=527.09 dt=0.102 rate=1.00 paused=False backlog=4.42 edge=557.02 div=-113.07
20:43:07.572 XPORT1s chase_seek raw=438.59 fr=527.09 cc=552.60 vid=552.50
20:43:07.578 CLOCK integ raw=438.59 prev=552.60 new=552.66 d=+0.058 fr=527.09 dt=0.109 rate=1.00 paused=False backlog=4.47 edge=557.13 div=-113.07
20:43:07.782 CLOCK integ raw=438.59 prev=552.66 new=552.66 d=+0.000 fr=527.09 dt=0.204 rate=1.00 paused=False backlog=4.67 edge=557.34 div=-113.07
20:43:07.885 CLOCK integ raw=438.59 prev=552.66 new=552.66 d=+0.000 fr=527.09 dt=0.103 rate=1.00 paused=False backlog=4.78 edge=557.44 div=-113.07
20:43:07.989 CLOCK integ raw=438.59 prev=552.66 new=552.66 d=+0.000 fr=527.09 dt=0.104 rate=1.00 paused=False backlog=4.88 edge=557.54 div=-113.07
20:43:08.091 CLOCK integ raw=438.59 prev=552.66 new=552.66 d=+0.000 fr=527.09 dt=0.101 rate=1.00 paused=False backlog=4.98 edge=557.64 div=-113.07
20:43:08.193 CLOCK integ raw=438.59 prev=552.66 new=552.66 d=+0.000 fr=527.09 dt=0.102 rate=1.00 paused=False backlog=5.08 edge=557.75 div=-113.07
20:43:08.294 CLOCK integ raw=438.59 prev=552.66 new=552.66 d=+0.000 fr=527.09 dt=0.101 rate=1.00 paused=False backlog=5.19 edge=557.85 div=-113.07
20:43:08.395 CLOCK integ raw=438.59 prev=552.66 new=552.66 d=+0.000 fr=527.09 dt=0.101 rate=1.00 paused=False backlog=5.29 edge=557.95 div=-113.07
20:43:08.500 CLOCK integ raw=438.59 prev=552.66 new=552.66 d=+0.000 fr=527.09 dt=0.103 rate=1.00 paused=False backlog=5.39 edge=558.05 div=-113.07
20:43:08.601 CLOCK integ raw=438.59 prev=552.66 new=552.66 d=+0.000 fr=527.09 dt=0.103 rate=1.00 paused=False backlog=5.49 edge=558.15 div=-113.07
20:43:08.702 CLOCK integ raw=438.59 prev=552.66 new=552.66 d=+0.000 fr=527.09 dt=0.101 rate=1.00 paused=False backlog=5.59 edge=558.26 div=-113.07
20:43:08.805 TICK fr=527.09 cc=552.66 raw=438.59 vid=553.74 playing=1 started=1 stall=0 | d_fr_cc=-25.57 d_fr_raw=+88.50 d_cc_raw=+114.07 | off=-0.07 ccx_end=555.12 since_show=0.1 since_cue=2.7 | pcr=556.128 pid=100 head_rel=556.13 ccx_lag=1.01 | credit=527.1 capped=0.0 | fsize=252432488 feed=252432488 feed_behind=0 | backlog=5.59 edge=558.26 div=-113.07 lag_ewma=3.19
20:43:08.805 CLOCK integ raw=438.59 prev=552.66 new=552.66 d=+0.000 fr=527.09 dt=0.102 rate=1.00 paused=False backlog=5.70 edge=558.36 div=-113.07
20:43:08.907 CLOCK integ raw=438.59 prev=552.66 new=552.66 d=+0.000 fr=527.09 dt=0.103 rate=1.00 paused=False backlog=5.80 edge=558.46 div=-113.07
20:43:09.009 CLOCK integ raw=438.59 prev=552.66 new=552.66 d=+0.000 fr=527.09 dt=0.102 rate=1.00 paused=False backlog=5.90 edge=558.56 div=-113.07
20:43:09.111 CLOCK integ raw=438.59 prev=552.66 new=552.66 d=+0.000 fr=527.09 dt=0.101 rate=1.00 paused=False backlog=6.00 edge=558.66 div=-113.07
20:43:09.214 EDGESNAP err=-2.54 edge->556.13
20:43:09.215 CLOCK integ raw=438.59 prev=552.66 new=552.66 d=+0.000 fr=527.09 dt=0.105 rate=1.00 paused=False backlog=3.57 edge=556.23 div=-113.07
20:43:09.418 CLOCK integ raw=438.59 prev=552.66 new=552.66 d=+0.000 fr=527.09 dt=0.202 rate=1.00 paused=False backlog=3.77 edge=556.43 div=-113.07
20:43:09.520 CLOCK integ raw=438.59 prev=552.66 new=552.66 d=+0.000 fr=527.09 dt=0.102 rate=1.00 paused=False backlog=3.87 edge=556.54 div=-113.07
20:43:09.624 CLOCK integ raw=438.59 prev=552.66 new=552.66 d=+0.000 fr=527.09 dt=0.104 rate=1.00 paused=False backlog=3.98 edge=556.64 div=-113.07
20:43:09.728 CLOCK trickle raw=438.59 prev=552.66 new=552.66 d=+0.000 fr=527.09 dt=0.104 rate=1.00 paused=False backlog=3.98 edge=556.64 div=-113.07
20:43:09.830 CLOCK trickle raw=438.59 prev=552.66 new=552.66 d=+0.000 fr=527.09 dt=0.102 rate=1.00 paused=False backlog=3.98 edge=556.64 div=-113.07
20:43:09.933 CLOCK fold raw=438.58 prev=552.66 new=551.66 d=-1.007 fr=527.09 dt=0.103 rate=1.00 paused=False backlog=4.98 edge=556.64 div=-113.07
20:43:10.035 CLOCK trickle raw=438.58 prev=551.66 new=551.66 d=+0.000 fr=527.09 dt=0.102 rate=1.00 paused=False backlog=4.98 edge=556.64 div=-113.07
20:43:10.136 CLOCK fold raw=438.85 prev=551.66 new=551.92 d=+0.266 fr=527.09 dt=0.102 rate=1.00 paused=False backlog=4.73 edge=556.65 div=-113.07
20:43:10.238 CLOCK trickle raw=438.85 prev=551.92 new=551.92 d=+0.000 fr=527.09 dt=0.102 rate=1.00 paused=False backlog=4.74 edge=556.66 div=-113.07
20:43:10.340 CLOCK trickle raw=438.85 prev=551.92 new=551.92 d=+0.000 fr=527.09 dt=0.102 rate=1.00 paused=False backlog=4.75 edge=556.67 div=-113.07
20:43:10.443 CLOCK fold raw=439.11 prev=551.92 new=552.18 d=+0.256 fr=527.09 dt=0.103 rate=1.00 paused=False backlog=4.50 edge=556.67 div=-113.07
20:43:10.548 CLOCK trickle raw=439.11 prev=552.18 new=552.18 d=+0.000 fr=531.52 dt=0.105 rate=1.00 paused=False backlog=4.52 edge=556.69 div=-113.07
20:43:10.596 CUE cx=[555.12..556.59] adv=1.47 el=4.43 fresh | off=-0.07 fr=531.52 cc=552.18 raw=439.11 lead=+4.34 | pcr=558.233 head_rel=558.23 lag_ewma=3.19 | q=back with your receivers and / tight ends and skill position
20:43:10.697 ANCHOR pend_end=556.59 L=2.65 pinL=1.64 target=-0.77 off=-0.07
20:43:10.697 CLOCK fold raw=439.36 prev=552.18 new=552.43 d=+0.257 fr=531.52 dt=0.149 rate=1.00 paused=False backlog=5.05 edge=557.49 div=-113.07
20:43:10.800 CLOCK trickle raw=439.36 prev=552.43 new=552.43 d=+0.000 fr=531.52 dt=0.102 rate=1.00 paused=False backlog=5.07 edge=557.50 div=-113.07
20:43:10.904 CLOCK fold raw=439.62 prev=552.43 new=552.69 d=+0.256 fr=531.98 dt=0.105 rate=1.00 paused=False backlog=4.92 edge=557.61 div=-113.07
20:43:11.007 CLOCK integ raw=439.62 prev=552.69 new=552.79 d=+0.103 fr=531.98 dt=0.103 rate=1.00 paused=False backlog=4.92 edge=557.71 div=-113.07
20:43:11.193 EDGESNAP err=+8.18 edge->565.89
20:43:11.193 CUE cx=[556.59..558.69] adv=2.10 el=0.56 fresh | off=-0.42 fr=531.98 cc=552.79 raw=439.88 lead=+5.48 | pcr=565.894 head_rel=565.89 lag_ewma=10.83 | q=tight ends and skill position. / And that's pretty much what
20:43:11.194 CUE cx=[558.69..559.79] adv=1.10 el=0.08 fresh | off=-0.42 fr=531.98 cc=552.79 raw=439.88 lead=+6.58 | pcr=565.894 head_rel=565.89 lag_ewma=10.83 | q=And that's pretty much what it / is. And just operation one 
20:43:11.195 CUE cx=[559.79..561.43] adv=1.63 el=0.00 fresh | off=-0.42 fr=531.98 cc=552.79 raw=439.88 lead=+8.21 | pcr=565.894 head_rel=565.89 lag_ewma=10.83 | q=is. And just operation one of / those receivers, Marvin / Ha
20:43:11.196 ANCHOR pend_end=561.43 L=8.60 pinL=4.47 target=0.00 off=-0.42
20:43:11.196 CLOCK fold raw=439.88 prev=552.79 new=552.95 d=+0.153 fr=531.98 dt=0.188 rate=1.00 paused=False backlog=13.13 edge=566.08 div=-113.07
20:43:11.301 CUE cx=[561.43..562.66] adv=1.23 el=0.11 fresh | off=-0.21 fr=532.38 cc=552.95 raw=439.88 lead=+9.50 | pcr=565.894 head_rel=565.89 lag_ewma=8.60 | q=those receivers, Marvin / Harrison Jr. Of the seven games / 
20:43:11.302 CUE cx=[562.66..564.50] adv=1.84 el=0.00 fresh | off=-0.21 fr=532.38 cc=552.95 raw=439.88 lead=+11.34 | pcr=565.894 head_rel=565.89 lag_ewma=8.60 | q=Harrison Jr. Of the seven games / you played together last y
20:43:11.302 CUE cx=[564.50..565.90] adv=1.40 el=0.00 fresh | off=-0.21 fr=532.38 cc=552.95 raw=439.88 lead=+12.74 | pcr=565.894 head_rel=565.89 lag_ewma=8.60 | q=you played together last year, / he left three of them early
20:43:11.308 ANCHOR pend_end=565.90 L=8.60 pinL=- target=-8.60 off=-0.21
20:43:11.310 REBASE why=anchor-snap shift=-8.39 off=-8.60
20:43:11.311 CLOCK integ raw=439.88 prev=552.95 new=553.06 d=+0.115 fr=532.38 dt=0.115 rate=1.00 paused=False backlog=12.96 edge=566.02 div=-113.07
20:43:11.414 CLOCK fold raw=440.14 prev=553.06 new=553.21 d=+0.152 fr=532.38 dt=0.103 rate=1.00 paused=False backlog=12.91 edge=566.12 div=-113.07
20:43:11.517 CLOCK integ raw=440.14 prev=553.21 new=553.32 d=+0.103 fr=532.38 dt=0.103 rate=1.00 paused=False backlog=12.91 edge=566.23 div=-113.07
20:43:11.622 CUE cx=[565.90..567.40] adv=1.50 el=0.32 fresh | off=-8.60 fr=532.38 cc=553.32 raw=440.14 lead=+5.49 | pcr=567.719 head_rel=567.72 lag_ewma=8.60 | q=he left three of them early / with injury. What are you two 
20:43:11.723 ANCHOR pend_end=567.40 L=5.70 pinL=0.32 target=-0.75 off=-8.60
20:43:11.723 CLOCK fold raw=440.41 prev=553.32 new=553.48 d=+0.164 fr=532.38 dt=0.206 rate=1.00 paused=False backlog=13.70 edge=567.18 div=-113.07
20:43:11.825 CLOCK integ raw=440.41 prev=553.48 new=553.58 d=+0.102 fr=532.80 dt=0.102 rate=1.00 paused=False backlog=13.70 edge=567.28 div=-113.07
20:43:11.927 CLOCK integ raw=440.41 prev=553.58 new=553.68 d=+0.102 fr=532.80 dt=0.102 rate=1.00 paused=False backlog=13.70 edge=567.38 div=-113.07
20:43:12.028 CLOCK fold raw=440.67 prev=553.68 new=553.74 d=+0.056 fr=532.80 dt=0.102 rate=1.00 paused=False backlog=13.74 edge=567.48 div=-113.07
20:43:12.130 CLOCK integ raw=440.67 prev=553.74 new=553.84 d=+0.102 fr=532.80 dt=0.102 rate=1.00 paused=False backlog=13.74 edge=567.59 div=-113.07
20:43:12.233 CLOCK fold raw=440.92 prev=553.84 new=553.99 d=+0.150 fr=532.80 dt=0.103 rate=1.00 paused=False backlog=13.70 edge=567.69 div=-113.07
20:43:12.335 CLOCK integ raw=440.92 prev=553.99 new=554.09 d=+0.102 fr=532.80 dt=0.102 rate=1.00 paused=False backlog=13.70 edge=567.79 div=-113.07
20:43:12.438 CLOCK fold raw=441.18 prev=554.09 new=554.25 d=+0.155 fr=532.80 dt=0.102 rate=1.00 paused=False backlog=13.64 edge=567.89 div=-113.07
20:43:12.540 CLOCK integ raw=441.18 prev=554.25 new=554.35 d=+0.101 fr=532.80 dt=0.101 rate=1.00 paused=False backlog=13.64 edge=567.99 div=-113.07
20:43:12.641 CLOCK integ raw=441.18 prev=554.35 new=554.45 d=+0.102 fr=532.80 dt=0.102 rate=1.00 paused=False backlog=13.64 edge=568.10 div=-113.07
20:43:12.742 CLOCK fold raw=441.43 prev=554.45 new=554.50 d=+0.052 fr=532.80 dt=0.101 rate=1.00 paused=False backlog=13.69 edge=568.20 div=-113.07
20:43:12.844 CLOCK integ raw=441.43 prev=554.50 new=554.61 d=+0.102 fr=532.80 dt=0.102 rate=1.00 paused=False backlog=13.69 edge=568.30 div=-113.07
20:43:12.948 CLOCK integ raw=441.43 prev=554.61 new=554.71 d=+0.104 fr=532.80 dt=0.104 rate=1.00 paused=False backlog=13.69 edge=568.40 div=-113.07
20:43:13.050 CLOCK fold raw=441.69 prev=554.71 new=554.76 d=+0.049 fr=532.80 dt=0.102 rate=1.00 paused=False backlog=13.75 edge=568.51 div=-113.07
20:43:13.156 CLOCK integ raw=441.69 prev=554.76 new=554.86 d=+0.105 fr=532.80 dt=0.105 rate=1.00 paused=False backlog=13.35 edge=568.22 div=-113.07
20:43:13.257 CLOCK fold raw=441.95 prev=554.86 new=555.02 d=+0.153 fr=532.80 dt=0.101 rate=1.00 paused=False backlog=13.30 edge=568.32 div=-113.07
20:43:13.465 CLOCK fold raw=442.20 prev=555.02 new=555.27 d=+0.255 fr=532.80 dt=0.208 rate=1.00 paused=False backlog=13.25 edge=568.53 div=-113.07
20:43:13.567 CLOCK integ raw=442.20 prev=555.27 new=555.37 d=+0.102 fr=532.80 dt=0.102 rate=1.00 paused=False backlog=13.25 edge=568.63 div=-113.07
20:43:13.670 CLOCK integ raw=442.20 prev=555.37 new=555.48 d=+0.102 fr=532.80 dt=0.102 rate=1.00 paused=False backlog=13.25 edge=568.73 div=-113.07
20:43:13.776 CLOCK fold raw=442.46 prev=555.48 new=555.53 d=+0.052 fr=532.80 dt=0.106 rate=1.00 paused=False backlog=13.31 edge=568.84 div=-113.07
20:43:13.780 TICK fr=532.80 cc=555.53 raw=442.46 vid=557.84 playing=1 started=1 stall=0 | d_fr_cc=-22.73 d_fr_raw=+90.34 d_cc_raw=+113.07 | off=-4.67 ccx_end=567.40 since_show=0.0 since_cue=2.2 | pcr=567.719 pid=100 head_rel=567.72 ccx_lag=0.32 | credit=532.8 capped=0.0 | fsize=257880164 feed=257880164 feed_behind=0 | backlog=13.31 edge=568.84 div=-113.07 lag_ewma=5.70
20:43:13.885 CLOCK integ raw=442.46 prev=555.53 new=555.64 d=+0.109 fr=532.80 dt=0.109 rate=1.00 paused=False backlog=13.31 edge=568.95 div=-113.07
20:43:13.991 CLOCK fold raw=442.71 prev=555.64 new=555.78 d=+0.147 fr=532.80 dt=0.106 rate=1.00 paused=False backlog=13.27 edge=569.05 div=-113.07
20:43:14.094 CLOCK integ raw=442.71 prev=555.78 new=555.89 d=+0.103 fr=532.80 dt=0.103 rate=1.00 paused=False backlog=13.27 edge=569.16 div=-113.07
20:43:14.197 CLOCK integ raw=442.71 prev=555.89 new=555.99 d=+0.104 fr=532.80 dt=0.104 rate=1.00 paused=False backlog=13.27 edge=569.26 div=-113.07
20:43:14.299 CLOCK fold raw=442.98 prev=555.99 new=556.05 d=+0.055 fr=532.80 dt=0.101 rate=1.00 paused=False backlog=13.32 edge=569.36 div=-113.07
20:43:14.401 CLOCK integ raw=442.98 prev=556.05 new=556.15 d=+0.101 fr=532.80 dt=0.101 rate=1.00 paused=False backlog=13.32 edge=569.46 div=-113.07
20:43:14.503 CLOCK fold raw=443.23 prev=556.15 new=556.30 d=+0.150 fr=532.80 dt=0.103 rate=1.00 paused=False backlog=13.27 edge=569.56 div=-113.07
20:43:14.605 CLOCK integ raw=443.23 prev=556.30 new=556.40 d=+0.102 fr=532.80 dt=0.102 rate=1.00 paused=False backlog=13.27 edge=569.67 div=-113.07
20:43:14.707 CLOCK integ raw=443.23 prev=556.40 new=556.50 d=+0.102 fr=532.80 dt=0.102 rate=1.00 paused=False backlog=13.27 edge=569.77 div=-113.07
20:43:14.808 CLOCK fold raw=443.48 prev=556.50 new=556.55 d=+0.051 fr=532.80 dt=0.102 rate=1.00 paused=False backlog=13.32 edge=569.87 div=-113.07
20:43:14.911 CLOCK integ raw=443.48 prev=556.55 new=556.65 d=+0.103 fr=532.80 dt=0.103 rate=1.00 paused=False backlog=13.32 edge=569.97 div=-113.07
20:43:15.014 CLOCK fold raw=443.74 prev=556.65 new=556.81 d=+0.155 fr=532.80 dt=0.102 rate=1.00 paused=False backlog=13.27 edge=570.08 div=-113.07
20:43:15.116 CLOCK integ raw=443.74 prev=556.81 new=556.91 d=+0.102 fr=532.80 dt=0.102 rate=1.00 paused=False backlog=13.27 edge=570.18 div=-113.07
20:43:15.321 CLOCK fold raw=443.99 prev=556.91 new=557.06 d=+0.152 fr=532.80 dt=0.204 rate=1.00 paused=False backlog=12.09 edge=569.15 div=-113.07
20:43:15.427 CLOCK integ raw=443.99 prev=557.06 new=557.17 d=+0.107 fr=536.50 dt=0.107 rate=1.00 paused=False backlog=12.09 edge=569.26 div=-113.07
20:43:15.529 CLOCK fold raw=444.25 prev=557.17 new=557.32 d=+0.150 fr=536.50 dt=0.102 rate=1.00 paused=False backlog=12.04 edge=569.36 div=-113.07
20:43:15.634 CLOCK integ raw=444.25 prev=557.32 new=557.43 d=+0.105 fr=536.50 dt=0.105 rate=1.00 paused=False backlog=12.04 edge=569.47 div=-113.07
20:43:15.738 CLOCK integ raw=444.25 prev=557.43 new=557.53 d=+0.103 fr=536.50 dt=0.103 rate=1.00 paused=False backlog=12.04 edge=569.57 div=-113.07
20:43:15.840 CLOCK fold raw=444.51 prev=557.53 new=557.58 d=+0.047 fr=536.81 dt=0.102 rate=1.00 paused=False backlog=12.10 edge=569.67 div=-113.07
20:43:15.843 CUE cx=[567.40..568.80] adv=1.40 el=4.22 fresh | off=-4.67 fr=536.81 cc=557.58 raw=444.51 lead=+6.55 | pcr=569.967 head_rel=569.97 lag_ewma=5.70 | q=with injury. What are you two / working on intentionally to 
20:43:15.944 ANCHOR pend_end=568.80 L=4.12 pinL=1.17 target=-0.15 off=-4.67
20:43:15.945 REBASE why=anchor-snap shift=+4.52 off=-0.15
20:43:15.947 CLOCK integ raw=444.51 prev=557.58 new=557.68 d=+0.107 fr=536.81 dt=0.107 rate=1.00 paused=False backlog=12.24 edge=569.93 div=-113.07
20:43:16.050 CLOCK fold raw=444.76 prev=557.68 new=557.83 d=+0.148 fr=536.81 dt=0.102 rate=1.00 paused=False backlog=12.20 edge=570.03 div=-113.07
20:43:16.152 CLOCK integ raw=444.76 prev=557.83 new=557.93 d=+0.103 fr=536.81 dt=0.103 rate=1.00 paused=False backlog=12.20 edge=570.13 div=-113.07
20:43:16.255 CLOCK integ raw=444.76 prev=557.93 new=558.04 d=+0.103 fr=536.81 dt=0.103 rate=1.00 paused=False backlog=12.20 edge=570.23 div=-113.07
20:43:16.357 CLOCK fold raw=445.02 prev=558.04 new=558.09 d=+0.051 fr=536.81 dt=0.102 rate=1.00 paused=False backlog=12.25 edge=570.34 div=-113.07
20:43:16.459 CLOCK integ raw=445.02 prev=558.09 new=558.19 d=+0.102 fr=536.81 dt=0.102 rate=1.00 paused=False backlog=12.25 edge=570.44 div=-113.07
20:43:16.563 CLOCK fold raw=445.27 prev=558.19 new=558.34 d=+0.154 fr=536.81 dt=0.104 rate=1.00 paused=False backlog=12.20 edge=570.54 div=-113.07
20:43:16.665 CLOCK integ raw=445.27 prev=558.34 new=558.45 d=+0.102 fr=536.81 dt=0.102 rate=1.00 paused=False backlog=12.20 edge=570.64 div=-113.07
20:43:16.768 CLOCK integ raw=445.27 prev=558.45 new=558.55 d=+0.102 fr=536.81 dt=0.102 rate=1.00 paused=False backlog=12.20 edge=570.75 div=-113.07
20:43:16.870 CLOCK fold raw=445.53 prev=558.55 new=558.60 d=+0.055 fr=536.81 dt=0.103 rate=1.00 paused=False backlog=12.25 edge=570.85 div=-113.07
20:43:17.074 CLOCK fold raw=445.79 prev=558.60 new=558.86 d=+0.251 fr=536.81 dt=0.203 rate=1.00 paused=False backlog=12.20 edge=571.05 div=-113.07
20:43:17.175 CLOCK integ raw=445.79 prev=558.86 new=558.96 d=+0.102 fr=536.81 dt=0.102 rate=1.00 paused=False backlog=12.20 edge=571.15 div=-113.07
20:43:17.279 CLOCK integ raw=445.79 prev=558.96 new=559.06 d=+0.104 fr=536.81 dt=0.104 rate=1.00 paused=False backlog=11.60 edge=570.66 div=-113.07
20:43:17.384 CLOCK fold raw=446.04 prev=559.06 new=559.11 d=+0.050 fr=536.81 dt=0.104 rate=1.00 paused=False backlog=11.66 edge=570.77 div=-113.07
20:43:17.488 CLOCK integ raw=446.04 prev=559.11 new=559.22 d=+0.104 fr=536.81 dt=0.104 rate=1.00 paused=False backlog=11.66 edge=570.87 div=-113.07
20:43:17.591 CLOCK fold raw=446.30 prev=559.22 new=559.37 d=+0.152 fr=536.81 dt=0.103 rate=1.00 paused=False backlog=11.61 edge=570.98 div=-113.07
20:43:17.694 CLOCK integ raw=446.30 prev=559.37 new=559.47 d=+0.102 fr=536.81 dt=0.102 rate=1.00 paused=False backlog=11.61 edge=571.08 div=-113.07
20:43:17.795 CLOCK integ raw=446.30 prev=559.47 new=559.57 d=+0.103 fr=536.81 dt=0.103 rate=1.00 paused=False backlog=11.61 edge=571.18 div=-113.07
20:43:17.898 CLOCK fold raw=446.56 prev=559.57 new=559.63 d=+0.056 fr=536.81 dt=0.103 rate=1.00 paused=False backlog=11.65 edge=571.28 div=-113.07
20:43:18.000 CLOCK integ raw=446.56 prev=559.63 new=559.73 d=+0.102 fr=536.81 dt=0.102 rate=1.00 paused=False backlog=11.65 edge=571.39 div=-113.07
20:43:18.101 CLOCK fold raw=446.81 prev=559.73 new=559.88 d=+0.149 fr=536.81 dt=0.101 rate=1.00 paused=False backlog=11.61 edge=571.49 div=-113.07
20:43:18.204 CLOCK integ raw=446.81 prev=559.88 new=559.98 d=+0.103 fr=536.81 dt=0.103 rate=1.00 paused=False backlog=11.61 edge=571.59 div=-113.07
20:43:18.306 CLOCK integ raw=446.81 prev=559.98 new=560.08 d=+0.101 fr=536.81 dt=0.101 rate=1.00 paused=False backlog=11.61 edge=571.69 div=-113.07
20:43:18.407 CLOCK fold raw=447.06 prev=560.08 new=560.14 d=+0.052 fr=536.81 dt=0.102 rate=1.00 paused=False backlog=11.66 edge=571.79 div=-113.07
20:43:18.610 CLOCK fold raw=447.32 prev=560.14 new=560.39 d=+0.258 fr=536.81 dt=0.203 rate=1.00 paused=False backlog=11.60 edge=572.00 div=-113.07
20:43:18.713 CLOCK integ raw=447.32 prev=560.39 new=560.50 d=+0.102 fr=536.81 dt=0.102 rate=1.00 paused=False backlog=11.60 edge=572.10 div=-113.07
20:43:18.716 TICK fr=536.81 cc=560.50 raw=447.32 vid=562.67 playing=1 started=1 stall=0 | d_fr_cc=-23.68 d_fr_raw=+89.49 d_cc_raw=+113.17 | off=-0.15 ccx_end=568.80 since_show=0.0 since_cue=2.9 | pcr=569.967 pid=100 head_rel=569.97 ccx_lag=1.17 | credit=536.8 capped=0.0 | fsize=259008916 feed=259008916 feed_behind=0 | backlog=11.60 edge=572.10 div=-113.07 lag_ewma=4.12
20:43:18.817 CLOCK integ raw=447.32 prev=560.50 new=560.60 d=+0.105 fr=536.81 dt=0.105 rate=1.00 paused=False backlog=11.60 edge=572.20 div=-113.07
20:43:18.920 CLOCK fold raw=447.58 prev=560.60 new=560.65 d=+0.048 fr=536.81 dt=0.102 rate=1.00 paused=False backlog=11.66 edge=572.30 div=-113.07
20:43:19.021 CLOCK integ raw=447.58 prev=560.65 new=560.75 d=+0.102 fr=536.81 dt=0.102 rate=1.00 paused=False backlog=11.66 edge=572.41 div=-113.07
20:43:19.124 CLOCK fold raw=447.83 prev=560.75 new=560.91 d=+0.155 fr=536.81 dt=0.103 rate=1.00 paused=False backlog=11.60 edge=572.51 div=-113.07
20:43:19.230 EDGESNAP err=-2.54 edge->569.97
20:43:19.231 CLOCK integ raw=447.83 prev=560.91 new=561.01 d=+0.107 fr=536.81 dt=0.107 rate=1.00 paused=False backlog=9.06 edge=570.07 div=-113.07
20:43:19.334 CLOCK integ raw=447.83 prev=561.01 new=561.12 d=+0.103 fr=536.81 dt=0.103 rate=1.00 paused=False backlog=9.06 edge=570.18 div=-113.07
20:43:19.439 CLOCK fold raw=448.09 prev=561.12 new=561.16 d=+0.045 fr=536.81 dt=0.105 rate=1.00 paused=False backlog=9.12 edge=570.28 div=-113.07
20:43:19.543 CLOCK integ raw=448.09 prev=561.16 new=561.26 d=+0.104 fr=536.81 dt=0.104 rate=1.00 paused=False backlog=9.12 edge=570.39 div=-113.07
20:43:19.645 CLOCK fold raw=448.36 prev=561.26 new=561.43 d=+0.162 fr=536.81 dt=0.102 rate=1.00 paused=False backlog=9.06 edge=570.49 div=-113.07
20:43:19.747 CLOCK integ raw=448.36 prev=561.43 new=561.53 d=+0.101 fr=536.81 dt=0.101 rate=1.00 paused=False backlog=9.06 edge=570.59 div=-113.07
20:43:19.851 CLOCK integ raw=448.36 prev=561.53 new=561.63 d=+0.105 fr=536.81 dt=0.105 rate=1.00 paused=False backlog=9.06 edge=570.69 div=-113.07
20:43:19.954 CLOCK fold raw=448.62 prev=561.63 new=561.69 d=+0.060 fr=536.81 dt=0.103 rate=1.00 paused=False backlog=9.10 edge=570.80 div=-113.07
20:43:20.056 CLOCK integ raw=448.62 prev=561.69 new=561.79 d=+0.102 fr=536.81 dt=0.102 rate=1.00 paused=False backlog=9.10 edge=570.90 div=-113.07
20:43:20.159 CLOCK fold raw=448.88 prev=561.79 new=561.95 d=+0.155 fr=536.81 dt=0.102 rate=1.00 paused=False backlog=9.05 edge=571.00 div=-113.07
20:43:20.261 CLOCK integ raw=448.88 prev=561.95 new=562.05 d=+0.103 fr=536.81 dt=0.103 rate=1.00 paused=False backlog=9.05 edge=571.10 div=-113.07
20:43:20.463 CLOCK fold raw=449.13 prev=562.05 new=562.20 d=+0.152 fr=536.81 dt=0.202 rate=1.00 paused=False backlog=9.10 edge=571.31 div=-113.07
20:43:20.565 CLOCK integ raw=449.13 prev=562.20 new=562.31 d=+0.102 fr=536.81 dt=0.102 rate=1.00 paused=False backlog=9.10 edge=571.41 div=-113.07
20:43:20.667 CLOCK fold raw=449.39 prev=562.31 new=562.46 d=+0.156 fr=536.81 dt=0.102 rate=1.00 paused=False backlog=9.05 edge=571.51 div=-113.07
20:43:20.770 CLOCK integ raw=449.39 prev=562.46 new=562.57 d=+0.103 fr=541.74 dt=0.103 rate=1.00 paused=False backlog=9.05 edge=571.61 div=-113.07
20:43:20.910 EDGESNAP err=+2.71 edge->574.32
20:43:20.910 CUE cx=[568.80..570.57] adv=1.77 el=5.03 fresh | off=-0.15 fr=541.74 cc=562.57 raw=449.65 lead=+7.86 | pcr=574.323 head_rel=574.32 lag_ewma=6.83 | q=working on intentionally to / build that chemistry and put /
20:43:20.911 CUE cx=[570.57..572.10] adv=1.53 el=0.04 fresh | off=-0.15 fr=541.74 cc=562.57 raw=449.65 lead=+9.39 | pcr=574.323 head_rel=574.32 lag_ewma=6.83 | q=build that chemistry and put / time on task? I think that's 
20:43:20.911 CUE cx=[572.11..573.30] adv=1.20 el=0.00 fresh | off=-0.15 fr=541.74 cc=562.57 raw=449.65 lead=+10.59 | pcr=574.323 head_rel=574.32 lag_ewma=6.83 | q=time on task? I think that's / just what it is. It's just / 
20:43:20.912 ANCHOR pend_end=573.30 L=4.79 pinL=1.02 target=0.00 off=-0.15
20:43:20.913 CLOCK fold raw=449.65 prev=562.57 new=562.72 d=+0.151 fr=541.74 dt=0.143 rate=1.00 paused=False backlog=11.75 edge=574.46 div=-113.07
20:43:21.116 CLOCK integ raw=449.65 prev=562.72 new=562.92 d=+0.203 fr=542.19 dt=0.203 rate=1.00 paused=False backlog=11.75 edge=574.67 div=-113.07
20:43:21.220 CLOCK fold raw=449.91 prev=562.92 new=562.98 d=+0.058 fr=542.19 dt=0.104 rate=1.00 paused=False backlog=11.80 edge=574.77 div=-113.07
20:43:21.324 CLOCK integ raw=449.91 prev=562.98 new=563.08 d=+0.104 fr=542.19 dt=0.104 rate=1.00 paused=False backlog=11.57 edge=574.65 div=-113.07
20:43:21.426 CLOCK fold raw=450.16 prev=563.08 new=563.23 d=+0.148 fr=542.19 dt=0.102 rate=1.00 paused=False backlog=11.52 edge=574.75 div=-113.07
20:43:21.528 CLOCK integ raw=450.16 prev=563.23 new=563.33 d=+0.103 fr=542.19 dt=0.103 rate=1.00 paused=False backlog=11.52 edge=574.86 div=-113.07
20:43:21.630 CLOCK integ raw=450.16 prev=563.33 new=563.43 d=+0.101 fr=542.19 dt=0.101 rate=1.00 paused=False backlog=11.52 edge=574.96 div=-113.07
20:43:21.732 CLOCK fold raw=450.41 prev=563.43 new=563.48 d=+0.051 fr=542.19 dt=0.102 rate=1.00 paused=False backlog=11.57 edge=575.06 div=-113.07
20:43:21.835 CLOCK integ raw=450.41 prev=563.48 new=563.59 d=+0.103 fr=542.19 dt=0.103 rate=1.00 paused=False backlog=11.57 edge=575.16 div=-113.07
20:43:21.937 CLOCK fold raw=450.67 prev=563.59 new=563.74 d=+0.154 fr=542.19 dt=0.102 rate=1.00 paused=False backlog=11.52 edge=575.26 div=-113.07
20:43:22.039 CLOCK integ raw=450.67 prev=563.74 new=563.84 d=+0.101 fr=542.19 dt=0.101 rate=1.00 paused=False backlog=11.52 edge=575.37 div=-113.07
20:43:22.140 CLOCK integ raw=450.67 prev=563.84 new=563.94 d=+0.102 fr=542.19 dt=0.102 rate=1.00 paused=False backlog=11.52 edge=575.47 div=-113.07
20:43:22.242 CLOCK fold raw=450.93 prev=563.94 new=564.00 d=+0.053 fr=542.19 dt=0.102 rate=1.00 paused=False backlog=11.57 edge=575.57 div=-113.07
20:43:22.345 CLOCK integ raw=450.93 prev=564.00 new=564.10 d=+0.103 fr=542.19 dt=0.103 rate=1.00 paused=False backlog=11.57 edge=575.67 div=-113.07
20:43:22.450 CLOCK fold raw=451.18 prev=564.10 new=564.25 d=+0.152 fr=542.19 dt=0.105 rate=1.00 paused=False backlog=11.52 edge=575.78 div=-113.07
20:43:22.652 CLOCK integ raw=451.18 prev=564.25 new=564.45 d=+0.203 fr=542.19 dt=0.203 rate=1.00 paused=False backlog=11.52 edge=575.98 div=-113.07
20:43:22.755 CLOCK fold raw=451.44 prev=564.45 new=564.52 d=+0.060 fr=542.19 dt=0.102 rate=1.00 paused=False backlog=11.57 edge=576.08 div=-113.07
20:43:22.855 CLOCK integ raw=451.44 prev=564.52 new=564.62 d=+0.101 fr=542.19 dt=0.101 rate=1.00 paused=False backlog=11.57 edge=576.18 div=-113.07
20:43:22.958 CLOCK integ raw=451.44 prev=564.62 new=564.72 d=+0.101 fr=542.19 dt=0.101 rate=1.00 paused=False backlog=11.57 edge=576.28 div=-113.07
20:43:23.060 CLOCK fold raw=451.72 prev=564.72 new=564.79 d=+0.069 fr=542.19 dt=0.103 rate=1.00 paused=False backlog=11.60 edge=576.39 div=-113.07
20:43:23.163 CLOCK integ raw=451.72 prev=564.79 new=564.89 d=+0.104 fr=542.19 dt=0.104 rate=1.00 paused=False backlog=11.60 edge=576.49 div=-113.07
20:43:23.269 CLOCK fold raw=451.97 prev=564.89 new=565.04 d=+0.152 fr=542.19 dt=0.106 rate=1.00 paused=False backlog=10.47 edge=575.51 div=-113.07
20:43:23.371 CLOCK integ raw=451.97 prev=565.04 new=565.14 d=+0.102 fr=542.19 dt=0.102 rate=1.00 paused=False backlog=10.47 edge=575.61 div=-113.07
20:43:23.474 CLOCK integ raw=451.97 prev=565.14 new=565.25 d=+0.102 fr=542.19 dt=0.102 rate=1.00 paused=False backlog=10.47 edge=575.72 div=-113.07
20:43:23.580 CLOCK fold raw=452.24 prev=565.25 new=565.31 d=+0.061 fr=542.19 dt=0.107 rate=1.00 paused=False backlog=10.52 edge=575.82 div=-113.07
20:43:23.683 CLOCK integ raw=452.24 prev=565.31 new=565.41 d=+0.103 fr=542.19 dt=0.103 rate=1.00 paused=False backlog=10.52 edge=575.93 div=-113.07
20:43:23.787 TICK fr=542.19 cc=565.41 raw=452.51 vid=567.54 playing=1 started=1 stall=0 | d_fr_cc=-23.22 d_fr_raw=+89.68 d_cc_raw=+112.90 | off=-0.07 ccx_end=573.30 since_show=2.1 since_cue=2.9 | pcr=574.323 pid=100 head_rel=574.32 ccx_lag=1.02 | credit=542.2 capped=0.0 | fsize=261022020 feed=261022020 feed_behind=0 | backlog=10.52 edge=575.93 div=-113.07 lag_ewma=4.79
20:43:23.787 CLOCK fold raw=452.51 prev=565.41 new=565.58 d=+0.172 fr=542.19 dt=0.105 rate=1.00 paused=False backlog=10.45 edge=576.03 div=-113.07
20:43:23.889 CLOCK integ raw=452.51 prev=565.58 new=565.68 d=+0.102 fr=542.19 dt=0.102 rate=1.00 paused=False backlog=10.45 edge=576.13 div=-113.07
20:43:23.992 CLOCK integ raw=452.51 prev=565.68 new=565.79 d=+0.103 fr=542.19 dt=0.103 rate=1.00 paused=False backlog=10.45 edge=576.23 div=-113.07
20:43:24.093 CLOCK fold raw=452.79 prev=565.79 new=565.86 d=+0.069 fr=542.19 dt=0.101 rate=1.00 paused=False backlog=10.48 edge=576.34 div=-113.07
20:43:24.296 CLOCK integ raw=452.79 prev=565.86 new=566.06 d=+0.203 fr=542.19 dt=0.203 rate=1.00 paused=False backlog=10.48 edge=576.54 div=-113.07
20:43:24.399 CLOCK fold raw=453.04 prev=566.06 new=566.11 d=+0.049 fr=542.19 dt=0.103 rate=1.00 paused=False backlog=10.53 edge=576.64 div=-113.07
20:43:24.503 CLOCK integ raw=453.04 prev=566.11 new=566.21 d=+0.103 fr=542.19 dt=0.103 rate=1.00 paused=False backlog=10.53 edge=576.75 div=-113.07
20:43:24.607 CLOCK fold raw=453.30 prev=566.21 new=566.37 d=+0.155 fr=542.19 dt=0.104 rate=1.00 paused=False backlog=10.48 edge=576.85 div=-113.07
20:43:24.710 CLOCK integ raw=453.30 prev=566.37 new=566.47 d=+0.103 fr=542.19 dt=0.103 rate=1.00 paused=False backlog=10.48 edge=576.95 div=-113.07
20:43:24.816 CLOCK fold raw=453.55 prev=566.47 new=566.62 d=+0.152 fr=542.19 dt=0.107 rate=1.00 paused=False backlog=10.44 edge=577.06 div=-113.07
20:43:24.918 CLOCK integ raw=453.55 prev=566.62 new=566.72 d=+0.102 fr=542.19 dt=0.102 rate=1.00 paused=False backlog=10.44 edge=577.16 div=-113.07
20:43:25.021 CLOCK integ raw=453.55 prev=566.72 new=566.83 d=+0.103 fr=542.19 dt=0.103 rate=1.00 paused=False backlog=10.44 edge=577.26 div=-113.07
20:43:25.126 CLOCK fold raw=453.81 prev=566.83 new=566.88 d=+0.058 fr=542.19 dt=0.104 rate=1.00 paused=False backlog=10.48 edge=577.37 div=-113.07
20:43:25.228 EDGESNAP err=-3.05 edge->574.32
20:43:25.229 CLOCK integ raw=453.81 prev=566.88 new=566.99 d=+0.105 fr=542.19 dt=0.105 rate=1.00 paused=False backlog=7.44 edge=574.43 div=-113.07
20:43:25.332 CLOCK integ raw=453.81 prev=566.99 new=567.09 d=+0.103 fr=542.19 dt=0.103 rate=1.00 paused=False backlog=7.44 edge=574.53 div=-113.07
20:43:25.433 CLOCK fold raw=454.09 prev=567.09 new=567.16 d=+0.067 fr=542.19 dt=0.101 rate=1.00 paused=False backlog=7.47 edge=574.63 div=-113.07
20:43:25.537 CLOCK integ raw=454.09 prev=567.16 new=567.26 d=+0.104 fr=546.61 dt=0.104 rate=1.00 paused=False backlog=7.47 edge=574.73 div=-113.07
20:43:25.537 PAINT after 3.8 s blank (t=567.26)
20:43:25.698 EDGESNAP err=+2.82 edge->577.55
20:43:25.699 CUE cx=[573.31..574.91] adv=1.60 el=4.73 fresh | off=-0.07 fr=546.61 cc=567.26 raw=454.34 lead=+7.57 | pcr=577.552 head_rel=577.55 lag_ewma=7.61 | q=just what it is. It's just / building, you know, repetition,
20:43:25.701 ANCHOR pend_end=574.91 L=5.87 pinL=2.65 target=0.00 off=-0.07
20:43:25.701 CLOCK fold raw=454.34 prev=567.26 new=567.41 d=+0.147 fr=546.61 dt=0.164 rate=1.00 paused=False backlog=10.31 edge=577.72 div=-113.07
20:43:25.803 CLOCK integ raw=454.34 prev=567.41 new=567.51 d=+0.102 fr=546.61 dt=0.102 rate=1.00 paused=False backlog=10.31 edge=577.82 div=-113.07
20:43:25.907 CUE cx=[574.91..576.01] adv=1.10 el=0.27 fresh | off=-0.04 fr=546.61 cc=567.51 raw=454.60 lead=+8.46 | pcr=577.552 head_rel=577.55 lag_ewma=5.87 | q=building, you know, repetition, / you know. And obviously wh
20:43:25.910 ANCHOR pend_end=576.01 L=4.36 pinL=1.54 target=0.13 off=-0.04
20:43:25.910 CLOCK fold raw=454.60 prev=567.51 new=567.67 d=+0.154 fr=546.61 dt=0.107 rate=1.00 paused=False backlog=10.13 edge=577.79 div=-113.07
20:43:26.018 CLOCK integ raw=454.60 prev=567.67 new=567.77 d=+0.108 fr=546.99 dt=0.108 rate=1.00 paused=False backlog=10.13 edge=577.90 div=-113.07
20:43:26.121 CLOCK fold raw=454.85 prev=567.77 new=567.92 d=+0.147 fr=546.99 dt=0.103 rate=1.00 paused=False backlog=10.08 edge=578.00 div=-113.07
20:43:26.223 CLOCK integ raw=454.85 prev=567.92 new=568.02 d=+0.102 fr=546.99 dt=0.102 rate=1.00 paused=False backlog=10.08 edge=578.10 div=-113.07
20:43:26.326 CLOCK integ raw=454.85 prev=568.02 new=568.13 d=+0.102 fr=546.99 dt=0.102 rate=1.00 paused=False backlog=10.08 edge=578.21 div=-113.07
20:43:26.427 CLOCK fold raw=455.11 prev=568.13 new=568.18 d=+0.052 fr=546.99 dt=0.102 rate=1.00 paused=False backlog=10.13 edge=578.31 div=-113.07
20:43:26.533 PHASE END matrix complete
