20:58:47.437 === sync diagnosis log enabled (pid=24352) ===
20:58:49.147 PHASE MID90-START captions OFF from the start
21:02:04.213 MEDIA kind=live title='US: NFL NETWORK HD'
21:02:04.213 XPORT rate target=- raw_pre=-1.00 fr=0.00 cc=0.00 vid=0.00 rate=1.00 rate=1
21:02:04.213 XPORT rate target=- raw_pre=-1.00 fr=0.00 cc=0.00 vid=0.00 rate=1.00 rate=1
21:02:05.246 XPORT1s rate raw=-1.00 fr=0.00 cc=0.00 vid=0.00
21:02:05.246 XPORT1s rate raw=-1.00 fr=0.00 cc=0.00 vid=0.00
21:02:05.852 DVRSTART base=0.00 size=3324592
21:02:07.066 XPORT rate target=- raw_pre=-1.00 fr=0.41 cc=0.00 vid=0.00 rate=1.00 rate=1
21:02:07.069 SEED target=0.00 jump=False backlog=5.00 edge=5.00
21:02:07.122 PHASE MID90-REGIME frontier growth over 60 s
21:02:08.131 XPORT1s rate raw=0.00 fr=0.41 cc=0.00 vid=0.40
21:02:08.964 TICK fr=3.08 cc=0.00 raw=0.00 vid=1.61 playing=1 started=1 stall=0 | d_fr_cc=+3.08 d_fr_raw=+3.08 d_cc_raw=+0.00 | off=- ccx_end=- since_show=- since_cue=- | pcr=27.260 pid=100 head_rel=- ccx_lag=- | credit=3.1 capped=0.0 | fsize=12437704 feed=-1 feed_behind=12437705 | backlog=5.00 edge=5.00 div=- lag_ewma=-
21:02:14.004 TICK fr=3.51 cc=0.00 raw=0.00 vid=2.44 playing=1 started=1 stall=0 | d_fr_cc=+3.51 d_fr_raw=+3.51 d_cc_raw=+0.00 | off=- ccx_end=- since_show=- since_cue=- | pcr=32.180 pid=100 head_rel=- ccx_lag=- | credit=3.5 capped=0.0 | fsize=14874936 feed=-1 feed_behind=14874937 | backlog=5.00 edge=5.00 div=- lag_ewma=-
21:02:19.054 TICK fr=3.51 cc=0.00 raw=3.89 vid=3.33 playing=1 started=1 stall=0 | d_fr_cc=+3.51 d_fr_raw=-0.38 d_cc_raw=-3.89 | off=- ccx_end=- since_show=- since_cue=- | pcr=39.279 pid=100 head_rel=- ccx_lag=- | credit=3.5 capped=0.0 | fsize=17918656 feed=-1 feed_behind=17918657 | backlog=5.00 edge=5.00 div=- lag_ewma=-
21:02:24.095 TICK fr=13.60 cc=0.00 raw=8.95 vid=8.67 playing=1 started=1 stall=0 | d_fr_cc=+13.60 d_fr_raw=+4.65 d_cc_raw=-8.95 | off=- ccx_end=- since_show=- since_cue=- | pcr=39.631 pid=100 head_rel=- ccx_lag=- | credit=13.6 capped=0.0 | fsize=18005512 feed=-1 feed_behind=18005513 | backlog=5.00 edge=5.00 div=- lag_ewma=-
21:02:28.937 TICK fr=13.60 cc=0.00 raw=13.73 vid=13.45 playing=1 started=1 stall=0 | d_fr_cc=+13.60 d_fr_raw=-0.12 d_cc_raw=-13.73 | off=- ccx_end=- since_show=- since_cue=- | pcr=43.072 pid=100 head_rel=- ccx_lag=- | credit=13.6 capped=0.0 | fsize=19623440 feed=-1 feed_behind=19623441 | backlog=5.00 edge=5.00 div=- lag_ewma=-
21:02:33.977 TICK fr=23.69 cc=0.00 raw=18.79 vid=18.50 playing=1 started=1 stall=0 | d_fr_cc=+23.69 d_fr_raw=+4.90 d_cc_raw=-18.79 | off=- ccx_end=- since_show=- since_cue=- | pcr=54.237 pid=100 head_rel=- ccx_lag=- | credit=23.7 capped=0.0 | fsize=24974860 feed=-1 feed_behind=24974861 | backlog=5.00 edge=5.00 div=- lag_ewma=-
21:02:39.019 TICK fr=33.15 cc=0.00 raw=23.84 vid=23.84 playing=1 started=1 stall=0 | d_fr_cc=+33.15 d_fr_raw=+9.30 d_cc_raw=-23.84 | off=- ccx_end=- since_show=- since_cue=- | pcr=58.030 pid=100 head_rel=- ccx_lag=- | credit=33.1 capped=0.0 | fsize=26752212 feed=-1 feed_behind=26752213 | backlog=5.00 edge=5.00 div=- lag_ewma=-
21:02:44.038 TICK fr=33.15 cc=0.00 raw=28.90 vid=28.62 playing=1 started=1 stall=0 | d_fr_cc=+33.15 d_fr_raw=+4.24 d_cc_raw=-28.90 | off=- ccx_end=- since_show=- since_cue=- | pcr=58.030 pid=100 head_rel=- ccx_lag=- | credit=33.1 capped=0.0 | fsize=26752212 feed=-1 feed_behind=26752213 | backlog=5.00 edge=5.00 div=- lag_ewma=-
21:02:49.076 TICK fr=41.60 cc=0.00 raw=33.96 vid=33.40 playing=1 started=1 stall=0 | d_fr_cc=+41.60 d_fr_raw=+7.64 d_cc_raw=-33.96 | off=- ccx_end=- since_show=- since_cue=- | pcr=69.054 pid=100 head_rel=- ccx_lag=- | credit=41.6 capped=0.0 | fsize=31691348 feed=-1 feed_behind=31691349 | backlog=5.00 edge=5.00 div=- lag_ewma=-
21:02:54.115 TICK fr=46.44 cc=0.00 raw=38.74 vid=38.74 playing=1 started=1 stall=0 | d_fr_cc=+46.44 d_fr_raw=+7.69 d_cc_raw=-38.74 | off=- ccx_end=- since_show=- since_cue=- | pcr=73.056 pid=100 head_rel=- ccx_lag=- | credit=46.4 capped=0.0 | fsize=33599924 feed=-1 feed_behind=33599925 | backlog=5.00 edge=5.00 div=- lag_ewma=-
21:02:58.952 TICK fr=51.48 cc=0.00 raw=43.80 vid=43.80 playing=1 started=1 stall=0 | d_fr_cc=+51.48 d_fr_raw=+7.67 d_cc_raw=-43.80 | off=- ccx_end=- since_show=- since_cue=- | pcr=77.274 pid=100 head_rel=- ccx_lag=- | credit=51.5 capped=0.0 | fsize=35179124 feed=-1 feed_behind=35179125 | backlog=5.00 edge=5.00 div=- lag_ewma=-
21:03:03.993 TICK fr=57.12 cc=0.00 raw=48.85 vid=48.58 playing=1 started=1 stall=0 | d_fr_cc=+57.12 d_fr_raw=+8.26 d_cc_raw=-48.85 | off=- ccx_end=- since_show=- since_cue=- | pcr=79.872 pid=100 head_rel=- ccx_lag=- | credit=57.1 capped=0.0 | fsize=36677484 feed=-1 feed_behind=36677485 | backlog=5.00 edge=5.00 div=- lag_ewma=-
21:03:07.209 REGIME rate=1.01 healthy
21:03:07.209 PHASE MID90-WAIT waiting frontier >= 90 s (max 300 s)
21:03:09.036 TICK fr=62.76 cc=0.00 raw=53.91 vid=53.35 playing=1 started=1 stall=0 | d_fr_cc=+62.76 d_fr_raw=+8.85 d_cc_raw=-53.91 | off=- ccx_end=- since_show=- since_cue=- | pcr=91.250 pid=100 head_rel=- ccx_lag=- | credit=62.8 capped=0.0 | fsize=41502316 feed=-1 feed_behind=41502317 | backlog=5.00 edge=5.00 div=- lag_ewma=-
21:03:14.060 TICK fr=62.76 cc=0.00 raw=58.97 vid=58.69 playing=1 started=1 stall=0 | d_fr_cc=+62.76 d_fr_raw=+3.80 d_cc_raw=-58.97 | off=- ccx_end=- since_show=- since_cue=- | pcr=91.250 pid=100 head_rel=- ccx_lag=- | credit=62.8 capped=0.0 | fsize=41502316 feed=-1 feed_behind=41502317 | backlog=5.00 edge=5.00 div=- lag_ewma=-
21:03:19.096 TICK fr=72.83 cc=0.00 raw=63.74 vid=63.46 playing=1 started=1 stall=0 | d_fr_cc=+72.83 d_fr_raw=+9.09 d_cc_raw=-63.74 | off=- ccx_end=- since_show=- since_cue=- | pcr=103.054 pid=100 head_rel=- ccx_lag=- | credit=72.8 capped=0.0 | fsize=46858248 feed=-1 feed_behind=46858249 | backlog=5.00 edge=5.00 div=- lag_ewma=-
21:03:24.135 TICK fr=77.46 cc=0.00 raw=68.80 vid=68.52 playing=1 started=1 stall=0 | d_fr_cc=+77.46 d_fr_raw=+8.67 d_cc_raw=-68.80 | off=- ccx_end=- since_show=- since_cue=- | pcr=109.304 pid=100 head_rel=- ccx_lag=- | credit=77.5 capped=0.0 | fsize=50034696 feed=-1 feed_behind=50034697 | backlog=5.00 edge=5.00 div=- lag_ewma=-
21:03:28.981 TICK fr=82.70 cc=0.00 raw=73.85 vid=73.85 playing=1 started=1 stall=0 | d_fr_cc=+82.70 d_fr_raw=+8.85 d_cc_raw=-73.85 | off=- ccx_end=- since_show=- since_cue=- | pcr=113.873 pid=100 head_rel=- ccx_lag=- | credit=82.7 capped=0.0 | fsize=51801520 feed=-1 feed_behind=51801521 | backlog=5.00 edge=5.00 div=- lag_ewma=-
21:03:34.021 TICK fr=87.55 cc=0.00 raw=78.91 vid=78.63 playing=1 started=1 stall=0 | d_fr_cc=+87.55 d_fr_raw=+8.63 d_cc_raw=-78.91 | off=- ccx_end=- since_show=- since_cue=- | pcr=117.248 pid=100 head_rel=- ccx_lag=- | credit=87.5 capped=0.0 | fsize=53270928 feed=-1 feed_behind=53270929 | backlog=5.00 edge=5.00 div=- lag_ewma=-
21:03:39.046 TICK fr=87.55 cc=0.00 raw=83.69 vid=83.41 playing=1 started=1 stall=0 | d_fr_cc=+87.55 d_fr_raw=+3.86 d_cc_raw=-83.69 | off=- ccx_end=- since_show=- since_cue=- | pcr=117.248 pid=100 head_rel=- ccx_lag=- | credit=87.5 capped=0.0 | fsize=53270928 feed=-1 feed_behind=53270929 | backlog=5.00 edge=5.00 div=- lag_ewma=-
21:03:40.452 PHASE MID90-ENGAGE frontier=94.4s
21:03:40.530 CCSTART buf=C:\Users\micha\AppData\Local\Temp\mtp_dvr_3gt219at\buffer.ts join_byte=46425284
21:03:40.582 PCRJOIN byte=46425284 pid=100 pcr=102.281
21:03:40.583 CLOCK seed raw=85.37 prev=0.00 new=85.09 d=+85.092 fr=94.40 dt=2.000 rate=1.00 paused=False backlog=5.00 edge=90.09 div=-
21:03:40.736 CLOCK fold raw=85.63 prev=85.09 new=85.35 d=+0.258 fr=94.78 dt=0.154 rate=1.00 paused=False backlog=4.90 edge=90.25 div=0.28
21:03:40.838 CLOCK integ raw=85.63 prev=85.35 new=85.45 d=+0.102 fr=94.78 dt=0.102 rate=1.00 paused=False backlog=4.90 edge=90.35 div=0.28
21:03:40.939 CLOCK integ raw=85.63 prev=85.45 new=85.55 d=+0.101 fr=94.78 dt=0.101 rate=1.00 paused=False backlog=4.90 edge=90.45 div=0.28
21:03:41.043 JOINAPP byte=46425284 app=99.86 (seg 22.42s/10422532B)
21:03:41.043 EDGESNAP err=+31.82 edge->122.27
21:03:41.043 CUE cx=[7.17..8.31] adv=- el=1.00 first-cue-fr>=20 | off=- fr=94.78 cc=85.55 raw=85.94 lead=- | pcr=124.698 head_rel=22.42 lag_ewma=- | q=going to call it a catch. And / no turnover down by contact.
21:03:41.044 CUE cx=[8.31..10.04] adv=1.73 el=0.00 fresh | off=- fr=94.78 cc=85.55 raw=85.94 lead=- | pcr=124.698 head_rel=22.42 lag_ewma=- | q=no turnover down by contact. / Packers keep the football. / 
21:03:41.044 CUE cx=[10.04..11.84] adv=1.80 el=0.00 fresh | off=- fr=94.78 cc=85.55 raw=85.94 lead=- | pcr=124.698 head_rel=22.42 lag_ewma=- | q=Packers keep the football. / Let's take a look alongside you
21:03:41.044 CUE cx=[11.85..16.92] adv=5.07 el=0.00 catchup(adv=5.1>5.0) | off=- fr=94.78 cc=85.55 raw=85.94 lead=- | pcr=124.698 head_rel=22.42 lag_ewma=- | q=Let's take a look alongside you / here again though I love t
21:03:41.044 CUE cx=[16.92..18.32] adv=1.40 el=0.00 fresh | off=- fr=94.78 cc=85.55 raw=85.94 lead=- | pcr=124.698 head_rel=22.42 lag_ewma=- | q=here again though I love the / effort of Pat certain and I0I
21:03:41.044 CUE cx=[18.32..19.89] adv=1.57 el=0.00 fresh | off=- fr=94.78 cc=85.55 raw=85.94 lead=- | pcr=124.698 head_rel=22.42 lag_ewma=- | q=effort of Pat certain and I0I / mean that's a split second. 
21:03:41.045 CUE cx=[19.89..20.99] adv=1.10 el=0.00 fresh | off=- fr=94.78 cc=85.55 raw=85.94 lead=- | pcr=124.698 head_rel=22.42 lag_ewma=- | q=mean that's a split second. I / think they got it right. And
21:03:41.045 ANCHOR pend_end=20.99 L=1.43 pinL=1.43 target=99.86 off=-
21:03:41.046 CLOCK fold raw=85.94 prev=85.55 new=85.66 d=+0.101 fr=94.78 dt=0.107 rate=1.00 paused=False backlog=36.72 edge=122.38 div=0.28
21:03:41.148 CLOCK integ raw=85.94 prev=85.66 new=85.76 d=+0.102 fr=94.78 dt=0.102 rate=1.00 paused=False backlog=36.72 edge=122.48 div=0.28
21:03:41.299 CLOCK integ raw=85.94 prev=85.76 new=85.91 d=+0.152 fr=94.78 dt=0.152 rate=1.00 paused=False backlog=36.72 edge=122.63 div=0.28
21:03:41.401 CLOCK fold raw=86.22 prev=85.91 new=85.93 d=+0.026 fr=94.78 dt=0.101 rate=1.00 paused=False backlog=36.80 edge=122.73 div=0.28
21:03:41.503 CLOCK integ raw=86.22 prev=85.93 new=86.04 d=+0.102 fr=94.78 dt=0.102 rate=1.00 paused=False backlog=36.80 edge=122.84 div=0.28
21:03:41.605 CLOCK fold raw=86.50 prev=86.04 new=86.21 d=+0.178 fr=94.78 dt=0.102 rate=1.00 paused=False backlog=36.72 edge=122.94 div=0.28
21:03:41.707 CLOCK integ raw=86.50 prev=86.21 new=86.32 d=+0.102 fr=94.78 dt=0.102 rate=1.00 paused=False backlog=36.72 edge=123.04 div=0.28
21:03:41.860 CLOCK integ raw=86.50 prev=86.32 new=86.47 d=+0.153 fr=94.78 dt=0.153 rate=1.00 paused=False backlog=36.72 edge=123.19 div=0.28
21:03:41.963 CLOCK fold raw=86.78 prev=86.47 new=86.50 d=+0.027 fr=94.78 dt=0.103 rate=1.00 paused=False backlog=36.80 edge=123.30 div=0.28
21:03:42.065 CLOCK integ raw=86.78 prev=86.50 new=86.60 d=+0.102 fr=94.78 dt=0.102 rate=1.00 paused=False backlog=36.80 edge=123.40 div=0.28
21:03:42.167 CLOCK fold raw=87.06 prev=86.60 new=86.78 d=+0.178 fr=94.78 dt=0.102 rate=1.00 paused=False backlog=36.72 edge=123.50 div=0.28
21:03:42.270 CLOCK integ raw=87.06 prev=86.78 new=86.88 d=+0.102 fr=94.78 dt=0.102 rate=1.00 paused=False backlog=36.72 edge=123.60 div=0.28
21:03:42.372 CLOCK integ raw=87.06 prev=86.88 new=86.98 d=+0.102 fr=94.78 dt=0.102 rate=1.00 paused=False backlog=36.72 edge=123.70 div=0.28
21:03:42.473 CLOCK fold raw=87.34 prev=86.98 new=87.06 d=+0.079 fr=94.78 dt=0.101 rate=1.00 paused=False backlog=36.75 edge=123.81 div=0.28
21:03:42.627 CLOCK integ raw=87.34 prev=87.06 new=87.21 d=+0.155 fr=94.78 dt=0.155 rate=1.00 paused=False backlog=35.98 edge=123.19 div=0.28
21:03:42.730 CLOCK fold raw=87.62 prev=87.21 new=87.34 d=+0.126 fr=94.78 dt=0.102 rate=1.00 paused=False backlog=35.96 edge=123.30 div=0.28
21:03:42.831 CLOCK integ raw=87.62 prev=87.34 new=87.44 d=+0.101 fr=94.78 dt=0.101 rate=1.00 paused=False backlog=35.96 edge=123.40 div=0.28
21:03:42.933 CLOCK integ raw=87.62 prev=87.44 new=87.54 d=+0.102 fr=94.78 dt=0.102 rate=1.00 paused=False backlog=35.96 edge=123.50 div=0.28
21:03:43.036 CLOCK fold raw=87.90 prev=87.54 new=87.62 d=+0.078 fr=94.78 dt=0.102 rate=1.00 paused=False backlog=35.98 edge=123.60 div=0.28
21:03:43.137 CLOCK integ raw=87.90 prev=87.62 new=87.72 d=+0.102 fr=94.78 dt=0.102 rate=1.00 paused=False backlog=35.98 edge=123.70 div=0.28
21:03:43.239 CLOCK integ raw=87.90 prev=87.72 new=87.83 d=+0.102 fr=94.78 dt=0.102 rate=1.00 paused=False backlog=35.98 edge=123.81 div=0.28
21:03:43.342 CLOCK fold raw=88.18 prev=87.83 new=87.90 d=+0.077 fr=94.78 dt=0.103 rate=1.00 paused=False backlog=36.01 edge=123.91 div=0.28
21:03:43.495 CLOCK integ raw=88.18 prev=87.90 new=88.06 d=+0.153 fr=94.78 dt=0.153 rate=1.00 paused=False backlog=36.01 edge=124.06 div=0.28
21:03:43.598 CLOCK fold raw=88.47 prev=88.06 new=88.18 d=+0.129 fr=94.78 dt=0.102 rate=1.00 paused=False backlog=35.98 edge=124.16 div=0.28
21:03:43.700 CLOCK integ raw=88.47 prev=88.18 new=88.29 d=+0.103 fr=94.78 dt=0.103 rate=1.00 paused=False backlog=35.98 edge=124.27 div=0.28
21:03:43.802 CLOCK integ raw=88.47 prev=88.29 new=88.39 d=+0.102 fr=94.78 dt=0.102 rate=1.00 paused=False backlog=35.98 edge=124.37 div=0.28
21:03:43.905 CLOCK fold raw=88.75 prev=88.39 new=88.47 d=+0.077 fr=94.78 dt=0.102 rate=1.00 paused=False backlog=36.01 edge=124.47 div=0.28
21:03:43.959 TICK fr=94.78 cc=88.47 raw=88.75 vid=88.75 playing=1 started=1 stall=0 | d_fr_cc=+6.32 d_fr_raw=+6.04 d_cc_raw=-0.28 | off=99.86 ccx_end=20.99 since_show=- since_cue=2.9 | pcr=124.698 pid=100 head_rel=22.42 ccx_lag=1.43 | credit=94.8 capped=0.0 | fsize=56847816 feed=56847816 feed_behind=0 | backlog=36.01 edge=124.47 div=0.28 lag_ewma=1.43
21:03:44.010 CLOCK integ raw=88.75 prev=88.47 new=88.57 d=+0.105 fr=94.78 dt=0.105 rate=1.00 paused=False backlog=36.01 edge=124.58 div=0.28
21:03:44.113 CLOCK integ raw=88.75 prev=88.57 new=88.67 d=+0.103 fr=94.78 dt=0.103 rate=1.00 paused=False backlog=36.01 edge=124.68 div=0.28
21:03:44.267 CLOCK fold raw=89.03 prev=88.67 new=88.74 d=+0.070 fr=94.78 dt=0.153 rate=1.00 paused=False backlog=36.09 edge=124.83 div=0.28
21:03:44.320 CUE cx=[20.99..22.86] adv=1.87 el=3.27 fresh | off=99.86 fr=98.47 cc=88.74 raw=89.03 lead=+33.97 | pcr=127.858 head_rel=25.58 lag_ewma=1.43 | q=think they got it right. And / now if you're the Broncos wha
21:03:44.320 CUE cx=[22.86..24.09] adv=1.23 el=0.00 fresh | off=99.86 fr=98.47 cc=88.74 raw=89.03 lead=+35.20 | pcr=127.858 head_rel=25.58 lag_ewma=1.43 | q=now if you're the Broncos what / an opportunity. You practic
21:03:44.372 ANCHOR pend_end=24.09 L=1.45 pinL=1.49 target=99.71 off=99.86
21:03:44.372 CLOCK integ raw=89.03 prev=88.74 new=88.85 d=+0.106 fr=98.47 dt=0.106 rate=1.00 paused=False backlog=36.54 edge=125.39 div=0.28
21:03:44.434 CLOCK fold raw=89.31 prev=88.85 new=89.03 d=+0.178 fr=98.47 dt=0.062 rate=1.00 paused=False backlog=36.42 edge=125.45 div=0.28
21:03:44.587 CLOCK integ raw=89.31 prev=89.03 new=89.18 d=+0.153 fr=98.47 dt=0.153 rate=1.00 paused=False backlog=36.41 edge=125.59 div=0.28
21:03:44.688 CLOCK fold raw=89.59 prev=89.18 new=89.31 d=+0.127 fr=98.47 dt=0.101 rate=1.00 paused=False backlog=36.39 edge=125.70 div=0.28
21:03:44.790 CLOCK integ raw=89.59 prev=89.31 new=89.41 d=+0.102 fr=98.47 dt=0.102 rate=1.00 paused=False backlog=36.39 edge=125.80 div=0.28
21:03:44.892 CLOCK integ raw=89.59 prev=89.41 new=89.51 d=+0.102 fr=98.47 dt=0.102 rate=1.00 paused=False backlog=36.39 edge=125.90 div=0.28
21:03:44.994 CLOCK fold raw=89.88 prev=89.51 new=89.59 d=+0.082 fr=98.47 dt=0.102 rate=1.00 paused=False backlog=36.41 edge=126.00 div=0.28
21:03:45.095 CLOCK integ raw=89.88 prev=89.59 new=89.70 d=+0.102 fr=98.47 dt=0.102 rate=1.00 paused=False backlog=36.41 edge=126.10 div=0.28
21:03:45.247 CLOCK fold raw=90.15 prev=89.70 new=89.87 d=+0.172 fr=98.47 dt=0.152 rate=1.00 paused=False backlog=36.39 edge=126.25 div=0.28
21:03:45.349 CLOCK integ raw=90.15 prev=89.87 new=89.97 d=+0.102 fr=98.47 dt=0.102 rate=1.00 paused=False backlog=36.39 edge=126.36 div=0.28
21:03:45.450 CLOCK integ raw=90.15 prev=89.97 new=90.07 d=+0.102 fr=98.47 dt=0.102 rate=1.00 paused=False backlog=36.39 edge=126.46 div=0.28
21:03:45.552 CLOCK fold raw=90.43 prev=90.07 new=90.15 d=+0.079 fr=98.47 dt=0.102 rate=1.00 paused=False backlog=36.41 edge=126.56 div=0.28
21:03:45.654 CLOCK integ raw=90.43 prev=90.15 new=90.25 d=+0.101 fr=98.47 dt=0.101 rate=1.00 paused=False backlog=36.41 edge=126.66 div=0.28
21:03:45.755 CLOCK integ raw=90.43 prev=90.25 new=90.35 d=+0.101 fr=98.47 dt=0.101 rate=1.00 paused=False backlog=36.41 edge=126.76 div=0.28
21:03:45.857 CLOCK fold raw=90.71 prev=90.35 new=90.43 d=+0.077 fr=98.47 dt=0.102 rate=1.00 paused=False backlog=36.43 edge=126.86 div=0.28
21:03:46.009 CLOCK integ raw=90.71 prev=90.43 new=90.58 d=+0.152 fr=98.47 dt=0.152 rate=1.00 paused=False backlog=36.43 edge=127.02 div=0.28
21:03:46.110 CLOCK fold raw=90.99 prev=90.58 new=90.71 d=+0.130 fr=98.47 dt=0.102 rate=1.00 paused=False backlog=36.40 edge=127.12 div=0.28
21:03:46.213 CLOCK integ raw=90.99 prev=90.71 new=90.82 d=+0.102 fr=98.47 dt=0.102 rate=1.00 paused=False backlog=36.40 edge=127.22 div=0.28
21:03:46.314 CLOCK integ raw=90.99 prev=90.82 new=90.92 d=+0.102 fr=98.47 dt=0.102 rate=1.00 paused=False backlog=36.40 edge=127.32 div=0.28
21:03:46.416 CLOCK fold raw=91.28 prev=90.92 new=91.00 d=+0.079 fr=98.47 dt=0.102 rate=1.00 paused=False backlog=36.43 edge=127.42 div=0.28
21:03:46.517 CLOCK integ raw=91.28 prev=91.00 new=91.10 d=+0.101 fr=98.47 dt=0.101 rate=1.00 paused=False backlog=36.43 edge=127.52 div=0.28
21:03:46.670 CLOCK fold raw=91.56 prev=91.10 new=91.27 d=+0.177 fr=98.47 dt=0.153 rate=1.00 paused=False backlog=35.36 edge=126.63 div=0.28
21:03:46.772 CLOCK integ raw=91.56 prev=91.27 new=91.38 d=+0.102 fr=98.47 dt=0.102 rate=1.00 paused=False backlog=35.36 edge=126.73 div=0.28
21:03:46.874 CLOCK integ raw=91.56 prev=91.38 new=91.48 d=+0.102 fr=98.47 dt=0.102 rate=1.00 paused=False backlog=35.36 edge=126.84 div=0.28
21:03:46.975 CLOCK fold raw=91.84 prev=91.48 new=91.56 d=+0.078 fr=98.47 dt=0.101 rate=1.00 paused=False backlog=35.38 edge=126.94 div=0.28
21:03:47.077 CLOCK integ raw=91.84 prev=91.56 new=91.66 d=+0.101 fr=98.47 dt=0.101 rate=1.00 paused=False backlog=35.38 edge=127.04 div=0.28
21:03:47.179 CLOCK integ raw=91.84 prev=91.66 new=91.76 d=+0.102 fr=98.47 dt=0.102 rate=1.00 paused=False backlog=35.38 edge=127.14 div=0.28
21:03:47.280 CLOCK fold raw=92.12 prev=91.76 new=91.84 d=+0.078 fr=98.47 dt=0.101 rate=1.00 paused=False backlog=35.40 edge=127.24 div=0.28
21:03:47.432 CLOCK integ raw=92.12 prev=91.84 new=91.99 d=+0.152 fr=98.47 dt=0.152 rate=1.00 paused=False backlog=35.40 edge=127.39 div=0.28
21:03:47.534 CLOCK fold raw=92.40 prev=91.99 new=92.12 d=+0.129 fr=98.47 dt=0.102 rate=1.00 paused=False backlog=35.38 edge=127.50 div=0.28
21:03:47.636 CLOCK integ raw=92.40 prev=92.12 new=92.22 d=+0.102 fr=98.47 dt=0.102 rate=1.00 paused=False backlog=35.38 edge=127.60 div=0.28
21:03:47.738 CLOCK integ raw=92.40 prev=92.22 new=92.32 d=+0.101 fr=98.47 dt=0.101 rate=1.00 paused=False backlog=35.38 edge=127.70 div=0.28
21:03:47.839 CLOCK fold raw=92.68 prev=92.32 new=92.40 d=+0.081 fr=98.47 dt=0.101 rate=1.00 paused=False backlog=35.40 edge=127.80 div=0.28
21:03:47.941 CLOCK integ raw=92.68 prev=92.40 new=92.50 d=+0.101 fr=98.47 dt=0.101 rate=1.00 paused=False backlog=35.40 edge=127.90 div=0.28
21:03:48.093 CLOCK fold raw=92.96 prev=92.50 new=92.68 d=+0.176 fr=98.47 dt=0.153 rate=1.00 paused=False backlog=35.37 edge=128.05 div=0.28
21:03:48.195 CLOCK integ raw=92.96 prev=92.68 new=92.78 d=+0.102 fr=98.47 dt=0.102 rate=1.00 paused=False backlog=35.37 edge=128.16 div=0.28
21:03:48.298 CLOCK integ raw=92.96 prev=92.78 new=92.88 d=+0.103 fr=98.47 dt=0.103 rate=1.00 paused=False backlog=35.37 edge=128.26 div=0.28
21:03:48.400 CLOCK fold raw=93.24 prev=92.88 new=92.96 d=+0.077 fr=98.47 dt=0.102 rate=1.00 paused=False backlog=35.40 edge=128.36 div=0.28
21:03:48.503 CLOCK integ raw=93.24 prev=92.96 new=93.06 d=+0.102 fr=98.47 dt=0.102 rate=1.00 paused=False backlog=35.40 edge=128.46 div=0.28
21:03:48.556 EDGESNAP err=-3.03 edge->125.43
21:03:48.607 CLOCK integ raw=93.24 prev=93.06 new=93.17 d=+0.104 fr=98.47 dt=0.104 rate=1.00 paused=False backlog=32.37 edge=125.54 div=0.28
21:03:48.708 CLOCK fold raw=93.52 prev=93.17 new=93.24 d=+0.075 fr=98.47 dt=0.102 rate=1.00 paused=False backlog=32.40 edge=125.64 div=0.28
21:03:48.811 CLOCK integ raw=93.52 prev=93.24 new=93.35 d=+0.103 fr=98.47 dt=0.103 rate=1.00 paused=False backlog=32.40 edge=125.74 div=0.28
21:03:48.964 TICK fr=98.47 cc=93.35 raw=93.81 vid=93.52 playing=1 started=1 stall=0 | d_fr_cc=+5.12 d_fr_raw=+4.66 d_cc_raw=-0.46 | off=99.78 ccx_end=24.09 since_show=- since_cue=4.6 | pcr=127.858 pid=100 head_rel=25.58 ccx_lag=1.49 | credit=98.5 capped=0.0 | fsize=58590200 feed=58590200 feed_behind=0 | backlog=32.40 edge=125.74 div=0.28 lag_ewma=1.45
21:03:48.964 CLOCK fold raw=93.81 prev=93.35 new=93.53 d=+0.181 fr=98.47 dt=0.153 rate=1.00 paused=False backlog=32.37 edge=125.89 div=0.28
21:03:49.083 CUE cx=[24.09..25.56] adv=1.47 el=4.75 fresh | off=99.78 fr=98.47 cc=93.53 raw=93.81 lead=+31.81 | pcr=130.107 head_rel=27.83 lag_ewma=1.45 | q=an opportunity. You practice / the sudden change. Your offen
21:03:49.084 ANCHOR pend_end=25.56 L=1.74 pinL=2.27 target=98.96 off=99.78
21:03:49.084 CLOCK integ raw=93.81 prev=93.53 new=93.65 d=+0.120 fr=98.47 dt=0.120 rate=1.00 paused=False backlog=33.26 edge=126.91 div=0.28
21:03:49.135 CLOCK integ raw=93.81 prev=93.65 new=93.70 d=+0.051 fr=103.28 dt=0.051 rate=1.00 paused=False backlog=33.26 edge=126.96 div=0.28
21:03:49.287 CLOCK fold raw=94.09 prev=93.70 new=93.81 d=+0.110 fr=103.28 dt=0.152 rate=1.00 paused=False backlog=33.30 edge=127.11 div=0.28
21:03:49.288 CUE cx=[25.56..26.96] adv=1.40 el=0.22 fresh | off=99.37 fr=103.28 cc=93.81 raw=94.09 lead=+32.52 | pcr=130.107 head_rel=27.83 lag_ewma=1.74 | q=the sudden change. Your offense / is on the field. Come back
21:03:49.289 CUE cx=[26.96..29.13] adv=2.17 el=0.00 fresh | off=99.37 fr=103.28 cc=93.81 raw=94.09 lead=+34.69 | pcr=130.107 head_rel=27.83 lag_ewma=1.74 | q=is on the field. Come back to / the sideline offense, defens
21:03:49.390 ANCHOR pend_end=29.13 L=1.74 pinL=- target=96.67 off=99.37
21:03:49.390 CLOCK integ raw=94.09 prev=93.81 new=93.91 d=+0.103 fr=103.28 dt=0.103 rate=1.00 paused=False backlog=33.73 edge=127.64 div=0.28
21:03:49.492 CLOCK fold raw=94.37 prev=93.91 new=94.09 d=+0.175 fr=103.28 dt=0.102 rate=1.00 paused=False backlog=33.66 edge=127.74 div=0.28
21:03:49.594 CLOCK integ raw=94.37 prev=94.09 new=94.19 d=+0.102 fr=103.69 dt=0.102 rate=1.00 paused=False backlog=33.66 edge=127.85 div=0.28
21:03:49.695 CLOCK integ raw=94.37 prev=94.19 new=94.29 d=+0.101 fr=103.69 dt=0.101 rate=1.00 paused=False backlog=33.66 edge=127.95 div=0.28
21:03:49.796 CLOCK fold raw=94.65 prev=94.29 new=94.37 d=+0.078 fr=103.69 dt=0.101 rate=1.00 paused=False backlog=33.68 edge=128.05 div=0.28
21:03:49.898 CLOCK integ raw=94.65 prev=94.37 new=94.47 d=+0.102 fr=103.69 dt=0.102 rate=1.00 paused=False backlog=33.68 edge=128.15 div=0.28
21:03:50.051 CLOCK fold raw=94.93 prev=94.47 new=94.65 d=+0.179 fr=103.69 dt=0.153 rate=1.00 paused=False backlog=33.65 edge=128.30 div=0.28
21:03:50.152 CLOCK integ raw=94.93 prev=94.65 new=94.75 d=+0.101 fr=103.69 dt=0.101 rate=1.00 paused=False backlog=33.65 edge=128.40 div=0.28
21:03:50.254 CLOCK integ raw=94.93 prev=94.75 new=94.85 d=+0.102 fr=103.69 dt=0.102 rate=1.00 paused=False backlog=33.65 edge=128.51 div=0.28
21:03:50.356 CLOCK fold raw=95.21 prev=94.85 new=94.93 d=+0.078 fr=103.69 dt=0.102 rate=1.00 paused=False backlog=33.68 edge=128.61 div=0.28
21:03:50.458 CLOCK integ raw=95.21 prev=94.93 new=95.03 d=+0.102 fr=103.69 dt=0.102 rate=1.00 paused=False backlog=33.68 edge=128.71 div=0.28
21:03:50.561 CLOCK integ raw=95.21 prev=95.03 new=95.13 d=+0.103 fr=103.69 dt=0.103 rate=1.00 paused=False backlog=34.26 edge=129.39 div=0.28
21:03:50.663 CLOCK fold raw=95.49 prev=95.13 new=95.21 d=+0.075 fr=103.69 dt=0.102 rate=1.00 paused=False backlog=34.28 edge=129.49 div=0.28
21:03:50.817 CLOCK integ raw=95.49 prev=95.21 new=95.36 d=+0.153 fr=103.69 dt=0.153 rate=1.00 paused=False backlog=34.28 edge=129.65 div=0.28
21:03:50.919 CLOCK fold raw=95.77 prev=95.36 new=95.49 d=+0.131 fr=103.69 dt=0.102 rate=1.00 paused=False backlog=34.26 edge=129.75 div=0.28
21:03:51.021 CLOCK integ raw=95.77 prev=95.49 new=95.59 d=+0.102 fr=103.69 dt=0.102 rate=1.00 paused=False backlog=34.26 edge=129.85 div=0.28
21:03:51.124 CLOCK integ raw=95.77 prev=95.59 new=95.70 d=+0.103 fr=103.69 dt=0.103 rate=1.00 paused=False backlog=34.26 edge=129.95 div=0.28
21:03:51.226 CLOCK fold raw=96.05 prev=95.70 new=95.77 d=+0.074 fr=103.69 dt=0.103 rate=1.00 paused=False backlog=34.28 edge=130.06 div=0.28
21:03:51.379 CLOCK integ raw=96.05 prev=95.77 new=95.92 d=+0.153 fr=103.69 dt=0.153 rate=1.00 paused=False backlog=34.28 edge=130.21 div=0.28
21:03:51.481 CLOCK fold raw=96.33 prev=95.92 new=96.05 d=+0.129 fr=103.69 dt=0.102 rate=1.00 paused=False backlog=34.26 edge=130.31 div=0.28
21:03:51.582 CLOCK integ raw=96.33 prev=96.05 new=96.16 d=+0.102 fr=103.69 dt=0.102 rate=1.00 paused=False backlog=34.26 edge=130.41 div=0.28
21:03:51.684 CLOCK integ raw=96.33 prev=96.16 new=96.26 d=+0.102 fr=103.69 dt=0.102 rate=1.00 paused=False backlog=34.26 edge=130.51 div=0.28
21:03:51.786 CLOCK fold raw=96.61 prev=96.26 new=96.33 d=+0.075 fr=103.69 dt=0.102 rate=1.00 paused=False backlog=34.28 edge=130.62 div=0.28
21:03:51.887 CLOCK integ raw=96.61 prev=96.33 new=96.43 d=+0.101 fr=103.69 dt=0.101 rate=1.00 paused=False backlog=34.28 edge=130.72 div=0.28
21:03:51.989 CLOCK fold raw=96.89 prev=96.43 new=96.61 d=+0.180 fr=103.69 dt=0.102 rate=1.00 paused=False backlog=34.20 edge=130.82 div=0.28
21:03:52.092 CLOCK integ raw=96.89 prev=96.61 new=96.72 d=+0.103 fr=103.69 dt=0.103 rate=1.00 paused=False backlog=34.20 edge=130.92 div=0.28
21:03:52.246 CLOCK integ raw=96.89 prev=96.72 new=96.87 d=+0.154 fr=103.69 dt=0.154 rate=1.00 paused=False backlog=34.20 edge=131.08 div=0.28
21:03:52.347 CLOCK fold raw=97.18 prev=96.87 new=96.90 d=+0.026 fr=103.69 dt=0.101 rate=1.00 paused=False backlog=34.28 edge=131.18 div=0.28
21:03:52.449 CLOCK integ raw=97.18 prev=96.90 new=97.00 d=+0.102 fr=103.69 dt=0.102 rate=1.00 paused=False backlog=34.28 edge=131.28 div=0.28
21:03:52.552 CLOCK fold raw=97.46 prev=97.00 new=97.18 d=+0.178 fr=103.69 dt=0.103 rate=1.00 paused=False backlog=33.50 edge=130.67 div=0.28
21:03:52.654 CLOCK integ raw=97.46 prev=97.18 new=97.28 d=+0.102 fr=103.69 dt=0.102 rate=1.00 paused=False backlog=33.50 edge=130.78 div=0.28
21:03:52.755 CLOCK integ raw=97.46 prev=97.28 new=97.38 d=+0.102 fr=103.69 dt=0.102 rate=1.00 paused=False backlog=33.50 edge=130.88 div=0.28
21:03:52.857 CLOCK fold raw=97.74 prev=97.38 new=97.46 d=+0.079 fr=103.69 dt=0.102 rate=1.00 paused=False backlog=33.52 edge=130.98 div=0.28
21:03:52.959 CLOCK integ raw=97.74 prev=97.46 new=97.56 d=+0.102 fr=103.69 dt=0.102 rate=1.00 paused=False backlog=33.52 edge=131.08 div=0.28
21:03:53.138 CUE cx=[29.13..30.90] adv=1.77 el=3.82 fresh | off=98.02 fr=103.69 cc=97.56 raw=98.02 lead=+31.36 | pcr=134.674 head_rel=32.39 lag_ewma=1.74 | q=the sideline offense, defense. / Go back out there and get t
21:03:53.138 ANCHOR pend_end=30.90 L=1.65 pinL=1.50 target=99.27 off=98.02
21:03:53.139 CLOCK fold raw=98.02 prev=97.56 new=97.74 d=+0.180 fr=103.69 dt=0.180 rate=1.00 paused=False backlog=34.10 edge=131.84 div=0.28
21:03:53.190 CLOCK integ raw=98.02 prev=97.74 new=97.79 d=+0.051 fr=103.69 dt=0.051 rate=1.00 paused=False backlog=34.10 edge=131.90 div=0.28
21:03:53.342 CLOCK integ raw=98.02 prev=97.79 new=97.94 d=+0.152 fr=107.39 dt=0.152 rate=1.00 paused=False backlog=34.10 edge=132.05 div=0.28
21:03:53.443 CLOCK fold raw=98.30 prev=97.94 new=98.02 d=+0.076 fr=107.39 dt=0.102 rate=1.00 paused=False backlog=34.13 edge=132.15 div=0.28
21:03:53.545 CLOCK integ raw=98.30 prev=98.02 new=98.12 d=+0.101 fr=107.39 dt=0.101 rate=1.00 paused=False backlog=34.13 edge=132.25 div=0.28
21:03:53.617 EDGESNAP err=+4.00 edge->136.25
21:03:53.617 CUE cx=[30.90..32.40] adv=1.50 el=0.48 fresh | off=98.65 fr=107.39 cc=98.12 raw=98.30 lead=+32.92 | pcr=138.680 head_rel=36.40 lag_ewma=5.66 | q=Go back out there and get that / ball back. You could see Ry
21:03:53.617 CUE cx=[32.40..34.17] adv=1.77 el=0.02 fresh | off=98.65 fr=107.39 cc=98.12 raw=98.30 lead=+34.69 | pcr=138.680 head_rel=36.40 lag_ewma=5.66 | q=ball back. You could see Rylie / Moss grimacing. Looked like
21:03:53.618 ANCHOR pend_end=34.17 L=4.46 pinL=2.23 target=99.86 off=98.65
21:03:53.618 CLOCK integ raw=98.30 prev=98.12 new=98.19 d=+0.074 fr=107.77 dt=0.074 rate=1.00 paused=False backlog=38.13 edge=136.33 div=0.28
21:03:53.770 CLOCK fold raw=98.58 prev=98.19 new=98.30 d=+0.106 fr=107.77 dt=0.152 rate=1.00 paused=False backlog=38.18 edge=136.48 div=0.28
21:03:53.871 CLOCK integ raw=98.58 prev=98.30 new=98.40 d=+0.101 fr=107.77 dt=0.101 rate=1.00 paused=False backlog=38.18 edge=136.58 div=0.28
21:03:53.976 TICK fr=107.77 cc=98.40 raw=98.86 vid=98.30 playing=1 started=1 stall=0 | d_fr_cc=+9.36 d_fr_raw=+8.90 d_cc_raw=-0.46 | off=99.25 ccx_end=34.17 since_show=- since_cue=0.4 | pcr=138.680 pid=100 head_rel=36.40 ccx_lag=2.23 | credit=107.8 capped=0.0 | fsize=63570696 feed=63570696 feed_behind=0 | backlog=38.18 edge=136.58 div=0.28 lag_ewma=4.46
21:03:53.976 CLOCK fold raw=98.86 prev=98.40 new=98.58 d=+0.181 fr=107.77 dt=0.104 rate=1.00 paused=False backlog=38.10 edge=136.68 div=0.28
21:03:54.078 CLOCK integ raw=98.86 prev=98.58 new=98.69 d=+0.102 fr=107.77 dt=0.102 rate=1.00 paused=False backlog=38.10 edge=136.79 div=0.28
21:03:54.179 CLOCK integ raw=98.86 prev=98.69 new=98.79 d=+0.102 fr=107.77 dt=0.102 rate=1.00 paused=False backlog=38.10 edge=136.89 div=0.28
21:03:54.282 CLOCK fold raw=99.14 prev=98.79 new=98.86 d=+0.075 fr=107.77 dt=0.102 rate=1.00 paused=False backlog=38.13 edge=136.99 div=0.28
21:03:54.433 CLOCK integ raw=99.14 prev=98.86 new=99.01 d=+0.152 fr=107.77 dt=0.152 rate=1.00 paused=False backlog=38.13 edge=137.14 div=0.28
21:03:54.535 CLOCK fold raw=99.42 prev=99.01 new=99.14 d=+0.130 fr=107.77 dt=0.102 rate=1.00 paused=False backlog=38.10 edge=137.24 div=0.28
21:03:54.638 CLOCK integ raw=99.42 prev=99.14 new=99.25 d=+0.103 fr=107.77 dt=0.103 rate=1.00 paused=False backlog=37.61 edge=136.85 div=0.28
21:03:54.740 CLOCK integ raw=99.42 prev=99.25 new=99.35 d=+0.102 fr=107.77 dt=0.102 rate=1.00 paused=False backlog=37.61 edge=136.95 div=0.28
21:03:54.842 CLOCK fold raw=99.71 prev=99.35 new=99.42 d=+0.076 fr=107.77 dt=0.102 rate=1.00 paused=False backlog=37.63 edge=137.06 div=0.28
21:03:54.943 CLOCK integ raw=99.71 prev=99.42 new=99.53 d=+0.101 fr=107.77 dt=0.101 rate=1.00 paused=False backlog=37.63 edge=137.16 div=0.28
21:03:55.044 CLOCK integ raw=99.71 prev=99.53 new=99.63 d=+0.101 fr=107.77 dt=0.101 rate=1.00 paused=False backlog=37.63 edge=137.26 div=0.28
21:03:55.196 CLOCK fold raw=99.99 prev=99.63 new=99.71 d=+0.078 fr=107.77 dt=0.152 rate=1.00 paused=False backlog=37.70 edge=137.41 div=0.28
21:03:55.298 CLOCK integ raw=99.99 prev=99.71 new=99.81 d=+0.102 fr=107.77 dt=0.102 rate=1.00 paused=False backlog=37.70 edge=137.51 div=0.28
21:03:55.400 CLOCK fold raw=100.27 prev=99.81 new=99.99 d=+0.180 fr=107.77 dt=0.102 rate=1.00 paused=False backlog=37.63 edge=137.61 div=0.28
21:03:55.502 CLOCK integ raw=100.27 prev=99.99 new=100.09 d=+0.102 fr=107.77 dt=0.102 rate=1.00 paused=False backlog=37.63 edge=137.72 div=0.28
21:03:55.603 CLOCK integ raw=100.27 prev=100.09 new=100.19 d=+0.101 fr=107.77 dt=0.101 rate=1.00 paused=False backlog=37.63 edge=137.82 div=0.28
21:03:55.755 CLOCK fold raw=100.55 prev=100.19 new=100.27 d=+0.078 fr=107.77 dt=0.152 rate=1.00 paused=False backlog=37.70 edge=137.97 div=0.28
21:03:55.856 CLOCK integ raw=100.55 prev=100.27 new=100.37 d=+0.101 fr=107.77 dt=0.101 rate=1.00 paused=False backlog=37.70 edge=138.07 div=0.28
21:03:55.957 CLOCK fold raw=100.83 prev=100.37 new=100.55 d=+0.179 fr=107.77 dt=0.101 rate=1.00 paused=False backlog=37.62 edge=138.17 div=0.28
21:03:56.059 CLOCK integ raw=100.83 prev=100.55 new=100.65 d=+0.102 fr=107.77 dt=0.102 rate=1.00 paused=False backlog=37.62 edge=138.27 div=0.28
21:03:56.162 CLOCK integ raw=100.83 prev=100.65 new=100.75 d=+0.103 fr=107.77 dt=0.103 rate=1.00 paused=False backlog=37.62 edge=138.38 div=0.28
21:03:56.263 CLOCK fold raw=101.11 prev=100.75 new=100.83 d=+0.077 fr=107.77 dt=0.101 rate=1.00 paused=False backlog=37.65 edge=138.48 div=0.28
21:03:56.365 CLOCK integ raw=101.11 prev=100.83 new=100.93 d=+0.102 fr=107.77 dt=0.102 rate=1.00 paused=False backlog=37.65 edge=138.58 div=0.28
21:03:56.467 CLOCK integ raw=101.11 prev=100.93 new=101.03 d=+0.103 fr=107.77 dt=0.103 rate=1.00 paused=False backlog=37.65 edge=138.68 div=0.28
21:03:56.622 CLOCK fold raw=101.39 prev=101.03 new=101.11 d=+0.078 fr=107.77 dt=0.155 rate=1.00 paused=False backlog=36.51 edge=137.62 div=0.28
21:03:56.724 CLOCK integ raw=101.39 prev=101.11 new=101.21 d=+0.102 fr=107.77 dt=0.102 rate=1.00 paused=False backlog=36.51 edge=137.72 div=0.28
21:03:56.827 CLOCK fold raw=101.67 prev=101.21 new=101.39 d=+0.178 fr=107.77 dt=0.103 rate=1.00 paused=False backlog=36.44 edge=137.83 div=0.28
21:03:56.929 CLOCK integ raw=101.67 prev=101.39 new=101.49 d=+0.103 fr=107.77 dt=0.103 rate=1.00 paused=False backlog=36.44 edge=137.93 div=0.28
21:03:57.031 CLOCK integ raw=101.67 prev=101.49 new=101.60 d=+0.102 fr=107.77 dt=0.102 rate=1.00 paused=False backlog=36.44 edge=138.03 div=0.28
21:03:57.132 CLOCK fold raw=101.95 prev=101.60 new=101.67 d=+0.078 fr=107.77 dt=0.101 rate=1.00 paused=False backlog=36.46 edge=138.13 div=0.28
21:03:57.284 CLOCK integ raw=101.95 prev=101.67 new=101.83 d=+0.152 fr=107.77 dt=0.152 rate=1.00 paused=False backlog=36.46 edge=138.28 div=0.28
21:03:57.386 CLOCK fold raw=102.23 prev=101.83 new=101.95 d=+0.126 fr=107.77 dt=0.102 rate=1.00 paused=False backlog=36.43 edge=138.39 div=0.28
21:03:57.488 CLOCK integ raw=102.23 prev=101.95 new=102.05 d=+0.102 fr=107.77 dt=0.102 rate=1.00 paused=False backlog=36.43 edge=138.49 div=0.28
21:03:57.589 CLOCK integ raw=102.23 prev=102.05 new=102.16 d=+0.102 fr=107.77 dt=0.102 rate=1.00 paused=False backlog=36.43 edge=138.59 div=0.28
21:03:57.690 CLOCK fold raw=102.51 prev=102.16 new=102.23 d=+0.078 fr=107.77 dt=0.101 rate=1.00 paused=False backlog=36.46 edge=138.69 div=0.28
21:03:57.792 CLOCK integ raw=102.51 prev=102.23 new=102.33 d=+0.102 fr=107.77 dt=0.102 rate=1.00 paused=False backlog=36.46 edge=138.79 div=0.28
21:03:57.894 CLOCK fold raw=102.80 prev=102.33 new=102.52 d=+0.180 fr=107.77 dt=0.102 rate=1.00 paused=False backlog=36.38 edge=138.89 div=0.28
21:03:58.046 CLOCK integ raw=102.80 prev=102.52 new=102.67 d=+0.152 fr=107.77 dt=0.152 rate=1.00 paused=False backlog=36.38 edge=139.05 div=0.28
21:03:58.148 CLOCK integ raw=102.80 prev=102.67 new=102.77 d=+0.102 fr=107.77 dt=0.102 rate=1.00 paused=False backlog=36.38 edge=139.15 div=0.28
21:03:58.249 CLOCK fold raw=103.08 prev=102.77 new=102.80 d=+0.029 fr=107.77 dt=0.101 rate=1.00 paused=False backlog=36.45 edge=139.25 div=0.28
21:03:58.351 CLOCK integ raw=103.08 prev=102.80 new=102.90 d=+0.102 fr=107.77 dt=0.102 rate=1.00 paused=False backlog=36.45 edge=139.35 div=0.28
21:03:58.452 CLOCK fold raw=103.36 prev=102.90 new=103.08 d=+0.179 fr=107.77 dt=0.102 rate=1.00 paused=False backlog=36.37 edge=139.45 div=0.28
21:03:58.555 EDGESNAP err=-3.20 edge->136.25
21:03:58.555 CLOCK integ raw=103.36 prev=103.08 new=103.18 d=+0.103 fr=107.77 dt=0.103 rate=1.00 paused=False backlog=33.18 edge=136.36 div=0.28
21:03:58.656 CLOCK integ raw=103.36 prev=103.18 new=103.28 d=+0.101 fr=107.77 dt=0.101 rate=1.00 paused=False backlog=33.18 edge=136.46 div=0.28
21:03:58.757 CLOCK fold raw=103.64 prev=103.28 new=103.36 d=+0.076 fr=107.77 dt=0.101 rate=1.00 paused=False backlog=33.20 edge=136.56 div=0.28
21:03:58.909 CLOCK integ raw=103.64 prev=103.36 new=103.51 d=+0.152 fr=107.77 dt=0.152 rate=1.00 paused=False backlog=33.20 edge=136.71 div=0.28
21:03:58.963 TICK fr=107.77 cc=103.51 raw=103.64 vid=103.64 playing=1 started=1 stall=0 | d_fr_cc=+4.26 d_fr_raw=+4.13 d_cc_raw=-0.13 | off=99.25 ccx_end=34.17 since_show=- since_cue=5.3 | pcr=138.680 pid=100 head_rel=36.40 ccx_lag=2.23 | credit=107.8 capped=0.0 | fsize=63570696 feed=63570696 feed_behind=0 | backlog=33.20 edge=136.71 div=0.28 lag_ewma=4.46
21:03:59.015 CLOCK integ raw=103.64 prev=103.51 new=103.62 d=+0.105 fr=107.77 dt=0.105 rate=1.00 paused=False backlog=33.20 edge=136.82 div=0.28
21:03:59.117 CLOCK fold raw=103.92 prev=103.62 new=103.64 d=+0.028 fr=107.77 dt=0.103 rate=1.00 paused=False backlog=33.27 edge=136.92 div=0.28
21:03:59.219 CLOCK integ raw=103.92 prev=103.64 new=103.75 d=+0.102 fr=107.77 dt=0.102 rate=1.00 paused=False backlog=33.27 edge=137.02 div=0.28
21:03:59.321 CLOCK fold raw=104.20 prev=103.75 new=103.92 d=+0.173 fr=107.77 dt=0.102 rate=1.00 paused=False backlog=33.20 edge=137.12 div=0.28
21:03:59.422 CLOCK integ raw=104.20 prev=103.92 new=104.02 d=+0.102 fr=107.77 dt=0.102 rate=1.00 paused=False backlog=33.20 edge=137.22 div=0.28
21:03:59.574 CLOCK fold raw=104.48 prev=104.02 new=104.20 d=+0.179 fr=107.77 dt=0.151 rate=1.00 paused=False backlog=33.18 edge=137.38 div=0.28
21:03:59.677 CLOCK integ raw=104.48 prev=104.20 new=104.30 d=+0.103 fr=107.77 dt=0.103 rate=1.00 paused=False backlog=33.18 edge=137.48 div=0.28
21:03:59.779 CLOCK integ raw=104.48 prev=104.30 new=104.41 d=+0.103 fr=107.77 dt=0.103 rate=1.00 paused=False backlog=33.18 edge=137.58 div=0.28
21:03:59.881 CLOCK fold raw=104.76 prev=104.41 new=104.48 d=+0.076 fr=107.77 dt=0.102 rate=1.00 paused=False backlog=33.20 edge=137.68 div=0.28
21:03:59.984 CLOCK integ raw=104.76 prev=104.48 new=104.58 d=+0.103 fr=107.77 dt=0.103 rate=1.00 paused=False backlog=33.20 edge=137.79 div=0.28
21:04:00.086 CLOCK integ raw=104.76 prev=104.58 new=104.69 d=+0.102 fr=107.77 dt=0.102 rate=1.00 paused=False backlog=33.20 edge=137.89 div=0.28
21:04:00.189 CLOCK fold raw=105.04 prev=104.69 new=104.76 d=+0.076 fr=114.29 dt=0.103 rate=1.00 paused=False backlog=33.23 edge=137.99 div=0.28
21:04:00.291 CLOCK integ raw=105.04 prev=104.76 new=104.87 d=+0.102 fr=114.29 dt=0.102 rate=1.00 paused=False backlog=33.23 edge=138.09 div=0.28
21:04:00.372 EDGESNAP err=+6.17 edge->144.27
21:04:00.373 CUE cx=[34.17..36.34] adv=2.17 el=6.72 fresh | off=99.25 fr=114.29 cc=104.87 raw=105.04 lead=+30.72 | pcr=146.693 head_rel=44.41 lag_ewma=10.63 | q=Moss grimacing. Looked like he / was grabbing his rib cage a
21:04:00.373 CUE cx=[36.34..38.17] adv=1.84 el=0.03 fresh | off=99.25 fr=114.29 cc=104.87 raw=105.04 lead=+32.56 | pcr=146.693 head_rel=44.41 lag_ewma=10.63 | q=was grabbing his rib cage area / on the right side. And we a
21:04:00.373 CUE cx=[38.17..39.60] adv=1.43 el=0.00 fresh | off=99.25 fr=114.29 cc=104.87 raw=105.04 lead=+33.99 | pcr=146.693 head_rel=44.41 lag_ewma=10.63 | q=on the right side. And we are / told he is headed to the blu
21:04:00.425 ANCHOR pend_end=39.60 L=8.59 pinL=4.81 target=99.86 off=99.25
21:04:00.426 CLOCK fold raw=105.33 prev=104.87 new=105.04 d=+0.179 fr=114.29 dt=0.134 rate=1.00 paused=False backlog=39.36 edge=144.40 div=0.28
21:04:00.527 CLOCK integ raw=105.33 prev=105.04 new=105.15 d=+0.102 fr=114.68 dt=0.102 rate=1.00 paused=False backlog=39.36 edge=144.50 div=0.28
21:04:00.579 CUE cx=[39.61..41.41] adv=1.80 el=0.21 fresh | off=99.55 fr=114.68 cc=105.15 raw=105.33 lead=+35.81 | pcr=146.693 head_rel=44.41 lag_ewma=8.59 | q=told he is headed to the blue / tent. So we'll keep an eye o
21:04:00.580 CUE cx=[41.41..42.77] adv=1.37 el=0.00 fresh | off=99.55 fr=114.68 cc=105.15 raw=105.33 lead=+37.18 | pcr=146.693 head_rel=44.41 lag_ewma=8.59 | q=tent. So we'll keep an eye on / that. Packers maintain / pos
21:04:00.632 ANCHOR pend_end=42.77 L=6.16 pinL=1.64 target=99.88 off=99.55
21:04:00.632 CLOCK integ raw=105.33 prev=105.15 new=105.25 d=+0.104 fr=114.68 dt=0.104 rate=1.00 paused=False backlog=39.15 edge=144.40 div=0.28
21:04:00.733 CLOCK fold raw=105.61 prev=105.25 new=105.32 d=+0.073 fr=114.68 dt=0.102 rate=1.00 paused=False backlog=39.18 edge=144.50 div=0.28
21:04:00.886 CLOCK integ raw=105.61 prev=105.32 new=105.48 d=+0.152 fr=114.68 dt=0.152 rate=1.00 paused=False backlog=39.18 edge=144.66 div=0.28
21:04:00.988 CLOCK fold raw=105.89 prev=105.48 new=105.61 d=+0.130 fr=114.68 dt=0.102 rate=1.00 paused=False backlog=39.15 edge=144.76 div=0.28
21:04:01.089 CLOCK integ raw=105.89 prev=105.61 new=105.71 d=+0.102 fr=114.68 dt=0.102 rate=1.00 paused=False backlog=39.15 edge=144.86 div=0.28
21:04:01.191 CLOCK integ raw=105.89 prev=105.71 new=105.81 d=+0.101 fr=114.68 dt=0.101 rate=1.00 paused=False backlog=39.15 edge=144.96 div=0.28
21:04:01.292 CLOCK fold raw=106.17 prev=105.81 new=105.89 d=+0.077 fr=114.68 dt=0.102 rate=1.00 paused=False backlog=39.18 edge=145.06 div=0.28
21:04:01.394 CLOCK integ raw=106.17 prev=105.89 new=105.99 d=+0.102 fr=114.68 dt=0.102 rate=1.00 paused=False backlog=39.18 edge=145.16 div=0.28
21:04:01.496 CLOCK integ raw=106.17 prev=105.99 new=106.09 d=+0.101 fr=114.68 dt=0.101 rate=1.00 paused=False backlog=39.18 edge=145.27 div=0.28
21:04:01.648 CLOCK fold raw=106.45 prev=106.09 new=106.16 d=+0.076 fr=114.68 dt=0.152 rate=1.00 paused=False backlog=39.25 edge=145.42 div=0.28
21:04:01.749 CLOCK integ raw=106.45 prev=106.16 new=106.27 d=+0.101 fr=114.68 dt=0.101 rate=1.00 paused=False backlog=39.25 edge=145.52 div=0.28
21:04:01.851 CLOCK fold raw=106.73 prev=106.27 new=106.45 d=+0.181 fr=114.68 dt=0.102 rate=1.00 paused=False backlog=39.17 edge=145.62 div=0.28
21:04:01.952 CLOCK integ raw=106.73 prev=106.45 new=106.55 d=+0.101 fr=114.68 dt=0.101 rate=1.00 paused=False backlog=39.17 edge=145.72 div=0.28
21:04:02.054 CLOCK integ raw=106.73 prev=106.55 new=106.65 d=+0.101 fr=114.68 dt=0.101 rate=1.00 paused=False backlog=39.17 edge=145.82 div=0.28
21:04:02.155 CLOCK fold raw=107.01 prev=106.65 new=106.73 d=+0.078 fr=114.68 dt=0.101 rate=1.00 paused=False backlog=39.20 edge=145.92 div=0.28
21:04:02.257 CLOCK integ raw=107.01 prev=106.73 new=106.83 d=+0.102 fr=114.68 dt=0.102 rate=1.00 paused=False backlog=39.20 edge=146.03 div=0.28
21:04:02.408 CLOCK fold raw=107.29 prev=106.83 new=107.01 d=+0.183 fr=114.68 dt=0.152 rate=1.00 paused=False backlog=39.16 edge=146.18 div=0.28
21:04:02.510 CLOCK integ raw=107.29 prev=107.01 new=107.11 d=+0.101 fr=114.68 dt=0.101 rate=1.00 paused=False backlog=39.16 edge=146.28 div=0.28
21:04:02.613 CLOCK integ raw=107.29 prev=107.11 new=107.22 d=+0.103 fr=114.68 dt=0.103 rate=1.00 paused=False backlog=38.16 edge=145.38 div=0.28
21:04:02.714 CLOCK fold raw=107.57 prev=107.22 new=107.29 d=+0.075 fr=114.68 dt=0.101 rate=1.00 paused=False backlog=38.19 edge=145.48 div=0.28
21:04:02.815 CLOCK integ raw=107.57 prev=107.29 new=107.39 d=+0.101 fr=114.68 dt=0.101 rate=1.00 paused=False backlog=38.19 edge=145.58 div=0.28
21:04:03.017 CLOCK fold raw=107.85 prev=107.39 new=107.57 d=+0.180 fr=114.68 dt=0.202 rate=1.00 paused=False backlog=38.21 edge=145.78 div=0.28
21:04:03.119 CLOCK integ raw=107.85 prev=107.57 new=107.67 d=+0.102 fr=114.68 dt=0.102 rate=1.00 paused=False backlog=38.21 edge=145.88 div=0.28
21:04:03.221 CLOCK integ raw=107.85 prev=107.67 new=107.78 d=+0.102 fr=114.68 dt=0.102 rate=1.00 paused=False backlog=38.21 edge=145.98 div=0.28
21:04:03.322 CLOCK fold raw=108.13 prev=107.78 new=107.85 d=+0.077 fr=114.68 dt=0.101 rate=1.00 paused=False backlog=38.23 edge=146.09 div=0.28
21:04:03.423 CLOCK integ raw=108.13 prev=107.85 new=107.95 d=+0.101 fr=114.68 dt=0.101 rate=1.00 paused=False backlog=38.23 edge=146.19 div=0.28
21:04:03.525 CLOCK fold raw=108.42 prev=107.95 new=108.13 d=+0.181 fr=114.68 dt=0.102 rate=1.00 paused=False backlog=38.15 edge=146.29 div=0.28
21:04:03.626 CLOCK integ raw=108.42 prev=108.13 new=108.24 d=+0.101 fr=114.68 dt=0.101 rate=1.00 paused=False backlog=38.15 edge=146.39 div=0.28
21:04:03.727 CLOCK integ raw=108.42 prev=108.24 new=108.34 d=+0.101 fr=114.68 dt=0.101 rate=1.00 paused=False backlog=38.15 edge=146.49 div=0.28
21:04:03.828 CLOCK fold raw=108.70 prev=108.34 new=108.41 d=+0.078 fr=114.68 dt=0.101 rate=1.00 paused=False backlog=38.18 edge=146.59 div=0.28
21:04:03.930 CLOCK integ raw=108.70 prev=108.41 new=108.52 d=+0.101 fr=114.68 dt=0.101 rate=1.00 paused=False backlog=38.18 edge=146.69 div=0.28
21:04:03.932 TICK fr=114.68 cc=108.52 raw=108.70 vid=108.70 playing=1 started=1 stall=0 | d_fr_cc=+6.16 d_fr_raw=+5.98 d_cc_raw=-0.18 | off=99.72 ccx_end=42.77 since_show=0.0 since_cue=3.3 | pcr=146.693 pid=100 head_rel=44.41 ccx_lag=1.64 | credit=114.7 capped=0.0 | fsize=66630396 feed=66630396 feed_behind=0 | backlog=38.18 edge=146.69 div=0.28 lag_ewma=6.16
21:04:04.033 CLOCK integ raw=108.70 prev=108.52 new=108.62 d=+0.103 fr=114.68 dt=0.103 rate=1.00 paused=False backlog=38.18 edge=146.80 div=0.28
21:04:04.134 CLOCK fold raw=108.98 prev=108.62 new=108.70 d=+0.077 fr=114.68 dt=0.101 rate=1.00 paused=False backlog=38.20 edge=146.90 div=0.28
21:04:04.235 CLOCK integ raw=108.98 prev=108.70 new=108.80 d=+0.102 fr=114.68 dt=0.102 rate=1.00 paused=False backlog=38.20 edge=147.00 div=0.28
21:04:04.336 CLOCK integ raw=108.98 prev=108.80 new=108.90 d=+0.101 fr=114.68 dt=0.101 rate=1.00 paused=False backlog=38.20 edge=147.10 div=0.28
21:04:04.538 CLOCK fold raw=109.26 prev=108.90 new=108.98 d=+0.078 fr=114.68 dt=0.201 rate=1.00 paused=False backlog=38.32 edge=147.30 div=0.28
21:04:04.539 EDGESNAP err=-3.03 edge->144.27
21:04:04.640 CLOCK fold raw=109.54 prev=108.98 new=109.26 d=+0.280 fr=114.68 dt=0.102 rate=1.00 paused=False backlog=35.11 edge=144.37 div=0.28
21:04:04.742 CLOCK integ raw=109.54 prev=109.26 new=109.36 d=+0.102 fr=114.68 dt=0.102 rate=1.00 paused=False backlog=35.11 edge=144.47 div=0.28
21:04:04.843 CLOCK integ raw=109.54 prev=109.36 new=109.46 d=+0.101 fr=114.68 dt=0.101 rate=1.00 paused=False backlog=35.11 edge=144.57 div=0.28
21:04:04.944 CLOCK fold raw=109.82 prev=109.46 new=109.54 d=+0.078 fr=114.68 dt=0.101 rate=1.00 paused=False backlog=35.14 edge=144.67 div=0.28
21:04:05.045 CLOCK integ raw=109.82 prev=109.54 new=109.64 d=+0.101 fr=114.68 dt=0.101 rate=1.00 paused=False backlog=35.14 edge=144.78 div=0.28
21:04:05.146 CLOCK integ raw=109.82 prev=109.64 new=109.74 d=+0.101 fr=114.68 dt=0.101 rate=1.00 paused=False backlog=35.14 edge=144.88 div=0.28
21:04:05.247 CLOCK fold raw=110.10 prev=109.74 new=109.82 d=+0.080 fr=114.68 dt=0.101 rate=1.00 paused=False backlog=35.16 edge=144.98 div=0.28
21:04:05.348 CLOCK integ raw=110.10 prev=109.82 new=109.92 d=+0.101 fr=114.68 dt=0.101 rate=1.00 paused=False backlog=35.16 edge=145.08 div=0.28
21:04:05.450 CLOCK integ raw=110.10 prev=109.92 new=110.02 d=+0.101 fr=114.68 dt=0.101 rate=1.00 paused=False backlog=35.16 edge=145.18 div=0.28
21:04:05.551 CLOCK fold raw=110.38 prev=110.02 new=110.10 d=+0.080 fr=114.68 dt=0.102 rate=1.00 paused=False backlog=35.18 edge=145.28 div=0.28
21:04:05.753 CLOCK fold raw=110.66 prev=110.10 new=110.38 d=+0.277 fr=114.68 dt=0.201 rate=1.00 paused=False backlog=35.10 edge=145.48 div=0.28
21:04:05.854 CLOCK integ raw=110.66 prev=110.38 new=110.48 d=+0.101 fr=114.68 dt=0.101 rate=1.00 paused=False backlog=35.10 edge=145.58 div=0.28
21:04:05.955 CLOCK integ raw=110.66 prev=110.48 new=110.58 d=+0.101 fr=114.68 dt=0.101 rate=1.00 paused=False backlog=35.10 edge=145.68 div=0.28
21:04:06.056 CLOCK fold raw=110.94 prev=110.58 new=110.66 d=+0.079 fr=114.68 dt=0.101 rate=1.00 paused=False backlog=35.13 edge=145.79 div=0.28
21:04:06.157 CLOCK integ raw=110.94 prev=110.66 new=110.76 d=+0.101 fr=114.68 dt=0.101 rate=1.00 paused=False backlog=35.13 edge=145.89 div=0.28
21:04:06.258 CLOCK integ raw=110.94 prev=110.76 new=110.86 d=+0.101 fr=114.68 dt=0.101 rate=1.00 paused=False backlog=35.13 edge=145.99 div=0.28
21:04:06.360 CLOCK fold raw=111.22 prev=110.86 new=110.94 d=+0.079 fr=114.68 dt=0.102 rate=1.00 paused=False backlog=35.15 edge=146.09 div=0.28
21:04:06.461 CLOCK integ raw=111.22 prev=110.94 new=111.04 d=+0.101 fr=114.68 dt=0.101 rate=1.00 paused=False backlog=35.15 edge=146.19 div=0.28
21:04:06.562 CLOCK integ raw=111.22 prev=111.04 new=111.14 d=+0.101 fr=114.68 dt=0.101 rate=1.00 paused=False backlog=35.15 edge=146.29 div=0.28
21:04:06.666 CLOCK fold raw=111.50 prev=111.14 new=111.22 d=+0.079 fr=114.68 dt=0.104 rate=1.00 paused=False backlog=34.16 edge=145.38 div=0.28
21:04:06.768 CLOCK integ raw=111.50 prev=111.22 new=111.32 d=+0.101 fr=114.68 dt=0.101 rate=1.00 paused=False backlog=34.16 edge=145.48 div=0.28
21:04:06.869 CLOCK integ raw=111.50 prev=111.32 new=111.42 d=+0.101 fr=114.68 dt=0.101 rate=1.00 paused=False backlog=34.16 edge=145.59 div=0.28
21:04:06.970 CLOCK fold raw=111.79 prev=111.42 new=111.51 d=+0.081 fr=114.68 dt=0.101 rate=1.00 paused=False backlog=34.18 edge=145.69 div=0.28
21:04:07.071 CLOCK integ raw=111.79 prev=111.51 new=111.61 d=+0.101 fr=114.68 dt=0.101 rate=1.00 paused=False backlog=34.18 edge=145.79 div=0.28
21:04:07.272 CLOCK fold raw=112.07 prev=111.61 new=111.79 d=+0.179 fr=114.68 dt=0.202 rate=1.00 paused=False backlog=34.20 edge=145.99 div=0.28
21:04:07.373 CLOCK integ raw=112.07 prev=111.79 new=111.89 d=+0.101 fr=114.68 dt=0.101 rate=1.00 paused=False backlog=34.20 edge=146.09 div=0.28
21:04:07.474 CLOCK fold raw=112.35 prev=111.89 new=112.07 d=+0.180 fr=114.68 dt=0.101 rate=1.00 paused=False backlog=34.12 edge=146.19 div=0.28
21:04:07.576 CLOCK integ raw=112.35 prev=112.07 new=112.17 d=+0.102 fr=114.68 dt=0.102 rate=1.00 paused=False backlog=34.12 edge=146.29 div=0.28
21:04:07.677 CLOCK integ raw=112.35 prev=112.17 new=112.27 d=+0.101 fr=114.68 dt=0.101 rate=1.00 paused=False backlog=34.12 edge=146.39 div=0.28
21:04:07.778 CLOCK fold raw=112.63 prev=112.27 new=112.35 d=+0.079 fr=114.68 dt=0.101 rate=1.00 paused=False backlog=34.15 edge=146.50 div=0.28
21:04:07.879 CLOCK integ raw=112.63 prev=112.35 new=112.45 d=+0.101 fr=114.68 dt=0.101 rate=1.00 paused=False backlog=34.15 edge=146.60 div=0.28
21:04:07.980 CLOCK integ raw=112.63 prev=112.45 new=112.55 d=+0.102 fr=114.68 dt=0.102 rate=1.00 paused=False backlog=34.15 edge=146.70 div=0.28
21:04:08.082 CLOCK fold raw=112.91 prev=112.55 new=112.63 d=+0.080 fr=114.68 dt=0.101 rate=1.00 paused=False backlog=34.17 edge=146.80 div=0.28
21:04:08.183 CLOCK integ raw=112.91 prev=112.63 new=112.73 d=+0.101 fr=114.68 dt=0.101 rate=1.00 paused=False backlog=34.17 edge=146.90 div=0.28
21:04:08.284 CLOCK fold raw=113.19 prev=112.73 new=112.91 d=+0.180 fr=114.68 dt=0.101 rate=1.00 paused=False backlog=34.09 edge=147.00 div=0.28
21:04:08.385 CLOCK integ raw=113.19 prev=112.91 new=113.01 d=+0.101 fr=114.68 dt=0.101 rate=1.00 paused=False backlog=34.09 edge=147.10 div=0.28
21:04:08.587 CLOCK fold raw=113.47 prev=113.01 new=113.19 d=+0.180 fr=114.68 dt=0.202 rate=1.00 paused=False backlog=34.09 edge=147.28 div=0.28
21:04:08.588 EDGESNAP err=-3.01 edge->144.27
21:04:08.689 CLOCK integ raw=113.47 prev=113.19 new=113.30 d=+0.102 fr=114.68 dt=0.102 rate=1.00 paused=False backlog=31.07 edge=144.37 div=0.28
21:04:08.791 CLOCK integ raw=113.47 prev=113.30 new=113.40 d=+0.101 fr=114.68 dt=0.101 rate=1.00 paused=False backlog=31.07 edge=144.47 div=0.28
21:04:08.891 CLOCK fold raw=113.76 prev=113.40 new=113.48 d=+0.081 fr=114.68 dt=0.101 rate=1.00 paused=False backlog=31.07 edge=144.55 div=0.28
21:04:08.994 TICK fr=114.68 cc=113.48 raw=113.76 vid=113.47 playing=1 started=1 stall=0 | d_fr_cc=+1.20 d_fr_raw=+0.92 d_cc_raw=-0.28 | off=99.72 ccx_end=42.77 since_show=0.1 since_cue=8.4 | pcr=146.693 pid=100 head_rel=44.41 ccx_lag=1.64 | credit=114.7 capped=0.0 | fsize=66630396 feed=66630396 feed_behind=0 | backlog=31.07 edge=144.55 div=0.28 lag_ewma=6.16
21:04:08.994 CLOCK integ raw=113.76 prev=113.48 new=113.58 d=+0.103 fr=114.68 dt=0.103 rate=1.00 paused=False backlog=31.07 edge=144.65 div=0.28
21:04:09.095 CLOCK integ raw=113.76 prev=113.58 new=113.68 d=+0.101 fr=123.24 dt=0.101 rate=1.00 paused=False backlog=31.07 edge=144.76 div=0.28
21:04:09.197 CLOCK fold raw=114.04 prev=113.68 new=113.76 d=+0.074 fr=123.24 dt=0.102 rate=1.00 paused=False backlog=31.10 edge=144.86 div=0.28
21:04:09.298 CLOCK integ raw=114.04 prev=113.76 new=113.86 d=+0.101 fr=123.24 dt=0.101 rate=1.00 paused=False backlog=31.10 edge=144.96 div=0.28
21:04:09.424 EDGESNAP err=+6.96 edge->151.92
21:04:09.424 CUE cx=[42.78..44.98] adv=2.20 el=8.82 fresh | off=99.72 fr=123.24 cc=113.86 raw=114.32 lead=+30.84 | pcr=154.345 head_rel=52.06 lag_ewma=13.12 | q=that. Packers maintain / possession on this opening. / Drive
21:04:09.425 CUE cx=[44.98..48.58] adv=3.60 el=0.03 fresh | off=99.72 fr=123.24 cc=113.86 raw=114.32 lead=+34.44 | pcr=154.345 head_rel=52.06 lag_ewma=13.12 | q=possession on this opening. / Drive. First down and ten just
21:04:09.425 ANCHOR pend_end=48.58 L=9.75 pinL=3.48 target=99.86 off=99.72
21:04:09.426 CLOCK fold raw=114.32 prev=113.86 new=114.04 d=+0.185 fr=123.24 dt=0.129 rate=1.00 paused=False backlog=38.01 edge=152.05 div=0.28
21:04:09.527 CLOCK integ raw=114.32 prev=114.04 new=114.14 d=+0.101 fr=123.67 dt=0.101 rate=1.00 paused=False backlog=38.01 edge=152.15 div=0.28
21:04:09.628 CUE cx=[48.58..50.42] adv=1.83 el=0.20 fresh | off=99.79 fr=123.67 cc=114.14 raw=114.32 lead=+36.06 | pcr=154.345 head_rel=52.06 lag_ewma=9.75 | q=Drive. First down and ten just / inside Broncos territory. /
21:04:09.629 ANCHOR pend_end=50.42 L=6.91 pinL=1.65 target=99.97 off=99.79
21:04:09.629 CLOCK integ raw=114.32 prev=114.14 new=114.24 d=+0.102 fr=123.67 dt=0.102 rate=1.00 paused=False backlog=37.89 edge=152.14 div=0.28
21:04:09.730 CLOCK fold raw=114.61 prev=114.24 new=114.32 d=+0.080 fr=123.67 dt=0.101 rate=1.00 paused=False backlog=37.91 edge=152.24 div=0.28
21:04:09.831 CLOCK integ raw=114.61 prev=114.32 new=114.43 d=+0.101 fr=123.67 dt=0.101 rate=1.00 paused=False backlog=37.91 edge=152.34 div=0.28
21:04:09.932 CLOCK integ raw=114.61 prev=114.43 new=114.53 d=+0.101 fr=123.67 dt=0.101 rate=1.00 paused=False backlog=37.91 edge=152.44 div=0.28
21:04:10.033 CLOCK fold raw=114.88 prev=114.53 new=114.60 d=+0.076 fr=123.67 dt=0.101 rate=1.00 paused=False backlog=37.94 edge=152.54 div=0.28
21:04:10.235 CLOCK integ raw=114.88 prev=114.60 new=114.80 d=+0.201 fr=123.67 dt=0.201 rate=1.00 paused=False backlog=37.94 edge=152.74 div=0.28
21:04:10.336 CLOCK fold raw=115.17 prev=114.80 new=114.89 d=+0.082 fr=123.67 dt=0.101 rate=1.00 paused=False backlog=37.96 edge=152.84 div=0.28
21:04:10.437 CLOCK integ raw=115.17 prev=114.89 new=114.99 d=+0.101 fr=123.67 dt=0.101 rate=1.00 paused=False backlog=37.96 edge=152.94 div=0.28
21:04:10.538 CLOCK fold raw=115.45 prev=114.99 new=115.16 d=+0.178 fr=123.67 dt=0.101 rate=1.00 paused=False backlog=37.88 edge=153.05 div=0.28
21:04:10.642 CLOCK integ raw=115.45 prev=115.16 new=115.27 d=+0.103 fr=123.67 dt=0.103 rate=1.00 paused=False backlog=37.32 edge=152.59 div=0.28
21:04:10.743 CLOCK integ raw=115.45 prev=115.27 new=115.37 d=+0.102 fr=123.67 dt=0.102 rate=1.00 paused=False backlog=37.32 edge=152.69 div=0.28
21:04:10.845 CLOCK fold raw=115.73 prev=115.37 new=115.45 d=+0.077 fr=123.67 dt=0.102 rate=1.00 paused=False backlog=37.34 edge=152.79 div=0.28
21:04:10.946 CLOCK integ raw=115.73 prev=115.45 new=115.55 d=+0.101 fr=123.67 dt=0.101 rate=1.00 paused=False backlog=37.34 edge=152.89 div=0.28
21:04:11.047 CLOCK integ raw=115.73 prev=115.55 new=115.65 d=+0.101 fr=123.67 dt=0.101 rate=1.00 paused=False backlog=37.34 edge=152.99 div=0.28
21:04:11.148 CLOCK fold raw=116.01 prev=115.65 new=115.73 d=+0.079 fr=123.67 dt=0.101 rate=1.00 paused=False backlog=37.36 edge=153.09 div=0.28
21:04:11.349 CLOCK integ raw=116.01 prev=115.73 new=115.93 d=+0.202 fr=123.67 dt=0.202 rate=1.00 paused=False backlog=37.36 edge=153.29 div=0.28
21:04:11.450 CLOCK fold raw=116.29 prev=115.93 new=116.01 d=+0.078 fr=123.67 dt=0.101 rate=1.00 paused=False backlog=37.39 edge=153.39 div=0.28
21:04:11.551 CLOCK integ raw=116.29 prev=116.01 new=116.11 d=+0.101 fr=123.67 dt=0.101 rate=1.00 paused=False backlog=37.39 edge=153.50 div=0.28
21:04:11.653 CLOCK integ raw=116.29 prev=116.11 new=116.21 d=+0.101 fr=123.67 dt=0.101 rate=1.00 paused=False backlog=37.39 edge=153.60 div=0.28
21:04:11.754 CLOCK fold raw=116.57 prev=116.21 new=116.29 d=+0.078 fr=123.67 dt=0.101 rate=1.00 paused=False backlog=37.41 edge=153.70 div=0.28
21:04:11.855 CLOCK integ raw=116.57 prev=116.29 new=116.39 d=+0.101 fr=123.67 dt=0.101 rate=1.00 paused=False backlog=37.41 edge=153.80 div=0.28
21:04:11.956 CLOCK fold raw=116.85 prev=116.39 new=116.57 d=+0.179 fr=123.67 dt=0.102 rate=1.00 paused=False backlog=37.33 edge=153.90 div=0.28
21:04:12.057 CLOCK integ raw=116.85 prev=116.57 new=116.67 d=+0.101 fr=123.67 dt=0.101 rate=1.00 paused=False backlog=37.33 edge=154.00 div=0.28
21:04:12.158 CLOCK integ raw=116.85 prev=116.67 new=116.77 d=+0.101 fr=123.67 dt=0.101 rate=1.00 paused=False backlog=37.33 edge=154.10 div=0.28
21:04:12.260 CLOCK fold raw=117.13 prev=116.77 new=116.85 d=+0.079 fr=123.67 dt=0.101 rate=1.00 paused=False backlog=37.35 edge=154.20 div=0.28
21:04:12.361 CLOCK integ raw=117.13 prev=116.85 new=116.95 d=+0.102 fr=123.67 dt=0.102 rate=1.00 paused=False backlog=37.35 edge=154.31 div=0.28
21:04:12.462 CLOCK integ raw=117.13 prev=116.95 new=117.05 d=+0.101 fr=123.67 dt=0.101 rate=1.00 paused=False backlog=37.35 edge=154.41 div=0.28
21:04:12.564 CLOCK fold raw=117.41 prev=117.05 new=117.13 d=+0.077 fr=123.67 dt=0.102 rate=1.00 paused=False backlog=36.13 edge=153.26 div=0.28
21:04:12.666 CLOCK integ raw=117.41 prev=117.13 new=117.23 d=+0.101 fr=123.67 dt=0.101 rate=1.00 paused=False backlog=36.13 edge=153.37 div=0.28
21:04:12.868 CLOCK fold raw=117.69 prev=117.23 new=117.41 d=+0.180 fr=123.67 dt=0.202 rate=1.00 paused=False backlog=36.16 edge=153.57 div=0.28
21:04:12.969 CLOCK integ raw=117.69 prev=117.41 new=117.51 d=+0.101 fr=123.67 dt=0.101 rate=1.00 paused=False backlog=36.16 edge=153.67 div=0.28
21:04:13.070 CLOCK fold raw=117.97 prev=117.51 new=117.69 d=+0.180 fr=123.67 dt=0.101 rate=1.00 paused=False backlog=36.08 edge=153.77 div=0.28
21:04:13.171 CLOCK integ raw=117.97 prev=117.69 new=117.79 d=+0.101 fr=123.67 dt=0.101 rate=1.00 paused=False backlog=36.08 edge=153.87 div=0.28
21:04:13.273 CLOCK integ raw=117.97 prev=117.79 new=117.90 d=+0.102 fr=123.67 dt=0.102 rate=1.00 paused=False backlog=36.08 edge=153.97 div=0.28
21:04:13.374 CLOCK fold raw=118.25 prev=117.90 new=117.97 d=+0.079 fr=123.67 dt=0.101 rate=1.00 paused=False backlog=36.10 edge=154.07 div=0.28
21:04:13.475 CLOCK integ raw=118.25 prev=117.97 new=118.07 d=+0.101 fr=123.67 dt=0.101 rate=1.00 paused=False backlog=36.10 edge=154.18 div=0.28
21:04:13.576 CLOCK integ raw=118.25 prev=118.07 new=118.18 d=+0.101 fr=123.67 dt=0.101 rate=1.00 paused=False backlog=36.10 edge=154.28 div=0.28
21:04:13.677 CLOCK fold raw=118.53 prev=118.18 new=118.25 d=+0.078 fr=123.67 dt=0.101 rate=1.00 paused=False backlog=36.12 edge=154.38 div=0.28
21:04:13.778 CLOCK integ raw=118.53 prev=118.25 new=118.35 d=+0.101 fr=123.67 dt=0.101 rate=1.00 paused=False backlog=36.12 edge=154.48 div=0.28
21:04:13.880 CLOCK integ raw=118.53 prev=118.35 new=118.46 d=+0.101 fr=123.67 dt=0.101 rate=1.00 paused=False backlog=36.12 edge=154.58 div=0.28
21:04:13.982 TICK fr=123.67 cc=118.46 raw=118.82 vid=118.25 playing=1 started=1 stall=0 | d_fr_cc=+5.22 d_fr_raw=+4.86 d_cc_raw=-0.36 | off=99.88 ccx_end=50.42 since_show=0.1 since_cue=4.4 | pcr=154.345 pid=100 head_rel=52.06 ccx_lag=1.65 | credit=123.7 capped=0.0 | fsize=70376672 feed=70376672 feed_behind=0 | backlog=36.12 edge=154.58 div=0.28 lag_ewma=6.91
21:04:13.983 CLOCK fold raw=118.82 prev=118.46 new=118.54 d=+0.081 fr=123.67 dt=0.103 rate=1.00 paused=False backlog=36.15 edge=154.68 div=0.28
21:04:14.185 CLOCK integ raw=118.82 prev=118.54 new=118.74 d=+0.202 fr=123.67 dt=0.202 rate=1.00 paused=False backlog=36.15 edge=154.88 div=0.28
21:04:14.286 CLOCK fold raw=119.10 prev=118.74 new=118.82 d=+0.078 fr=123.67 dt=0.101 rate=1.00 paused=False backlog=36.17 edge=154.99 div=0.28
21:04:14.388 CUE cx=[50.42..52.18] adv=1.77 el=4.76 fresh | off=99.88 fr=123.67 cc=118.82 raw=119.10 lead=+33.25 | pcr=158.138 head_rel=55.86 lag_ewma=6.91 | q=inside Broncos territory. / Watson in motion then splits / b
21:04:14.388 ANCHOR pend_end=52.18 L=5.78 pinL=3.67 target=99.49 off=99.88
21:04:14.389 CLOCK integ raw=119.10 prev=118.82 new=118.92 d=+0.102 fr=123.67 dt=0.102 rate=1.00 paused=False backlog=36.53 edge=155.45 div=0.28
21:04:14.490 CLOCK fold raw=119.38 prev=118.92 new=119.10 d=+0.179 fr=128.54 dt=0.103 rate=1.00 paused=False backlog=36.46 edge=155.55 div=0.28
21:04:14.591 CLOCK integ raw=119.38 prev=119.10 new=119.20 d=+0.101 fr=128.54 dt=0.101 rate=1.00 paused=False backlog=36.46 edge=155.65 div=0.28
21:04:14.692 CLOCK integ raw=119.38 prev=119.20 new=119.30 d=+0.101 fr=128.54 dt=0.101 rate=1.00 paused=False backlog=36.48 edge=155.78 div=0.28
21:04:14.793 CLOCK fold raw=119.66 prev=119.30 new=119.38 d=+0.078 fr=128.54 dt=0.101 rate=1.00 paused=False backlog=36.51 edge=155.89 div=0.28
21:04:14.894 CLOCK integ raw=119.66 prev=119.38 new=119.48 d=+0.101 fr=128.54 dt=0.101 rate=1.00 paused=False backlog=36.51 edge=155.99 div=0.28
21:04:14.995 CLOCK integ raw=119.66 prev=119.48 new=119.58 d=+0.101 fr=128.54 dt=0.101 rate=1.00 paused=False backlog=36.51 edge=156.09 div=0.28
21:04:15.096 CLOCK fold raw=119.94 prev=119.58 new=119.66 d=+0.080 fr=128.54 dt=0.101 rate=1.00 paused=False backlog=36.53 edge=156.19 div=0.28
21:04:15.298 CLOCK integ raw=119.94 prev=119.66 new=119.86 d=+0.202 fr=128.54 dt=0.202 rate=1.00 paused=False backlog=36.53 edge=156.39 div=0.28
21:04:15.400 CLOCK fold raw=120.22 prev=119.86 new=119.94 d=+0.080 fr=128.54 dt=0.101 rate=1.00 paused=False backlog=36.55 edge=156.49 div=0.28
21:04:15.501 CLOCK integ raw=120.22 prev=119.94 new=120.04 d=+0.101 fr=128.54 dt=0.101 rate=1.00 paused=False backlog=36.55 edge=156.59 div=0.28
21:04:15.602 CLOCK fold raw=120.50 prev=120.04 new=120.22 d=+0.179 fr=128.54 dt=0.101 rate=1.00 paused=False backlog=36.47 edge=156.69 div=0.28
21:04:15.703 CLOCK integ raw=120.50 prev=120.22 new=120.32 d=+0.101 fr=128.54 dt=0.101 rate=1.00 paused=False backlog=36.47 edge=156.80 div=0.28
21:04:15.804 CLOCK integ raw=120.50 prev=120.32 new=120.42 d=+0.101 fr=128.54 dt=0.101 rate=1.00 paused=False backlog=36.47 edge=156.90 div=0.28
21:04:15.906 CLOCK fold raw=120.78 prev=120.42 new=120.50 d=+0.079 fr=128.54 dt=0.101 rate=1.00 paused=False backlog=36.49 edge=157.00 div=0.28
21:04:16.007 CLOCK integ raw=120.78 prev=120.50 new=120.60 d=+0.101 fr=128.54 dt=0.101 rate=1.00 paused=False backlog=36.49 edge=157.10 div=0.28
21:04:16.109 CLOCK integ raw=120.78 prev=120.60 new=120.71 d=+0.102 fr=128.54 dt=0.102 rate=1.00 paused=False backlog=36.49 edge=157.20 div=0.28
21:04:16.210 CLOCK fold raw=121.07 prev=120.71 new=120.78 d=+0.079 fr=128.54 dt=0.102 rate=1.00 paused=False backlog=36.52 edge=157.30 div=0.28
21:04:16.311 CLOCK integ raw=121.07 prev=120.78 new=120.89 d=+0.101 fr=128.54 dt=0.101 rate=1.00 paused=False backlog=36.52 edge=157.40 div=0.28
21:04:16.414 CLOCK integ raw=121.07 prev=120.89 new=120.99 d=+0.102 fr=128.54 dt=0.102 rate=1.00 paused=False backlog=36.52 edge=157.51 div=0.28
21:04:16.515 CLOCK fold raw=121.35 prev=120.99 new=121.07 d=+0.079 fr=128.54 dt=0.102 rate=1.00 paused=False backlog=36.54 edge=157.61 div=0.28
21:04:16.620 CLOCK integ raw=121.35 prev=121.07 new=121.17 d=+0.105 fr=128.54 dt=0.105 rate=1.00 paused=False backlog=35.59 edge=156.76 div=0.28
21:04:16.823 CLOCK fold raw=121.63 prev=121.17 new=121.35 d=+0.177 fr=128.54 dt=0.203 rate=1.00 paused=False backlog=35.62 edge=156.97 div=0.28
21:04:16.925 CLOCK integ raw=121.63 prev=121.35 new=121.45 d=+0.102 fr=128.54 dt=0.102 rate=1.00 paused=False backlog=35.62 edge=157.07 div=0.28
21:04:17.027 CLOCK fold raw=121.91 prev=121.45 new=121.63 d=+0.178 fr=128.54 dt=0.102 rate=1.00 paused=False backlog=35.54 edge=157.17 div=0.28
21:04:17.128 CLOCK integ raw=121.91 prev=121.63 new=121.73 d=+0.102 fr=128.54 dt=0.102 rate=1.00 paused=False backlog=35.54 edge=157.27 div=0.28
21:04:17.229 CLOCK integ raw=121.91 prev=121.73 new=121.83 d=+0.101 fr=128.54 dt=0.101 rate=1.00 paused=False backlog=35.54 edge=157.37 div=0.28
21:04:17.331 CLOCK fold raw=122.20 prev=121.83 new=121.91 d=+0.083 fr=128.54 dt=0.102 rate=1.00 paused=False backlog=35.56 edge=157.48 div=0.28
21:04:17.432 CLOCK integ raw=122.20 prev=121.91 new=122.02 d=+0.101 fr=128.54 dt=0.101 rate=1.00 paused=False backlog=35.56 edge=157.58 div=0.28
21:04:17.533 CLOCK integ raw=122.20 prev=122.02 new=122.12 d=+0.101 fr=128.54 dt=0.101 rate=1.00 paused=False backlog=35.56 edge=157.68 div=0.28
21:04:17.635 CLOCK fold raw=122.47 prev=122.12 new=122.19 d=+0.074 fr=128.54 dt=0.102 rate=1.00 paused=False backlog=35.59 edge=157.78 div=0.28
21:04:17.736 CLOCK integ raw=122.47 prev=122.19 new=122.29 d=+0.101 fr=128.54 dt=0.101 rate=1.00 paused=False backlog=35.59 edge=157.88 div=0.28
21:04:17.837 CLOCK integ raw=122.47 prev=122.29 new=122.39 d=+0.101 fr=128.54 dt=0.101 rate=1.00 paused=False backlog=35.59 edge=157.98 div=0.28
21:04:17.938 CLOCK fold raw=122.75 prev=122.39 new=122.47 d=+0.080 fr=128.54 dt=0.101 rate=1.00 paused=False backlog=35.61 edge=158.08 div=0.28
21:04:18.140 CLOCK fold raw=123.04 prev=122.47 new=122.76 d=+0.284 fr=128.54 dt=0.202 rate=1.00 paused=False backlog=35.53 edge=158.28 div=0.28
21:04:18.241 CLOCK integ raw=123.04 prev=122.76 new=122.86 d=+0.101 fr=128.54 dt=0.101 rate=1.00 paused=False backlog=35.53 edge=158.39 div=0.28
21:04:18.342 CLOCK integ raw=123.04 prev=122.86 new=122.96 d=+0.101 fr=128.54 dt=0.101 rate=1.00 paused=False backlog=35.53 edge=158.49 div=0.28
21:04:18.443 CLOCK fold raw=123.32 prev=122.96 new=123.04 d=+0.079 fr=128.54 dt=0.101 rate=1.00 paused=False backlog=35.55 edge=158.59 div=0.28
21:04:18.545 CLOCK integ raw=123.32 prev=123.04 new=123.14 d=+0.101 fr=128.54 dt=0.101 rate=1.00 paused=False backlog=35.55 edge=158.69 div=0.28
21:04:18.647 EDGESNAP err=-2.98 edge->155.71
21:04:18.647 CLOCK integ raw=123.32 prev=123.14 new=123.24 d=+0.102 fr=128.54 dt=0.102 rate=1.00 paused=False backlog=32.57 edge=155.81 div=0.28
21:04:18.748 CLOCK fold raw=123.60 prev=123.24 new=123.32 d=+0.077 fr=128.54 dt=0.101 rate=1.00 paused=False backlog=32.60 edge=155.92 div=0.28
21:04:18.849 CLOCK integ raw=123.60 prev=123.32 new=123.42 d=+0.101 fr=128.54 dt=0.101 rate=1.00 paused=False backlog=32.60 edge=156.02 div=0.28
21:04:18.952 TICK fr=128.54 cc=123.42 raw=123.60 vid=123.60 playing=1 started=1 stall=0 | d_fr_cc=+5.12 d_fr_raw=+4.94 d_cc_raw=-0.18 | off=99.69 ccx_end=52.18 since_show=0.1 since_cue=4.6 | pcr=158.138 pid=100 head_rel=55.86 ccx_lag=3.67 | credit=128.5 capped=0.0 | fsize=72253852 feed=72253852 feed_behind=0 | backlog=32.60 edge=156.02 div=0.28 lag_ewma=5.78
21:04:18.952 CLOCK integ raw=123.60 prev=123.42 new=123.52 d=+0.103 fr=128.54 dt=0.103 rate=1.00 paused=False backlog=32.60 edge=156.12 div=0.28
21:04:19.054 CLOCK fold raw=123.88 prev=123.52 new=123.60 d=+0.075 fr=128.54 dt=0.101 rate=1.00 paused=False backlog=32.62 edge=156.22 div=0.28
21:04:19.155 CLOCK integ raw=123.88 prev=123.60 new=123.70 d=+0.101 fr=128.54 dt=0.101 rate=1.00 paused=False backlog=32.62 edge=156.32 div=0.28
21:04:19.255 CLOCK fold raw=124.16 prev=123.70 new=123.88 d=+0.180 fr=133.40 dt=0.101 rate=1.00 paused=False backlog=32.54 edge=156.42 div=0.28
21:04:19.385 EDGESNAP err=+5.68 edge->162.11
21:04:19.386 CUE cx=[52.19..55.76] adv=3.57 el=4.97 fresh | off=99.69 fr=133.40 cc=123.88 raw=124.16 lead=+31.56 | pcr=164.531 head_rel=62.25 lag_ewma=11.46 | q=Watson in motion then splits / back out to the right. Give i
21:04:19.386 CUE cx=[55.76..57.89] adv=2.13 el=0.03 fresh | off=99.69 fr=133.40 cc=123.88 raw=124.16 lead=+33.70 | pcr=164.531 head_rel=62.25 lag_ewma=11.46 | q=back out to the right. Give is / to Marshawn Lloyd and he'll
21:04:19.386 ANCHOR pend_end=57.89 L=8.98 pinL=4.36 target=99.86 off=99.69
21:04:19.387 CLOCK integ raw=124.16 prev=123.88 new=124.01 d=+0.132 fr=133.40 dt=0.132 rate=1.00 paused=False backlog=38.23 edge=162.24 div=0.28
21:04:19.488 CLOCK integ raw=124.16 prev=124.01 new=124.11 d=+0.101 fr=133.40 dt=0.101 rate=1.00 paused=False backlog=38.23 edge=162.34 div=0.28
21:04:19.589 CUE cx=[57.89..61.26] adv=3.37 el=0.20 fresh | off=99.77 fr=133.40 cc=124.11 raw=124.44 lead=+36.92 | pcr=164.531 head_rel=62.25 lag_ewma=8.98 | q=to Marshawn Lloyd and he'll run / ahead for three and bring 
21:04:19.589 ANCHOR pend_end=61.26 L=6.18 pinL=0.99 target=99.97 off=99.77
21:04:19.589 CLOCK fold raw=124.44 prev=124.11 new=124.16 d=+0.049 fr=133.40 dt=0.101 rate=1.00 paused=False backlog=38.16 edge=162.32 div=0.28
21:04:19.691 CLOCK integ raw=124.44 prev=124.16 new=124.26 d=+0.102 fr=133.84 dt=0.102 rate=1.00 paused=False backlog=38.16 edge=162.42 div=0.28
21:04:19.792 CLOCK integ raw=124.44 prev=124.26 new=124.36 d=+0.101 fr=133.84 dt=0.101 rate=1.00 paused=False backlog=38.16 edge=162.53 div=0.28
21:04:19.994 CLOCK fold raw=124.72 prev=124.36 new=124.44 d=+0.078 fr=133.84 dt=0.202 rate=1.00 paused=False backlog=38.29 edge=162.73 div=0.28
21:04:20.095 CLOCK fold raw=125.00 prev=124.44 new=124.72 d=+0.280 fr=133.84 dt=0.101 rate=1.00 paused=False backlog=38.11 edge=162.83 div=0.28
21:04:20.196 CLOCK integ raw=125.00 prev=124.72 new=124.82 d=+0.101 fr=133.84 dt=0.101 rate=1.00 paused=False backlog=38.11 edge=162.93 div=0.28
21:04:20.297 CLOCK integ raw=125.00 prev=124.82 new=124.92 d=+0.101 fr=133.84 dt=0.101 rate=1.00 paused=False backlog=38.11 edge=163.03 div=0.28
21:04:20.398 CLOCK fold raw=125.28 prev=124.92 new=125.00 d=+0.079 fr=133.84 dt=0.101 rate=1.00 paused=False backlog=38.13 edge=163.13 div=0.28
21:04:20.500 CLOCK integ raw=125.28 prev=125.00 new=125.11 d=+0.102 fr=133.84 dt=0.102 rate=1.00 paused=False backlog=38.13 edge=163.23 div=0.28
21:04:20.602 CLOCK integ raw=125.28 prev=125.11 new=125.21 d=+0.102 fr=133.84 dt=0.102 rate=1.00 paused=False backlog=37.56 edge=162.77 div=0.28
21:04:20.704 CLOCK fold raw=125.56 prev=125.21 new=125.28 d=+0.075 fr=133.84 dt=0.101 rate=1.00 paused=False backlog=37.59 edge=162.87 div=0.28
21:04:20.805 CLOCK integ raw=125.56 prev=125.28 new=125.38 d=+0.101 fr=133.84 dt=0.101 rate=1.00 paused=False backlog=37.59 edge=162.97 div=0.28
21:04:20.906 CLOCK integ raw=125.56 prev=125.38 new=125.48 d=+0.101 fr=133.84 dt=0.101 rate=1.00 paused=False backlog=37.59 edge=163.07 div=0.28
21:04:21.107 CLOCK fold raw=125.84 prev=125.48 new=125.56 d=+0.079 fr=133.84 dt=0.202 rate=1.00 paused=False backlog=37.71 edge=163.28 div=0.28
21:04:21.209 CLOCK integ raw=125.84 prev=125.56 new=125.67 d=+0.102 fr=133.84 dt=0.102 rate=1.00 paused=False backlog=37.71 edge=163.38 div=0.28
21:04:21.311 CLOCK fold raw=126.13 prev=125.67 new=125.84 d=+0.179 fr=133.84 dt=0.102 rate=1.00 paused=False backlog=37.64 edge=163.48 div=0.28
21:04:21.412 CLOCK integ raw=126.13 prev=125.84 new=125.95 d=+0.101 fr=133.84 dt=0.101 rate=1.00 paused=False backlog=37.64 edge=163.58 div=0.28
21:04:21.513 CLOCK fold raw=126.41 prev=125.95 new=126.13 d=+0.182 fr=133.84 dt=0.101 rate=1.00 paused=False backlog=37.55 edge=163.68 div=0.28
21:04:21.614 CLOCK integ raw=126.41 prev=126.13 new=126.23 d=+0.101 fr=133.84 dt=0.101 rate=1.00 paused=False backlog=37.55 edge=163.78 div=0.28
21:04:21.715 CLOCK integ raw=126.41 prev=126.23 new=126.33 d=+0.101 fr=133.84 dt=0.101 rate=1.00 paused=False backlog=37.55 edge=163.88 div=0.28
21:04:21.816 CLOCK fold raw=126.69 prev=126.33 new=126.41 d=+0.078 fr=133.84 dt=0.101 rate=1.00 paused=False backlog=37.58 edge=163.99 div=0.28
21:04:21.916 CLOCK integ raw=126.69 prev=126.41 new=126.51 d=+0.101 fr=133.84 dt=0.101 rate=1.00 paused=False backlog=37.58 edge=164.09 div=0.28
21:04:22.017 CLOCK integ raw=126.69 prev=126.51 new=126.61 d=+0.101 fr=133.84 dt=0.101 rate=1.00 paused=False backlog=37.58 edge=164.19 div=0.28
21:04:22.118 CLOCK fold raw=126.97 prev=126.61 new=126.69 d=+0.081 fr=133.84 dt=0.101 rate=1.00 paused=False backlog=37.60 edge=164.29 div=0.28
21:04:22.220 CLOCK integ raw=126.97 prev=126.69 new=126.79 d=+0.102 fr=133.84 dt=0.102 rate=1.00 paused=False backlog=37.60 edge=164.39 div=0.28
21:04:22.421 CLOCK fold raw=127.25 prev=126.79 new=126.97 d=+0.178 fr=133.84 dt=0.201 rate=1.00 paused=False backlog=37.62 edge=164.59 div=0.28
21:04:22.523 CLOCK integ raw=127.25 prev=126.97 new=127.07 d=+0.101 fr=133.84 dt=0.101 rate=1.00 paused=False backlog=37.62 edge=164.69 div=0.28
21:04:22.624 CLOCK fold raw=127.53 prev=127.07 new=127.25 d=+0.181 fr=133.84 dt=0.101 rate=1.00 paused=False backlog=37.54 edge=164.79 div=0.28
21:04:22.626 EDGESNAP err=-2.69 edge->162.11
21:04:22.727 CLOCK integ raw=127.53 prev=127.25 new=127.35 d=+0.103 fr=133.84 dt=0.103 rate=1.00 paused=False backlog=34.85 edge=162.21 div=0.28
21:04:22.828 CLOCK integ raw=127.53 prev=127.35 new=127.46 d=+0.101 fr=133.84 dt=0.101 rate=1.00 paused=False backlog=34.85 edge=162.31 div=0.28
21:04:22.929 CLOCK fold raw=127.82 prev=127.46 new=127.54 d=+0.080 fr=133.84 dt=0.101 rate=1.00 paused=False backlog=34.87 edge=162.41 div=0.28
21:04:23.030 CLOCK integ raw=127.82 prev=127.54 new=127.64 d=+0.101 fr=133.84 dt=0.101 rate=1.00 paused=False backlog=34.87 edge=162.51 div=0.28
21:04:23.132 CLOCK integ raw=127.82 prev=127.64 new=127.74 d=+0.102 fr=133.84 dt=0.102 rate=1.00 paused=False backlog=34.87 edge=162.61 div=0.28
21:04:23.233 CLOCK fold raw=128.09 prev=127.74 new=127.81 d=+0.073 fr=133.84 dt=0.101 rate=1.00 paused=False backlog=34.90 edge=162.71 div=0.28
21:04:23.334 CLOCK integ raw=128.09 prev=127.81 new=127.91 d=+0.101 fr=133.84 dt=0.101 rate=1.00 paused=False backlog=34.90 edge=162.82 div=0.28
21:04:23.436 CLOCK integ raw=128.09 prev=127.91 new=128.01 d=+0.102 fr=133.84 dt=0.102 rate=1.00 paused=False backlog=34.90 edge=162.92 div=0.28
21:04:23.537 CLOCK fold raw=128.38 prev=128.01 new=128.10 d=+0.084 fr=133.84 dt=0.101 rate=1.00 paused=False backlog=34.92 edge=163.02 div=0.28
21:04:23.738 CLOCK integ raw=128.38 prev=128.10 new=128.30 d=+0.202 fr=133.84 dt=0.202 rate=1.00 paused=False backlog=34.92 edge=163.22 div=0.28
21:04:23.840 CLOCK fold raw=128.66 prev=128.30 new=128.38 d=+0.075 fr=133.84 dt=0.101 rate=1.00 paused=False backlog=34.95 edge=163.32 div=0.28
21:04:23.941 CLOCK integ raw=128.66 prev=128.38 new=128.48 d=+0.101 fr=133.84 dt=0.101 rate=1.00 paused=False backlog=34.95 edge=163.42 div=0.28
21:04:23.943 TICK fr=133.84 cc=128.48 raw=128.66 vid=128.38 playing=1 started=1 stall=0 | d_fr_cc=+5.36 d_fr_raw=+5.18 d_cc_raw=-0.18 | off=99.87 ccx_end=61.26 since_show=0.0 since_cue=4.4 | pcr=164.531 pid=100 head_rel=62.25 ccx_lag=0.99 | credit=133.8 capped=0.0 | fsize=75071784 feed=75071784 feed_behind=0 | backlog=34.95 edge=163.42 div=0.28 lag_ewma=6.18
21:04:24.044 CLOCK fold raw=128.94 prev=128.48 new=128.66 d=+0.181 fr=133.84 dt=0.103 rate=1.00 paused=False backlog=34.87 edge=163.53 div=0.28
21:04:24.145 CLOCK integ raw=128.94 prev=128.66 new=128.76 d=+0.101 fr=138.29 dt=0.101 rate=1.00 paused=False backlog=34.87 edge=163.63 div=0.28
21:04:24.246 CLOCK integ raw=128.94 prev=128.76 new=128.86 d=+0.101 fr=138.29 dt=0.101 rate=1.00 paused=False backlog=34.87 edge=163.73 div=0.28
21:04:24.347 CLOCK fold raw=129.22 prev=128.86 new=128.94 d=+0.078 fr=138.29 dt=0.101 rate=1.00 paused=False backlog=34.89 edge=163.83 div=0.28
21:04:24.349 EDGESNAP err=+2.71 edge->166.53
21:04:24.349 CUE cx=[61.26..63.33] adv=2.07 el=4.76 fresh | off=99.87 fr=138.29 cc=128.94 raw=129.22 lead=+34.26 | pcr=168.960 head_rel=66.68 lag_ewma=8.89 | q=ahead for three and bring up a / second down. Some more play
21:04:24.349 CUE cx=[63.33..65.23] adv=1.90 el=0.00 fresh | off=99.87 fr=138.29 cc=128.94 raw=129.22 lead=+36.16 | pcr=168.960 head_rel=66.68 lag_ewma=8.89 | q=second down. Some more players / to watch. Brought to you by
21:04:24.450 ANCHOR pend_end=65.23 L=6.28 pinL=1.45 target=99.86 off=99.87
21:04:24.451 CLOCK integ raw=129.22 prev=128.94 new=129.04 d=+0.104 fr=138.29 dt=0.104 rate=1.00 paused=False backlog=37.60 edge=166.64 div=0.28
21:04:24.552 CLOCK integ raw=129.22 prev=129.04 new=129.14 d=+0.101 fr=138.70 dt=0.101 rate=1.00 paused=False backlog=37.60 edge=166.74 div=0.28
21:04:24.657 CLOCK fold raw=129.50 prev=129.14 new=129.22 d=+0.077 fr=138.70 dt=0.104 rate=1.00 paused=False backlog=37.70 edge=166.92 div=0.28
21:04:24.758 CLOCK integ raw=129.50 prev=129.22 new=129.32 d=+0.102 fr=138.70 dt=0.102 rate=1.00 paused=False backlog=37.70 edge=167.02 div=0.28
21:04:24.859 CLOCK integ raw=129.50 prev=129.32 new=129.42 d=+0.101 fr=138.70 dt=0.101 rate=1.00 paused=False backlog=37.70 edge=167.12 div=0.28
21:04:24.963 CLOCK fold raw=129.78 prev=129.42 new=129.50 d=+0.078 fr=138.70 dt=0.103 rate=1.00 paused=False backlog=37.72 edge=167.22 div=0.28
21:04:25.069 CLOCK integ raw=129.78 prev=129.50 new=129.61 d=+0.107 fr=138.70 dt=0.107 rate=1.00 paused=False backlog=37.72 edge=167.33 div=0.28
21:04:25.172 CLOCK fold raw=130.06 prev=129.61 new=129.78 d=+0.177 fr=138.70 dt=0.103 rate=1.00 paused=False backlog=37.65 edge=167.43 div=0.28
21:04:25.375 CLOCK integ raw=130.06 prev=129.78 new=129.99 d=+0.203 fr=138.70 dt=0.203 rate=1.00 paused=False backlog=37.65 edge=167.64 div=0.28
21:04:25.477 CLOCK fold raw=130.35 prev=129.99 new=130.07 d=+0.079 fr=138.70 dt=0.102 rate=1.00 paused=False backlog=37.67 edge=167.74 div=0.28
21:04:25.579 CLOCK integ raw=130.35 prev=130.07 new=130.17 d=+0.103 fr=138.70 dt=0.103 rate=1.00 paused=False backlog=37.67 edge=167.84 div=0.28
21:04:25.680 CLOCK integ raw=130.35 prev=130.17 new=130.27 d=+0.101 fr=138.70 dt=0.101 rate=1.00 paused=False backlog=37.67 edge=167.94 div=0.28
21:04:25.782 CLOCK fold raw=130.63 prev=130.27 new=130.35 d=+0.078 fr=138.70 dt=0.102 rate=1.00 paused=False backlog=37.69 edge=168.04 div=0.28
21:04:25.884 CLOCK integ raw=130.63 prev=130.35 new=130.45 d=+0.101 fr=138.70 dt=0.101 rate=1.00 paused=False backlog=37.69 edge=168.14 div=0.28
21:04:25.985 CLOCK integ raw=130.63 prev=130.45 new=130.55 d=+0.101 fr=138.70 dt=0.101 rate=1.00 paused=False backlog=37.69 edge=168.24 div=0.28
21:04:26.085 CLOCK fold raw=130.91 prev=130.55 new=130.63 d=+0.079 fr=138.70 dt=0.101 rate=1.00 paused=False backlog=37.72 edge=168.35 div=0.28
21:04:26.186 CLOCK integ raw=130.91 prev=130.63 new=130.73 d=+0.101 fr=138.70 dt=0.101 rate=1.00 paused=False backlog=37.72 edge=168.45 div=0.28
21:04:26.288 CLOCK fold raw=131.19 prev=130.73 new=130.91 d=+0.179 fr=138.70 dt=0.101 rate=1.00 paused=False backlog=37.64 edge=168.55 div=0.28
21:04:26.389 CLOCK integ raw=131.19 prev=130.91 new=131.01 d=+0.101 fr=138.70 dt=0.101 rate=1.00 paused=False backlog=37.64 edge=168.65 div=0.28
21:04:26.490 CLOCK integ raw=131.19 prev=131.01 new=131.11 d=+0.101 fr=138.70 dt=0.101 rate=1.00 paused=False backlog=37.64 edge=168.75 div=0.28
21:04:26.592 CLOCK fold raw=131.47 prev=131.11 new=131.19 d=+0.079 fr=138.70 dt=0.103 rate=1.00 paused=False backlog=36.73 edge=167.92 div=0.28
21:04:26.794 CLOCK integ raw=131.47 prev=131.19 new=131.39 d=+0.201 fr=138.70 dt=0.201 rate=1.00 paused=False backlog=36.73 edge=168.12 div=0.28
21:04:26.895 CLOCK fold raw=131.75 prev=131.39 new=131.47 d=+0.080 fr=138.70 dt=0.101 rate=1.00 paused=False backlog=36.75 edge=168.22 div=0.28
21:04:26.996 CLOCK integ raw=131.75 prev=131.47 new=131.57 d=+0.101 fr=138.70 dt=0.101 rate=1.00 paused=False backlog=36.75 edge=168.32 div=0.28
21:04:27.097 CLOCK integ raw=131.75 prev=131.57 new=131.67 d=+0.101 fr=138.70 dt=0.101 rate=1.00 paused=False backlog=36.75 edge=168.43 div=0.28
21:04:27.198 CLOCK fold raw=132.03 prev=131.67 new=131.75 d=+0.078 fr=138.70 dt=0.101 rate=1.00 paused=False backlog=36.77 edge=168.53 div=0.28
21:04:27.299 CLOCK integ raw=132.03 prev=131.75 new=131.85 d=+0.101 fr=138.70 dt=0.101 rate=1.00 paused=False backlog=36.77 edge=168.63 div=0.28
21:04:27.400 CLOCK integ raw=132.03 prev=131.85 new=131.95 d=+0.101 fr=138.70 dt=0.101 rate=1.00 paused=False backlog=36.77 edge=168.73 div=0.28
21:04:27.501 CLOCK fold raw=132.31 prev=131.95 new=132.03 d=+0.079 fr=138.70 dt=0.102 rate=1.00 paused=False backlog=36.80 edge=168.83 div=0.28
21:04:27.603 CLOCK integ raw=132.31 prev=132.03 new=132.13 d=+0.101 fr=138.70 dt=0.101 rate=1.00 paused=False backlog=36.80 edge=168.93 div=0.28
21:04:27.704 CLOCK fold raw=132.59 prev=132.13 new=132.31 d=+0.179 fr=138.70 dt=0.101 rate=1.00 paused=False backlog=36.72 edge=169.03 div=0.28
21:04:27.805 CLOCK integ raw=132.59 prev=132.31 new=132.41 d=+0.101 fr=138.70 dt=0.101 rate=1.00 paused=False backlog=36.72 edge=169.13 div=0.28
21:04:28.007 CLOCK fold raw=132.87 prev=132.41 new=132.59 d=+0.179 fr=138.70 dt=0.202 rate=1.00 paused=False backlog=36.74 edge=169.34 div=0.28
21:04:28.108 CLOCK integ raw=132.87 prev=132.59 new=132.69 d=+0.101 fr=138.70 dt=0.101 rate=1.00 paused=False backlog=36.74 edge=169.44 div=0.28
21:04:28.209 CLOCK integ raw=132.87 prev=132.69 new=132.79 d=+0.101 fr=138.70 dt=0.101 rate=1.00 paused=False backlog=36.74 edge=169.54 div=0.28
21:04:28.311 CLOCK fold raw=133.16 prev=132.79 new=132.88 d=+0.082 fr=138.70 dt=0.101 rate=1.00 paused=False backlog=36.76 edge=169.64 div=0.28
21:04:28.412 CLOCK integ raw=133.16 prev=132.88 new=132.98 d=+0.101 fr=138.70 dt=0.101 rate=1.00 paused=False backlog=36.76 edge=169.74 div=0.28
21:04:28.512 CLOCK integ raw=133.16 prev=132.98 new=133.08 d=+0.101 fr=138.70 dt=0.101 rate=1.00 paused=False backlog=36.76 edge=169.84 div=0.28
21:04:28.614 CLOCK fold raw=133.43 prev=133.08 new=133.15 d=+0.075 fr=138.70 dt=0.101 rate=1.00 paused=False backlog=36.79 edge=169.94 div=0.28
21:04:28.615 EDGESNAP err=-3.06 edge->166.89
21:04:28.717 CLOCK integ raw=133.43 prev=133.15 new=133.26 d=+0.103 fr=138.70 dt=0.103 rate=1.00 paused=False backlog=33.73 edge=166.99 div=0.28
21:04:28.819 CLOCK fold raw=133.72 prev=133.26 new=133.43 d=+0.178 fr=138.70 dt=0.102 rate=1.00 paused=False backlog=33.66 edge=167.09 div=0.28
21:04:28.920 CLOCK integ raw=133.72 prev=133.43 new=133.54 d=+0.101 fr=138.70 dt=0.101 rate=1.00 paused=False backlog=33.66 edge=167.19 div=0.28
21:04:28.921 TICK fr=138.70 cc=133.54 raw=133.72 vid=133.43 playing=1 started=1 stall=0 | d_fr_cc=+5.16 d_fr_raw=+4.98 d_cc_raw=-0.18 | off=99.86 ccx_end=65.23 since_show=0.0 since_cue=4.6 | pcr=169.311 pid=100 head_rel=67.03 ccx_lag=1.80 | credit=138.7 capped=0.0 | fsize=76860228 feed=76860228 feed_behind=0 | backlog=33.66 edge=167.19 div=0.28 lag_ewma=6.28
21:04:29.022 CLOCK integ raw=133.72 prev=133.54 new=133.64 d=+0.102 fr=143.17 dt=0.102 rate=1.00 paused=False backlog=33.66 edge=167.29 div=0.28
21:04:29.123 CLOCK fold raw=134.00 prev=133.64 new=133.72 d=+0.078 fr=143.17 dt=0.101 rate=1.00 paused=False backlog=33.68 edge=167.39 div=0.28
21:04:29.224 CLOCK integ raw=134.00 prev=133.72 new=133.82 d=+0.101 fr=143.17 dt=0.101 rate=1.00 paused=False backlog=33.68 edge=167.50 div=0.28
21:04:29.446 EDGESNAP err=+3.19 edge->170.68
21:04:29.447 CUE cx=[65.23..67.73] adv=2.50 el=5.08 fresh | off=99.86 fr=143.17 cc=133.82 raw=134.28 lead=+33.78 | pcr=173.108 head_rel=70.83 lag_ewma=9.47 | q=to watch. Brought to you by / empower for the Broncos. It's 
21:04:29.447 CUE cx=[67.73..68.97] adv=1.23 el=0.02 fresh | off=99.86 fr=143.17 cc=133.82 raw=134.28 lead=+35.01 | pcr=173.108 head_rel=70.83 lag_ewma=9.47 | q=empower for the Broncos. It's / going to start with Bo Nix. 
21:04:29.448 CUE cx=[68.97..70.04] adv=1.07 el=0.00 fresh | off=99.86 fr=143.17 cc=133.82 raw=134.28 lead=+36.08 | pcr=173.108 head_rel=70.83 lag_ewma=9.47 | q=going to start with Bo Nix. See / the quarterback of course.
21:04:29.448 ANCHOR pend_end=70.04 L=6.43 pinL=0.79 target=99.86 off=99.86
21:04:29.448 CLOCK fold raw=134.28 prev=133.82 new=134.00 d=+0.183 fr=143.17 dt=0.224 rate=1.00 paused=False backlog=36.91 edge=170.91 div=0.28
21:04:29.549 CLOCK integ raw=134.28 prev=134.00 new=134.10 d=+0.102 fr=143.60 dt=0.102 rate=1.00 paused=False backlog=36.91 edge=171.01 div=0.28
21:04:29.750 CLOCK fold raw=134.56 prev=134.10 new=134.28 d=+0.175 fr=143.60 dt=0.201 rate=1.00 paused=False backlog=36.93 edge=171.21 div=0.28
21:04:29.852 CLOCK integ raw=134.56 prev=134.28 new=134.38 d=+0.101 fr=143.60 dt=0.101 rate=1.00 paused=False backlog=36.93 edge=171.31 div=0.28
21:04:29.953 CLOCK fold raw=134.84 prev=134.38 new=134.56 d=+0.184 fr=143.60 dt=0.102 rate=1.00 paused=False backlog=36.85 edge=171.41 div=0.28
21:04:30.054 CLOCK integ raw=134.84 prev=134.56 new=134.66 d=+0.101 fr=143.60 dt=0.101 rate=1.00 paused=False backlog=36.85 edge=171.51 div=0.28
21:04:30.155 CLOCK integ raw=134.84 prev=134.66 new=134.76 d=+0.101 fr=143.60 dt=0.101 rate=1.00 paused=False backlog=36.85 edge=171.61 div=0.28
21:04:30.256 CLOCK fold raw=135.12 prev=134.76 new=134.84 d=+0.081 fr=143.60 dt=0.101 rate=1.00 paused=False backlog=36.87 edge=171.71 div=0.28
21:04:30.358 CLOCK integ raw=135.12 prev=134.84 new=134.95 d=+0.102 fr=143.60 dt=0.102 rate=1.00 paused=False backlog=36.87 edge=171.82 div=0.28
21:04:30.459 CLOCK integ raw=135.12 prev=134.95 new=135.05 d=+0.101 fr=143.60 dt=0.101 rate=1.00 paused=False backlog=36.87 edge=171.92 div=0.28
21:04:30.560 CLOCK fold raw=135.40 prev=135.05 new=135.12 d=+0.074 fr=143.60 dt=0.101 rate=1.00 paused=False backlog=36.90 edge=172.02 div=0.28
21:04:30.664 CLOCK integ raw=135.40 prev=135.12 new=135.22 d=+0.103 fr=143.60 dt=0.103 rate=1.00 paused=False backlog=36.23 edge=171.45 div=0.28
21:04:30.765 CLOCK integ raw=135.40 prev=135.22 new=135.33 d=+0.101 fr=143.60 dt=0.101 rate=1.00 paused=False backlog=36.23 edge=171.56 div=0.28
21:04:30.866 CLOCK fold raw=135.68 prev=135.33 new=135.40 d=+0.076 fr=143.60 dt=0.101 rate=1.00 paused=False backlog=36.26 edge=171.66 div=0.28
21:04:30.967 CLOCK integ raw=135.68 prev=135.40 new=135.50 d=+0.101 fr=143.60 dt=0.101 rate=1.00 paused=False backlog=36.26 edge=171.76 div=0.28
21:04:31.169 CLOCK fold raw=135.96 prev=135.50 new=135.68 d=+0.181 fr=143.60 dt=0.202 rate=1.00 paused=False backlog=36.28 edge=171.96 div=0.28
21:04:31.270 CLOCK integ raw=135.96 prev=135.68 new=135.78 d=+0.101 fr=143.60 dt=0.101 rate=1.00 paused=False backlog=36.28 edge=172.06 div=0.28
21:04:31.371 CLOCK fold raw=136.25 prev=135.78 new=135.97 d=+0.184 fr=143.60 dt=0.101 rate=1.00 paused=False backlog=36.19 edge=172.16 div=0.28
21:04:31.472 CLOCK integ raw=136.25 prev=135.97 new=136.07 d=+0.101 fr=143.60 dt=0.101 rate=1.00 paused=False backlog=36.19 edge=172.26 div=0.28
21:04:31.574 CLOCK integ raw=136.25 prev=136.07 new=136.17 d=+0.102 fr=143.60 dt=0.102 rate=1.00 paused=False backlog=36.19 edge=172.36 div=0.28
21:04:31.675 CLOCK fold raw=136.53 prev=136.17 new=136.25 d=+0.074 fr=143.60 dt=0.101 rate=1.00 paused=False backlog=36.22 edge=172.47 div=0.28
21:04:31.776 CLOCK integ raw=136.53 prev=136.25 new=136.35 d=+0.101 fr=143.60 dt=0.101 rate=1.00 paused=False backlog=36.22 edge=172.57 div=0.28
21:04:31.877 CLOCK integ raw=136.53 prev=136.35 new=136.45 d=+0.101 fr=143.60 dt=0.101 rate=1.00 paused=False backlog=36.22 edge=172.67 div=0.28
21:04:31.979 CLOCK fold raw=136.81 prev=136.45 new=136.53 d=+0.079 fr=143.60 dt=0.102 rate=1.00 paused=False backlog=36.24 edge=172.77 div=0.28
21:04:32.079 CLOCK integ raw=136.81 prev=136.53 new=136.63 d=+0.101 fr=143.60 dt=0.101 rate=1.00 paused=False backlog=36.24 edge=172.87 div=0.28
21:04:32.180 CLOCK integ raw=136.81 prev=136.63 new=136.73 d=+0.101 fr=143.60 dt=0.101 rate=1.00 paused=False backlog=36.24 edge=172.97 div=0.28
21:04:32.382 CLOCK fold raw=137.09 prev=136.73 new=136.81 d=+0.082 fr=143.60 dt=0.201 rate=1.00 paused=False backlog=36.36 edge=173.17 div=0.28
21:04:32.483 CLOCK fold raw=137.37 prev=136.81 new=137.09 d=+0.277 fr=143.60 dt=0.101 rate=1.00 paused=False backlog=36.19 edge=173.27 div=0.28
21:04:32.584 CLOCK integ raw=137.37 prev=137.09 new=137.19 d=+0.101 fr=143.60 dt=0.101 rate=1.00 paused=False backlog=36.19 edge=173.37 div=0.28
21:04:32.585 EDGESNAP err=-2.69 edge->170.68
21:04:32.686 CLOCK integ raw=137.37 prev=137.19 new=137.29 d=+0.102 fr=143.60 dt=0.102 rate=1.00 paused=False backlog=33.49 edge=170.78 div=0.28
21:04:32.787 CLOCK fold raw=137.65 prev=137.29 new=137.37 d=+0.079 fr=143.60 dt=0.101 rate=1.00 paused=False backlog=33.52 edge=170.89 div=0.28
21:04:32.888 CLOCK integ raw=137.65 prev=137.37 new=137.47 d=+0.101 fr=143.60 dt=0.101 rate=1.00 paused=False backlog=33.52 edge=170.99 div=0.28
21:04:32.989 CLOCK integ raw=137.65 prev=137.47 new=137.57 d=+0.101 fr=143.60 dt=0.101 rate=1.00 paused=False backlog=33.52 edge=171.09 div=0.28
21:04:33.090 CLOCK fold raw=137.93 prev=137.57 new=137.65 d=+0.080 fr=143.60 dt=0.101 rate=1.00 paused=False backlog=33.54 edge=171.19 div=0.28
21:04:33.191 CLOCK integ raw=137.93 prev=137.65 new=137.75 d=+0.101 fr=143.60 dt=0.101 rate=1.00 paused=False backlog=33.54 edge=171.29 div=0.28
21:04:33.293 CLOCK integ raw=137.93 prev=137.75 new=137.85 d=+0.102 fr=143.60 dt=0.102 rate=1.00 paused=False backlog=33.54 edge=171.39 div=0.28
21:04:33.394 CLOCK fold raw=138.21 prev=137.85 new=137.93 d=+0.078 fr=143.60 dt=0.101 rate=1.00 paused=False backlog=33.56 edge=171.49 div=0.28
21:04:33.496 CLOCK integ raw=138.21 prev=137.93 new=138.03 d=+0.101 fr=143.60 dt=0.101 rate=1.00 paused=False backlog=33.56 edge=171.59 div=0.28
21:04:33.598 CLOCK fold raw=138.49 prev=138.03 new=138.21 d=+0.179 fr=143.60 dt=0.101 rate=1.00 paused=False backlog=33.48 edge=171.70 div=0.28
21:04:33.800 CLOCK integ raw=138.49 prev=138.21 new=138.41 d=+0.202 fr=143.60 dt=0.202 rate=1.00 paused=False backlog=33.48 edge=171.90 div=0.28
21:04:33.901 CLOCK fold raw=138.77 prev=138.41 new=138.49 d=+0.079 fr=143.60 dt=0.101 rate=1.00 paused=False backlog=33.51 edge=172.00 div=0.28
21:04:34.004 TICK fr=143.60 cc=138.49 raw=138.77 vid=138.77 playing=1 started=1 stall=0 | d_fr_cc=+5.10 d_fr_raw=+4.82 d_cc_raw=-0.28 | off=99.86 ccx_end=70.04 since_show=0.1 since_cue=4.6 | pcr=173.108 pid=100 head_rel=70.83 ccx_lag=0.79 | credit=143.6 capped=0.0 | fsize=78657508 feed=78657508 feed_behind=0 | backlog=33.51 edge=172.00 div=0.28 lag_ewma=6.43
21:04:34.004 CLOCK integ raw=138.77 prev=138.49 new=138.60 d=+0.104 fr=143.60 dt=0.104 rate=1.00 paused=False backlog=33.51 edge=172.10 div=0.28
21:04:34.106 CLOCK integ raw=138.77 prev=138.60 new=138.70 d=+0.101 fr=143.60 dt=0.101 rate=1.00 paused=False backlog=33.51 edge=172.20 div=0.28
21:04:34.207 CLOCK fold raw=139.06 prev=138.70 new=138.77 d=+0.076 fr=143.60 dt=0.101 rate=1.00 paused=False backlog=33.53 edge=172.31 div=0.28
21:04:34.310 CLOCK integ raw=139.06 prev=138.77 new=138.88 d=+0.103 fr=148.46 dt=0.103 rate=1.00 paused=False backlog=33.53 edge=172.41 div=0.28
21:04:34.442 CUE cx=[70.04..71.64] adv=1.60 el=4.97 fresh | off=99.86 fr=148.46 cc=138.88 raw=139.34 lead=+32.62 | pcr=177.115 head_rel=74.83 lag_ewma=6.43 | q=the quarterback of course. But / then we're going to take a 
21:04:34.443 ANCHOR pend_end=71.64 L=5.30 pinL=3.20 target=98.71 off=99.86
21:04:34.443 CLOCK fold raw=139.34 prev=138.88 new=139.06 d=+0.181 fr=148.46 dt=0.134 rate=1.00 paused=False backlog=34.62 edge=173.68 div=0.28
21:04:34.545 CLOCK integ raw=139.34 prev=139.06 new=139.16 d=+0.101 fr=148.46 dt=0.101 rate=1.00 paused=False backlog=34.62 edge=173.78 div=0.28
21:04:34.646 CUE cx=[71.64..72.77] adv=1.14 el=0.23 fresh | off=99.29 fr=148.46 cc=139.16 raw=139.34 lead=+32.90 | pcr=177.115 head_rel=74.83 lag_ewma=5.30 | q=then we're going to take a look / at Alex Singleton. I think
21:04:34.646 CUE cx=[72.77..74.54] adv=1.77 el=0.00 fresh | off=99.29 fr=148.46 cc=139.16 raw=139.34 lead=+34.67 | pcr=177.115 head_rel=74.83 lag_ewma=5.30 | q=at Alex Singleton. I think Alex / Singleton is going to have
21:04:34.647 ANCHOR pend_end=74.54 L=3.55 pinL=0.29 target=99.74 off=99.29
21:04:34.647 CLOCK integ raw=139.34 prev=139.16 new=139.26 d=+0.102 fr=148.46 dt=0.102 rate=1.00 paused=False backlog=35.42 edge=174.68 div=0.28
21:04:34.748 CLOCK fold raw=139.62 prev=139.26 new=139.34 d=+0.076 fr=148.79 dt=0.101 rate=1.00 paused=False backlog=35.44 edge=174.78 div=0.28
21:04:34.849 CLOCK integ raw=139.62 prev=139.34 new=139.44 d=+0.101 fr=148.79 dt=0.101 rate=1.00 paused=False backlog=35.44 edge=174.88 div=0.28
21:04:34.950 CLOCK integ raw=139.62 prev=139.44 new=139.54 d=+0.101 fr=148.79 dt=0.101 rate=1.00 paused=False backlog=35.44 edge=174.98 div=0.28
21:04:35.052 CLOCK fold raw=139.90 prev=139.54 new=139.62 d=+0.080 fr=148.79 dt=0.102 rate=1.00 paused=False backlog=35.46 edge=175.08 div=0.28
21:04:35.154 CLOCK integ raw=139.90 prev=139.62 new=139.72 d=+0.102 fr=148.79 dt=0.102 rate=1.00 paused=False backlog=35.46 edge=175.19 div=0.28
21:04:35.255 CLOCK integ raw=139.90 prev=139.72 new=139.82 d=+0.101 fr=148.79 dt=0.101 rate=1.00 paused=False backlog=35.46 edge=175.29 div=0.28
21:04:35.356 CLOCK fold raw=140.18 prev=139.82 new=139.90 d=+0.078 fr=148.79 dt=0.101 rate=1.00 paused=False backlog=35.49 edge=175.39 div=0.28
21:04:35.457 CLOCK integ raw=140.18 prev=139.90 new=140.00 d=+0.101 fr=148.79 dt=0.101 rate=1.00 paused=False backlog=35.49 edge=175.49 div=0.28
21:04:35.659 CLOCK fold raw=140.46 prev=140.00 new=140.18 d=+0.180 fr=148.79 dt=0.202 rate=1.00 paused=False backlog=35.51 edge=175.69 div=0.28
21:04:35.760 CLOCK integ raw=140.46 prev=140.18 new=140.28 d=+0.101 fr=148.79 dt=0.101 rate=1.00 paused=False backlog=35.51 edge=175.79 div=0.28
21:04:35.862 CLOCK fold raw=140.74 prev=140.28 new=140.46 d=+0.181 fr=148.79 dt=0.102 rate=1.00 paused=False backlog=35.43 edge=175.89 div=0.28
21:04:35.963 CLOCK integ raw=140.74 prev=140.46 new=140.56 d=+0.101 fr=148.79 dt=0.101 rate=1.00 paused=False backlog=35.43 edge=175.99 div=0.28
21:04:36.064 CLOCK integ raw=140.74 prev=140.56 new=140.67 d=+0.101 fr=148.79 dt=0.101 rate=1.00 paused=False backlog=35.43 edge=176.10 div=0.28
21:04:36.166 CLOCK fold raw=141.03 prev=140.67 new=140.75 d=+0.083 fr=148.79 dt=0.102 rate=1.00 paused=False backlog=35.45 edge=176.20 div=0.28
21:04:36.267 CLOCK integ raw=141.03 prev=140.75 new=140.85 d=+0.101 fr=148.79 dt=0.101 rate=1.00 paused=False backlog=35.45 edge=176.30 div=0.28
21:04:36.369 CLOCK integ raw=141.03 prev=140.85 new=140.95 d=+0.101 fr=148.79 dt=0.101 rate=1.00 paused=False backlog=35.45 edge=176.40 div=0.28
21:04:36.470 CLOCK fold raw=141.31 prev=140.95 new=141.03 d=+0.076 fr=148.79 dt=0.102 rate=1.00 paused=False backlog=35.48 edge=176.50 div=0.28
21:04:36.571 CLOCK integ raw=141.31 prev=141.03 new=141.13 d=+0.101 fr=148.79 dt=0.101 rate=1.00 paused=False backlog=35.48 edge=176.60 div=0.28
21:04:36.673 CLOCK integ raw=141.31 prev=141.13 new=141.23 d=+0.102 fr=148.79 dt=0.102 rate=1.00 paused=False backlog=34.52 edge=175.75 div=0.28
21:04:36.775 CLOCK fold raw=141.59 prev=141.23 new=141.31 d=+0.076 fr=148.79 dt=0.101 rate=1.00 paused=False backlog=34.54 edge=175.85 div=0.28
21:04:36.875 CLOCK integ raw=141.59 prev=141.31 new=141.41 d=+0.101 fr=148.79 dt=0.101 rate=1.00 paused=False backlog=34.54 edge=175.95 div=0.28
21:04:37.077 CLOCK fold raw=141.87 prev=141.41 new=141.59 d=+0.181 fr=148.79 dt=0.201 rate=1.00 paused=False backlog=34.56 edge=176.15 div=0.28
21:04:37.178 CLOCK integ raw=141.87 prev=141.59 new=141.69 d=+0.102 fr=148.79 dt=0.102 rate=1.00 paused=False backlog=34.56 edge=176.25 div=0.28
21:04:37.279 CLOCK fold raw=142.15 prev=141.69 new=141.87 d=+0.177 fr=148.79 dt=0.101 rate=1.00 paused=False backlog=34.49 edge=176.35 div=0.28
21:04:37.381 CLOCK integ raw=142.15 prev=141.87 new=141.97 d=+0.101 fr=148.79 dt=0.101 rate=1.00 paused=False backlog=34.49 edge=176.46 div=0.28
21:04:37.482 CLOCK integ raw=142.15 prev=141.97 new=142.07 d=+0.101 fr=148.79 dt=0.101 rate=1.00 paused=False backlog=34.49 edge=176.56 div=0.28
21:04:37.583 CLOCK fold raw=142.43 prev=142.07 new=142.15 d=+0.082 fr=148.79 dt=0.101 rate=1.00 paused=False backlog=34.51 edge=176.66 div=0.28
21:04:37.684 CLOCK integ raw=142.43 prev=142.15 new=142.25 d=+0.101 fr=148.79 dt=0.101 rate=1.00 paused=False backlog=34.51 edge=176.76 div=0.28
21:04:37.785 CLOCK integ raw=142.43 prev=142.25 new=142.35 d=+0.102 fr=148.79 dt=0.102 rate=1.00 paused=False backlog=34.51 edge=176.86 div=0.28
21:04:37.887 CLOCK fold raw=142.71 prev=142.35 new=142.43 d=+0.076 fr=148.79 dt=0.102 rate=1.00 paused=False backlog=34.53 edge=176.96 div=0.28
21:04:37.988 CLOCK integ raw=142.71 prev=142.43 new=142.53 d=+0.101 fr=148.79 dt=0.101 rate=1.00 paused=False backlog=34.53 edge=177.06 div=0.28
21:04:38.191 CLOCK fold raw=142.99 prev=142.53 new=142.71 d=+0.183 fr=148.79 dt=0.202 rate=1.00 paused=False backlog=34.55 edge=177.27 div=0.28
21:04:38.292 CLOCK integ raw=142.99 prev=142.71 new=142.81 d=+0.101 fr=148.79 dt=0.101 rate=1.00 paused=False backlog=34.55 edge=177.37 div=0.28
21:04:38.393 CLOCK fold raw=143.27 prev=142.81 new=142.99 d=+0.179 fr=148.79 dt=0.101 rate=1.00 paused=False backlog=34.47 edge=177.47 div=0.28
21:04:38.494 CLOCK integ raw=143.27 prev=142.99 new=143.09 d=+0.101 fr=148.79 dt=0.101 rate=1.00 paused=False backlog=34.47 edge=177.57 div=0.28
21:04:38.595 CLOCK integ raw=143.27 prev=143.09 new=143.20 d=+0.101 fr=148.79 dt=0.101 rate=1.00 paused=False backlog=34.47 edge=177.67 div=0.28
21:04:38.596 EDGESNAP err=-2.98 edge->174.69
21:04:38.697 CLOCK fold raw=143.56 prev=143.20 new=143.28 d=+0.081 fr=148.79 dt=0.102 rate=1.00 paused=False backlog=31.52 edge=174.79 div=0.28
21:04:38.799 CLOCK integ raw=143.56 prev=143.28 new=143.38 d=+0.101 fr=148.79 dt=0.101 rate=1.00 paused=False backlog=31.52 edge=174.89 div=0.28
21:04:38.900 CLOCK integ raw=143.56 prev=143.38 new=143.48 d=+0.101 fr=148.79 dt=0.101 rate=1.00 paused=False backlog=31.52 edge=174.99 div=0.28
21:04:39.002 TICK fr=148.79 cc=143.48 raw=143.84 vid=143.56 playing=1 started=1 stall=0 | d_fr_cc=+5.32 d_fr_raw=+4.96 d_cc_raw=-0.36 | off=99.51 ccx_end=74.54 since_show=0.1 since_cue=4.4 | pcr=177.115 pid=100 head_rel=74.83 ccx_lag=0.29 | credit=148.8 capped=0.0 | fsize=80433356 feed=80433356 feed_behind=0 | backlog=31.52 edge=174.99 div=0.28 lag_ewma=3.55
21:04:39.002 CLOCK fold raw=143.84 prev=143.48 new=143.56 d=+0.079 fr=148.79 dt=0.102 rate=1.00 paused=False backlog=31.54 edge=175.10 div=0.28
21:04:39.103 CLOCK integ raw=143.84 prev=143.56 new=143.66 d=+0.101 fr=148.79 dt=0.101 rate=1.00 paused=False backlog=31.54 edge=175.20 div=0.28
21:04:39.204 CLOCK integ raw=143.84 prev=143.66 new=143.76 d=+0.101 fr=153.35 dt=0.101 rate=1.00 paused=False backlog=31.54 edge=175.30 div=0.28
21:04:39.305 CLOCK fold raw=144.12 prev=143.76 new=143.84 d=+0.078 fr=153.35 dt=0.101 rate=1.00 paused=False backlog=31.56 edge=175.40 div=0.28
21:04:39.427 EDGESNAP err=+4.36 edge->179.75
21:04:39.428 CUE cx=[74.54..75.24] adv=0.70 el=4.76 fresh | off=99.51 fr=153.35 cc=143.84 raw=144.12 lead=+30.92 | pcr=182.180 head_rel=79.90 lag_ewma=7.90 | q=Singleton is going to have his / best year as a Bronco. Huge
21:04:39.428 CUE cx=[75.24..76.11] adv=0.87 el=0.02 fresh | off=99.51 fr=153.35 cc=143.84 raw=144.12 lead=+31.79 | pcr=182.180 head_rel=79.90 lag_ewma=7.90 | q=best year as a Bronco. Huge / interception this week in / pr
21:04:39.428 ANCHOR pend_end=76.11 L=6.46 pinL=3.79 target=99.86 off=99.51
21:04:39.430 CLOCK integ raw=144.12 prev=143.84 new=143.96 d=+0.125 fr=153.35 dt=0.125 rate=1.00 paused=False backlog=35.92 edge=179.88 div=0.28
21:04:39.531 CLOCK fold raw=144.40 prev=143.96 new=144.12 d=+0.157 fr=153.35 dt=0.101 rate=1.00 paused=False backlog=35.86 edge=179.98 div=0.28
21:04:39.632 CUE cx=[76.11..77.74] adv=1.63 el=0.20 fresh | off=99.68 fr=153.68 cc=144.12 raw=144.40 lead=+33.31 | pcr=182.180 head_rel=79.90 lag_ewma=6.46 | q=interception this week in / practice. He's been all over / t
21:04:39.632 CUE cx=[77.75..78.58] adv=0.83 el=0.00 fresh | off=99.68 fr=153.68 cc=144.12 raw=144.40 lead=+34.14 | pcr=182.180 head_rel=79.90 lag_ewma=6.46 | q=practice. He's been all over / the football. Jonah Ellis / p
21:04:39.634 CUE cx=[78.58..79.71] adv=1.14 el=0.00 fresh | off=99.68 fr=153.68 cc=144.12 raw=144.40 lead=+35.28 | pcr=182.180 head_rel=79.90 lag_ewma=6.46 | q=the football. Jonah Ellis / playing well. And then look out 
21:04:39.634 ANCHOR pend_end=79.71 L=4.27 pinL=0.19 target=99.88 off=99.68
21:04:39.634 CLOCK integ raw=144.40 prev=144.12 new=144.22 d=+0.103 fr=153.68 dt=0.103 rate=1.00 paused=False backlog=35.66 edge=179.89 div=0.28
21:04:39.835 CLOCK fold raw=144.68 prev=144.22 new=144.40 d=+0.177 fr=153.68 dt=0.202 rate=1.00 paused=False backlog=35.69 edge=180.09 div=0.28
21:04:39.936 CLOCK integ raw=144.68 prev=144.40 new=144.50 d=+0.101 fr=153.68 dt=0.101 rate=1.00 paused=False backlog=35.69 edge=180.19 div=0.28
21:04:40.037 CLOCK integ raw=144.68 prev=144.50 new=144.60 d=+0.101 fr=154.19 dt=0.101 rate=1.00 paused=False backlog=35.69 edge=180.29 div=0.28
21:04:40.139 CLOCK fold raw=144.96 prev=144.60 new=144.68 d=+0.081 fr=154.19 dt=0.102 rate=1.00 paused=False backlog=35.71 edge=180.39 div=0.28
21:04:40.240 CLOCK integ raw=144.96 prev=144.68 new=144.78 d=+0.101 fr=154.19 dt=0.101 rate=1.00 paused=False backlog=35.71 edge=180.49 div=0.28
21:04:40.341 CLOCK fold raw=145.24 prev=144.78 new=144.96 d=+0.179 fr=154.19 dt=0.101 rate=1.00 paused=False backlog=35.63 edge=180.59 div=0.28
21:04:40.442 CLOCK integ raw=145.24 prev=144.96 new=145.06 d=+0.101 fr=154.19 dt=0.101 rate=1.00 paused=False backlog=35.63 edge=180.69 div=0.28
21:04:40.544 CLOCK integ raw=145.24 prev=145.06 new=145.16 d=+0.101 fr=154.19 dt=0.101 rate=1.00 paused=False backlog=35.63 edge=180.80 div=0.28
21:04:40.645 CLOCK fold raw=145.52 prev=145.16 new=145.24 d=+0.079 fr=154.19 dt=0.102 rate=1.00 paused=False backlog=36.01 edge=181.26 div=0.28
21:04:40.746 CLOCK integ raw=145.52 prev=145.24 new=145.34 d=+0.101 fr=154.19 dt=0.101 rate=1.00 paused=False backlog=36.01 edge=181.36 div=0.28
21:04:40.848 CLOCK integ raw=145.52 prev=145.34 new=145.45 d=+0.102 fr=154.19 dt=0.102 rate=1.00 paused=False backlog=36.01 edge=181.46 div=0.28
21:04:40.949 CLOCK fold raw=145.81 prev=145.45 new=145.52 d=+0.078 fr=154.19 dt=0.101 rate=1.00 paused=False backlog=36.03 edge=181.56 div=0.28
21:04:41.151 CLOCK integ raw=145.81 prev=145.52 new=145.73 d=+0.202 fr=154.19 dt=0.202 rate=1.00 paused=False backlog=36.03 edge=181.76 div=0.28
21:04:41.253 CLOCK fold raw=146.09 prev=145.73 new=145.81 d=+0.079 fr=154.19 dt=0.102 rate=1.00 paused=False backlog=36.06 edge=181.86 div=0.28
21:04:41.354 CLOCK integ raw=146.09 prev=145.81 new=145.91 d=+0.101 fr=154.19 dt=0.101 rate=1.00 paused=False backlog=36.06 edge=181.96 div=0.28
21:04:41.455 CLOCK integ raw=146.09 prev=145.91 new=146.01 d=+0.101 fr=154.19 dt=0.101 rate=1.00 paused=False backlog=36.06 edge=182.06 div=0.28
21:04:41.556 CLOCK fold raw=146.37 prev=146.01 new=146.09 d=+0.080 fr=154.19 dt=0.101 rate=1.00 paused=False backlog=36.08 edge=182.17 div=0.28
21:04:41.657 CLOCK integ raw=146.37 prev=146.09 new=146.19 d=+0.101 fr=154.19 dt=0.101 rate=1.00 paused=False backlog=36.08 edge=182.27 div=0.28
21:04:41.758 CLOCK fold raw=146.65 prev=146.19 new=146.37 d=+0.178 fr=154.19 dt=0.101 rate=1.00 paused=False backlog=36.00 edge=182.37 div=0.28
21:04:41.859 CLOCK integ raw=146.65 prev=146.37 new=146.47 d=+0.101 fr=154.19 dt=0.101 rate=1.00 paused=False backlog=36.00 edge=182.47 div=0.28
21:04:41.961 CLOCK integ raw=146.65 prev=146.47 new=146.57 d=+0.102 fr=154.19 dt=0.102 rate=1.00 paused=False backlog=36.00 edge=182.57 div=0.28
21:04:42.062 CLOCK fold raw=146.93 prev=146.57 new=146.65 d=+0.078 fr=154.19 dt=0.101 rate=1.00 paused=False backlog=36.02 edge=182.67 div=0.28
21:04:42.162 CLOCK integ raw=146.93 prev=146.65 new=146.75 d=+0.101 fr=154.19 dt=0.101 rate=1.00 paused=False backlog=36.02 edge=182.77 div=0.28
21:04:42.264 CLOCK integ raw=146.93 prev=146.75 new=146.85 d=+0.101 fr=154.19 dt=0.101 rate=1.00 paused=False backlog=36.02 edge=182.87 div=0.28
21:04:42.376 CLOCK fold raw=147.21 prev=146.85 new=146.93 d=+0.080 fr=154.19 dt=0.113 rate=1.00 paused=False backlog=36.06 edge=182.99 div=0.28
21:04:42.578 CLOCK fold raw=147.49 prev=146.93 new=147.21 d=+0.279 fr=154.19 dt=0.202 rate=1.00 paused=False backlog=35.98 edge=183.19 div=0.28
21:04:42.681 CLOCK integ raw=147.49 prev=147.21 new=147.31 d=+0.103 fr=154.19 dt=0.103 rate=1.00 paused=False backlog=35.14 edge=182.45 div=0.28
21:04:42.782 CLOCK integ raw=147.49 prev=147.31 new=147.41 d=+0.101 fr=154.19 dt=0.101 rate=1.00 paused=False backlog=35.14 edge=182.55 div=0.28
21:04:42.883 CLOCK fold raw=147.77 prev=147.41 new=147.49 d=+0.077 fr=154.19 dt=0.101 rate=1.00 paused=False backlog=35.17 edge=182.65 div=0.28
21:04:42.984 CLOCK integ raw=147.77 prev=147.49 new=147.59 d=+0.101 fr=154.19 dt=0.101 rate=1.00 paused=False backlog=35.17 edge=182.76 div=0.28
21:04:43.085 CLOCK integ raw=147.77 prev=147.59 new=147.69 d=+0.101 fr=154.19 dt=0.101 rate=1.00 paused=False backlog=35.17 edge=182.86 div=0.28
21:04:43.187 CLOCK fold raw=148.05 prev=147.69 new=147.77 d=+0.080 fr=154.19 dt=0.102 rate=1.00 paused=False backlog=35.19 edge=182.96 div=0.28
21:04:43.288 CLOCK integ raw=148.05 prev=147.77 new=147.87 d=+0.101 fr=154.19 dt=0.101 rate=1.00 paused=False backlog=35.19 edge=183.06 div=0.28
21:04:43.390 CLOCK integ raw=148.05 prev=147.87 new=147.97 d=+0.102 fr=154.19 dt=0.102 rate=1.00 paused=False backlog=35.19 edge=183.16 div=0.28
21:04:43.492 CLOCK fold raw=148.33 prev=147.97 new=148.05 d=+0.076 fr=154.19 dt=0.102 rate=1.00 paused=False backlog=35.21 edge=183.26 div=0.28
21:04:43.593 CLOCK integ raw=148.33 prev=148.05 new=148.15 d=+0.101 fr=154.19 dt=0.101 rate=1.00 paused=False backlog=35.21 edge=183.36 div=0.28
21:04:43.694 CLOCK integ raw=148.33 prev=148.15 new=148.25 d=+0.101 fr=154.19 dt=0.101 rate=1.00 paused=False backlog=35.21 edge=183.47 div=0.28
21:04:43.796 CLOCK fold raw=148.61 prev=148.25 new=148.33 d=+0.078 fr=154.19 dt=0.101 rate=1.00 paused=False backlog=35.24 edge=183.57 div=0.28
21:04:43.897 CLOCK integ raw=148.61 prev=148.33 new=148.43 d=+0.101 fr=154.19 dt=0.101 rate=1.00 paused=False backlog=35.24 edge=183.67 div=0.28
21:04:44.000 TICK fr=154.19 cc=148.43 raw=148.89 vid=148.33 playing=1 started=1 stall=0 | d_fr_cc=+5.75 d_fr_raw=+5.29 d_cc_raw=-0.46 | off=99.78 ccx_end=79.71 since_show=0.1 since_cue=4.4 | pcr=183.936 pid=100 head_rel=81.66 ccx_lag=1.94 | credit=154.2 capped=0.0 | fsize=83485724 feed=83485724 feed_behind=0 | backlog=35.24 edge=183.67 div=0.28 lag_ewma=4.27
21:04:44.100 CLOCK fold raw=148.89 prev=148.43 new=148.61 d=+0.180 fr=154.19 dt=0.204 rate=1.00 paused=False backlog=35.26 edge=183.87 div=0.28
21:04:44.126 CUE cx=[79.71..81.21] adv=1.50 el=4.47 fresh | off=99.78 fr=154.19 cc=148.61 raw=148.89 lead=+32.39 | pcr=185.134 head_rel=82.85 lag_ewma=4.27 | q=playing well. And then look out / for J. L Skinner. He's hav
21:04:44.227 ANCHOR pend_end=81.21 L=3.35 pinL=1.64 target=100.44 off=99.78
21:04:44.227 CLOCK integ raw=148.89 prev=148.61 new=148.74 d=+0.126 fr=154.19 dt=0.126 rate=1.00 paused=False backlog=34.68 edge=183.42 div=0.28
21:04:44.449 CUE cx=[81.22..82.45] adv=1.23 el=0.33 fresh | off=100.11 fr=154.19 cc=148.74 raw=149.17 lead=+33.82 | pcr=187.943 head_rel=85.66 lag_ewma=3.35 | q=for J. L Skinner. He's having / one of the best camps out of
21:04:44.449 CUE cx=[82.45..83.58] adv=1.13 el=0.02 fresh | off=100.11 fr=154.19 cc=148.74 raw=149.17 lead=+34.95 | pcr=187.943 head_rel=85.66 lag_ewma=3.35 | q=one of the best camps out of / any defensive player on the /
21:04:44.449 CUE cx=[83.58..85.32] adv=1.74 el=0.00 fresh | off=100.11 fr=154.19 cc=148.74 raw=149.17 lead=+36.69 | pcr=187.943 head_rel=85.66 lag_ewma=3.35 | q=any defensive player on the / team. Still trying to figure /
21:04:44.450 ANCHOR pend_end=85.32 L=2.30 pinL=0.34 target=99.59 off=100.11
21:04:44.450 CLOCK fold raw=149.17 prev=148.74 new=148.89 d=+0.155 fr=154.19 dt=0.223 rate=1.00 paused=False backlog=36.58 edge=185.48 div=0.28
21:04:44.551 CLOCK fold raw=149.46 prev=148.89 new=149.17 d=+0.282 fr=158.60 dt=0.102 rate=1.00 paused=False backlog=36.40 edge=185.58 div=0.28
21:04:44.652 CLOCK integ raw=149.46 prev=149.17 new=149.28 d=+0.101 fr=158.60 dt=0.101 rate=1.00 paused=False backlog=36.40 edge=185.68 div=0.28
21:04:44.753 CLOCK integ raw=149.46 prev=149.28 new=149.38 d=+0.101 fr=158.60 dt=0.101 rate=1.00 paused=False backlog=36.32 edge=185.70 div=0.28
21:04:44.854 CLOCK fold raw=149.74 prev=149.38 new=149.46 d=+0.082 fr=158.60 dt=0.101 rate=1.00 paused=False backlog=36.34 edge=185.80 div=0.28
21:04:44.955 CLOCK integ raw=149.74 prev=149.46 new=149.56 d=+0.101 fr=158.60 dt=0.101 rate=1.00 paused=False backlog=36.34 edge=185.90 div=0.28
21:04:45.056 CLOCK integ raw=149.74 prev=149.56 new=149.66 d=+0.101 fr=158.60 dt=0.101 rate=1.00 paused=False backlog=36.34 edge=186.00 div=0.28
21:04:45.157 CLOCK fold raw=150.02 prev=149.66 new=149.74 d=+0.076 fr=158.60 dt=0.101 rate=1.00 paused=False backlog=36.37 edge=186.10 div=0.28
21:04:45.258 CLOCK integ raw=150.02 prev=149.74 new=149.84 d=+0.102 fr=158.60 dt=0.102 rate=1.00 paused=False backlog=36.37 edge=186.20 div=0.28
21:04:45.361 CLOCK integ raw=150.02 prev=149.84 new=149.94 d=+0.102 fr=158.60 dt=0.102 rate=1.00 paused=False backlog=36.37 edge=186.31 div=0.28
21:04:45.462 CLOCK fold raw=150.30 prev=149.94 new=150.02 d=+0.076 fr=158.60 dt=0.102 rate=1.00 paused=False backlog=36.39 edge=186.41 div=0.28
21:04:45.564 CLOCK integ raw=150.30 prev=150.02 new=150.12 d=+0.102 fr=158.60 dt=0.102 rate=1.00 paused=False backlog=36.39 edge=186.51 div=0.28
21:04:45.666 CLOCK integ raw=150.30 prev=150.12 new=150.22 d=+0.102 fr=158.60 dt=0.102 rate=1.00 paused=False backlog=36.39 edge=186.61 div=0.28
21:04:45.768 CLOCK fold raw=150.58 prev=150.22 new=150.30 d=+0.078 fr=158.60 dt=0.102 rate=1.00 paused=False backlog=36.42 edge=186.71 div=0.28
21:04:45.869 CLOCK integ raw=150.58 prev=150.30 new=150.40 d=+0.101 fr=158.60 dt=0.101 rate=1.00 paused=False backlog=36.42 edge=186.82 div=0.28
21:04:46.071 CLOCK fold raw=150.86 prev=150.40 new=150.58 d=+0.178 fr=158.60 dt=0.202 rate=1.00 paused=False backlog=36.44 edge=187.02 div=0.28
21:04:46.173 CLOCK integ raw=150.86 prev=150.58 new=150.68 d=+0.102 fr=158.60 dt=0.102 rate=1.00 paused=False backlog=36.44 edge=187.12 div=0.28
21:04:46.275 CLOCK fold raw=151.14 prev=150.68 new=150.86 d=+0.181 fr=158.60 dt=0.102 rate=1.00 paused=False backlog=36.36 edge=187.22 div=0.28
21:04:46.376 CLOCK integ raw=151.14 prev=150.86 new=150.96 d=+0.101 fr=158.60 dt=0.101 rate=1.00 paused=False backlog=36.36 edge=187.32 div=0.28
21:04:46.478 CLOCK integ raw=151.14 prev=150.96 new=151.06 d=+0.101 fr=158.60 dt=0.101 rate=1.00 paused=False backlog=36.36 edge=187.42 div=0.28
21:04:46.579 CLOCK fold raw=151.42 prev=151.06 new=151.14 d=+0.076 fr=158.60 dt=0.102 rate=1.00 paused=False backlog=36.39 edge=187.53 div=0.28
21:04:46.681 CLOCK integ raw=151.42 prev=151.14 new=151.24 d=+0.102 fr=158.60 dt=0.102 rate=1.00 paused=False backlog=35.38 edge=186.62 div=0.28
21:04:46.783 CLOCK integ raw=151.42 prev=151.24 new=151.34 d=+0.102 fr=158.60 dt=0.102 rate=1.00 paused=False backlog=35.38 edge=186.72 div=0.28
21:04:46.884 CLOCK fold raw=151.70 prev=151.34 new=151.42 d=+0.078 fr=158.60 dt=0.101 rate=1.00 paused=False backlog=35.40 edge=186.83 div=0.28
21:04:46.985 CLOCK integ raw=151.70 prev=151.42 new=151.52 d=+0.101 fr=158.60 dt=0.101 rate=1.00 paused=False backlog=35.40 edge=186.93 div=0.28
21:04:47.086 CLOCK fold raw=151.98 prev=151.52 new=151.70 d=+0.178 fr=158.60 dt=0.101 rate=1.00 paused=False backlog=35.33 edge=187.03 div=0.28
21:04:47.187 CLOCK integ raw=151.98 prev=151.70 new=151.80 d=+0.101 fr=158.60 dt=0.101 rate=1.00 paused=False backlog=35.33 edge=187.13 div=0.28
21:04:47.389 CLOCK fold raw=152.26 prev=151.80 new=151.98 d=+0.180 fr=158.60 dt=0.203 rate=1.00 paused=False backlog=35.35 edge=187.33 div=0.28
21:04:47.490 CLOCK integ raw=152.26 prev=151.98 new=152.08 d=+0.101 fr=158.60 dt=0.101 rate=1.00 paused=False backlog=35.35 edge=187.43 div=0.28
21:04:47.591 CLOCK integ raw=152.26 prev=152.08 new=152.18 d=+0.101 fr=158.60 dt=0.101 rate=1.00 paused=False backlog=35.35 edge=187.53 div=0.28
21:04:47.692 CLOCK fold raw=152.54 prev=152.18 new=152.26 d=+0.079 fr=158.60 dt=0.101 rate=1.00 paused=False backlog=35.37 edge=187.63 div=0.28
21:04:47.794 CLOCK integ raw=152.54 prev=152.26 new=152.36 d=+0.102 fr=158.60 dt=0.102 rate=1.00 paused=False backlog=35.37 edge=187.74 div=0.28
21:04:47.895 CLOCK integ raw=152.54 prev=152.36 new=152.46 d=+0.101 fr=158.60 dt=0.101 rate=1.00 paused=False backlog=35.37 edge=187.84 div=0.28
21:04:47.996 CLOCK fold raw=152.82 prev=152.46 new=152.54 d=+0.079 fr=158.60 dt=0.101 rate=1.00 paused=False backlog=35.39 edge=187.94 div=0.28
21:04:48.097 CLOCK integ raw=152.82 prev=152.54 new=152.64 d=+0.101 fr=158.60 dt=0.101 rate=1.00 paused=False backlog=35.39 edge=188.04 div=0.28
21:04:48.198 CLOCK fold raw=153.10 prev=152.64 new=152.82 d=+0.179 fr=158.60 dt=0.101 rate=1.00 paused=False backlog=35.32 edge=188.14 div=0.28
21:04:48.299 CLOCK integ raw=153.10 prev=152.82 new=152.93 d=+0.101 fr=158.60 dt=0.101 rate=1.00 paused=False backlog=35.32 edge=188.24 div=0.28
21:04:48.400 CLOCK integ raw=153.10 prev=152.93 new=153.03 d=+0.101 fr=158.60 dt=0.101 rate=1.00 paused=False backlog=35.32 edge=188.34 div=0.28
21:04:48.501 CLOCK fold raw=153.38 prev=153.03 new=153.10 d=+0.078 fr=158.60 dt=0.101 rate=1.00 paused=False backlog=35.34 edge=188.44 div=0.28
21:04:48.604 EDGESNAP err=-2.93 edge->185.52
21:04:48.705 CLOCK integ raw=153.38 prev=153.10 new=153.31 d=+0.204 fr=158.60 dt=0.204 rate=1.00 paused=False backlog=32.41 edge=185.72 div=0.28
21:04:48.806 CLOCK fold raw=153.67 prev=153.31 new=153.39 d=+0.078 fr=158.60 dt=0.102 rate=1.00 paused=False backlog=32.44 edge=185.82 div=0.28
21:04:48.908 CLOCK integ raw=153.67 prev=153.39 new=153.49 d=+0.102 fr=158.60 dt=0.102 rate=1.00 paused=False backlog=32.44 edge=185.92 div=0.28
21:04:49.010 TICK fr=158.60 cc=153.49 raw=153.67 vid=153.67 playing=1 started=1 stall=0 | d_fr_cc=+5.11 d_fr_raw=+4.93 d_cc_raw=-0.18 | off=99.85 ccx_end=85.32 since_show=0.1 since_cue=4.6 | pcr=187.943 pid=100 head_rel=85.66 ccx_lag=0.34 | credit=158.6 capped=0.0 | fsize=85347300 feed=85347300 feed_behind=0 | backlog=32.44 edge=185.92 div=0.28 lag_ewma=2.30
21:04:49.011 CLOCK integ raw=153.67 prev=153.49 new=153.59 d=+0.103 fr=158.60 dt=0.103 rate=1.00 paused=False backlog=32.44 edge=186.03 div=0.28
21:04:49.112 CLOCK fold raw=153.95 prev=153.59 new=153.67 d=+0.076 fr=158.60 dt=0.101 rate=1.00 paused=False backlog=32.46 edge=186.13 div=0.28
21:04:49.213 CLOCK integ raw=153.95 prev=153.67 new=153.77 d=+0.101 fr=158.60 dt=0.101 rate=1.00 paused=False backlog=32.46 edge=186.23 div=0.28
21:04:49.314 CLOCK integ raw=153.95 prev=153.77 new=153.87 d=+0.101 fr=158.60 dt=0.101 rate=1.00 paused=False backlog=32.46 edge=186.33 div=0.28
21:04:49.416 CLOCK fold raw=154.23 prev=153.87 new=153.95 d=+0.077 fr=163.46 dt=0.102 rate=1.00 paused=False backlog=32.49 edge=186.43 div=0.28
21:04:49.518 CLOCK integ raw=154.23 prev=153.95 new=154.05 d=+0.101 fr=163.46 dt=0.101 rate=1.00 paused=False backlog=32.49 edge=186.53 div=0.28
21:04:49.645 EDGESNAP err=+6.00 edge->192.54
21:04:49.645 CUE cx=[85.32..88.89] adv=3.57 el=5.17 fresh | off=99.85 fr=163.46 cc=154.05 raw=154.51 lead=+34.69 | pcr=194.964 head_rel=92.68 lag_ewma=8.30 | q=team. Still trying to figure / out the safety spot between /
21:04:49.646 ANCHOR pend_end=88.89 L=6.72 pinL=3.79 target=99.86 off=99.85
21:04:49.646 CLOCK fold raw=154.51 prev=154.05 new=154.23 d=+0.181 fr=163.46 dt=0.129 rate=1.00 paused=False backlog=38.44 edge=192.67 div=0.28
21:04:49.748 CLOCK integ raw=154.51 prev=154.23 new=154.33 d=+0.101 fr=163.90 dt=0.101 rate=1.00 paused=False backlog=38.44 edge=192.77 div=0.28
21:04:49.849 CLOCK integ raw=154.51 prev=154.33 new=154.43 d=+0.101 fr=163.90 dt=0.101 rate=1.00 paused=False backlog=38.44 edge=192.87 div=0.28
21:04:49.849 CUE cx=[88.89..90.36] adv=1.47 el=0.23 fresh | off=99.85 fr=163.90 cc=154.43 raw=154.51 lead=+35.78 | pcr=194.964 head_rel=92.68 lag_ewma=6.72 | q=out the safety spot between / behind Jones and Hufanga, who'
21:04:49.951 ANCHOR pend_end=90.36 L=5.18 pinL=2.33 target=100.02 off=99.85
21:04:49.951 CLOCK fold raw=154.79 prev=154.43 new=154.51 d=+0.079 fr=163.90 dt=0.101 rate=1.00 paused=False backlog=38.30 edge=192.81 div=0.28
21:04:50.052 CLOCK integ raw=154.79 prev=154.51 new=154.61 d=+0.101 fr=163.90 dt=0.101 rate=1.00 paused=False backlog=38.30 edge=192.91 div=0.28
21:04:50.153 CLOCK integ raw=154.79 prev=154.61 new=154.71 d=+0.101 fr=163.90 dt=0.101 rate=1.00 paused=False backlog=38.30 edge=193.01 div=0.28
21:04:50.254 CLOCK fold raw=155.07 prev=154.71 new=154.79 d=+0.078 fr=163.90 dt=0.101 rate=1.00 paused=False backlog=38.32 edge=193.11 div=0.28
21:04:50.355 CLOCK integ raw=155.07 prev=154.79 new=154.89 d=+0.101 fr=163.90 dt=0.101 rate=1.00 paused=False backlog=38.32 edge=193.21 div=0.28
21:04:50.556 CLOCK fold raw=155.35 prev=154.89 new=155.07 d=+0.180 fr=163.90 dt=0.201 rate=1.00 paused=False backlog=38.34 edge=193.41 div=0.28
21:04:50.659 CLOCK integ raw=155.35 prev=155.07 new=155.17 d=+0.103 fr=163.90 dt=0.103 rate=1.00 paused=False backlog=38.01 edge=193.18 div=0.28
21:04:50.760 CLOCK fold raw=155.63 prev=155.17 new=155.35 d=+0.178 fr=163.90 dt=0.101 rate=1.00 paused=False backlog=37.93 edge=193.28 div=0.28
21:04:50.861 CLOCK integ raw=155.63 prev=155.35 new=155.45 d=+0.101 fr=163.90 dt=0.101 rate=1.00 paused=False backlog=37.93 edge=193.38 div=0.28
21:04:50.962 CLOCK integ raw=155.63 prev=155.45 new=155.56 d=+0.101 fr=163.90 dt=0.101 rate=1.00 paused=False backlog=37.93 edge=193.49 div=0.28
21:04:51.064 CLOCK fold raw=155.91 prev=155.56 new=155.63 d=+0.079 fr=163.90 dt=0.101 rate=1.00 paused=False backlog=37.95 edge=193.59 div=0.28
21:04:51.166 CLOCK integ raw=155.91 prev=155.63 new=155.74 d=+0.102 fr=163.90 dt=0.102 rate=1.00 paused=False backlog=37.95 edge=193.69 div=0.28
21:04:51.267 CLOCK integ raw=155.91 prev=155.74 new=155.84 d=+0.101 fr=163.90 dt=0.101 rate=1.00 paused=False backlog=37.95 edge=193.79 div=0.28
21:04:51.368 CLOCK fold raw=156.19 prev=155.84 new=155.91 d=+0.077 fr=163.90 dt=0.101 rate=1.00 paused=False backlog=37.98 edge=193.89 div=0.28
21:04:51.469 CLOCK integ raw=156.19 prev=155.91 new=156.02 d=+0.101 fr=163.90 dt=0.101 rate=1.00 paused=False backlog=37.98 edge=193.99 div=0.28
21:04:51.571 CLOCK fold raw=156.48 prev=156.02 new=156.19 d=+0.180 fr=163.90 dt=0.101 rate=1.00 paused=False backlog=37.90 edge=194.09 div=0.28
21:04:51.672 CLOCK integ raw=156.48 prev=156.19 new=156.30 d=+0.101 fr=163.90 dt=0.101 rate=1.00 paused=False backlog=37.90 edge=194.20 div=0.28
21:04:51.874 CLOCK fold raw=156.76 prev=156.30 new=156.48 d=+0.180 fr=163.90 dt=0.202 rate=1.00 paused=False backlog=37.92 edge=194.40 div=0.28
21:04:51.975 CLOCK integ raw=156.76 prev=156.48 new=156.58 d=+0.101 fr=163.90 dt=0.101 rate=1.00 paused=False backlog=37.92 edge=194.50 div=0.28
21:04:52.076 CLOCK integ raw=156.76 prev=156.58 new=156.68 d=+0.101 fr=163.90 dt=0.101 rate=1.00 paused=False backlog=37.92 edge=194.60 div=0.28
21:04:52.178 CLOCK fold raw=157.04 prev=156.68 new=156.76 d=+0.080 fr=163.90 dt=0.102 rate=1.00 paused=False backlog=37.94 edge=194.70 div=0.28
21:04:52.281 CLOCK integ raw=157.04 prev=156.76 new=156.86 d=+0.102 fr=163.90 dt=0.102 rate=1.00 paused=False backlog=37.94 edge=194.80 div=0.28
21:04:52.383 CLOCK integ raw=157.04 prev=156.86 new=156.96 d=+0.103 fr=163.90 dt=0.103 rate=1.00 paused=False backlog=37.94 edge=194.91 div=0.28
21:04:52.485 CLOCK fold raw=157.32 prev=156.96 new=157.04 d=+0.075 fr=163.90 dt=0.102 rate=1.00 paused=False backlog=37.97 edge=195.01 div=0.28
21:04:52.588 CLOCK integ raw=157.32 prev=157.04 new=157.14 d=+0.103 fr=163.90 dt=0.103 rate=1.00 paused=False backlog=37.97 edge=195.11 div=0.28
21:04:52.691 CLOCK fold raw=157.60 prev=157.14 new=157.32 d=+0.178 fr=163.90 dt=0.104 rate=1.00 paused=False backlog=36.71 edge=194.03 div=0.28
21:04:52.793 CLOCK integ raw=157.60 prev=157.32 new=157.42 d=+0.101 fr=163.90 dt=0.101 rate=1.00 paused=False backlog=36.71 edge=194.14 div=0.28
21:04:52.895 CLOCK integ raw=157.60 prev=157.42 new=157.52 d=+0.102 fr=163.90 dt=0.102 rate=1.00 paused=False backlog=36.71 edge=194.24 div=0.28
21:04:52.996 CLOCK fold raw=157.88 prev=157.52 new=157.60 d=+0.078 fr=163.90 dt=0.101 rate=1.00 paused=False backlog=36.74 edge=194.34 div=0.28
21:04:53.098 CLOCK integ raw=157.88 prev=157.60 new=157.70 d=+0.102 fr=163.90 dt=0.102 rate=1.00 paused=False backlog=36.74 edge=194.44 div=0.28
21:04:53.199 CLOCK integ raw=157.88 prev=157.70 new=157.80 d=+0.101 fr=163.90 dt=0.101 rate=1.00 paused=False backlog=36.74 edge=194.54 div=0.28
21:04:53.400 CLOCK fold raw=158.16 prev=157.80 new=157.88 d=+0.080 fr=163.90 dt=0.202 rate=1.00 paused=False backlog=36.86 edge=194.74 div=0.28
21:04:53.502 CLOCK integ raw=158.16 prev=157.88 new=157.99 d=+0.102 fr=163.90 dt=0.102 rate=1.00 paused=False backlog=36.86 edge=194.84 div=0.28
21:04:53.604 CLOCK fold raw=158.44 prev=157.99 new=158.16 d=+0.178 fr=163.90 dt=0.102 rate=1.00 paused=False backlog=36.78 edge=194.95 div=0.28
21:04:53.705 CLOCK integ raw=158.44 prev=158.16 new=158.26 d=+0.101 fr=163.90 dt=0.101 rate=1.00 paused=False backlog=36.78 edge=195.05 div=0.28
21:04:53.808 CLOCK integ raw=158.44 prev=158.26 new=158.37 d=+0.101 fr=163.90 dt=0.101 rate=1.00 paused=False backlog=36.78 edge=195.15 div=0.28
21:04:53.909 CLOCK fold raw=158.73 prev=158.37 new=158.44 d=+0.079 fr=163.90 dt=0.102 rate=1.00 paused=False backlog=36.81 edge=195.25 div=0.28
21:04:54.011 TICK fr=163.90 cc=158.44 raw=158.73 vid=158.44 playing=1 started=1 stall=0 | d_fr_cc=+5.45 d_fr_raw=+5.17 d_cc_raw=-0.28 | off=99.94 ccx_end=90.36 since_show=0.1 since_cue=4.2 | pcr=195.175 pid=100 head_rel=92.89 ccx_lag=2.54 | credit=163.9 capped=0.0 | fsize=88964796 feed=88964796 feed_behind=0 | backlog=36.81 edge=195.25 div=0.28 lag_ewma=5.18
21:04:54.011 CLOCK integ raw=158.73 prev=158.44 new=158.55 d=+0.102 fr=163.90 dt=0.102 rate=1.00 paused=False backlog=36.81 edge=195.35 div=0.28
21:04:54.112 CLOCK fold raw=159.00 prev=158.55 new=158.72 d=+0.177 fr=163.90 dt=0.101 rate=1.00 paused=False backlog=36.73 edge=195.45 div=0.28
21:04:54.214 CLOCK integ raw=159.00 prev=158.72 new=158.83 d=+0.102 fr=168.36 dt=0.102 rate=1.00 paused=False backlog=36.73 edge=195.56 div=0.28
21:04:54.315 CLOCK integ raw=159.00 prev=158.83 new=158.93 d=+0.101 fr=168.36 dt=0.101 rate=1.00 paused=False backlog=36.73 edge=195.66 div=0.28
21:04:54.417 CUE cx=[90.36..92.86] adv=2.50 el=4.57 fresh | off=99.94 fr=168.36 cc=158.93 raw=159.29 lead=+33.87 | pcr=196.930 head_rel=94.65 lag_ewma=5.18 | q=behind Jones and Hufanga, who's / maybe three and four there
21:04:54.418 ANCHOR pend_end=92.86 L=4.00 pinL=1.79 target=100.43 off=99.94
21:04:54.418 CLOCK fold raw=159.29 prev=158.93 new=159.01 d=+0.079 fr=168.36 dt=0.103 rate=1.00 paused=False backlog=36.18 edge=195.18 div=0.28
21:04:54.519 CLOCK integ raw=159.29 prev=159.01 new=159.11 d=+0.101 fr=168.36 dt=0.101 rate=1.00 paused=False backlog=36.18 edge=195.28 div=0.28
21:04:54.721 CLOCK fold raw=159.57 prev=159.11 new=159.29 d=+0.181 fr=168.36 dt=0.202 rate=1.00 paused=False backlog=35.81 edge=195.10 div=0.28
21:04:54.822 CLOCK integ raw=159.57 prev=159.29 new=159.39 d=+0.101 fr=168.36 dt=0.101 rate=1.00 paused=False backlog=35.81 edge=195.20 div=0.28
21:04:54.923 CLOCK integ raw=159.57 prev=159.39 new=159.49 d=+0.102 fr=168.36 dt=0.102 rate=1.00 paused=False backlog=35.81 edge=195.30 div=0.28
21:04:55.025 CLOCK fold raw=159.85 prev=159.49 new=159.57 d=+0.077 fr=168.36 dt=0.101 rate=1.00 paused=False backlog=35.83 edge=195.40 div=0.28
21:04:55.126 CLOCK integ raw=159.85 prev=159.57 new=159.67 d=+0.101 fr=168.36 dt=0.101 rate=1.00 paused=False backlog=35.83 edge=195.50 div=0.28
21:04:55.227 CLOCK fold raw=160.13 prev=159.67 new=159.85 d=+0.180 fr=168.36 dt=0.101 rate=1.00 paused=False backlog=35.75 edge=195.60 div=0.28
21:04:55.328 CLOCK integ raw=160.13 prev=159.85 new=159.95 d=+0.101 fr=168.36 dt=0.101 rate=1.00 paused=False backlog=35.75 edge=195.70 div=0.28
21:04:55.431 CUE cx=[92.86..95.03] adv=2.17 el=1.01 fresh | off=100.18 fr=168.36 cc=159.95 raw=160.13 lead=+35.26 | pcr=198.195 head_rel=95.91 lag_ewma=4.00 | q=maybe three and four there in / the depth chart. Here's Lloy
21:04:55.431 ANCHOR pend_end=95.03 L=2.91 pinL=0.89 target=99.82 off=100.18
21:04:55.431 CLOCK integ raw=160.13 prev=159.95 new=160.05 d=+0.102 fr=169.58 dt=0.102 rate=1.00 paused=False backlog=35.79 edge=195.84 div=0.28
21:04:55.532 CLOCK fold raw=160.41 prev=160.05 new=160.13 d=+0.077 fr=169.58 dt=0.102 rate=1.00 paused=False backlog=35.81 edge=195.94 div=0.28
21:04:55.634 CLOCK integ raw=160.41 prev=160.13 new=160.23 d=+0.101 fr=169.58 dt=0.101 rate=1.00 paused=False backlog=35.81 edge=196.04 div=0.28
21:04:55.734 CLOCK integ raw=160.41 prev=160.23 new=160.33 d=+0.101 fr=169.58 dt=0.101 rate=1.00 paused=False backlog=35.81 edge=196.14 div=0.28
21:04:55.835 CLOCK fold raw=160.69 prev=160.33 new=160.41 d=+0.078 fr=169.58 dt=0.101 rate=1.00 paused=False backlog=35.83 edge=196.24 div=0.28
21:04:55.937 CLOCK integ raw=160.69 prev=160.41 new=160.51 d=+0.102 fr=169.58 dt=0.102 rate=1.00 paused=False backlog=35.83 edge=196.35 div=0.28
21:04:56.039 CLOCK integ raw=160.69 prev=160.51 new=160.61 d=+0.101 fr=169.58 dt=0.101 rate=1.00 paused=False backlog=35.83 edge=196.45 div=0.28
21:04:56.240 CLOCK fold raw=160.97 prev=160.61 new=160.69 d=+0.079 fr=169.58 dt=0.202 rate=1.00 paused=False backlog=35.96 edge=196.65 div=0.28
21:04:56.342 CLOCK integ raw=160.97 prev=160.69 new=160.79 d=+0.102 fr=169.58 dt=0.102 rate=1.00 paused=False backlog=35.96 edge=196.75 div=0.28
21:04:56.443 CLOCK fold raw=161.25 prev=160.79 new=160.97 d=+0.180 fr=169.58 dt=0.101 rate=1.00 paused=False backlog=35.88 edge=196.85 div=0.28
21:04:56.543 CLOCK integ raw=161.25 prev=160.97 new=161.07 d=+0.101 fr=169.58 dt=0.101 rate=1.00 paused=False backlog=35.88 edge=196.95 div=0.28
21:04:56.646 CLOCK fold raw=161.53 prev=161.07 new=161.25 d=+0.178 fr=169.58 dt=0.102 rate=1.00 paused=False backlog=35.21 edge=196.46 div=0.28
21:04:56.747 CLOCK integ raw=161.53 prev=161.25 new=161.35 d=+0.101 fr=169.58 dt=0.101 rate=1.00 paused=False backlog=35.21 edge=196.56 div=0.28
21:04:56.848 CLOCK integ raw=161.53 prev=161.35 new=161.45 d=+0.101 fr=169.58 dt=0.101 rate=1.00 paused=False backlog=35.21 edge=196.66 div=0.28
21:04:56.949 CLOCK fold raw=161.81 prev=161.45 new=161.53 d=+0.079 fr=169.58 dt=0.101 rate=1.00 paused=False backlog=35.23 edge=196.77 div=0.28
21:04:57.050 CLOCK integ raw=161.81 prev=161.53 new=161.63 d=+0.101 fr=169.58 dt=0.101 rate=1.00 paused=False backlog=35.23 edge=196.87 div=0.28
21:04:57.151 CLOCK integ raw=161.81 prev=161.63 new=161.73 d=+0.101 fr=169.58 dt=0.101 rate=1.00 paused=False backlog=35.23 edge=196.97 div=0.28
21:04:57.252 CLOCK fold raw=162.09 prev=161.73 new=161.81 d=+0.079 fr=169.58 dt=0.101 rate=1.00 paused=False backlog=35.25 edge=197.07 div=0.28
21:04:57.453 CLOCK integ raw=162.09 prev=161.81 new=162.02 d=+0.201 fr=169.58 dt=0.201 rate=1.00 paused=False backlog=35.25 edge=197.27 div=0.28
21:04:57.554 CLOCK fold raw=162.38 prev=162.02 new=162.10 d=+0.081 fr=169.58 dt=0.101 rate=1.00 paused=False backlog=35.28 edge=197.37 div=0.28
21:04:57.655 CLOCK integ raw=162.38 prev=162.10 new=162.20 d=+0.101 fr=169.58 dt=0.101 rate=1.00 paused=False backlog=35.28 edge=197.47 div=0.28
21:04:57.756 CLOCK fold raw=162.66 prev=162.20 new=162.38 d=+0.181 fr=169.58 dt=0.101 rate=1.00 paused=False backlog=35.20 edge=197.57 div=0.28
21:04:57.857 CLOCK integ raw=162.66 prev=162.38 new=162.48 d=+0.101 fr=169.58 dt=0.101 rate=1.00 paused=False backlog=35.20 edge=197.67 div=0.28
21:04:57.958 CLOCK integ raw=162.66 prev=162.48 new=162.58 d=+0.101 fr=169.58 dt=0.101 rate=1.00 paused=False backlog=35.20 edge=197.78 div=0.28
21:04:58.059 CLOCK fold raw=162.94 prev=162.58 new=162.66 d=+0.078 fr=169.58 dt=0.101 rate=1.00 paused=False backlog=35.22 edge=197.88 div=0.28
21:04:58.160 CLOCK integ raw=162.94 prev=162.66 new=162.76 d=+0.101 fr=169.58 dt=0.101 rate=1.00 paused=False backlog=35.22 edge=197.98 div=0.28
21:04:58.262 CLOCK integ raw=162.94 prev=162.76 new=162.86 d=+0.102 fr=169.58 dt=0.102 rate=1.00 paused=False backlog=35.22 edge=198.08 div=0.28
21:04:58.364 CLOCK fold raw=163.22 prev=162.86 new=162.94 d=+0.083 fr=169.58 dt=0.102 rate=1.00 paused=False backlog=35.24 edge=198.18 div=0.28
21:04:58.465 CLOCK integ raw=163.22 prev=162.94 new=163.05 d=+0.101 fr=169.58 dt=0.101 rate=1.00 paused=False backlog=35.24 edge=198.28 div=0.28
21:04:58.566 CLOCK integ raw=163.22 prev=163.05 new=163.15 d=+0.101 fr=169.58 dt=0.101 rate=1.00 paused=False backlog=35.24 edge=198.38 div=0.28
21:04:58.668 EDGESNAP err=-2.61 edge->195.77
21:04:58.669 CLOCK fold raw=163.50 prev=163.15 new=163.22 d=+0.075 fr=169.58 dt=0.103 rate=1.00 paused=False backlog=32.65 edge=195.87 div=0.28
21:04:58.772 CLOCK integ raw=163.50 prev=163.22 new=163.32 d=+0.103 fr=169.58 dt=0.103 rate=1.00 paused=False backlog=32.65 edge=195.98 div=0.28
21:04:58.973 CLOCK fold raw=163.78 prev=163.32 new=163.50 d=+0.178 fr=169.58 dt=0.201 rate=1.00 paused=False backlog=32.67 edge=196.18 div=0.28
21:04:58.974 TICK fr=169.58 cc=163.50 raw=163.78 vid=163.50 playing=1 started=1 stall=0 | d_fr_cc=+6.08 d_fr_raw=+5.80 d_cc_raw=-0.28 | off=100.00 ccx_end=95.03 since_show=0.0 since_cue=3.5 | pcr=198.195 pid=100 head_rel=95.91 ccx_lag=0.89 | credit=169.6 capped=0.0 | fsize=90372352 feed=90372352 feed_behind=0 | backlog=32.67 edge=196.18 div=0.28 lag_ewma=2.91
21:04:59.076 CLOCK integ raw=163.78 prev=163.50 new=163.60 d=+0.103 fr=169.58 dt=0.103 rate=1.00 paused=False backlog=32.67 edge=196.28 div=0.28
21:04:59.178 CLOCK fold raw=164.06 prev=163.60 new=163.78 d=+0.179 fr=169.58 dt=0.102 rate=1.00 paused=False backlog=32.60 edge=196.38 div=0.28
21:04:59.279 CLOCK integ raw=164.06 prev=163.78 new=163.88 d=+0.101 fr=169.58 dt=0.101 rate=1.00 paused=False backlog=32.60 edge=196.48 div=0.28
21:04:59.379 CLOCK integ raw=164.06 prev=163.88 new=163.99 d=+0.101 fr=169.58 dt=0.101 rate=1.00 paused=False backlog=32.60 edge=196.58 div=0.28
21:04:59.481 CLOCK fold raw=164.35 prev=163.99 new=164.07 d=+0.083 fr=173.63 dt=0.102 rate=1.00 paused=False backlog=32.62 edge=196.68 div=0.28
21:04:59.582 CLOCK integ raw=164.35 prev=164.07 new=164.17 d=+0.101 fr=173.63 dt=0.101 rate=1.00 paused=False backlog=32.62 edge=196.79 div=0.28
21:04:59.683 CLOCK integ raw=164.35 prev=164.17 new=164.27 d=+0.101 fr=173.63 dt=0.101 rate=1.00 paused=False backlog=32.62 edge=196.89 div=0.28
21:04:59.784 CLOCK fold raw=164.63 prev=164.27 new=164.35 d=+0.078 fr=173.63 dt=0.101 rate=1.00 paused=False backlog=32.64 edge=196.99 div=0.28
21:04:59.885 CLOCK integ raw=164.63 prev=164.35 new=164.45 d=+0.101 fr=173.63 dt=0.101 rate=1.00 paused=False backlog=32.64 edge=197.09 div=0.28
21:04:59.986 CLOCK integ raw=164.63 prev=164.45 new=164.55 d=+0.101 fr=173.63 dt=0.101 rate=1.00 paused=False backlog=32.64 edge=197.19 div=0.28
21:05:00.187 CLOCK fold raw=164.91 prev=164.55 new=164.63 d=+0.076 fr=173.63 dt=0.201 rate=1.00 paused=False backlog=32.76 edge=197.39 div=0.28
21:05:00.288 CLOCK fold raw=165.19 prev=164.63 new=164.91 d=+0.282 fr=173.63 dt=0.101 rate=1.00 paused=False backlog=32.58 edge=197.49 div=0.28
21:05:00.391 CLOCK integ raw=165.19 prev=164.91 new=165.01 d=+0.102 fr=174.44 dt=0.102 rate=1.00 paused=False backlog=32.58 edge=197.59 div=0.28
21:05:00.493 CLOCK integ raw=165.19 prev=165.01 new=165.11 d=+0.102 fr=174.44 dt=0.102 rate=1.00 paused=False backlog=32.58 edge=197.70 div=0.28
21:05:00.595 CLOCK fold raw=165.47 prev=165.11 new=165.19 d=+0.078 fr=174.44 dt=0.103 rate=1.00 paused=False backlog=32.61 edge=197.80 div=0.28
21:05:00.623 EDGESNAP err=+6.40 edge->204.20
21:05:00.624 CUE cx=[95.03..96.80] adv=1.77 el=5.20 fresh | off=100.00 fr=174.44 cc=165.19 raw=165.47 lead=+31.61 | pcr=206.626 head_rel=104.35 lag_ewma=2.91 | q=the depth chart. Here's Lloyd / again, met immediately and /
21:05:00.625 CUE cx=[96.80..98.97] adv=2.17 el=0.00 fresh | off=100.00 fr=174.44 cc=165.19 raw=165.47 lead=+33.78 | pcr=206.626 head_rel=104.35 lag_ewma=2.91 | q=again, met immediately and / Bonito able to bring him down. 
21:05:00.626 CUE cx=[98.97..100.77] adv=1.80 el=0.00 fresh | off=100.00 fr=174.44 cc=165.19 raw=165.47 lead=+35.58 | pcr=206.626 head_rel=104.35 lag_ewma=2.91 | q=Bonito able to bring him down. / Zach Allen was there first.
21:05:00.727 ANCHOR pend_end=100.77 L=3.14 pinL=3.58 target=99.86 off=100.00
21:05:00.727 CLOCK integ raw=165.47 prev=165.19 new=165.32 d=+0.132 fr=174.44 dt=0.132 rate=1.00 paused=False backlog=39.01 edge=204.33 div=0.28
21:05:00.829 CLOCK integ raw=165.47 prev=165.32 new=165.42 d=+0.102 fr=174.88 dt=0.102 rate=1.00 paused=False backlog=39.01 edge=204.44 div=0.28
21:05:00.932 CUE cx=[100.77..103.30] adv=2.54 el=0.30 fresh | off=99.93 fr=174.88 cc=165.42 raw=165.75 lead=+37.81 | pcr=206.767 head_rel=104.49 lag_ewma=3.14 | q=Zach Allen was there first. / It's a pick up about a one and
21:05:00.933 ANCHOR pend_end=103.30 L=2.46 pinL=1.18 target=99.90 off=99.93
21:05:00.933 CLOCK fold raw=165.75 prev=165.42 new=165.47 d=+0.048 fr=174.88 dt=0.104 rate=1.00 paused=False backlog=39.02 edge=204.49 div=0.28
21:05:01.034 CLOCK integ raw=165.75 prev=165.47 new=165.57 d=+0.101 fr=174.88 dt=0.101 rate=1.00 paused=False backlog=39.02 edge=204.59 div=0.28
21:05:01.134 CLOCK fold raw=166.03 prev=165.57 new=165.75 d=+0.181 fr=174.88 dt=0.101 rate=1.00 paused=False backlog=38.94 edge=204.69 div=0.28
21:05:01.236 CLOCK integ raw=166.03 prev=165.75 new=165.86 d=+0.101 fr=174.88 dt=0.101 rate=1.00 paused=False backlog=38.94 edge=204.79 div=0.28
21:05:01.337 CLOCK integ raw=166.03 prev=165.86 new=165.96 d=+0.101 fr=174.88 dt=0.101 rate=1.00 paused=False backlog=38.94 edge=204.90 div=0.28
21:05:01.438 CLOCK fold raw=166.31 prev=165.96 new=166.03 d=+0.077 fr=174.88 dt=0.102 rate=1.00 paused=False backlog=38.96 edge=205.00 div=0.28
21:05:01.541 CLOCK integ raw=166.31 prev=166.03 new=166.14 d=+0.102 fr=174.88 dt=0.102 rate=1.00 paused=False backlog=38.96 edge=205.10 div=0.28
21:05:01.642 CLOCK integ raw=166.31 prev=166.14 new=166.24 d=+0.102 fr=174.88 dt=0.102 rate=1.00 paused=False backlog=38.96 edge=205.20 div=0.28
21:05:01.743 CLOCK fold raw=166.59 prev=166.24 new=166.31 d=+0.077 fr=174.88 dt=0.102 rate=1.00 paused=False backlog=38.99 edge=205.30 div=0.28
21:05:01.945 CLOCK integ raw=166.59 prev=166.31 new=166.52 d=+0.202 fr=174.88 dt=0.202 rate=1.00 paused=False backlog=38.99 edge=205.50 div=0.28
21:05:02.046 CLOCK fold raw=166.88 prev=166.52 new=166.59 d=+0.079 fr=174.88 dt=0.101 rate=1.00 paused=False backlog=39.01 edge=205.61 div=0.28
21:05:02.147 CLOCK integ raw=166.88 prev=166.59 new=166.70 d=+0.101 fr=174.88 dt=0.101 rate=1.00 paused=False backlog=39.01 edge=205.71 div=0.28
21:05:02.249 CLOCK fold raw=167.16 prev=166.70 new=166.88 d=+0.179 fr=174.88 dt=0.102 rate=1.00 paused=False backlog=38.93 edge=205.81 div=0.28
21:05:02.351 CLOCK integ raw=167.16 prev=166.88 new=166.98 d=+0.102 fr=174.88 dt=0.102 rate=1.00 paused=False backlog=38.93 edge=205.91 div=0.28
21:05:02.453 CLOCK integ raw=167.16 prev=166.98 new=167.08 d=+0.102 fr=174.88 dt=0.102 rate=1.00 paused=False backlog=38.93 edge=206.01 div=0.28
21:05:02.554 PHASE MIDLT90-START stop, fresh play, captions OFF
21:08:14.786 MEDIA kind=live title='US: NFL NETWORK HD'
21:08:14.786 XPORT rate target=- raw_pre=-1.00 fr=0.00 cc=0.00 vid=0.00 rate=1.00 rate=1
21:08:14.786 XPORT rate target=- raw_pre=-1.00 fr=0.00 cc=0.00 vid=0.00 rate=1.00 rate=1
21:08:15.818 XPORT1s rate raw=-1.00 fr=0.00 cc=0.00 vid=0.00
21:08:15.818 XPORT1s rate raw=-1.00 fr=0.00 cc=0.00 vid=0.00
21:08:16.424 DVRSTART base=0.00 size=3382684
21:08:17.639 XPORT rate target=- raw_pre=-1.00 fr=1.21 cc=0.00 vid=0.00 rate=1.00 rate=1
21:08:17.640 SEED target=0.00 jump=False backlog=5.00 edge=5.00
21:08:17.694 PHASE MIDLT90-WAIT engage as soon as frontier >= 45 (and < 90)
21:08:18.703 XPORT1s rate raw=0.00 fr=2.08 cc=0.00 vid=0.86
21:08:19.024 TICK fr=2.08 cc=0.00 raw=0.00 vid=1.26 playing=1 started=1 stall=0 | d_fr_cc=+2.08 d_fr_raw=+2.08 d_cc_raw=+0.00 | off=- ccx_end=- since_show=196.6 since_cue=- | pcr=28.604 pid=100 head_rel=- ccx_lag=- | credit=2.1 capped=0.0 | fsize=12944364 feed=-1 feed_behind=12944365 | backlog=5.00 edge=5.00 div=- lag_ewma=-
21:08:23.991 TICK fr=6.53 cc=0.00 raw=0.00 vid=2.49 playing=1 started=1 stall=0 | d_fr_cc=+6.53 d_fr_raw=+6.53 d_cc_raw=+0.00 | off=- ccx_end=- since_show=201.5 since_cue=- | pcr=36.194 pid=100 head_rel=- ccx_lag=- | credit=6.5 capped=0.0 | fsize=16380252 feed=-1 feed_behind=16380253 | backlog=5.00 edge=5.00 div=- lag_ewma=-
21:08:29.029 TICK fr=6.53 cc=0.00 raw=1.43 vid=1.15 playing=1 started=1 stall=0 | d_fr_cc=+6.53 d_fr_raw=+5.10 d_cc_raw=-1.43 | off=- ccx_end=- since_show=206.6 since_cue=- | pcr=36.194 pid=100 head_rel=- ccx_lag=- | credit=6.5 capped=0.0 | fsize=16380252 feed=-1 feed_behind=16380253 | backlog=5.00 edge=5.00 div=- lag_ewma=-
21:08:33.982 TICK fr=13.41 cc=0.00 raw=6.50 vid=6.50 playing=1 started=1 stall=0 | d_fr_cc=+13.41 d_fr_raw=+6.91 d_cc_raw=-6.50 | off=- ccx_end=- since_show=211.5 since_cue=- | pcr=39.774 pid=100 head_rel=- ccx_lag=- | credit=13.4 capped=0.0 | fsize=18068680 feed=-1 feed_behind=18068681 | backlog=5.00 edge=5.00 div=- lag_ewma=-
21:08:39.034 TICK fr=18.26 cc=0.00 raw=11.56 vid=11.28 playing=1 started=1 stall=0 | d_fr_cc=+18.26 d_fr_raw=+6.70 d_cc_raw=-11.56 | off=- ccx_end=- since_show=216.6 since_cue=- | pcr=42.583 pid=100 head_rel=- ccx_lag=- | credit=18.3 capped=0.0 | fsize=19364000 feed=-1 feed_behind=19364001 | backlog=5.00 edge=5.00 div=- lag_ewma=-
21:08:43.999 TICK fr=27.24 cc=0.00 raw=16.62 vid=16.05 playing=1 started=1 stall=0 | d_fr_cc=+27.24 d_fr_raw=+10.63 d_cc_raw=-16.62 | off=- ccx_end=- since_show=221.5 since_cue=- | pcr=51.441 pid=100 head_rel=- ccx_lag=- | credit=27.2 capped=0.0 | fsize=22856288 feed=-1 feed_behind=22856289 | backlog=5.00 edge=5.00 div=- lag_ewma=-
21:08:49.052 TICK fr=28.48 cc=0.00 raw=21.68 vid=21.40 playing=1 started=1 stall=0 | d_fr_cc=+28.48 d_fr_raw=+6.80 d_cc_raw=-21.68 | off=- ccx_end=- since_show=226.6 since_cue=- | pcr=54.251 pid=100 head_rel=- ccx_lag=- | credit=28.5 capped=0.0 | fsize=24148976 feed=-1 feed_behind=24148977 | backlog=5.00 edge=5.00 div=- lag_ewma=-
21:08:54.018 TICK fr=33.33 cc=0.00 raw=26.45 vid=26.17 playing=1 started=1 stall=0 | d_fr_cc=+33.33 d_fr_raw=+6.88 d_cc_raw=-26.45 | off=- ccx_end=- since_show=231.5 since_cue=- | pcr=57.621 pid=100 head_rel=- ccx_lag=- | credit=33.3 capped=0.0 | fsize=25755248 feed=-1 feed_behind=25755249 | backlog=5.00 edge=5.00 div=- lag_ewma=-
21:08:59.067 TICK fr=38.20 cc=0.00 raw=31.51 vid=31.23 playing=1 started=1 stall=0 | d_fr_cc=+38.20 d_fr_raw=+6.69 d_cc_raw=-31.51 | off=- ccx_end=- since_show=236.6 since_cue=- | pcr=61.420 pid=100 head_rel=- ccx_lag=- | credit=38.2 capped=0.0 | fsize=27321100 feed=-1 feed_behind=27321101 | backlog=5.00 edge=5.00 div=- lag_ewma=-
21:09:04.027 TICK fr=43.55 cc=0.00 raw=36.57 vid=36.57 playing=1 started=1 stall=0 | d_fr_cc=+43.55 d_fr_raw=+6.98 d_cc_raw=-36.57 | off=- ccx_end=- since_show=241.5 since_cue=- | pcr=69.218 pid=100 head_rel=- ccx_lag=- | credit=43.5 capped=0.0 | fsize=31246728 feed=-1 feed_behind=31246729 | backlog=5.00 edge=5.00 div=- lag_ewma=-
21:09:04.431 PHASE MIDLT90-ENGAGE frontier=48.0s
21:09:04.485 CCSTART buf=C:\Users\micha\AppData\Local\Temp\mtp_dvr_nl4vujl5\buffer.ts join_byte=19075608
21:09:04.567 PCRJOIN byte=19075608 pid=100 pcr=42.161
21:09:04.568 CLOCK seed raw=37.14 prev=0.00 new=36.85 d=+36.848 fr=48.01 dt=2.000 rate=1.00 paused=False backlog=5.00 edge=41.85 div=-
21:09:04.670 CLOCK integ raw=37.14 prev=36.85 new=36.95 d=+0.102 fr=48.01 dt=0.102 rate=1.00 paused=False backlog=5.00 edge=41.95 div=-
21:09:04.805 JOINAPP byte=19075608 app=42.16 (seg 34.29s/15515640B)
21:09:04.806 EDGESNAP err=+34.50 edge->76.45
21:09:04.807 CUE cx=[4.64..6.44] adv=- el=1.00 first-cue-fr>=20 | off=- fr=48.01 cc=36.95 raw=37.41 lead=- | pcr=76.453 head_rel=34.29 lag_ewma=- | q=this team. He's seen a lot of / football has been fantastic 
21:09:04.807 CUE cx=[6.44..7.51] adv=1.07 el=0.04 fresh | off=- fr=48.01 cc=36.95 raw=37.41 lead=- | pcr=76.453 head_rel=34.29 lag_ewma=- | q=football has been fantastic in / this Vance Joseph defense. 
21:09:04.807 CUE cx=[7.51..9.34] adv=1.84 el=0.00 fresh | off=- fr=48.01 cc=36.95 raw=37.41 lead=- | pcr=76.453 head_rel=34.29 lag_ewma=- | q=this Vance Joseph defense. / They're counting on him big / t
21:09:04.807 CUE cx=[9.34..10.81] adv=1.47 el=0.00 fresh | off=- fr=48.01 cc=36.95 raw=37.41 lead=- | pcr=76.453 head_rel=34.29 lag_ewma=- | q=They're counting on him big / time this year for that playof
21:09:04.807 CUE cx=[10.81..12.71] adv=1.90 el=0.00 fresh | off=- fr=48.01 cc=36.95 raw=37.41 lead=- | pcr=76.453 head_rel=34.29 lag_ewma=- | q=time this year for that playoff / run. If you're just joinin
21:09:04.807 CUE cx=[12.71..15.51] adv=2.80 el=0.00 fresh | off=- fr=48.01 cc=36.95 raw=37.41 lead=- | pcr=76.453 head_rel=34.29 lag_ewma=- | q=run. If you're just joining us / we'll keep an eye on Rylie 
21:09:04.808 ANCHOR pend_end=15.51 L=18.78 pinL=18.78 target=42.16 off=-
21:09:04.808 CLOCK fold raw=37.41 prev=36.95 new=37.12 d=+0.170 fr=48.38 dt=0.139 rate=1.00 paused=False backlog=39.47 edge=76.59 div=0.29
21:09:04.911 CLOCK integ raw=37.41 prev=37.12 new=37.22 d=+0.102 fr=48.38 dt=0.102 rate=1.00 paused=False backlog=39.47 edge=76.69 div=0.29
21:09:05.012 CUE cx=[15.52..17.25] adv=1.74 el=0.21 fresh | off=42.16 fr=48.38 cc=37.22 raw=37.41 lead=+22.19 | pcr=76.453 head_rel=34.29 lag_ewma=18.78 | q=we'll keep an eye on Rylie Moss. / If he's able to return. A
21:09:05.013 CUE cx=[17.25..19.05] adv=1.80 el=0.00 fresh | off=42.16 fr=48.38 cc=37.22 raw=37.41 lead=+23.99 | pcr=76.453 head_rel=34.29 lag_ewma=18.78 | q=If he's able to return. And / we'll get a report from Cynthi
21:09:05.013 CUE cx=[19.05..23.39] adv=4.34 el=0.00 fresh | off=42.16 fr=48.38 cc=37.22 raw=37.41 lead=+28.33 | pcr=76.453 head_rel=34.29 lag_ewma=18.78 | q=we'll get a report from Cynthia / or Scotty as soon as it be
21:09:05.013 CUE cx=[23.39..25.89] adv=2.50 el=0.00 fresh | off=42.16 fr=48.38 cc=37.22 raw=37.41 lead=+30.83 | pcr=76.453 head_rel=34.29 lag_ewma=18.78 | q=or Scotty as soon as it becomes / available. Third down and 
21:09:05.014 CUE cx=[25.89..29.50] adv=3.60 el=0.00 fresh | off=42.16 fr=48.38 cc=37.22 raw=37.41 lead=+34.43 | pcr=76.453 head_rel=34.29 lag_ewma=18.78 | q=available. Third down and two. / From the 12. Watson motions
21:09:05.014 CUE cx=[29.50..30.93] adv=1.43 el=0.00 fresh | off=42.16 fr=48.38 cc=37.22 raw=37.41 lead=+35.87 | pcr=76.453 head_rel=34.29 lag_ewma=18.78 | q=From the 12. Watson motions / through the formation. Inside 
21:09:05.014 CUE cx=[30.93..32.33] adv=1.40 el=0.00 fresh | off=42.16 fr=48.38 cc=37.22 raw=37.41 lead=+37.27 | pcr=76.453 head_rel=34.29 lag_ewma=18.78 | q=through the formation. Inside / handoff. Lloyd cuts to the /
21:09:05.015 ANCHOR pend_end=32.33 L=12.89 pinL=1.96 target=42.16 off=42.16
21:09:05.015 CLOCK integ raw=37.41 prev=37.22 new=37.33 d=+0.105 fr=48.38 dt=0.105 rate=1.00 paused=False backlog=39.23 edge=76.56 div=0.29
21:09:05.117 CLOCK fold raw=37.69 prev=37.33 new=37.40 d=+0.074 fr=48.38 dt=0.102 rate=1.00 paused=False backlog=39.26 edge=76.66 div=0.29
21:09:05.270 CLOCK integ raw=37.69 prev=37.40 new=37.55 d=+0.153 fr=48.74 dt=0.153 rate=1.00 paused=False backlog=39.26 edge=76.81 div=0.29
21:09:05.370 CLOCK fold raw=37.97 prev=37.55 new=37.68 d=+0.127 fr=48.74 dt=0.101 rate=1.00 paused=False backlog=39.23 edge=76.91 div=0.29
21:09:05.472 CLOCK integ raw=37.97 prev=37.68 new=37.78 d=+0.101 fr=48.74 dt=0.101 rate=1.00 paused=False backlog=39.23 edge=77.01 div=0.29
21:09:05.575 CLOCK integ raw=37.97 prev=37.78 new=37.89 d=+0.103 fr=48.74 dt=0.103 rate=1.00 paused=False backlog=39.23 edge=77.12 div=0.29
21:09:05.727 CLOCK fold raw=38.25 prev=37.89 new=37.96 d=+0.076 fr=48.74 dt=0.152 rate=1.00 paused=False backlog=39.31 edge=77.27 div=0.29
21:09:05.828 CLOCK integ raw=38.25 prev=37.96 new=38.06 d=+0.102 fr=48.74 dt=0.102 rate=1.00 paused=False backlog=39.31 edge=77.37 div=0.29
21:09:05.930 CLOCK fold raw=38.53 prev=38.06 new=38.24 d=+0.180 fr=48.74 dt=0.101 rate=1.00 paused=False backlog=39.23 edge=77.47 div=0.29
21:09:06.032 CLOCK integ raw=38.53 prev=38.24 new=38.34 d=+0.102 fr=48.74 dt=0.102 rate=1.00 paused=False backlog=39.23 edge=77.57 div=0.29
21:09:06.134 CLOCK integ raw=38.53 prev=38.34 new=38.45 d=+0.102 fr=48.74 dt=0.102 rate=1.00 paused=False backlog=39.23 edge=77.68 div=0.29
21:09:06.285 CLOCK fold raw=38.81 prev=38.45 new=38.52 d=+0.077 fr=48.74 dt=0.152 rate=1.00 paused=False backlog=39.30 edge=77.83 div=0.29
21:09:06.387 CLOCK integ raw=38.81 prev=38.52 new=38.63 d=+0.101 fr=48.74 dt=0.101 rate=1.00 paused=False backlog=39.30 edge=77.93 div=0.29
21:09:06.489 CLOCK fold raw=39.10 prev=38.63 new=38.80 d=+0.180 fr=48.74 dt=0.102 rate=1.00 paused=False backlog=39.23 edge=78.03 div=0.29
21:09:06.563 CLOCK integ raw=39.10 prev=38.80 new=38.88 d=+0.075 fr=48.74 dt=0.075 rate=1.00 paused=False backlog=38.54 edge=77.42 div=0.29
21:09:06.716 CLOCK fold raw=39.38 prev=38.88 new=39.08 d=+0.205 fr=48.74 dt=0.152 rate=1.00 paused=False backlog=38.49 edge=77.57 div=0.29
21:09:06.817 CLOCK integ raw=39.38 prev=39.08 new=39.19 d=+0.101 fr=48.74 dt=0.101 rate=1.00 paused=False backlog=38.49 edge=77.68 div=0.29
21:09:06.919 CLOCK integ raw=39.38 prev=39.19 new=39.29 d=+0.102 fr=48.74 dt=0.102 rate=1.00 paused=False backlog=38.49 edge=77.78 div=0.29
21:09:07.020 CLOCK fold raw=39.66 prev=39.29 new=39.37 d=+0.078 fr=48.74 dt=0.101 rate=1.00 paused=False backlog=38.51 edge=77.88 div=0.29
21:09:07.122 CLOCK integ raw=39.66 prev=39.37 new=39.47 d=+0.102 fr=48.74 dt=0.102 rate=1.00 paused=False backlog=38.51 edge=77.98 div=0.29
21:09:07.223 CLOCK integ raw=39.66 prev=39.47 new=39.57 d=+0.101 fr=48.74 dt=0.101 rate=1.00 paused=False backlog=38.51 edge=78.08 div=0.29
21:09:07.325 CLOCK fold raw=39.94 prev=39.57 new=39.65 d=+0.078 fr=48.74 dt=0.102 rate=1.00 paused=False backlog=38.54 edge=78.18 div=0.29
21:09:07.477 CLOCK integ raw=39.94 prev=39.65 new=39.80 d=+0.152 fr=48.74 dt=0.152 rate=1.00 paused=False backlog=38.54 edge=78.33 div=0.29
21:09:07.579 CLOCK fold raw=40.22 prev=39.80 new=39.93 d=+0.127 fr=48.74 dt=0.102 rate=1.00 paused=False backlog=38.51 edge=78.44 div=0.29
21:09:07.681 CLOCK integ raw=40.22 prev=39.93 new=40.03 d=+0.102 fr=48.74 dt=0.102 rate=1.00 paused=False backlog=38.51 edge=78.54 div=0.29
21:09:07.783 CLOCK integ raw=40.22 prev=40.03 new=40.13 d=+0.102 fr=48.74 dt=0.102 rate=1.00 paused=False backlog=38.51 edge=78.64 div=0.29
21:09:07.885 CLOCK fold raw=40.50 prev=40.13 new=40.21 d=+0.078 fr=48.74 dt=0.102 rate=1.00 paused=False backlog=38.53 edge=78.74 div=0.29
21:09:07.986 CLOCK integ raw=40.50 prev=40.21 new=40.31 d=+0.102 fr=48.74 dt=0.102 rate=1.00 paused=False backlog=38.53 edge=78.84 div=0.29
21:09:08.139 CLOCK fold raw=40.78 prev=40.31 new=40.49 d=+0.180 fr=48.74 dt=0.153 rate=1.00 paused=False backlog=38.51 edge=79.00 div=0.29
21:09:08.241 CLOCK integ raw=40.78 prev=40.49 new=40.59 d=+0.102 fr=48.74 dt=0.102 rate=1.00 paused=False backlog=38.51 edge=79.10 div=0.29
21:09:08.342 CLOCK integ raw=40.78 prev=40.59 new=40.69 d=+0.101 fr=48.74 dt=0.101 rate=1.00 paused=False backlog=38.51 edge=79.20 div=0.29
21:09:08.444 CLOCK fold raw=41.06 prev=40.69 new=40.77 d=+0.077 fr=48.74 dt=0.101 rate=1.00 paused=False backlog=38.53 edge=79.30 div=0.29
21:09:08.496 EDGESNAP err=-2.64 edge->76.66
21:09:08.548 CLOCK integ raw=41.06 prev=40.77 new=40.87 d=+0.104 fr=48.74 dt=0.104 rate=1.00 paused=False backlog=35.89 edge=76.77 div=0.29
21:09:08.650 CLOCK integ raw=41.06 prev=40.87 new=40.98 d=+0.102 fr=48.74 dt=0.102 rate=1.00 paused=False backlog=35.89 edge=76.87 div=0.29
21:09:08.752 CLOCK fold raw=41.34 prev=40.98 new=41.05 d=+0.077 fr=48.74 dt=0.102 rate=1.00 paused=False backlog=35.92 edge=76.97 div=0.29
21:09:08.905 CLOCK integ raw=41.34 prev=41.05 new=41.21 d=+0.153 fr=48.74 dt=0.153 rate=1.00 paused=False backlog=35.92 edge=77.12 div=0.29
21:09:08.959 TICK fr=48.74 cc=41.21 raw=41.34 vid=41.34 playing=1 started=1 stall=0 | d_fr_cc=+7.54 d_fr_raw=+7.40 d_cc_raw=-0.14 | off=42.16 ccx_end=32.33 since_show=246.5 since_cue=3.9 | pcr=76.663 pid=100 head_rel=34.50 ccx_lag=2.17 | credit=48.7 capped=0.0 | fsize=34685624 feed=34685624 feed_behind=0 | backlog=35.92 edge=77.12 div=0.29 lag_ewma=12.89
21:09:09.010 CLOCK fold raw=41.62 prev=41.21 new=41.33 d=+0.128 fr=48.74 dt=0.105 rate=1.00 paused=False backlog=35.89 edge=77.23 div=0.29
21:09:09.112 CLOCK integ raw=41.62 prev=41.33 new=41.44 d=+0.102 fr=48.74 dt=0.102 rate=1.00 paused=False backlog=35.89 edge=77.33 div=0.29
21:09:09.213 CLOCK integ raw=41.62 prev=41.44 new=41.54 d=+0.101 fr=48.74 dt=0.101 rate=1.00 paused=False backlog=35.89 edge=77.43 div=0.29
21:09:09.315 CLOCK fold raw=41.91 prev=41.54 new=41.62 d=+0.080 fr=48.74 dt=0.102 rate=1.00 paused=False backlog=35.92 edge=77.53 div=0.29
21:09:09.417 CLOCK integ raw=41.91 prev=41.62 new=41.72 d=+0.101 fr=48.74 dt=0.101 rate=1.00 paused=False backlog=35.92 edge=77.63 div=0.29
21:09:09.518 CLOCK integ raw=41.91 prev=41.72 new=41.82 d=+0.102 fr=48.74 dt=0.102 rate=1.00 paused=False backlog=35.92 edge=77.74 div=0.29
21:09:09.621 CLOCK fold raw=42.19 prev=41.82 new=41.90 d=+0.078 fr=48.74 dt=0.102 rate=1.00 paused=False backlog=35.94 edge=77.84 div=0.29
21:09:09.773 CLOCK integ raw=42.19 prev=41.90 new=42.05 d=+0.153 fr=48.74 dt=0.153 rate=1.00 paused=False backlog=35.94 edge=77.99 div=0.29
21:09:09.875 CLOCK fold raw=42.47 prev=42.05 new=42.18 d=+0.131 fr=48.74 dt=0.102 rate=1.00 paused=False backlog=35.91 edge=78.09 div=0.29
21:09:09.977 CLOCK integ raw=42.47 prev=42.18 new=42.28 d=+0.101 fr=48.74 dt=0.101 rate=1.00 paused=False backlog=35.91 edge=78.19 div=0.29
21:09:10.079 CLOCK integ raw=42.47 prev=42.28 new=42.39 d=+0.103 fr=48.74 dt=0.103 rate=1.00 paused=False backlog=35.91 edge=78.30 div=0.29
21:09:10.180 CLOCK fold raw=42.76 prev=42.39 new=42.47 d=+0.080 fr=48.74 dt=0.101 rate=1.00 paused=False backlog=35.93 edge=78.40 div=0.29
21:09:10.282 CLOCK integ raw=42.76 prev=42.47 new=42.57 d=+0.101 fr=48.74 dt=0.101 rate=1.00 paused=False backlog=35.93 edge=78.50 div=0.29
21:09:10.384 CLOCK fold raw=43.04 prev=42.57 new=42.75 d=+0.180 fr=48.74 dt=0.102 rate=1.00 paused=False backlog=35.85 edge=78.60 div=0.29
21:09:10.538 CLOCK integ raw=43.04 prev=42.75 new=42.90 d=+0.154 fr=48.74 dt=0.154 rate=1.00 paused=False backlog=34.88 edge=77.79 div=0.29
21:09:10.640 CLOCK integ raw=43.04 prev=42.90 new=43.00 d=+0.102 fr=48.74 dt=0.102 rate=1.00 paused=False backlog=34.88 edge=77.89 div=0.29
21:09:10.741 CLOCK fold raw=43.32 prev=43.00 new=43.03 d=+0.024 fr=48.74 dt=0.101 rate=1.00 paused=False backlog=34.96 edge=77.99 div=0.29
21:09:10.843 CLOCK integ raw=43.32 prev=43.03 new=43.13 d=+0.102 fr=48.74 dt=0.102 rate=1.00 paused=False backlog=34.96 edge=78.09 div=0.29
21:09:10.944 CLOCK fold raw=43.60 prev=43.13 new=43.31 d=+0.180 fr=48.74 dt=0.101 rate=1.00 paused=False backlog=34.88 edge=78.19 div=0.29
21:09:11.046 CLOCK integ raw=43.60 prev=43.31 new=43.41 d=+0.102 fr=48.74 dt=0.102 rate=1.00 paused=False backlog=34.88 edge=78.29 div=0.29
21:09:11.148 CLOCK integ raw=43.60 prev=43.41 new=43.51 d=+0.102 fr=48.74 dt=0.102 rate=1.00 paused=False backlog=34.88 edge=78.40 div=0.29
21:09:11.301 CLOCK fold raw=43.88 prev=43.51 new=43.59 d=+0.079 fr=48.74 dt=0.153 rate=1.00 paused=False backlog=34.96 edge=78.55 div=0.29
21:09:11.402 CLOCK integ raw=43.88 prev=43.59 new=43.69 d=+0.102 fr=48.74 dt=0.102 rate=1.00 paused=False backlog=34.96 edge=78.65 div=0.29
21:09:11.503 CLOCK fold raw=44.16 prev=43.69 new=43.87 d=+0.176 fr=48.74 dt=0.101 rate=1.00 paused=False backlog=34.88 edge=78.75 div=0.29
21:09:11.605 CLOCK integ raw=44.16 prev=43.87 new=43.97 d=+0.101 fr=48.74 dt=0.101 rate=1.00 paused=False backlog=34.88 edge=78.85 div=0.29
21:09:11.706 CLOCK integ raw=44.16 prev=43.97 new=44.07 d=+0.101 fr=48.74 dt=0.101 rate=1.00 paused=False backlog=34.88 edge=78.95 div=0.29
21:09:11.858 CLOCK fold raw=44.44 prev=44.07 new=44.15 d=+0.080 fr=48.74 dt=0.152 rate=1.00 paused=False backlog=34.95 edge=79.11 div=0.29
21:09:11.959 CLOCK integ raw=44.44 prev=44.15 new=44.25 d=+0.101 fr=48.74 dt=0.101 rate=1.00 paused=False backlog=34.95 edge=79.21 div=0.29
21:09:12.060 CLOCK fold raw=44.72 prev=44.25 new=44.43 d=+0.179 fr=48.74 dt=0.101 rate=1.00 paused=False backlog=34.88 edge=79.31 div=0.29
21:09:12.163 CLOCK integ raw=44.72 prev=44.43 new=44.53 d=+0.102 fr=48.74 dt=0.102 rate=1.00 paused=False backlog=34.88 edge=79.41 div=0.29
21:09:12.264 CLOCK integ raw=44.72 prev=44.53 new=44.64 d=+0.102 fr=48.74 dt=0.102 rate=1.00 paused=False backlog=34.88 edge=79.51 div=0.29
21:09:12.366 CLOCK fold raw=45.01 prev=44.64 new=44.71 d=+0.078 fr=48.74 dt=0.101 rate=1.00 paused=False backlog=34.90 edge=79.61 div=0.29
21:09:12.467 CLOCK integ raw=45.01 prev=44.71 new=44.82 d=+0.101 fr=48.74 dt=0.101 rate=1.00 paused=False backlog=34.90 edge=79.71 div=0.29
21:09:12.520 EDGESNAP err=-3.05 edge->76.66
21:09:12.621 CLOCK integ raw=45.01 prev=44.82 new=44.97 d=+0.154 fr=48.74 dt=0.154 rate=1.00 paused=False backlog=31.85 edge=76.82 div=0.29
21:09:12.722 CLOCK fold raw=45.28 prev=44.97 new=44.99 d=+0.025 fr=48.74 dt=0.101 rate=1.00 paused=False backlog=31.92 edge=76.92 div=0.29
21:09:12.824 CLOCK integ raw=45.28 prev=44.99 new=45.10 d=+0.102 fr=48.74 dt=0.102 rate=1.00 paused=False backlog=31.92 edge=77.02 div=0.29
21:09:12.926 CLOCK fold raw=45.56 prev=45.10 new=45.27 d=+0.178 fr=48.74 dt=0.102 rate=1.00 paused=False backlog=31.85 edge=77.12 div=0.29
21:09:13.028 CLOCK integ raw=45.56 prev=45.27 new=45.38 d=+0.102 fr=48.74 dt=0.102 rate=1.00 paused=False backlog=31.85 edge=77.22 div=0.29
21:09:13.129 CLOCK integ raw=45.56 prev=45.38 new=45.48 d=+0.101 fr=48.74 dt=0.101 rate=1.00 paused=False backlog=31.85 edge=77.32 div=0.29
21:09:13.231 CLOCK fold raw=45.84 prev=45.48 new=45.55 d=+0.077 fr=48.74 dt=0.102 rate=1.00 paused=False backlog=31.85 edge=77.40 div=0.29
21:09:13.383 CLOCK integ raw=45.84 prev=45.55 new=45.71 d=+0.152 fr=48.74 dt=0.152 rate=1.00 paused=False backlog=31.85 edge=77.55 div=0.29
21:09:13.485 CLOCK fold raw=46.13 prev=45.71 new=45.84 d=+0.131 fr=48.74 dt=0.102 rate=1.00 paused=False backlog=31.85 edge=77.68 div=0.29
21:09:13.587 CLOCK integ raw=46.13 prev=45.84 new=45.94 d=+0.102 fr=48.74 dt=0.102 rate=1.00 paused=False backlog=31.85 edge=77.79 div=0.29
21:09:13.688 CLOCK integ raw=46.13 prev=45.94 new=46.04 d=+0.102 fr=48.74 dt=0.102 rate=1.00 paused=False backlog=31.85 edge=77.89 div=0.29
21:09:13.791 CLOCK fold raw=46.41 prev=46.04 new=46.11 d=+0.075 fr=48.74 dt=0.103 rate=1.00 paused=False backlog=31.85 edge=77.96 div=0.29
21:09:13.893 CLOCK integ raw=46.41 prev=46.11 new=46.22 d=+0.101 fr=48.74 dt=0.101 rate=1.00 paused=False backlog=31.85 edge=78.06 div=0.29
21:09:13.995 TICK fr=48.74 cc=46.22 raw=46.41 vid=46.13 playing=1 started=1 stall=0 | d_fr_cc=+2.53 d_fr_raw=+2.34 d_cc_raw=-0.19 | off=42.16 ccx_end=32.33 since_show=251.5 since_cue=9.0 | pcr=76.663 pid=100 head_rel=34.50 ccx_lag=2.17 | credit=48.7 capped=0.0 | fsize=34685624 feed=34685624 feed_behind=0 | backlog=31.85 edge=78.06 div=0.29 lag_ewma=12.89
21:09:14.046 CLOCK fold raw=46.69 prev=46.22 new=46.40 d=+0.183 fr=48.74 dt=0.154 rate=1.00 paused=False backlog=31.85 edge=78.25 div=0.29
21:09:14.148 CLOCK integ raw=46.69 prev=46.40 new=46.50 d=+0.102 fr=48.74 dt=0.102 rate=1.00 paused=False backlog=31.85 edge=78.35 div=0.29
21:09:14.250 CLOCK integ raw=46.69 prev=46.50 new=46.60 d=+0.101 fr=48.74 dt=0.101 rate=1.00 paused=False backlog=31.85 edge=78.45 div=0.29
21:09:14.351 CLOCK fold raw=46.97 prev=46.60 new=46.68 d=+0.077 fr=48.74 dt=0.101 rate=1.00 paused=False backlog=31.85 edge=78.53 div=0.29
21:09:14.452 CLOCK integ raw=46.97 prev=46.68 new=46.78 d=+0.101 fr=48.74 dt=0.101 rate=1.00 paused=False backlog=31.85 edge=78.63 div=0.29
21:09:14.572 CLOCK integ raw=46.97 prev=46.78 new=46.90 d=+0.120 fr=58.10 dt=0.120 rate=1.00 paused=False backlog=32.06 edge=78.96 div=0.29
21:09:14.573 PAINT after 252.1 s blank (t=46.90)
21:09:14.675 CLOCK fold raw=47.25 prev=46.90 new=46.96 d=+0.059 fr=58.10 dt=0.102 rate=1.00 paused=False backlog=32.10 edge=79.06 div=0.29
21:09:14.796 EDGESNAP err=+4.77 edge->83.83
21:09:14.796 CUE cx=[32.33..34.60] adv=2.27 el=9.76 fresh | off=42.16 fr=58.10 cc=46.96 raw=47.25 lead=+29.80 | pcr=83.832 head_rel=41.67 lag_ewma=17.66 | q=handoff. Lloyd cuts to the / outside left side. The Broncos 
21:09:14.796 CUE cx=[34.60..37.07] adv=2.47 el=0.02 fresh | off=42.16 fr=58.10 cc=46.96 raw=47.25 lead=+32.27 | pcr=83.832 head_rel=41.67 lag_ewma=17.66 | q=outside left side. The Broncos / are there. Certain had him 
21:09:14.796 CUE cx=[37.07..38.47] adv=1.40 el=0.00 fresh | off=42.16 fr=58.10 cc=46.96 raw=47.25 lead=+33.67 | pcr=83.832 head_rel=41.67 lag_ewma=17.66 | q=are there. Certain had him for / a loss and in the backfield
21:09:14.797 ANCHOR pend_end=38.47 L=12.60 pinL=3.20 target=42.16 off=42.16
21:09:14.797 CLOCK integ raw=47.25 prev=46.96 new=47.08 d=+0.123 fr=58.10 dt=0.123 rate=1.00 paused=False backlog=36.87 edge=83.95 div=0.29
21:09:14.898 CLOCK fold raw=47.53 prev=47.08 new=47.24 d=+0.158 fr=58.10 dt=0.101 rate=1.00 paused=False backlog=36.81 edge=84.05 div=0.29
21:09:15.000 CLOCK integ raw=47.53 prev=47.24 new=47.34 d=+0.101 fr=58.47 dt=0.101 rate=1.00 paused=False backlog=36.81 edge=84.16 div=0.29
21:09:15.101 CLOCK integ raw=47.53 prev=47.34 new=47.44 d=+0.101 fr=58.47 dt=0.101 rate=1.00 paused=False backlog=36.81 edge=84.26 div=0.29
21:09:15.201 CLOCK fold raw=47.81 prev=47.44 new=47.52 d=+0.077 fr=58.47 dt=0.101 rate=1.00 paused=False backlog=36.84 edge=84.36 div=0.29
21:09:15.302 CLOCK integ raw=47.81 prev=47.52 new=47.62 d=+0.101 fr=58.47 dt=0.101 rate=1.00 paused=False backlog=36.84 edge=84.46 div=0.29
21:09:15.504 CLOCK fold raw=48.09 prev=47.62 new=47.80 d=+0.181 fr=58.47 dt=0.202 rate=1.00 paused=False backlog=36.86 edge=84.66 div=0.29
21:09:15.605 CLOCK integ raw=48.09 prev=47.80 new=47.90 d=+0.101 fr=58.47 dt=0.101 rate=1.00 paused=False backlog=36.86 edge=84.76 div=0.29
21:09:15.706 CLOCK integ raw=48.09 prev=47.90 new=48.01 d=+0.101 fr=58.47 dt=0.101 rate=1.00 paused=False backlog=36.86 edge=84.86 div=0.29
21:09:15.808 CLOCK fold raw=48.38 prev=48.01 new=48.08 d=+0.079 fr=58.47 dt=0.101 rate=1.00 paused=False backlog=36.88 edge=84.96 div=0.29
21:09:15.909 CLOCK integ raw=48.38 prev=48.08 new=48.19 d=+0.101 fr=58.47 dt=0.101 rate=1.00 paused=False backlog=36.88 edge=85.07 div=0.29
21:09:16.010 CLOCK fold raw=48.66 prev=48.19 new=48.37 d=+0.182 fr=58.47 dt=0.101 rate=1.00 paused=False backlog=36.80 edge=85.17 div=0.29
21:09:16.112 CLOCK integ raw=48.66 prev=48.37 new=48.47 d=+0.101 fr=58.47 dt=0.101 rate=1.00 paused=False backlog=36.80 edge=85.27 div=0.29
21:09:16.212 CLOCK integ raw=48.66 prev=48.47 new=48.57 d=+0.101 fr=58.47 dt=0.101 rate=1.00 paused=False backlog=36.80 edge=85.37 div=0.29
21:09:16.314 CLOCK fold raw=48.94 prev=48.57 new=48.65 d=+0.080 fr=58.47 dt=0.101 rate=1.00 paused=False backlog=36.82 edge=85.47 div=0.29
21:09:16.414 CLOCK integ raw=48.94 prev=48.65 new=48.75 d=+0.101 fr=58.47 dt=0.101 rate=1.00 paused=False backlog=36.82 edge=85.57 div=0.29
21:09:16.516 CLOCK integ raw=48.94 prev=48.75 new=48.85 d=+0.102 fr=58.47 dt=0.102 rate=1.00 paused=False backlog=35.95 edge=84.80 div=0.29
21:09:16.618 CLOCK fold raw=49.22 prev=48.85 new=48.93 d=+0.079 fr=58.47 dt=0.102 rate=1.00 paused=False backlog=35.97 edge=84.90 div=0.29
21:09:16.821 CLOCK integ raw=49.22 prev=48.93 new=49.13 d=+0.203 fr=58.47 dt=0.203 rate=1.00 paused=False backlog=35.97 edge=85.11 div=0.29
21:09:16.923 CLOCK fold raw=49.50 prev=49.13 new=49.21 d=+0.075 fr=58.47 dt=0.102 rate=1.00 paused=False backlog=36.00 edge=85.21 div=0.29
21:09:17.025 CLOCK integ raw=49.50 prev=49.21 new=49.31 d=+0.101 fr=58.47 dt=0.101 rate=1.00 paused=False backlog=36.00 edge=85.31 div=0.29
21:09:17.126 CLOCK fold raw=49.78 prev=49.31 new=49.49 d=+0.179 fr=58.47 dt=0.102 rate=1.00 paused=False backlog=35.92 edge=85.41 div=0.29
21:09:17.227 CLOCK integ raw=49.78 prev=49.49 new=49.59 d=+0.101 fr=58.47 dt=0.101 rate=1.00 paused=False backlog=35.92 edge=85.51 div=0.29
21:09:17.328 CLOCK integ raw=49.78 prev=49.59 new=49.69 d=+0.102 fr=58.47 dt=0.102 rate=1.00 paused=False backlog=35.92 edge=85.61 div=0.29
21:09:17.430 CLOCK fold raw=50.06 prev=49.69 new=49.77 d=+0.079 fr=58.47 dt=0.101 rate=1.00 paused=False backlog=35.95 edge=85.72 div=0.29
21:09:17.532 CLOCK integ raw=50.06 prev=49.77 new=49.87 d=+0.102 fr=58.47 dt=0.102 rate=1.00 paused=False backlog=35.95 edge=85.82 div=0.29
21:09:17.634 CLOCK integ raw=50.06 prev=49.87 new=49.97 d=+0.101 fr=58.47 dt=0.101 rate=1.00 paused=False backlog=35.95 edge=85.92 div=0.29
21:09:17.735 CLOCK fold raw=50.34 prev=49.97 new=50.05 d=+0.078 fr=58.47 dt=0.102 rate=1.00 paused=False backlog=35.97 edge=86.02 div=0.29
21:09:17.836 CLOCK integ raw=50.34 prev=50.05 new=50.15 d=+0.101 fr=58.47 dt=0.101 rate=1.00 paused=False backlog=35.97 edge=86.12 div=0.29
21:09:17.938 CLOCK integ raw=50.34 prev=50.15 new=50.25 d=+0.102 fr=58.47 dt=0.102 rate=1.00 paused=False backlog=35.97 edge=86.22 div=0.29
21:09:18.140 CLOCK fold raw=50.62 prev=50.25 new=50.33 d=+0.078 fr=58.47 dt=0.202 rate=1.00 paused=False backlog=36.09 edge=86.43 div=0.29
21:09:18.242 CLOCK fold raw=50.90 prev=50.33 new=50.61 d=+0.280 fr=58.47 dt=0.101 rate=1.00 paused=False backlog=35.91 edge=86.53 div=0.29
21:09:18.342 CLOCK integ raw=50.90 prev=50.61 new=50.71 d=+0.102 fr=58.47 dt=0.102 rate=1.00 paused=False backlog=35.91 edge=86.63 div=0.29
21:09:18.443 CLOCK integ raw=50.90 prev=50.71 new=50.81 d=+0.101 fr=58.47 dt=0.101 rate=1.00 paused=False backlog=35.91 edge=86.73 div=0.29
21:09:18.544 EDGESNAP err=-2.90 edge->83.83
21:09:18.546 CLOCK fold raw=51.18 prev=50.81 new=50.89 d=+0.078 fr=58.47 dt=0.102 rate=1.00 paused=False backlog=33.04 edge=83.93 div=0.29
21:09:18.647 CLOCK integ raw=51.18 prev=50.89 new=50.99 d=+0.101 fr=58.47 dt=0.101 rate=1.00 paused=False backlog=33.04 edge=84.03 div=0.29
21:09:18.748 CLOCK integ raw=51.18 prev=50.99 new=51.09 d=+0.101 fr=58.47 dt=0.101 rate=1.00 paused=False backlog=33.04 edge=84.13 div=0.29
21:09:18.850 CLOCK fold raw=51.46 prev=51.09 new=51.17 d=+0.078 fr=58.47 dt=0.102 rate=1.00 paused=False backlog=33.06 edge=84.24 div=0.29
21:09:18.951 CLOCK integ raw=51.46 prev=51.17 new=51.27 d=+0.101 fr=58.47 dt=0.101 rate=1.00 paused=False backlog=33.06 edge=84.34 div=0.29
21:09:19.053 TICK fr=58.47 cc=51.27 raw=51.46 vid=51.18 playing=1 started=1 stall=0 | d_fr_cc=+7.20 d_fr_raw=+7.01 d_cc_raw=-0.19 | off=42.16 ccx_end=38.47 since_show=0.1 since_cue=4.3 | pcr=83.832 pid=100 head_rel=41.67 ccx_lag=3.20 | credit=58.5 capped=0.0 | fsize=37772584 feed=37772584 feed_behind=0 | backlog=33.06 edge=84.34 div=0.29 lag_ewma=12.60
21:09:19.054 CLOCK integ raw=51.46 prev=51.27 new=51.38 d=+0.103 fr=58.47 dt=0.103 rate=1.00 paused=False backlog=33.06 edge=84.44 div=0.29
21:09:19.155 CLOCK fold raw=51.75 prev=51.38 new=51.46 d=+0.079 fr=58.47 dt=0.101 rate=1.00 paused=False backlog=33.09 edge=84.54 div=0.29
21:09:19.256 CLOCK integ raw=51.75 prev=51.46 new=51.56 d=+0.101 fr=58.47 dt=0.101 rate=1.00 paused=False backlog=33.09 edge=84.64 div=0.29
21:09:19.357 CLOCK integ raw=51.75 prev=51.56 new=51.66 d=+0.101 fr=58.47 dt=0.101 rate=1.00 paused=False backlog=33.09 edge=84.74 div=0.29
21:09:19.559 CLOCK fold raw=52.03 prev=51.66 new=51.73 d=+0.077 fr=63.03 dt=0.202 rate=1.00 paused=False backlog=33.21 edge=84.95 div=0.29
21:09:19.593 CUE cx=[38.47..41.34] adv=2.87 el=4.76 fresh | off=42.16 fr=63.03 cc=51.73 raw=52.03 lead=+31.77 | pcr=86.993 head_rel=44.83 lag_ewma=12.60 | q=a loss and in the backfield, / but he's able to stumble / fo
21:09:19.695 ANCHOR pend_end=41.34 L=9.41 pinL=3.49 target=41.14 off=42.16
21:09:19.695 CLOCK fold raw=52.31 prev=51.73 new=52.02 d=+0.281 fr=63.03 dt=0.136 rate=1.00 paused=False backlog=34.09 edge=86.10 div=0.29
21:09:19.796 CLOCK integ raw=52.31 prev=52.02 new=52.12 d=+0.101 fr=63.37 dt=0.101 rate=1.00 paused=False backlog=34.09 edge=86.21 div=0.29
21:09:19.998 CLOCK fold raw=52.59 prev=52.12 new=52.30 d=+0.180 fr=63.37 dt=0.202 rate=1.00 paused=False backlog=34.11 edge=86.41 div=0.29
21:09:20.099 CLOCK integ raw=52.59 prev=52.30 new=52.40 d=+0.101 fr=63.37 dt=0.101 rate=1.00 paused=False backlog=34.11 edge=86.51 div=0.29
21:09:20.200 CLOCK integ raw=52.59 prev=52.40 new=52.50 d=+0.101 fr=63.37 dt=0.101 rate=1.00 paused=False backlog=34.11 edge=86.61 div=0.29
21:09:20.302 CLOCK fold raw=52.87 prev=52.50 new=52.58 d=+0.080 fr=63.37 dt=0.102 rate=1.00 paused=False backlog=34.13 edge=86.71 div=0.29
21:09:20.403 CLOCK integ raw=52.87 prev=52.58 new=52.68 d=+0.101 fr=63.37 dt=0.101 rate=1.00 paused=False backlog=34.13 edge=86.81 div=0.29
21:09:20.504 CLOCK fold raw=53.15 prev=52.68 new=52.86 d=+0.180 fr=63.37 dt=0.101 rate=1.00 paused=False backlog=34.05 edge=86.91 div=0.29
21:09:20.608 CLOCK integ raw=53.15 prev=52.86 new=52.96 d=+0.104 fr=63.37 dt=0.104 rate=1.00 paused=False backlog=34.51 edge=87.48 div=0.29
21:09:20.710 CLOCK integ raw=53.15 prev=52.96 new=53.07 d=+0.102 fr=63.37 dt=0.102 rate=1.00 paused=False backlog=34.51 edge=87.58 div=0.29
21:09:20.811 CLOCK fold raw=53.43 prev=53.07 new=53.14 d=+0.076 fr=63.37 dt=0.101 rate=1.00 paused=False backlog=34.54 edge=87.68 div=0.29
21:09:20.912 CLOCK integ raw=53.43 prev=53.14 new=53.24 d=+0.101 fr=63.37 dt=0.101 rate=1.00 paused=False backlog=34.54 edge=87.78 div=0.29
21:09:21.013 CLOCK integ raw=53.43 prev=53.24 new=53.34 d=+0.101 fr=63.37 dt=0.101 rate=1.00 paused=False backlog=34.54 edge=87.88 div=0.29
21:09:21.116 CLOCK fold raw=53.71 prev=53.34 new=53.42 d=+0.076 fr=63.37 dt=0.103 rate=1.00 paused=False backlog=34.56 edge=87.99 div=0.29
21:09:21.217 CLOCK integ raw=53.71 prev=53.42 new=53.52 d=+0.101 fr=63.37 dt=0.101 rate=1.00 paused=False backlog=34.56 edge=88.09 div=0.29
21:09:21.318 CLOCK integ raw=53.71 prev=53.52 new=53.62 d=+0.101 fr=63.37 dt=0.101 rate=1.00 paused=False backlog=34.56 edge=88.19 div=0.29
21:09:21.519 CLOCK fold raw=53.99 prev=53.62 new=53.70 d=+0.078 fr=63.37 dt=0.201 rate=1.00 paused=False backlog=34.69 edge=88.39 div=0.29
21:09:21.620 CLOCK fold raw=54.27 prev=53.70 new=53.98 d=+0.282 fr=63.37 dt=0.101 rate=1.00 paused=False backlog=34.51 edge=88.49 div=0.29
21:09:21.721 CLOCK integ raw=54.27 prev=53.98 new=54.08 d=+0.101 fr=63.37 dt=0.101 rate=1.00 paused=False backlog=34.51 edge=88.59 div=0.29
21:09:21.822 CLOCK integ raw=54.27 prev=54.08 new=54.18 d=+0.101 fr=63.37 dt=0.101 rate=1.00 paused=False backlog=34.51 edge=88.69 div=0.29
21:09:21.923 CLOCK fold raw=54.56 prev=54.18 new=54.27 d=+0.081 fr=63.37 dt=0.101 rate=1.00 paused=False backlog=34.53 edge=88.79 div=0.29
21:09:22.024 CLOCK integ raw=54.56 prev=54.27 new=54.37 d=+0.101 fr=63.37 dt=0.101 rate=1.00 paused=False backlog=34.53 edge=88.89 div=0.29
21:09:22.125 CLOCK integ raw=54.56 prev=54.37 new=54.47 d=+0.101 fr=63.37 dt=0.101 rate=1.00 paused=False backlog=34.53 edge=88.99 div=0.29
21:09:22.226 CLOCK fold raw=54.84 prev=54.47 new=54.55 d=+0.079 fr=63.37 dt=0.101 rate=1.00 paused=False backlog=34.55 edge=89.10 div=0.29
21:09:22.328 CLOCK integ raw=54.84 prev=54.55 new=54.65 d=+0.102 fr=63.37 dt=0.102 rate=1.00 paused=False backlog=34.55 edge=89.20 div=0.29
21:09:22.429 CLOCK integ raw=54.84 prev=54.65 new=54.75 d=+0.101 fr=63.37 dt=0.101 rate=1.00 paused=False backlog=34.55 edge=89.30 div=0.29
21:09:22.531 CLOCK fold raw=55.12 prev=54.75 new=54.83 d=+0.077 fr=63.37 dt=0.102 rate=1.00 paused=False backlog=33.84 edge=88.67 div=0.29
21:09:22.734 CLOCK integ raw=55.12 prev=54.83 new=55.03 d=+0.203 fr=63.37 dt=0.203 rate=1.00 paused=False backlog=33.84 edge=88.87 div=0.29
21:09:22.835 CLOCK fold raw=55.40 prev=55.03 new=55.11 d=+0.077 fr=63.37 dt=0.101 rate=1.00 paused=False backlog=33.87 edge=88.97 div=0.29
21:09:22.936 CLOCK integ raw=55.40 prev=55.11 new=55.21 d=+0.101 fr=63.37 dt=0.101 rate=1.00 paused=False backlog=33.87 edge=89.07 div=0.29
21:09:23.037 CLOCK fold raw=55.68 prev=55.21 new=55.39 d=+0.179 fr=63.37 dt=0.101 rate=1.00 paused=False backlog=33.79 edge=89.17 div=0.29
21:09:23.139 CLOCK integ raw=55.68 prev=55.39 new=55.49 d=+0.102 fr=63.37 dt=0.102 rate=1.00 paused=False backlog=33.79 edge=89.28 div=0.29
21:09:23.240 CLOCK integ raw=55.68 prev=55.49 new=55.59 d=+0.101 fr=63.37 dt=0.101 rate=1.00 paused=False backlog=33.79 edge=89.38 div=0.29
21:09:23.341 CLOCK fold raw=55.96 prev=55.59 new=55.67 d=+0.079 fr=63.37 dt=0.101 rate=1.00 paused=False backlog=33.81 edge=89.48 div=0.29
21:09:23.442 CLOCK integ raw=55.96 prev=55.67 new=55.77 d=+0.101 fr=63.37 dt=0.101 rate=1.00 paused=False backlog=33.81 edge=89.58 div=0.29
21:09:23.543 CLOCK integ raw=55.96 prev=55.77 new=55.87 d=+0.102 fr=63.37 dt=0.102 rate=1.00 paused=False backlog=33.81 edge=89.68 div=0.29
21:09:23.645 CLOCK fold raw=56.24 prev=55.87 new=55.95 d=+0.081 fr=63.37 dt=0.102 rate=1.00 paused=False backlog=33.83 edge=89.78 div=0.29
21:09:23.748 CLOCK integ raw=56.24 prev=55.95 new=56.06 d=+0.102 fr=63.37 dt=0.102 rate=1.00 paused=False backlog=33.83 edge=89.88 div=0.29
21:09:23.851 CLOCK integ raw=56.24 prev=56.06 new=56.16 d=+0.103 fr=63.37 dt=0.103 rate=1.00 paused=False backlog=33.83 edge=89.99 div=0.29
21:09:23.953 CLOCK fold raw=56.52 prev=56.16 new=56.23 d=+0.072 fr=63.37 dt=0.102 rate=1.00 paused=False backlog=33.86 edge=90.09 div=0.29
21:09:24.055 TICK fr=63.37 cc=56.23 raw=56.52 vid=56.24 playing=1 started=1 stall=0 | d_fr_cc=+7.14 d_fr_raw=+6.85 d_cc_raw=-0.29 | off=41.65 ccx_end=41.34 since_show=0.1 since_cue=4.5 | pcr=87.835 pid=100 head_rel=45.67 ccx_lag=4.33 | credit=63.4 capped=0.0 | fsize=39752600 feed=39752600 feed_behind=0 | backlog=33.86 edge=90.09 div=0.29 lag_ewma=9.41
21:09:24.055 CLOCK integ raw=56.52 prev=56.23 new=56.33 d=+0.102 fr=63.37 dt=0.102 rate=1.00 paused=False backlog=33.86 edge=90.19 div=0.29
21:09:24.258 CLOCK fold raw=56.80 prev=56.33 new=56.51 d=+0.181 fr=63.37 dt=0.202 rate=1.00 paused=False backlog=33.88 edge=90.39 div=0.29
21:09:24.360 CLOCK integ raw=56.80 prev=56.51 new=56.62 d=+0.103 fr=63.37 dt=0.103 rate=1.00 paused=False backlog=33.88 edge=90.50 div=0.29
21:09:24.462 CLOCK fold raw=57.08 prev=56.62 new=56.79 d=+0.177 fr=63.37 dt=0.101 rate=1.00 paused=False backlog=33.81 edge=90.60 div=0.29
21:09:24.617 CUE cx=[41.34..45.71] adv=4.37 el=5.06 fresh | off=41.65 fr=63.37 cc=56.79 raw=57.08 lead=+30.57 | pcr=91.348 head_rel=49.19 lag_ewma=9.41 | q=but he's able to stumble / forward for a yard or two. And / 
21:09:24.618 CUE cx=[45.71..47.58] adv=1.87 el=0.00 fresh | off=41.65 fr=63.37 cc=56.79 raw=57.08 lead=+32.44 | pcr=91.348 head_rel=49.19 lag_ewma=9.41 | q=forward for a yard or two. And / let's see. A lot of motion 
21:09:24.620 ANCHOR pend_end=47.58 L=6.68 pinL=1.61 target=42.07 off=41.65
21:09:24.620 CLOCK integ raw=57.08 prev=56.79 new=56.95 d=+0.158 fr=63.37 dt=0.158 rate=1.00 paused=False backlog=34.46 edge=91.41 div=0.29
21:09:24.723 CLOCK fold raw=57.37 prev=56.95 new=57.07 d=+0.124 fr=68.30 dt=0.102 rate=1.00 paused=False backlog=34.44 edge=91.51 div=0.29
21:09:24.825 CLOCK integ raw=57.37 prev=57.07 new=57.18 d=+0.103 fr=68.30 dt=0.103 rate=1.00 paused=False backlog=34.44 edge=91.62 div=0.29
21:09:24.927 CLOCK integ raw=57.37 prev=57.18 new=57.28 d=+0.102 fr=68.30 dt=0.102 rate=1.00 paused=False backlog=34.44 edge=91.72 div=0.29
21:09:25.028 EDGESNAP err=+3.14 edge->94.86
21:09:25.028 CUE cx=[47.58..48.91] adv=1.34 el=0.41 fresh | off=41.86 fr=68.30 cc=57.28 raw=57.65 lead=+33.49 | pcr=94.859 head_rel=52.70 lag_ewma=9.82 | q=let's see. A lot of motion to / the right. And then Lloyd to
21:09:25.029 CUE cx=[48.92..50.08] adv=1.17 el=0.00 fresh | off=41.86 fr=68.30 cc=57.28 raw=57.65 lead=+34.66 | pcr=94.859 head_rel=52.70 lag_ewma=9.82 | q=the right. And then Lloyd to / the left. And here you're / s
21:09:25.029 CUE cx=[50.08..51.85] adv=1.77 el=0.00 fresh | off=41.86 fr=68.30 cc=57.28 raw=57.65 lead=+36.43 | pcr=94.859 head_rel=52.70 lag_ewma=9.82 | q=the left. And here you're / seeing some of the reason why / 
21:09:25.131 ANCHOR pend_end=51.85 L=6.68 pinL=0.85 target=42.16 off=41.86
21:09:25.131 CLOCK fold raw=57.65 prev=57.28 new=57.36 d=+0.079 fr=68.30 dt=0.204 rate=1.00 paused=False backlog=37.70 edge=95.06 div=0.29
21:09:25.232 CLOCK integ raw=57.65 prev=57.36 new=57.46 d=+0.102 fr=68.71 dt=0.102 rate=1.00 paused=False backlog=37.70 edge=95.16 div=0.29
21:09:25.333 CLOCK fold raw=57.93 prev=57.46 new=57.64 d=+0.176 fr=68.71 dt=0.101 rate=1.00 paused=False backlog=37.63 edge=95.26 div=0.29
21:09:25.434 CLOCK integ raw=57.93 prev=57.64 new=57.74 d=+0.101 fr=68.71 dt=0.101 rate=1.00 paused=False backlog=37.63 edge=95.36 div=0.29
21:09:25.535 CLOCK integ raw=57.93 prev=57.74 new=57.84 d=+0.101 fr=68.71 dt=0.101 rate=1.00 paused=False backlog=37.63 edge=95.47 div=0.29
21:09:25.636 CLOCK fold raw=58.21 prev=57.84 new=57.92 d=+0.080 fr=68.71 dt=0.102 rate=1.00 paused=False backlog=37.65 edge=95.57 div=0.29
21:09:25.737 CLOCK integ raw=58.21 prev=57.92 new=58.02 d=+0.101 fr=68.71 dt=0.101 rate=1.00 paused=False backlog=37.65 edge=95.67 div=0.29
21:09:25.838 CLOCK fold raw=58.49 prev=58.02 new=58.20 d=+0.179 fr=68.71 dt=0.101 rate=1.00 paused=False backlog=37.57 edge=95.77 div=0.29
21:09:25.939 CLOCK integ raw=58.49 prev=58.20 new=58.30 d=+0.101 fr=68.71 dt=0.101 rate=1.00 paused=False backlog=37.57 edge=95.87 div=0.29
21:09:26.040 CLOCK integ raw=58.49 prev=58.30 new=58.40 d=+0.101 fr=68.71 dt=0.101 rate=1.00 paused=False backlog=37.57 edge=95.97 div=0.29
21:09:26.142 CLOCK fold raw=58.77 prev=58.40 new=58.48 d=+0.082 fr=68.71 dt=0.101 rate=1.00 paused=False backlog=37.59 edge=96.07 div=0.29
21:09:26.343 CLOCK integ raw=58.77 prev=58.48 new=58.68 d=+0.201 fr=68.71 dt=0.201 rate=1.00 paused=False backlog=37.59 edge=96.27 div=0.29
21:09:26.444 CLOCK fold raw=59.05 prev=58.68 new=58.76 d=+0.078 fr=68.71 dt=0.102 rate=1.00 paused=False backlog=37.61 edge=96.38 div=0.29
21:09:26.545 CLOCK integ raw=59.05 prev=58.76 new=58.86 d=+0.101 fr=68.71 dt=0.101 rate=1.00 paused=False backlog=37.61 edge=96.48 div=0.29
21:09:26.648 CLOCK integ raw=59.05 prev=58.86 new=58.97 d=+0.103 fr=68.71 dt=0.103 rate=1.00 paused=False backlog=36.80 edge=95.77 div=0.29
21:09:26.749 CLOCK fold raw=59.34 prev=58.97 new=59.04 d=+0.080 fr=68.71 dt=0.101 rate=1.00 paused=False backlog=36.83 edge=95.87 div=0.29
21:09:26.852 CLOCK integ raw=59.34 prev=59.04 new=59.15 d=+0.103 fr=68.71 dt=0.103 rate=1.00 paused=False backlog=36.83 edge=95.97 div=0.29
21:09:26.953 CLOCK integ raw=59.34 prev=59.15 new=59.25 d=+0.101 fr=68.71 dt=0.101 rate=1.00 paused=False backlog=36.83 edge=96.07 div=0.29
21:09:27.054 CLOCK fold raw=59.62 prev=59.25 new=59.32 d=+0.076 fr=68.71 dt=0.101 rate=1.00 paused=False backlog=36.85 edge=96.18 div=0.29
21:09:27.155 CLOCK integ raw=59.62 prev=59.32 new=59.43 d=+0.101 fr=68.71 dt=0.101 rate=1.00 paused=False backlog=36.85 edge=96.28 div=0.29
21:09:27.256 CLOCK fold raw=59.90 prev=59.43 new=59.61 d=+0.181 fr=68.71 dt=0.101 rate=1.00 paused=False backlog=36.77 edge=96.38 div=0.29
21:09:27.357 CLOCK integ raw=59.90 prev=59.61 new=59.71 d=+0.101 fr=68.71 dt=0.101 rate=1.00 paused=False backlog=36.77 edge=96.48 div=0.29
21:09:27.459 CLOCK integ raw=59.90 prev=59.71 new=59.81 d=+0.101 fr=68.71 dt=0.101 rate=1.00 paused=False backlog=36.77 edge=96.58 div=0.29
21:09:27.559 CLOCK fold raw=60.18 prev=59.81 new=59.89 d=+0.079 fr=68.71 dt=0.101 rate=1.00 paused=False backlog=36.79 edge=96.68 div=0.29
21:09:27.761 CLOCK integ raw=60.18 prev=59.89 new=60.09 d=+0.202 fr=68.71 dt=0.202 rate=1.00 paused=False backlog=36.79 edge=96.88 div=0.29
21:09:27.862 CLOCK fold raw=60.46 prev=60.09 new=60.17 d=+0.083 fr=68.71 dt=0.102 rate=1.00 paused=False backlog=36.81 edge=96.98 div=0.29
21:09:27.964 CLOCK integ raw=60.46 prev=60.17 new=60.27 d=+0.101 fr=68.71 dt=0.101 rate=1.00 paused=False backlog=36.81 edge=97.09 div=0.29
21:09:28.065 CLOCK integ raw=60.46 prev=60.27 new=60.38 d=+0.102 fr=68.71 dt=0.102 rate=1.00 paused=False backlog=36.81 edge=97.19 div=0.29
21:09:28.166 CLOCK fold raw=60.74 prev=60.38 new=60.45 d=+0.074 fr=68.71 dt=0.101 rate=1.00 paused=False backlog=36.84 edge=97.29 div=0.29
21:09:28.267 CLOCK integ raw=60.74 prev=60.45 new=60.55 d=+0.101 fr=68.71 dt=0.101 rate=1.00 paused=False backlog=36.84 edge=97.39 div=0.29
21:09:28.370 CLOCK fold raw=61.02 prev=60.55 new=60.73 d=+0.181 fr=68.71 dt=0.101 rate=1.00 paused=False backlog=36.76 edge=97.49 div=0.29
21:09:28.472 CLOCK integ raw=61.02 prev=60.73 new=60.83 d=+0.103 fr=68.71 dt=0.103 rate=1.00 paused=False backlog=36.76 edge=97.59 div=0.29
21:09:28.577 EDGESNAP err=-2.74 edge->94.86
21:09:28.579 CLOCK integ raw=61.02 prev=60.83 new=60.94 d=+0.107 fr=68.71 dt=0.107 rate=1.00 paused=False backlog=34.02 edge=94.97 div=0.29
21:09:28.681 CLOCK fold raw=61.30 prev=60.94 new=61.01 d=+0.071 fr=68.71 dt=0.102 rate=1.00 paused=False backlog=34.05 edge=95.07 div=0.29
21:09:28.782 CLOCK integ raw=61.30 prev=61.01 new=61.11 d=+0.101 fr=68.71 dt=0.101 rate=1.00 paused=False backlog=34.05 edge=95.17 div=0.29
21:09:28.884 CLOCK integ raw=61.30 prev=61.11 new=61.22 d=+0.101 fr=68.71 dt=0.101 rate=1.00 paused=False backlog=34.05 edge=95.27 div=0.29
21:09:28.986 TICK fr=68.71 cc=61.22 raw=61.58 vid=61.30 playing=1 started=1 stall=0 | d_fr_cc=+7.49 d_fr_raw=+7.12 d_cc_raw=-0.37 | off=42.01 ccx_end=51.85 since_show=0.1 since_cue=4.0 | pcr=94.859 pid=100 head_rel=52.70 ccx_lag=0.85 | credit=68.7 capped=0.0 | fsize=42967588 feed=42967588 feed_behind=0 | backlog=34.05 edge=95.27 div=0.29 lag_ewma=6.68
21:09:28.987 CLOCK fold raw=61.58 prev=61.22 new=61.29 d=+0.077 fr=68.71 dt=0.103 rate=1.00 paused=False backlog=34.08 edge=95.37 div=0.29
21:09:29.087 CLOCK integ raw=61.58 prev=61.29 new=61.39 d=+0.101 fr=68.71 dt=0.101 rate=1.00 paused=False backlog=34.08 edge=95.47 div=0.29
21:09:29.289 CLOCK fold raw=61.87 prev=61.39 new=61.57 d=+0.181 fr=68.71 dt=0.202 rate=1.00 paused=False backlog=34.10 edge=95.68 div=0.29
21:09:29.390 CLOCK integ raw=61.87 prev=61.57 new=61.68 d=+0.101 fr=68.71 dt=0.101 rate=1.00 paused=False backlog=34.10 edge=95.78 div=0.29
21:09:29.491 CLOCK fold raw=62.15 prev=61.68 new=61.86 d=+0.186 fr=68.71 dt=0.101 rate=1.00 paused=False backlog=34.02 edge=95.88 div=0.29
21:09:29.592 CLOCK integ raw=62.15 prev=61.86 new=61.96 d=+0.101 fr=73.17 dt=0.101 rate=1.00 paused=False backlog=34.02 edge=95.98 div=0.29
21:09:29.694 CLOCK integ raw=62.15 prev=61.96 new=62.06 d=+0.101 fr=73.17 dt=0.101 rate=1.00 paused=False backlog=34.02 edge=96.08 div=0.29
21:09:29.797 EDGESNAP err=+2.78 edge->98.86
21:09:29.797 CUE cx=[51.85..53.59] adv=1.73 el=4.77 fresh | off=42.01 fr=73.17 cc=62.06 raw=62.44 lead=+33.53 | pcr=98.861 head_rel=56.70 lag_ewma=9.46 | q=seeing some of the reason why / you put your starters in in 
21:09:29.798 CUE cx=[53.59..55.05] adv=1.47 el=0.00 fresh | off=42.01 fr=73.17 cc=62.06 raw=62.44 lead=+35.00 | pcr=98.861 head_rel=56.70 lag_ewma=9.46 | q=you put your starters in in the / preseason. A couple of mis
21:09:29.798 ANCHOR pend_end=55.05 L=6.72 pinL=1.65 target=42.16 off=42.01
21:09:29.799 CLOCK fold raw=62.44 prev=62.06 new=62.15 d=+0.082 fr=73.17 dt=0.105 rate=1.00 paused=False backlog=36.82 edge=98.97 div=0.29
21:09:29.901 CLOCK integ raw=62.44 prev=62.15 new=62.25 d=+0.102 fr=73.17 dt=0.102 rate=1.00 paused=False backlog=36.82 edge=99.07 div=0.29
21:09:30.003 CLOCK integ raw=62.44 prev=62.25 new=62.35 d=+0.103 fr=73.58 dt=0.103 rate=1.00 paused=False backlog=36.82 edge=99.17 div=0.29
21:09:30.105 CLOCK fold raw=62.71 prev=62.35 new=62.42 d=+0.072 fr=73.58 dt=0.102 rate=1.00 paused=False backlog=36.85 edge=99.27 div=0.29
21:09:30.206 CLOCK integ raw=62.71 prev=62.42 new=62.52 d=+0.101 fr=73.58 dt=0.101 rate=1.00 paused=False backlog=36.85 edge=99.37 div=0.29
21:09:30.308 CLOCK integ raw=62.71 prev=62.52 new=62.63 d=+0.101 fr=73.58 dt=0.101 rate=1.00 paused=False backlog=36.85 edge=99.47 div=0.29
21:09:30.510 CLOCK fold raw=62.99 prev=62.63 new=62.70 d=+0.078 fr=73.58 dt=0.202 rate=1.00 paused=False backlog=36.97 edge=99.68 div=0.29
21:09:30.612 CLOCK integ raw=62.99 prev=62.70 new=62.81 d=+0.102 fr=73.58 dt=0.102 rate=1.00 paused=False backlog=36.56 edge=99.37 div=0.29
21:09:30.713 CLOCK fold raw=63.27 prev=62.81 new=62.98 d=+0.178 fr=73.58 dt=0.101 rate=1.00 paused=False backlog=36.49 edge=99.47 div=0.29
21:09:30.814 CLOCK integ raw=63.27 prev=62.98 new=63.08 d=+0.101 fr=73.58 dt=0.101 rate=1.00 paused=False backlog=36.49 edge=99.57 div=0.29
21:09:30.916 CLOCK fold raw=63.55 prev=63.08 new=63.26 d=+0.177 fr=73.58 dt=0.102 rate=1.00 paused=False backlog=36.41 edge=99.67 div=0.29
21:09:31.018 CLOCK integ raw=63.55 prev=63.26 new=63.36 d=+0.101 fr=73.58 dt=0.101 rate=1.00 paused=False backlog=36.41 edge=99.78 div=0.29
21:09:31.118 CLOCK integ raw=63.55 prev=63.36 new=63.46 d=+0.101 fr=73.58 dt=0.101 rate=1.00 paused=False backlog=36.41 edge=99.88 div=0.29
21:09:31.219 CLOCK fold raw=63.84 prev=63.46 new=63.54 d=+0.080 fr=73.58 dt=0.101 rate=1.00 paused=False backlog=36.43 edge=99.98 div=0.29
21:09:31.321 CLOCK integ raw=63.84 prev=63.54 new=63.65 d=+0.102 fr=73.58 dt=0.102 rate=1.00 paused=False backlog=36.43 edge=100.08 div=0.29
21:09:31.422 CLOCK integ raw=63.84 prev=63.65 new=63.75 d=+0.101 fr=73.58 dt=0.101 rate=1.00 paused=False backlog=36.43 edge=100.18 div=0.29
21:09:31.524 CLOCK fold raw=64.11 prev=63.75 new=63.82 d=+0.077 fr=73.58 dt=0.102 rate=1.00 paused=False backlog=36.46 edge=100.28 div=0.29
21:09:31.727 CLOCK integ raw=64.11 prev=63.82 new=64.03 d=+0.202 fr=73.58 dt=0.202 rate=1.00 paused=False backlog=36.46 edge=100.48 div=0.29
21:09:31.827 CLOCK fold raw=64.39 prev=64.03 new=64.10 d=+0.078 fr=73.58 dt=0.101 rate=1.00 paused=False backlog=36.48 edge=100.59 div=0.29
21:09:31.929 CLOCK integ raw=64.39 prev=64.10 new=64.21 d=+0.102 fr=73.58 dt=0.102 rate=1.00 paused=False backlog=36.48 edge=100.69 div=0.29
21:09:32.030 CLOCK fold raw=64.68 prev=64.21 new=64.39 d=+0.180 fr=73.58 dt=0.101 rate=1.00 paused=False backlog=36.40 edge=100.79 div=0.29
21:09:32.131 CLOCK integ raw=64.68 prev=64.39 new=64.49 d=+0.101 fr=73.58 dt=0.101 rate=1.00 paused=False backlog=36.40 edge=100.89 div=0.29
21:09:32.232 CLOCK integ raw=64.68 prev=64.49 new=64.59 d=+0.101 fr=73.58 dt=0.101 rate=1.00 paused=False backlog=36.40 edge=100.99 div=0.29
21:09:32.333 CLOCK fold raw=64.96 prev=64.59 new=64.67 d=+0.079 fr=73.58 dt=0.101 rate=1.00 paused=False backlog=36.42 edge=101.09 div=0.29
21:09:32.434 CLOCK integ raw=64.96 prev=64.67 new=64.77 d=+0.101 fr=73.58 dt=0.101 rate=1.00 paused=False backlog=36.42 edge=101.19 div=0.29
21:09:32.537 CLOCK integ raw=64.96 prev=64.77 new=64.87 d=+0.103 fr=73.58 dt=0.103 rate=1.00 paused=False backlog=35.26 edge=100.13 div=0.29
21:09:32.639 CLOCK fold raw=65.24 prev=64.87 new=64.95 d=+0.075 fr=73.58 dt=0.102 rate=1.00 paused=False backlog=35.28 edge=100.23 div=0.29
21:09:32.740 CLOCK integ raw=65.24 prev=64.95 new=65.05 d=+0.102 fr=73.58 dt=0.102 rate=1.00 paused=False backlog=35.28 edge=100.33 div=0.29
21:09:32.841 CLOCK integ raw=65.24 prev=65.05 new=65.15 d=+0.101 fr=73.58 dt=0.101 rate=1.00 paused=False backlog=35.28 edge=100.43 div=0.29
21:09:32.942 CLOCK fold raw=65.52 prev=65.15 new=65.23 d=+0.079 fr=73.58 dt=0.101 rate=1.00 paused=False backlog=35.31 edge=100.53 div=0.29
21:09:33.043 CLOCK integ raw=65.52 prev=65.23 new=65.33 d=+0.101 fr=73.58 dt=0.101 rate=1.00 paused=False backlog=35.31 edge=100.64 div=0.29
21:09:33.245 CLOCK fold raw=65.80 prev=65.33 new=65.51 d=+0.180 fr=73.58 dt=0.201 rate=1.00 paused=False backlog=35.33 edge=100.84 div=0.29
21:09:33.346 CLOCK integ raw=65.80 prev=65.51 new=65.61 d=+0.101 fr=73.58 dt=0.101 rate=1.00 paused=False backlog=35.33 edge=100.94 div=0.29
21:09:33.448 CLOCK fold raw=66.08 prev=65.61 new=65.79 d=+0.184 fr=73.58 dt=0.101 rate=1.00 paused=False backlog=35.25 edge=101.04 div=0.29
21:09:33.549 CLOCK integ raw=66.08 prev=65.79 new=65.89 d=+0.101 fr=73.58 dt=0.101 rate=1.00 paused=False backlog=35.25 edge=101.14 div=0.29
21:09:33.650 CLOCK integ raw=66.08 prev=65.89 new=66.00 d=+0.102 fr=73.58 dt=0.102 rate=1.00 paused=False backlog=35.25 edge=101.24 div=0.29
21:09:33.751 CLOCK fold raw=66.36 prev=66.00 new=66.07 d=+0.073 fr=73.58 dt=0.101 rate=1.00 paused=False backlog=35.27 edge=101.34 div=0.29
21:09:33.852 CLOCK integ raw=66.36 prev=66.07 new=66.17 d=+0.101 fr=73.58 dt=0.101 rate=1.00 paused=False backlog=35.27 edge=101.44 div=0.29
21:09:33.953 CLOCK integ raw=66.36 prev=66.17 new=66.27 d=+0.101 fr=73.58 dt=0.101 rate=1.00 paused=False backlog=35.27 edge=101.55 div=0.29
21:09:34.055 TICK fr=73.58 cc=66.27 raw=66.64 vid=66.08 playing=1 started=1 stall=0 | d_fr_cc=+7.31 d_fr_raw=+6.94 d_cc_raw=-0.37 | off=42.08 ccx_end=55.05 since_show=0.1 since_cue=4.3 | pcr=98.861 pid=100 head_rel=56.70 ccx_lag=1.65 | credit=73.6 capped=0.0 | fsize=44785548 feed=44785548 feed_behind=0 | backlog=35.27 edge=101.55 div=0.29 lag_ewma=6.72
21:09:34.055 CLOCK fold raw=66.64 prev=66.27 new=66.35 d=+0.079 fr=73.58 dt=0.102 rate=1.00 paused=False backlog=35.30 edge=101.65 div=0.29
21:09:34.157 CLOCK integ raw=66.64 prev=66.35 new=66.45 d=+0.102 fr=73.58 dt=0.102 rate=1.00 paused=False backlog=35.30 edge=101.75 div=0.29
21:09:34.259 CLOCK integ raw=66.64 prev=66.45 new=66.55 d=+0.102 fr=73.58 dt=0.102 rate=1.00 paused=False backlog=35.30 edge=101.85 div=0.29
21:09:34.461 CLOCK fold raw=66.93 prev=66.55 new=66.64 d=+0.081 fr=73.58 dt=0.202 rate=1.00 paused=False backlog=35.42 edge=102.05 div=0.29
21:09:34.562 CLOCK fold raw=67.20 prev=66.64 new=66.91 d=+0.277 fr=73.58 dt=0.101 rate=1.00 paused=False backlog=35.24 edge=102.15 div=0.29
21:09:34.564 EDGESNAP err=-3.29 edge->98.86
21:09:34.666 CLOCK integ raw=67.20 prev=66.91 new=67.02 d=+0.103 fr=73.58 dt=0.103 rate=1.00 paused=False backlog=31.95 edge=98.96 div=0.29
21:09:34.767 CLOCK integ raw=67.20 prev=67.02 new=67.12 d=+0.101 fr=73.58 dt=0.101 rate=1.00 paused=False backlog=31.95 edge=99.06 div=0.29
21:09:34.868 CLOCK fold raw=67.49 prev=67.12 new=67.19 d=+0.078 fr=73.58 dt=0.102 rate=1.00 paused=False backlog=31.97 edge=99.17 div=0.29
21:09:34.970 CLOCK integ raw=67.49 prev=67.19 new=67.30 d=+0.102 fr=73.58 dt=0.102 rate=1.00 paused=False backlog=31.97 edge=99.27 div=0.29
21:09:35.071 CLOCK integ raw=67.49 prev=67.30 new=67.40 d=+0.101 fr=73.58 dt=0.101 rate=1.00 paused=False backlog=31.97 edge=99.37 div=0.29
21:09:35.173 CLOCK fold raw=67.77 prev=67.40 new=67.48 d=+0.078 fr=73.58 dt=0.102 rate=1.00 paused=False backlog=31.99 edge=99.47 div=0.29
21:09:35.274 CLOCK integ raw=67.77 prev=67.48 new=67.58 d=+0.101 fr=73.58 dt=0.101 rate=1.00 paused=False backlog=31.99 edge=99.57 div=0.29
21:09:35.375 CLOCK integ raw=67.77 prev=67.58 new=67.68 d=+0.101 fr=73.58 dt=0.101 rate=1.00 paused=False backlog=31.99 edge=99.67 div=0.29
21:09:35.476 CLOCK fold raw=68.05 prev=67.68 new=67.76 d=+0.078 fr=73.58 dt=0.101 rate=1.00 paused=False backlog=32.02 edge=99.77 div=0.29
21:09:35.595 CUE cx=[55.06..56.19] adv=1.13 el=5.78 fresh | off=42.08 fr=73.58 cc=67.76 raw=68.05 lead=+30.52 | pcr=101.885 head_rel=59.72 lag_ewma=6.72 | q=preseason. A couple of missed / tackles certain there. But /
21:09:35.595 CUE cx=[56.19..57.26] adv=1.07 el=0.02 fresh | off=42.08 fr=73.58 cc=67.76 raw=68.05 lead=+31.58 | pcr=101.885 head_rel=59.72 lag_ewma=6.72 | q=tackles certain there. But / he'll want to finish better and
21:09:35.596 CUE cx=[57.26..58.42] adv=1.17 el=0.00 fresh | off=42.08 fr=73.58 cc=67.76 raw=68.05 lead=+32.75 | pcr=101.885 head_rel=59.72 lag_ewma=6.72 | q=he'll want to finish better and / he has finished better / t
21:09:35.596 CUE cx=[58.43..59.36] adv=0.93 el=0.00 fresh | off=42.08 fr=73.58 cc=67.76 raw=68.05 lead=+33.69 | pcr=101.885 head_rel=59.72 lag_ewma=6.72 | q=he has finished better / throughout his career. That's / wha
21:09:35.597 ANCHOR pend_end=59.36 L=4.50 pinL=0.37 target=42.03 off=42.08
21:09:35.597 CLOCK integ raw=68.05 prev=67.76 new=67.88 d=+0.121 fr=73.58 dt=0.121 rate=1.00 paused=False backlog=34.00 edge=101.87 div=0.29
21:09:35.698 CLOCK fold raw=68.33 prev=67.88 new=68.04 d=+0.164 fr=79.27 dt=0.102 rate=1.00 paused=False backlog=33.93 edge=101.97 div=0.29
21:09:35.800 CLOCK integ raw=68.33 prev=68.04 new=68.14 d=+0.101 fr=79.27 dt=0.101 rate=1.00 paused=False backlog=33.93 edge=102.07 div=0.29
21:09:35.900 CLOCK integ raw=68.33 prev=68.14 new=68.24 d=+0.101 fr=79.27 dt=0.101 rate=1.00 paused=False backlog=33.93 edge=102.18 div=0.29
21:09:36.102 CLOCK fold raw=68.61 prev=68.24 new=68.32 d=+0.075 fr=79.27 dt=0.202 rate=1.00 paused=False backlog=34.06 edge=102.38 div=0.29
21:09:36.203 CLOCK integ raw=68.61 prev=68.32 new=68.42 d=+0.102 fr=79.27 dt=0.102 rate=1.00 paused=False backlog=34.06 edge=102.48 div=0.29
21:09:36.304 CLOCK fold raw=68.89 prev=68.42 new=68.60 d=+0.180 fr=79.27 dt=0.101 rate=1.00 paused=False backlog=33.98 edge=102.58 div=0.29
21:09:36.405 CLOCK integ raw=68.89 prev=68.60 new=68.70 d=+0.101 fr=79.27 dt=0.101 rate=1.00 paused=False backlog=33.98 edge=102.68 div=0.29
21:09:36.507 CLOCK integ raw=68.89 prev=68.70 new=68.80 d=+0.101 fr=79.27 dt=0.101 rate=1.00 paused=False backlog=33.98 edge=102.78 div=0.29
21:09:36.610 CLOCK fold raw=69.17 prev=68.80 new=68.88 d=+0.081 fr=79.27 dt=0.103 rate=1.00 paused=False backlog=33.55 edge=102.44 div=0.29
21:09:36.711 CLOCK integ raw=69.17 prev=68.88 new=68.98 d=+0.101 fr=79.27 dt=0.101 rate=1.00 paused=False backlog=33.55 edge=102.54 div=0.29
21:09:36.812 CLOCK fold raw=69.45 prev=68.98 new=69.16 d=+0.178 fr=79.27 dt=0.101 rate=1.00 paused=False backlog=33.48 edge=102.64 div=0.29
21:09:36.913 CLOCK integ raw=69.45 prev=69.16 new=69.26 d=+0.101 fr=79.27 dt=0.101 rate=1.00 paused=False backlog=33.48 edge=102.74 div=0.29
21:09:37.015 CLOCK integ raw=69.45 prev=69.26 new=69.36 d=+0.102 fr=79.27 dt=0.102 rate=1.00 paused=False backlog=33.48 edge=102.84 div=0.29
21:09:37.116 CLOCK fold raw=69.73 prev=69.36 new=69.44 d=+0.077 fr=79.27 dt=0.102 rate=1.00 paused=False backlog=33.50 edge=102.94 div=0.29
21:09:37.217 CLOCK integ raw=69.73 prev=69.44 new=69.54 d=+0.101 fr=79.27 dt=0.101 rate=1.00 paused=False backlog=33.50 edge=103.04 div=0.29
21:09:37.320 CLOCK integ raw=69.73 prev=69.54 new=69.65 d=+0.103 fr=79.27 dt=0.103 rate=1.00 paused=False backlog=33.50 edge=103.15 div=0.29
21:09:37.521 CLOCK fold raw=70.02 prev=69.65 new=69.72 d=+0.079 fr=79.27 dt=0.201 rate=1.00 paused=False backlog=33.62 edge=103.35 div=0.29
21:09:37.647 EDGESNAP err=+3.24 edge->106.59
21:09:37.647 CUE cx=[59.36..60.49] adv=1.14 el=2.03 fresh | off=42.06 fr=79.27 cc=69.72 raw=70.30 lead=+32.83 | pcr=106.593 head_rel=64.43 lag_ewma=7.74 | q=throughout his career. That's / what you get. That's the / e
21:09:37.647 CUE cx=[60.49..61.29] adv=0.80 el=0.02 fresh | off=42.06 fr=79.27 cc=69.72 raw=70.30 lead=+33.63 | pcr=106.593 head_rel=64.43 lag_ewma=7.74 | q=what you get. That's the / experience you get in the / prese
21:09:37.648 ANCHOR pend_end=61.29 L=6.13 pinL=3.14 target=42.16 off=42.06
21:09:37.648 CLOCK fold raw=70.30 prev=69.72 new=70.01 d=+0.282 fr=79.27 dt=0.127 rate=1.00 paused=False backlog=36.71 edge=106.72 div=0.29
21:09:37.850 CLOCK integ raw=70.30 prev=70.01 new=70.21 d=+0.202 fr=81.22 dt=0.202 rate=1.00 paused=False backlog=36.71 edge=106.92 div=0.29
21:09:37.952 CLOCK fold raw=70.58 prev=70.21 new=70.29 d=+0.079 fr=81.22 dt=0.101 rate=1.00 paused=False backlog=36.74 edge=107.02 div=0.29
21:09:38.053 CLOCK integ raw=70.58 prev=70.29 new=70.39 d=+0.101 fr=81.22 dt=0.101 rate=1.00 paused=False backlog=36.74 edge=107.12 div=0.29
21:09:38.055 EDGESNAP err=+3.12 edge->110.24
21:09:38.055 CUE cx=[61.30..63.26] adv=1.97 el=0.41 fresh | off=42.11 fr=81.22 cc=70.39 raw=70.58 lead=+34.98 | pcr=110.244 head_rel=68.08 lag_ewma=9.25 | q=experience you get in the / preseason of oh yeah, I got to /
21:09:38.056 CUE cx=[63.26..65.16] adv=1.90 el=0.00 fresh | off=42.11 fr=81.22 cc=70.39 raw=70.58 lead=+36.88 | pcr=110.244 head_rel=68.08 lag_ewma=9.25 | q=preseason of oh yeah, I got to / do this as well. So close. 
21:09:38.056 CUE cx=[65.17..67.40] adv=2.24 el=0.00 fresh | off=42.11 fr=81.22 cc=70.39 raw=70.58 lead=+39.12 | pcr=110.244 head_rel=68.08 lag_ewma=9.25 | q=do this as well. So close. / We'll go to the virtual / measu
21:09:38.157 ANCHOR pend_end=67.40 L=6.25 pinL=0.68 target=42.16 off=42.11
21:09:38.157 CLOCK integ raw=70.58 prev=70.39 new=70.49 d=+0.105 fr=81.73 dt=0.105 rate=1.00 paused=False backlog=39.85 edge=110.35 div=0.29
21:09:38.258 CLOCK fold raw=70.86 prev=70.49 new=70.57 d=+0.073 fr=81.73 dt=0.101 rate=1.00 paused=False backlog=39.88 edge=110.45 div=0.29
21:09:38.359 CLOCK integ raw=70.86 prev=70.57 new=70.67 d=+0.101 fr=81.73 dt=0.101 rate=1.00 paused=False backlog=39.88 edge=110.55 div=0.29
21:09:38.460 CLOCK integ raw=70.86 prev=70.67 new=70.77 d=+0.101 fr=81.73 dt=0.101 rate=1.00 paused=False backlog=39.88 edge=110.65 div=0.29
21:09:38.564 CLOCK fold raw=71.14 prev=70.77 new=70.85 d=+0.080 fr=81.73 dt=0.104 rate=1.00 paused=False backlog=39.70 edge=110.55 div=0.29
21:09:38.665 CLOCK integ raw=71.14 prev=70.85 new=70.95 d=+0.101 fr=81.73 dt=0.101 rate=1.00 paused=False backlog=39.70 edge=110.65 div=0.29
21:09:38.766 CLOCK fold raw=71.42 prev=70.95 new=71.13 d=+0.180 fr=81.73 dt=0.101 rate=1.00 paused=False backlog=39.62 edge=110.75 div=0.29
21:09:38.867 CLOCK integ raw=71.42 prev=71.13 new=71.23 d=+0.101 fr=81.73 dt=0.101 rate=1.00 paused=False backlog=39.62 edge=110.85 div=0.29
21:09:38.970 TICK fr=81.73 cc=71.23 raw=71.42 vid=71.42 playing=1 started=1 stall=0 | d_fr_cc=+10.50 d_fr_raw=+10.31 d_cc_raw=-0.19 | off=42.13 ccx_end=67.40 since_show=0.1 since_cue=0.9 | pcr=110.244 pid=100 head_rel=68.08 ccx_lag=0.68 | credit=81.7 capped=0.0 | fsize=49620156 feed=49620156 feed_behind=0 | backlog=39.62 edge=110.85 div=0.29 lag_ewma=6.25
21:09:38.971 CLOCK integ raw=71.42 prev=71.23 new=71.33 d=+0.104 fr=81.73 dt=0.104 rate=1.00 paused=False backlog=39.62 edge=110.96 div=0.29
21:09:39.172 CLOCK fold raw=71.70 prev=71.33 new=71.41 d=+0.077 fr=81.73 dt=0.202 rate=1.00 paused=False backlog=39.75 edge=111.16 div=0.29
21:09:39.273 CLOCK integ raw=71.70 prev=71.41 new=71.51 d=+0.101 fr=81.73 dt=0.101 rate=1.00 paused=False backlog=39.75 edge=111.26 div=0.29
21:09:39.376 CLOCK fold raw=71.98 prev=71.51 new=71.69 d=+0.178 fr=81.73 dt=0.102 rate=1.00 paused=False backlog=39.67 edge=111.36 div=0.29
21:09:39.477 CLOCK integ raw=71.98 prev=71.69 new=71.79 d=+0.101 fr=81.73 dt=0.101 rate=1.00 paused=False backlog=39.67 edge=111.46 div=0.29
21:09:39.578 CLOCK integ raw=71.98 prev=71.79 new=71.89 d=+0.101 fr=81.73 dt=0.101 rate=1.00 paused=False backlog=39.67 edge=111.56 div=0.29
21:09:39.679 CLOCK fold raw=72.26 prev=71.89 new=71.97 d=+0.080 fr=81.73 dt=0.101 rate=1.00 paused=False backlog=39.69 edge=111.67 div=0.29
21:09:39.780 CLOCK integ raw=72.26 prev=71.97 new=72.07 d=+0.101 fr=81.73 dt=0.101 rate=1.00 paused=False backlog=39.69 edge=111.77 div=0.29
21:09:39.881 CLOCK fold raw=72.54 prev=72.07 new=72.25 d=+0.179 fr=81.73 dt=0.101 rate=1.00 paused=False backlog=39.62 edge=111.87 div=0.29
21:09:39.983 CLOCK integ raw=72.54 prev=72.25 new=72.35 d=+0.101 fr=81.73 dt=0.101 rate=1.00 paused=False backlog=39.62 edge=111.97 div=0.29
21:09:40.083 CLOCK integ raw=72.54 prev=72.35 new=72.45 d=+0.101 fr=81.73 dt=0.101 rate=1.00 paused=False backlog=39.62 edge=112.07 div=0.29
21:09:40.184 CLOCK fold raw=72.83 prev=72.45 new=72.54 d=+0.082 fr=81.73 dt=0.101 rate=1.00 paused=False backlog=39.63 edge=112.17 div=0.29
21:09:40.286 CLOCK integ raw=72.83 prev=72.54 new=72.64 d=+0.101 fr=81.73 dt=0.101 rate=1.00 paused=False backlog=39.63 edge=112.27 div=0.29
21:09:40.487 CLOCK fold raw=73.10 prev=72.64 new=72.81 d=+0.176 fr=81.73 dt=0.202 rate=1.00 paused=False backlog=39.66 edge=112.47 div=0.29
21:09:40.590 CLOCK integ raw=73.10 prev=72.81 new=72.92 d=+0.102 fr=81.73 dt=0.102 rate=1.00 paused=False backlog=38.55 edge=111.46 div=0.29
21:09:40.691 CLOCK integ raw=73.10 prev=72.92 new=73.02 d=+0.102 fr=81.73 dt=0.102 rate=1.00 paused=False backlog=38.55 edge=111.56 div=0.29
21:09:40.792 CLOCK fold raw=73.39 prev=73.02 new=73.09 d=+0.078 fr=81.73 dt=0.101 rate=1.00 paused=False backlog=38.57 edge=111.66 div=0.29
21:09:40.894 CLOCK integ raw=73.39 prev=73.09 new=73.20 d=+0.101 fr=81.73 dt=0.101 rate=1.00 paused=False backlog=38.57 edge=111.76 div=0.29
21:09:40.995 CLOCK integ raw=73.39 prev=73.20 new=73.30 d=+0.101 fr=81.73 dt=0.101 rate=1.00 paused=False backlog=38.57 edge=111.87 div=0.29
21:09:41.097 CLOCK fold raw=73.67 prev=73.30 new=73.38 d=+0.081 fr=81.73 dt=0.102 rate=1.00 paused=False backlog=38.59 edge=111.97 div=0.29
21:09:41.198 CLOCK integ raw=73.67 prev=73.38 new=73.48 d=+0.102 fr=81.73 dt=0.102 rate=1.00 paused=False backlog=38.59 edge=112.07 div=0.29
21:09:41.299 CLOCK fold raw=73.95 prev=73.48 new=73.66 d=+0.179 fr=81.73 dt=0.101 rate=1.00 paused=False backlog=38.51 edge=112.17 div=0.29
21:09:41.401 CLOCK integ raw=73.95 prev=73.66 new=73.76 d=+0.102 fr=81.73 dt=0.102 rate=1.00 paused=False backlog=38.51 edge=112.27 div=0.29
21:09:41.502 CLOCK integ raw=73.95 prev=73.76 new=73.86 d=+0.101 fr=81.73 dt=0.101 rate=1.00 paused=False backlog=38.51 edge=112.37 div=0.29
21:09:41.603 CLOCK fold raw=74.23 prev=73.86 new=73.94 d=+0.076 fr=81.73 dt=0.101 rate=1.00 paused=False backlog=38.54 edge=112.47 div=0.29
21:09:41.704 CLOCK integ raw=74.23 prev=73.94 new=74.04 d=+0.101 fr=81.73 dt=0.101 rate=1.00 paused=False backlog=38.54 edge=112.57 div=0.29
21:09:41.906 CLOCK fold raw=74.51 prev=74.04 new=74.22 d=+0.179 fr=81.73 dt=0.202 rate=1.00 paused=False backlog=38.56 edge=112.78 div=0.29
21:09:42.008 CLOCK integ raw=74.51 prev=74.22 new=74.32 d=+0.101 fr=81.73 dt=0.101 rate=1.00 paused=False backlog=38.56 edge=112.88 div=0.29
21:09:42.110 CLOCK integ raw=74.51 prev=74.32 new=74.42 d=+0.102 fr=81.73 dt=0.102 rate=1.00 paused=False backlog=38.56 edge=112.98 div=0.29
21:09:42.212 CLOCK fold raw=74.79 prev=74.42 new=74.50 d=+0.079 fr=81.73 dt=0.102 rate=1.00 paused=False backlog=38.58 edge=113.08 div=0.29
21:09:42.313 CLOCK integ raw=74.79 prev=74.50 new=74.60 d=+0.101 fr=81.73 dt=0.101 rate=1.00 paused=False backlog=38.58 edge=113.18 div=0.29
21:09:42.417 CLOCK fold raw=75.07 prev=74.60 new=74.78 d=+0.181 fr=81.73 dt=0.104 rate=1.00 paused=False backlog=38.50 edge=113.29 div=0.29
21:09:42.518 CLOCK integ raw=75.07 prev=74.78 new=74.88 d=+0.101 fr=81.73 dt=0.101 rate=1.00 paused=False backlog=38.50 edge=113.39 div=0.29
21:09:42.644 CLOCK integ raw=75.07 prev=74.88 new=75.01 d=+0.126 fr=86.12 dt=0.126 rate=1.00 paused=False backlog=37.88 edge=112.89 div=0.29
21:09:42.745 CLOCK fold raw=75.35 prev=75.01 new=75.06 d=+0.052 fr=86.12 dt=0.101 rate=1.00 paused=False backlog=37.93 edge=112.99 div=0.29
21:09:42.869 EDGESNAP err=+4.28 edge->117.27
21:09:42.869 CUE cx=[67.40..68.97] adv=1.57 el=4.79 fresh | off=42.13 fr=86.12 cc=75.06 raw=75.35 lead=+36.04 | pcr=117.270 head_rel=75.11 lag_ewma=10.53 | q=We'll go to the virtual / measurement. The league wants / to
21:09:42.870 CUE cx=[68.97..70.64] adv=1.67 el=0.02 fresh | off=42.13 fr=86.12 cc=75.06 raw=75.35 lead=+37.71 | pcr=117.270 head_rel=75.11 lag_ewma=10.53 | q=measurement. The league wants / to practice this as well. Ev
21:09:42.870 CUE cx=[70.64..72.67] adv=2.04 el=0.00 fresh | off=42.13 fr=86.12 cc=75.06 raw=75.35 lead=+39.74 | pcr=117.270 head_rel=75.11 lag_ewma=10.53 | q=to practice this as well. Even / when it's not close. The NF
21:09:42.870 ANCHOR pend_end=72.67 L=7.70 pinL=2.44 target=42.16 off=42.13
21:09:42.870 CLOCK integ raw=75.35 prev=75.06 new=75.19 d=+0.125 fr=86.12 dt=0.125 rate=1.00 paused=False backlog=42.21 edge=117.39 div=0.29
21:09:42.971 CLOCK integ raw=75.35 prev=75.19 new=75.29 d=+0.102 fr=86.12 dt=0.102 rate=1.00 paused=False backlog=42.21 edge=117.50 div=0.29
21:09:43.073 CLOCK fold raw=75.64 prev=75.29 new=75.34 d=+0.057 fr=86.55 dt=0.102 rate=1.00 paused=False backlog=42.25 edge=117.60 div=0.29
21:09:43.175 CLOCK integ raw=75.64 prev=75.34 new=75.45 d=+0.101 fr=86.55 dt=0.101 rate=1.00 paused=False backlog=42.25 edge=117.70 div=0.29
21:09:43.276 CLOCK fold raw=75.91 prev=75.45 new=75.62 d=+0.177 fr=86.55 dt=0.101 rate=1.00 paused=False backlog=42.18 edge=117.80 div=0.29
21:09:43.377 CLOCK integ raw=75.91 prev=75.62 new=75.72 d=+0.102 fr=86.55 dt=0.102 rate=1.00 paused=False backlog=42.18 edge=117.90 div=0.29
21:09:43.480 CLOCK integ raw=75.91 prev=75.72 new=75.83 d=+0.102 fr=86.55 dt=0.102 rate=1.00 paused=False backlog=42.18 edge=118.00 div=0.29
21:09:43.581 CLOCK fold raw=76.19 prev=75.83 new=75.90 d=+0.077 fr=86.55 dt=0.101 rate=1.00 paused=False backlog=42.20 edge=118.10 div=0.29
21:09:43.682 CLOCK integ raw=76.19 prev=75.90 new=76.00 d=+0.101 fr=86.55 dt=0.101 rate=1.00 paused=False backlog=42.20 edge=118.21 div=0.29
21:09:43.884 CLOCK fold raw=76.47 prev=76.00 new=76.18 d=+0.179 fr=86.55 dt=0.202 rate=1.00 paused=False backlog=42.22 edge=118.41 div=0.29
21:09:43.987 TICK fr=86.55 cc=76.18 raw=76.47 vid=76.19 playing=1 started=1 stall=0 | d_fr_cc=+10.36 d_fr_raw=+10.07 d_cc_raw=-0.29 | off=42.15 ccx_end=72.67 since_show=0.1 since_cue=1.1 | pcr=117.270 pid=100 head_rel=75.11 ccx_lag=2.44 | credit=86.5 capped=0.0 | fsize=52766336 feed=52766336 feed_behind=0 | backlog=42.22 edge=118.41 div=0.29 lag_ewma=7.70
21:09:44.088 CLOCK integ raw=76.47 prev=76.18 new=76.39 d=+0.204 fr=86.55 dt=0.204 rate=1.00 paused=False backlog=42.22 edge=118.61 div=0.29
21:09:44.191 CLOCK fold raw=76.76 prev=76.39 new=76.47 d=+0.078 fr=86.55 dt=0.102 rate=1.00 paused=False backlog=42.25 edge=118.71 div=0.29
21:09:44.293 CLOCK integ raw=76.76 prev=76.47 new=76.57 d=+0.102 fr=86.55 dt=0.102 rate=1.00 paused=False backlog=42.25 edge=118.82 div=0.29
21:09:44.394 CLOCK fold raw=77.04 prev=76.57 new=76.75 d=+0.182 fr=86.55 dt=0.101 rate=1.00 paused=False backlog=42.17 edge=118.92 div=0.29
21:09:44.496 CLOCK integ raw=77.04 prev=76.75 new=76.85 d=+0.103 fr=86.55 dt=0.103 rate=1.00 paused=False backlog=42.17 edge=119.02 div=0.29
21:09:44.599 CLOCK integ raw=77.04 prev=76.85 new=76.95 d=+0.102 fr=86.55 dt=0.102 rate=1.00 paused=False backlog=41.29 edge=118.25 div=0.29
21:09:44.701 CLOCK fold raw=77.32 prev=76.95 new=77.03 d=+0.078 fr=86.55 dt=0.102 rate=1.00 paused=False backlog=41.32 edge=118.35 div=0.29
21:09:44.802 CLOCK integ raw=77.32 prev=77.03 new=77.13 d=+0.101 fr=86.55 dt=0.101 rate=1.00 paused=False backlog=41.32 edge=118.45 div=0.29
21:09:44.903 CLOCK integ raw=77.32 prev=77.13 new=77.24 d=+0.101 fr=86.55 dt=0.101 rate=1.00 paused=False backlog=41.32 edge=118.55 div=0.29
21:09:45.004 CLOCK fold raw=77.61 prev=77.24 new=77.31 d=+0.080 fr=86.55 dt=0.101 rate=1.00 paused=False backlog=41.34 edge=118.65 div=0.29
21:09:45.106 CLOCK integ raw=77.61 prev=77.31 new=77.42 d=+0.103 fr=86.55 dt=0.103 rate=1.00 paused=False backlog=41.34 edge=118.75 div=0.29
21:09:45.210 CLOCK integ raw=77.61 prev=77.42 new=77.52 d=+0.103 fr=86.55 dt=0.103 rate=1.00 paused=False backlog=41.34 edge=118.86 div=0.29
21:09:45.311 CLOCK fold raw=77.88 prev=77.52 new=77.59 d=+0.071 fr=86.55 dt=0.101 rate=1.00 paused=False backlog=41.37 edge=118.96 div=0.29
21:09:45.514 CLOCK fold raw=78.16 prev=77.59 new=77.87 d=+0.281 fr=86.55 dt=0.203 rate=1.00 paused=False backlog=41.29 edge=119.16 div=0.29
21:09:45.616 CLOCK integ raw=78.16 prev=77.87 new=77.98 d=+0.103 fr=86.55 dt=0.103 rate=1.00 paused=False backlog=41.29 edge=119.26 div=0.29
21:09:45.717 CLOCK integ raw=78.16 prev=77.98 new=78.08 d=+0.101 fr=86.55 dt=0.101 rate=1.00 paused=False backlog=41.29 edge=119.37 div=0.29
21:09:45.819 CLOCK fold raw=78.45 prev=78.08 new=78.16 d=+0.080 fr=86.55 dt=0.101 rate=1.00 paused=False backlog=41.31 edge=119.47 div=0.29
21:09:45.921 CLOCK integ raw=78.45 prev=78.16 new=78.26 d=+0.102 fr=86.55 dt=0.102 rate=1.00 paused=False backlog=41.31 edge=119.57 div=0.29
21:09:46.022 CLOCK integ raw=78.45 prev=78.26 new=78.36 d=+0.102 fr=86.55 dt=0.102 rate=1.00 paused=False backlog=41.31 edge=119.67 div=0.29
21:09:46.123 CLOCK fold raw=78.73 prev=78.36 new=78.44 d=+0.076 fr=86.55 dt=0.101 rate=1.00 paused=False backlog=41.34 edge=119.77 div=0.29
21:09:46.225 CLOCK integ raw=78.73 prev=78.44 new=78.54 d=+0.101 fr=86.55 dt=0.101 rate=1.00 paused=False backlog=41.34 edge=119.87 div=0.29
21:09:46.326 CLOCK integ raw=78.73 prev=78.54 new=78.64 d=+0.101 fr=86.55 dt=0.101 rate=1.00 paused=False backlog=41.34 edge=119.97 div=0.29
21:09:46.428 CLOCK fold raw=79.01 prev=78.64 new=78.72 d=+0.078 fr=86.55 dt=0.101 rate=1.00 paused=False backlog=41.36 edge=120.08 div=0.29
21:09:46.529 EDGESNAP err=-2.81 edge->117.27
21:09:46.530 CLOCK integ raw=79.01 prev=78.72 new=78.82 d=+0.103 fr=86.55 dt=0.103 rate=1.00 paused=False backlog=38.55 edge=117.37 div=0.29
21:09:46.632 CLOCK integ raw=79.01 prev=78.82 new=78.92 d=+0.102 fr=86.55 dt=0.102 rate=1.00 paused=False backlog=38.55 edge=117.47 div=0.29
21:09:46.734 CLOCK fold raw=79.30 prev=78.92 new=79.01 d=+0.084 fr=86.55 dt=0.102 rate=1.00 paused=False backlog=38.57 edge=117.58 div=0.29
21:09:46.836 CLOCK integ raw=79.30 prev=79.01 new=79.11 d=+0.102 fr=86.55 dt=0.102 rate=1.00 paused=False backlog=38.57 edge=117.68 div=0.29
21:09:47.038 CLOCK fold raw=79.57 prev=79.11 new=79.28 d=+0.175 fr=86.55 dt=0.202 rate=1.00 paused=False backlog=38.60 edge=117.88 div=0.29
21:09:47.140 CLOCK integ raw=79.57 prev=79.28 new=79.38 d=+0.102 fr=86.55 dt=0.102 rate=1.00 paused=False backlog=38.60 edge=117.98 div=0.29
21:09:47.241 CLOCK fold raw=79.86 prev=79.38 new=79.57 d=+0.181 fr=86.55 dt=0.101 rate=1.00 paused=False backlog=38.52 edge=118.08 div=0.29
21:09:47.342 CLOCK integ raw=79.86 prev=79.57 new=79.67 d=+0.101 fr=86.55 dt=0.101 rate=1.00 paused=False backlog=38.52 edge=118.18 div=0.29
21:09:47.443 CLOCK integ raw=79.86 prev=79.67 new=79.77 d=+0.101 fr=86.55 dt=0.101 rate=1.00 paused=False backlog=38.52 edge=118.28 div=0.29
21:09:47.544 CLOCK fold raw=80.14 prev=79.77 new=79.84 d=+0.076 fr=86.55 dt=0.101 rate=1.00 paused=False backlog=38.54 edge=118.39 div=0.29
21:09:47.647 CLOCK integ raw=80.14 prev=79.84 new=79.95 d=+0.102 fr=86.55 dt=0.102 rate=1.00 paused=False backlog=38.54 edge=118.49 div=0.29
21:09:47.749 CLOCK integ raw=80.14 prev=79.95 new=80.05 d=+0.103 fr=86.55 dt=0.103 rate=1.00 paused=False backlog=38.54 edge=118.59 div=0.29
21:09:47.851 CLOCK fold raw=80.42 prev=80.05 new=80.13 d=+0.079 fr=86.55 dt=0.101 rate=1.00 paused=False backlog=38.56 edge=118.69 div=0.29
21:09:47.952 CLOCK integ raw=80.42 prev=80.13 new=80.23 d=+0.101 fr=86.55 dt=0.101 rate=1.00 paused=False backlog=38.56 edge=118.79 div=0.29
21:09:48.154 CLOCK fold raw=80.70 prev=80.23 new=80.41 d=+0.179 fr=86.55 dt=0.202 rate=1.00 paused=False backlog=38.59 edge=119.00 div=0.29
21:09:48.256 CLOCK integ raw=80.70 prev=80.41 new=80.51 d=+0.101 fr=86.55 dt=0.101 rate=1.00 paused=False backlog=38.59 edge=119.10 div=0.29
21:09:48.357 CLOCK fold raw=80.98 prev=80.51 new=80.69 d=+0.181 fr=86.55 dt=0.101 rate=1.00 paused=False backlog=38.51 edge=119.20 div=0.29
21:09:48.458 CLOCK integ raw=80.98 prev=80.69 new=80.79 d=+0.101 fr=86.55 dt=0.101 rate=1.00 paused=False backlog=38.51 edge=119.30 div=0.29
21:09:48.561 CLOCK integ raw=80.98 prev=80.79 new=80.89 d=+0.103 fr=86.55 dt=0.103 rate=1.00 paused=False backlog=37.49 edge=118.39 div=0.29
21:09:48.663 CLOCK fold raw=81.26 prev=80.89 new=80.97 d=+0.073 fr=86.55 dt=0.101 rate=1.00 paused=False backlog=37.52 edge=118.49 div=0.29
21:09:48.763 CLOCK integ raw=81.26 prev=80.97 new=81.07 d=+0.101 fr=86.55 dt=0.101 rate=1.00 paused=False backlog=37.52 edge=118.59 div=0.29
21:09:48.865 CLOCK integ raw=81.26 prev=81.07 new=81.17 d=+0.101 fr=86.55 dt=0.101 rate=1.00 paused=False backlog=37.52 edge=118.69 div=0.29
21:09:48.967 CLOCK fold raw=81.54 prev=81.17 new=81.25 d=+0.079 fr=86.55 dt=0.102 rate=1.00 paused=False backlog=37.54 edge=118.79 div=0.29
21:09:48.969 TICK fr=86.55 cc=81.25 raw=81.54 vid=81.26 playing=1 started=1 stall=0 | d_fr_cc=+5.30 d_fr_raw=+5.01 d_cc_raw=-0.29 | off=42.15 ccx_end=72.67 since_show=0.0 since_cue=6.1 | pcr=117.270 pid=100 head_rel=75.11 ccx_lag=2.44 | credit=86.5 capped=0.0 | fsize=52766336 feed=52766336 feed_behind=0 | backlog=37.54 edge=118.79 div=0.29 lag_ewma=7.70
21:09:49.070 CLOCK integ raw=81.54 prev=81.25 new=81.35 d=+0.103 fr=86.55 dt=0.103 rate=1.00 paused=False backlog=37.54 edge=118.90 div=0.29
21:09:49.172 CLOCK fold raw=81.82 prev=81.35 new=81.53 d=+0.178 fr=86.55 dt=0.102 rate=1.00 paused=False backlog=37.47 edge=119.00 div=0.29
21:09:49.273 CLOCK integ raw=81.82 prev=81.53 new=81.63 d=+0.101 fr=86.55 dt=0.101 rate=1.00 paused=False backlog=37.47 edge=119.10 div=0.29
21:09:49.474 CLOCK fold raw=82.10 prev=81.63 new=81.81 d=+0.181 fr=86.55 dt=0.201 rate=1.00 paused=False backlog=37.49 edge=119.30 div=0.29
21:09:49.576 CLOCK integ raw=82.10 prev=81.81 new=81.91 d=+0.101 fr=86.55 dt=0.101 rate=1.00 paused=False backlog=37.49 edge=119.40 div=0.29
21:09:49.677 CLOCK integ raw=82.10 prev=81.91 new=82.01 d=+0.102 fr=86.55 dt=0.102 rate=1.00 paused=False backlog=37.49 edge=119.50 div=0.29
21:09:49.778 CLOCK fold raw=82.38 prev=82.01 new=82.09 d=+0.077 fr=86.55 dt=0.101 rate=1.00 paused=False backlog=37.51 edge=119.60 div=0.29
21:09:49.879 CLOCK integ raw=82.38 prev=82.09 new=82.19 d=+0.101 fr=86.55 dt=0.101 rate=1.00 paused=False backlog=37.51 edge=119.70 div=0.29
21:09:49.981 CLOCK integ raw=82.38 prev=82.19 new=82.29 d=+0.101 fr=86.55 dt=0.101 rate=1.00 paused=False backlog=37.51 edge=119.81 div=0.29
21:09:50.082 CLOCK fold raw=82.67 prev=82.29 new=82.37 d=+0.081 fr=86.55 dt=0.101 rate=1.00 paused=False backlog=37.53 edge=119.91 div=0.29
21:09:50.183 CLOCK integ raw=82.67 prev=82.37 new=82.47 d=+0.101 fr=86.55 dt=0.101 rate=1.00 paused=False backlog=37.53 edge=120.01 div=0.29
21:09:50.283 CLOCK integ raw=82.67 prev=82.47 new=82.58 d=+0.101 fr=86.55 dt=0.101 rate=1.00 paused=False backlog=37.53 edge=120.11 div=0.29
21:09:50.384 CLOCK fold raw=82.95 prev=82.58 new=82.65 d=+0.079 fr=86.55 dt=0.101 rate=1.00 paused=False backlog=37.55 edge=120.21 div=0.29
21:09:50.485 CLOCK integ raw=82.95 prev=82.65 new=82.76 d=+0.101 fr=86.55 dt=0.101 rate=1.00 paused=False backlog=37.55 edge=120.31 div=0.29
21:09:50.588 EDGESNAP err=-3.04 edge->117.27
21:09:50.589 CLOCK fold raw=83.22 prev=82.76 new=82.93 d=+0.176 fr=86.55 dt=0.104 rate=1.00 paused=False backlog=34.44 edge=117.37 div=0.29
21:09:50.690 CLOCK integ raw=83.22 prev=82.93 new=83.03 d=+0.101 fr=86.55 dt=0.101 rate=1.00 paused=False backlog=34.44 edge=117.47 div=0.29
21:09:50.791 CLOCK integ raw=83.22 prev=83.03 new=83.13 d=+0.101 fr=86.55 dt=0.101 rate=1.00 paused=False backlog=34.44 edge=117.57 div=0.29
21:09:50.993 CLOCK fold raw=83.50 prev=83.13 new=83.21 d=+0.080 fr=86.55 dt=0.201 rate=1.00 paused=False backlog=34.44 edge=117.65 div=0.29
21:09:51.095 CLOCK integ raw=83.50 prev=83.21 new=83.32 d=+0.102 fr=86.55 dt=0.102 rate=1.00 paused=False backlog=34.44 edge=117.76 div=0.29
21:09:51.196 CLOCK fold raw=83.79 prev=83.32 new=83.50 d=+0.184 fr=86.55 dt=0.101 rate=1.00 paused=False backlog=34.44 edge=117.94 div=0.29
21:09:51.297 CLOCK integ raw=83.79 prev=83.50 new=83.60 d=+0.101 fr=86.55 dt=0.101 rate=1.00 paused=False backlog=34.44 edge=118.04 div=0.29
21:09:51.398 CLOCK integ raw=83.79 prev=83.60 new=83.70 d=+0.101 fr=86.55 dt=0.101 rate=1.00 paused=False backlog=34.44 edge=118.14 div=0.29
21:09:51.500 CLOCK fold raw=84.07 prev=83.70 new=83.78 d=+0.074 fr=86.55 dt=0.102 rate=1.00 paused=False backlog=34.44 edge=118.22 div=0.29
21:09:51.602 CLOCK integ raw=84.07 prev=83.78 new=83.88 d=+0.102 fr=86.55 dt=0.102 rate=1.00 paused=False backlog=34.44 edge=118.32 div=0.29
21:09:51.703 CLOCK fold raw=84.35 prev=83.88 new=84.06 d=+0.183 fr=86.55 dt=0.101 rate=1.00 paused=False backlog=34.44 edge=118.50 div=0.29
21:09:51.805 CLOCK integ raw=84.35 prev=84.06 new=84.16 d=+0.102 fr=86.55 dt=0.102 rate=1.00 paused=False backlog=34.44 edge=118.60 div=0.29
21:09:51.908 CLOCK integ raw=84.35 prev=84.16 new=84.27 d=+0.102 fr=86.55 dt=0.102 rate=1.00 paused=False backlog=34.44 edge=118.71 div=0.29
21:09:52.009 CLOCK fold raw=84.63 prev=84.27 new=84.34 d=+0.073 fr=86.55 dt=0.101 rate=1.00 paused=False backlog=34.44 edge=118.78 div=0.29
21:09:52.211 CLOCK integ raw=84.63 prev=84.34 new=84.54 d=+0.202 fr=86.55 dt=0.202 rate=1.00 paused=False backlog=34.44 edge=118.98 div=0.29
21:09:52.312 CLOCK fold raw=84.91 prev=84.54 new=84.62 d=+0.080 fr=86.55 dt=0.101 rate=1.00 paused=False backlog=34.44 edge=119.06 div=0.29
21:09:52.413 CLOCK integ raw=84.91 prev=84.62 new=84.72 d=+0.101 fr=86.55 dt=0.101 rate=1.00 paused=False backlog=34.44 edge=119.16 div=0.29
21:09:52.515 CLOCK integ raw=84.91 prev=84.72 new=84.82 d=+0.101 fr=86.55 dt=0.101 rate=1.00 paused=False backlog=34.44 edge=119.26 div=0.29
21:09:52.647 CUE cx=[72.67..74.54] adv=1.87 el=9.78 fresh | off=42.15 fr=86.55 cc=84.82 raw=85.19 lead=+31.86 | pcr=118.955 head_rel=76.79 lag_ewma=7.70 | q=when it's not close. The NFL / wants everyone taking a look,
21:09:52.648 ANCHOR pend_end=74.54 L=5.79 pinL=2.25 target=42.24 off=42.15
21:09:52.648 CLOCK fold raw=85.19 prev=84.82 new=84.90 d=+0.076 fr=86.55 dt=0.133 rate=1.00 paused=False backlog=34.21 edge=119.11 div=0.29
21:09:52.750 CLOCK integ raw=85.19 prev=84.90 new=85.00 d=+0.103 fr=86.55 dt=0.103 rate=1.00 paused=False backlog=34.21 edge=119.21 div=0.29
21:09:52.852 CLOCK fold raw=85.47 prev=85.00 new=85.18 d=+0.181 fr=96.33 dt=0.101 rate=1.00 paused=False backlog=34.13 edge=119.31 div=0.29
21:09:52.854 CUE cx=[74.54..76.64] adv=2.10 el=0.21 fresh | off=42.19 fr=96.33 cc=85.18 raw=85.47 lead=+33.65 | pcr=120.852 head_rel=78.69 lag_ewma=5.79 | q=wants everyone taking a look, / go through the mechanics of 
21:09:52.956 ANCHOR pend_end=76.64 L=4.48 pinL=2.05 target=41.39 off=42.19
21:09:52.956 CLOCK integ raw=85.47 prev=85.18 new=85.29 d=+0.104 fr=96.33 dt=0.104 rate=1.00 paused=False backlog=34.90 edge=120.19 div=0.29
21:09:53.057 CLOCK integ raw=85.47 prev=85.29 new=85.39 d=+0.102 fr=96.33 dt=0.102 rate=1.00 paused=False backlog=34.90 edge=120.29 div=0.29
21:09:53.159 CLOCK fold raw=85.75 prev=85.39 new=85.46 d=+0.075 fr=96.33 dt=0.101 rate=1.00 paused=False backlog=34.92 edge=120.39 div=0.29
21:09:53.260 CLOCK integ raw=85.75 prev=85.46 new=85.57 d=+0.102 fr=96.33 dt=0.102 rate=1.00 paused=False backlog=34.92 edge=120.49 div=0.29
21:09:53.362 CLOCK integ raw=85.75 prev=85.57 new=85.67 d=+0.102 fr=96.33 dt=0.102 rate=1.00 paused=False backlog=34.92 edge=120.59 div=0.29
21:09:53.463 CLOCK fold raw=86.03 prev=85.67 new=85.74 d=+0.074 fr=96.33 dt=0.101 rate=1.00 paused=False backlog=34.95 edge=120.69 div=0.29
21:09:53.566 CLOCK integ raw=86.03 prev=85.74 new=85.84 d=+0.102 fr=97.14 dt=0.102 rate=1.00 paused=False backlog=34.95 edge=120.80 div=0.29
21:09:53.667 CLOCK fold raw=86.31 prev=85.84 new=86.02 d=+0.181 fr=97.14 dt=0.101 rate=1.00 paused=False backlog=34.87 edge=120.90 div=0.29
21:09:53.770 CLOCK integ raw=86.31 prev=86.02 new=86.13 d=+0.103 fr=97.14 dt=0.103 rate=1.00 paused=False backlog=34.87 edge=121.00 div=0.29
21:09:53.875 EDGESNAP err=+3.50 edge->124.50
21:09:53.875 CUE cx=[76.64..78.08] adv=1.44 el=1.02 fresh | off=41.79 fr=97.14 cc=86.13 raw=86.31 lead=+33.74 | pcr=124.503 head_rel=82.34 lag_ewma=7.98 | q=go through the mechanics of it, / but this one actually is c
21:09:53.876 CUE cx=[78.08..80.28] adv=2.20 el=0.00 fresh | off=41.79 fr=97.14 cc=86.13 raw=86.31 lead=+35.94 | pcr=124.503 head_rel=82.34 lag_ewma=7.98 | q=but this one actually is close / and it looks like it would 
21:09:53.876 ANCHOR pend_end=80.28 L=5.91 pinL=2.06 target=42.16 off=41.79
21:09:53.876 CLOCK integ raw=86.31 prev=86.13 new=86.23 d=+0.106 fr=97.14 dt=0.106 rate=1.00 paused=False backlog=38.37 edge=124.61 div=0.29
21:09:53.980 TICK fr=97.55 cc=86.23 raw=86.60 vid=86.60 playing=1 started=1 stall=0 | d_fr_cc=+11.32 d_fr_raw=+10.96 d_cc_raw=-0.36 | off=41.98 ccx_end=80.28 since_show=0.1 since_cue=0.1 | pcr=124.503 pid=100 head_rel=82.34 ccx_lag=2.06 | credit=97.6 capped=0.0 | fsize=56202412 feed=56202412 feed_behind=0 | backlog=38.37 edge=124.61 div=0.29 lag_ewma=5.91
21:09:53.981 CLOCK fold raw=86.60 prev=86.23 new=86.31 d=+0.073 fr=97.55 dt=0.104 rate=1.00 paused=False backlog=38.41 edge=124.71 div=0.29
21:09:54.082 CUE cx=[80.28..81.68] adv=1.40 el=0.21 fresh | off=41.98 fr=97.55 cc=86.31 raw=86.60 lead=+37.35 | pcr=124.503 head_rel=82.34 lag_ewma=5.91 | q=and it looks like it would be / worthy of a virtual measurem
21:09:54.183 ANCHOR pend_end=81.68 L=4.07 pinL=0.66 target=42.27 off=41.98
21:09:54.183 CLOCK integ raw=86.60 prev=86.31 new=86.51 d=+0.203 fr=97.55 dt=0.203 rate=1.00 paused=False backlog=38.30 edge=124.81 div=0.29
21:09:54.285 CLOCK fold raw=86.87 prev=86.51 new=86.58 d=+0.074 fr=97.55 dt=0.101 rate=1.00 paused=False backlog=38.33 edge=124.91 div=0.29
21:09:54.386 CLOCK integ raw=86.87 prev=86.58 new=86.68 d=+0.102 fr=97.55 dt=0.102 rate=1.00 paused=False backlog=38.33 edge=125.01 div=0.29
21:09:54.488 CLOCK integ raw=86.87 prev=86.68 new=86.79 d=+0.102 fr=97.55 dt=0.102 rate=1.00 paused=False backlog=38.33 edge=125.11 div=0.29
21:09:54.590 CLOCK fold raw=87.16 prev=86.79 new=86.87 d=+0.081 fr=97.55 dt=0.102 rate=1.00 paused=False backlog=38.04 edge=124.91 div=0.29
21:09:54.692 CLOCK integ raw=87.16 prev=86.87 new=86.97 d=+0.102 fr=97.55 dt=0.102 rate=1.00 paused=False backlog=38.04 edge=125.01 div=0.29
21:09:54.793 CLOCK fold raw=87.44 prev=86.97 new=87.14 d=+0.176 fr=97.55 dt=0.101 rate=1.00 paused=False backlog=37.97 edge=125.11 div=0.29
21:09:54.894 CLOCK integ raw=87.44 prev=87.14 new=87.25 d=+0.101 fr=97.55 dt=0.101 rate=1.00 paused=False backlog=37.97 edge=125.21 div=0.29
21:09:54.995 CLOCK integ raw=87.44 prev=87.25 new=87.35 d=+0.101 fr=97.55 dt=0.101 rate=1.00 paused=False backlog=37.97 edge=125.32 div=0.29
21:09:55.097 CLOCK fold raw=87.72 prev=87.35 new=87.43 d=+0.079 fr=97.55 dt=0.101 rate=1.00 paused=False backlog=37.99 edge=125.42 div=0.29
21:09:55.198 CLOCK integ raw=87.72 prev=87.43 new=87.53 d=+0.102 fr=97.55 dt=0.102 rate=1.00 paused=False backlog=37.99 edge=125.52 div=0.29
21:09:55.299 CLOCK integ raw=87.72 prev=87.53 new=87.63 d=+0.100 fr=97.55 dt=0.100 rate=1.00 paused=False backlog=37.99 edge=125.62 div=0.29
21:09:55.500 CLOCK fold raw=88.00 prev=87.63 new=87.71 d=+0.080 fr=97.55 dt=0.201 rate=1.00 paused=False backlog=38.11 edge=125.82 div=0.29
21:09:55.601 CLOCK integ raw=88.00 prev=87.71 new=87.81 d=+0.102 fr=97.55 dt=0.102 rate=1.00 paused=False backlog=38.11 edge=125.92 div=0.29
21:09:55.703 CLOCK fold raw=88.28 prev=87.81 new=87.99 d=+0.181 fr=97.55 dt=0.101 rate=1.00 paused=False backlog=38.03 edge=126.02 div=0.29
21:09:55.804 CLOCK integ raw=88.28 prev=87.99 new=88.09 d=+0.101 fr=97.55 dt=0.101 rate=1.00 paused=False backlog=38.03 edge=126.12 div=0.29
21:09:55.906 CLOCK fold raw=88.56 prev=88.09 new=88.27 d=+0.178 fr=97.55 dt=0.102 rate=1.00 paused=False backlog=37.96 edge=126.23 div=0.29
21:09:56.006 CLOCK integ raw=88.56 prev=88.27 new=88.37 d=+0.101 fr=97.55 dt=0.101 rate=1.00 paused=False backlog=37.96 edge=126.33 div=0.29
21:09:56.108 CLOCK integ raw=88.56 prev=88.37 new=88.47 d=+0.102 fr=97.55 dt=0.102 rate=1.00 paused=False backlog=37.96 edge=126.43 div=0.29
21:09:56.209 CLOCK fold raw=88.84 prev=88.47 new=88.55 d=+0.079 fr=97.55 dt=0.101 rate=1.00 paused=False backlog=37.98 edge=126.53 div=0.29
21:09:56.311 CLOCK integ raw=88.84 prev=88.55 new=88.65 d=+0.102 fr=97.55 dt=0.102 rate=1.00 paused=False backlog=37.98 edge=126.63 div=0.29
21:09:56.413 CLOCK integ raw=88.84 prev=88.65 new=88.76 d=+0.103 fr=97.55 dt=0.103 rate=1.00 paused=False backlog=37.98 edge=126.73 div=0.29
21:09:56.515 CLOCK fold raw=89.12 prev=88.76 new=88.83 d=+0.076 fr=97.55 dt=0.102 rate=1.00 paused=False backlog=36.89 edge=125.72 div=0.29
21:09:56.618 CLOCK integ raw=89.12 prev=88.83 new=88.93 d=+0.102 fr=97.55 dt=0.102 rate=1.00 paused=False backlog=36.89 edge=125.82 div=0.29
21:09:56.718 CLOCK integ raw=89.12 prev=88.93 new=89.04 d=+0.101 fr=97.55 dt=0.101 rate=1.00 paused=False backlog=36.89 edge=125.92 div=0.29
21:09:56.921 CLOCK fold raw=89.40 prev=89.04 new=89.11 d=+0.078 fr=97.55 dt=0.202 rate=1.00 paused=False backlog=37.01 edge=126.13 div=0.29
21:09:57.022 CLOCK integ raw=89.40 prev=89.11 new=89.21 d=+0.101 fr=97.55 dt=0.101 rate=1.00 paused=False backlog=37.01 edge=126.23 div=0.29
21:09:57.123 CLOCK fold raw=89.69 prev=89.21 new=89.40 d=+0.184 fr=97.55 dt=0.101 rate=1.00 paused=False backlog=36.93 edge=126.33 div=0.29
21:09:57.224 CLOCK integ raw=89.69 prev=89.40 new=89.50 d=+0.101 fr=97.55 dt=0.101 rate=1.00 paused=False backlog=36.93 edge=126.43 div=0.29
21:09:57.326 CLOCK fold raw=89.97 prev=89.50 new=89.68 d=+0.178 fr=97.55 dt=0.101 rate=1.00 paused=False backlog=36.85 edge=126.53 div=0.29
21:09:57.428 CLOCK integ raw=89.97 prev=89.68 new=89.78 d=+0.102 fr=97.55 dt=0.102 rate=1.00 paused=False backlog=36.85 edge=126.63 div=0.29
21:09:57.529 CLOCK integ raw=89.97 prev=89.78 new=89.88 d=+0.101 fr=97.55 dt=0.101 rate=1.00 paused=False backlog=36.85 edge=126.73 div=0.29
21:09:57.630 CLOCK fold raw=90.25 prev=89.88 new=89.96 d=+0.076 fr=97.55 dt=0.101 rate=1.00 paused=False backlog=36.88 edge=126.83 div=0.29
21:09:57.731 CLOCK integ raw=90.25 prev=89.96 new=90.06 d=+0.101 fr=97.55 dt=0.101 rate=1.00 paused=False backlog=36.88 edge=126.94 div=0.29
21:09:57.832 CLOCK integ raw=90.25 prev=90.06 new=90.16 d=+0.101 fr=97.55 dt=0.101 rate=1.00 paused=False backlog=36.88 edge=127.04 div=0.29
21:09:57.934 CLOCK fold raw=90.53 prev=90.16 new=90.24 d=+0.081 fr=97.55 dt=0.101 rate=1.00 paused=False backlog=36.90 edge=127.14 div=0.29
21:09:58.035 CLOCK integ raw=90.53 prev=90.24 new=90.34 d=+0.101 fr=97.55 dt=0.101 rate=1.00 paused=False backlog=36.90 edge=127.24 div=0.29
21:09:58.137 CLOCK integ raw=90.53 prev=90.34 new=90.44 d=+0.102 fr=97.55 dt=0.102 rate=1.00 paused=False backlog=36.90 edge=127.34 div=0.29
21:09:58.338 CLOCK fold raw=90.81 prev=90.44 new=90.52 d=+0.080 fr=97.55 dt=0.201 rate=1.00 paused=False backlog=37.02 edge=127.54 div=0.29
21:09:58.439 CLOCK fold raw=91.09 prev=90.52 new=90.80 d=+0.279 fr=97.55 dt=0.101 rate=1.00 paused=False backlog=36.84 edge=127.64 div=0.29
21:09:58.541 CLOCK integ raw=91.09 prev=90.80 new=90.90 d=+0.102 fr=97.55 dt=0.102 rate=1.00 paused=False backlog=36.84 edge=127.75 div=0.29
21:09:58.542 EDGESNAP err=-3.24 edge->124.50
21:09:58.643 CLOCK integ raw=91.09 prev=90.90 new=91.01 d=+0.102 fr=97.55 dt=0.102 rate=1.00 paused=False backlog=33.60 edge=124.60 div=0.29
21:09:58.744 CLOCK fold raw=91.37 prev=91.01 new=91.08 d=+0.077 fr=97.55 dt=0.101 rate=1.00 paused=False backlog=33.62 edge=124.71 div=0.29
21:09:58.846 CLOCK integ raw=91.37 prev=91.08 new=91.18 d=+0.101 fr=97.55 dt=0.101 rate=1.00 paused=False backlog=33.62 edge=124.81 div=0.29
21:09:58.947 CLOCK integ raw=91.37 prev=91.18 new=91.29 d=+0.101 fr=97.55 dt=0.101 rate=1.00 paused=False backlog=33.62 edge=124.91 div=0.29
21:09:59.050 TICK fr=97.55 cc=91.29 raw=91.65 vid=91.37 playing=1 started=1 stall=0 | d_fr_cc=+6.27 d_fr_raw=+5.90 d_cc_raw=-0.37 | off=42.12 ccx_end=81.68 since_show=0.1 since_cue=5.0 | pcr=124.503 pid=100 head_rel=82.34 ccx_lag=0.66 | credit=97.6 capped=0.0 | fsize=56202412 feed=56202412 feed_behind=0 | backlog=33.62 edge=124.91 div=0.29 lag_ewma=4.07
21:09:59.050 CLOCK fold raw=91.65 prev=91.29 new=91.36 d=+0.075 fr=97.55 dt=0.103 rate=1.00 paused=False backlog=33.65 edge=125.01 div=0.29
21:09:59.151 CLOCK integ raw=91.65 prev=91.36 new=91.46 d=+0.102 fr=97.55 dt=0.102 rate=1.00 paused=False backlog=33.65 edge=125.11 div=0.29
21:09:59.252 CLOCK integ raw=91.65 prev=91.46 new=91.56 d=+0.101 fr=97.55 dt=0.101 rate=1.00 paused=False backlog=33.65 edge=125.21 div=0.29
21:09:59.354 CLOCK fold raw=91.93 prev=91.56 new=91.64 d=+0.080 fr=97.55 dt=0.101 rate=1.00 paused=False backlog=33.67 edge=125.31 div=0.29
21:09:59.455 CLOCK integ raw=91.93 prev=91.64 new=91.74 d=+0.101 fr=97.55 dt=0.101 rate=1.00 paused=False backlog=33.67 edge=125.42 div=0.29
21:09:59.657 PHASE D1-JUMP adaptive jump-to-live at the measured L
21:09:59.657 CLOCK fold raw=92.22 prev=91.74 new=91.92 d=+0.180 fr=97.55 dt=0.202 rate=1.00 paused=False backlog=33.69 edge=125.62 div=0.29
21:09:59.658 XPORT rate target=- raw_pre=92.22 fr=97.55 cc=91.92 vid=92.22 rate=1.00 rate=1
21:09:59.658 XPORT jump_live target=125.62 raw_pre=92.22 fr=97.55 cc=91.92 vid=92.22 rate=1.00 
21:09:59.659 XPORT jump_edge target=125.62 raw_pre=92.22 fr=97.55 cc=91.92 vid=92.22 rate=1.00 safe=120.62 vlc=120.91 resume=True
21:09:59.659 SEED target=120.62 jump=True backlog=5.00 edge=125.62
21:09:59.690 CLOCK base raw=120.91 prev=120.62 new=120.65 d=+0.032 fr=97.55 dt=0.032 rate=1.00 paused=False backlog=5.00 edge=125.65 div=0.29
21:09:59.781 CLOCK integ raw=120.91 prev=120.65 new=120.74 d=+0.091 fr=97.55 dt=0.091 rate=1.00 paused=False backlog=5.00 edge=125.74 div=0.29
21:09:59.904 CLOCK integ raw=120.91 prev=120.74 new=120.86 d=+0.123 fr=97.55 dt=0.123 rate=1.00 paused=False backlog=5.00 edge=125.86 div=0.29
21:09:59.997 CLOCK fold raw=121.16 prev=120.86 new=120.90 d=+0.038 fr=97.55 dt=0.092 rate=1.00 paused=False backlog=5.05 edge=125.96 div=0.28
21:10:00.120 CLOCK integ raw=121.16 prev=120.90 new=121.02 d=+0.123 fr=97.55 dt=0.123 rate=1.00 paused=False backlog=5.05 edge=126.08 div=0.28
21:10:00.212 CLOCK fold raw=121.44 prev=121.02 new=121.18 d=+0.156 fr=97.55 dt=0.092 rate=1.00 paused=False backlog=4.99 edge=126.17 div=0.27
21:10:00.334 CLOCK integ raw=121.44 prev=121.18 new=121.30 d=+0.122 fr=97.55 dt=0.122 rate=1.00 paused=False backlog=4.99 edge=126.29 div=0.27
21:10:00.457 CLOCK integ raw=121.44 prev=121.30 new=121.43 d=+0.123 fr=97.55 dt=0.123 rate=1.00 paused=False backlog=4.99 edge=126.42 div=0.27
21:10:00.539 CLOCK fold raw=121.72 prev=121.43 new=121.46 d=+0.037 fr=97.55 dt=0.082 rate=1.00 paused=False backlog=4.57 edge=126.03 div=0.27
21:10:00.661 XPORT1s rate raw=121.72 fr=97.55 cc=121.46 vid=121.44
21:10:00.661 XPORT1s jump_edge raw=121.72 fr=97.55 cc=121.46 vid=121.44
21:10:00.662 XPORT1s jump_live raw=121.72 fr=97.55 cc=121.46 vid=121.44
21:10:00.662 CLOCK integ raw=121.72 prev=121.46 new=121.59 d=+0.123 fr=97.55 dt=0.123 rate=1.00 paused=False backlog=4.57 edge=126.16 div=0.27
21:10:00.755 CLOCK integ raw=121.72 prev=121.59 new=121.68 d=+0.093 fr=97.55 dt=0.093 rate=1.00 paused=False backlog=4.57 edge=126.25 div=0.27
21:10:00.812 EDGESNAP err=+2.82 edge->129.07
21:10:00.812 CUE cx=[81.68..83.15] adv=1.47 el=6.70 fresh | off=42.12 fr=97.55 cc=121.68 raw=122.00 lead=+3.59 | pcr=129.067 head_rel=86.91 lag_ewma=6.89 | q=worthy of a virtual measurement. / We didn't see any of thes
21:10:00.813 CUE cx=[83.15..84.28] adv=1.13 el=0.03 fresh | off=42.12 fr=97.55 cc=121.68 raw=122.00 lead=+4.73 | pcr=129.067 head_rel=86.91 lag_ewma=6.89 | q=We didn't see any of these last / week in the preseason open
21:10:00.813 CUE cx=[84.28..85.78] adv=1.50 el=0.00 fresh | off=42.12 fr=97.55 cc=121.68 raw=122.00 lead=+6.23 | pcr=129.067 head_rel=86.91 lag_ewma=6.89 | q=week in the preseason opener. / We talked to Sean Payton. He
21:10:00.907 ANCHOR pend_end=85.78 L=4.87 pinL=1.12 target=42.16 off=42.12
21:10:00.907 CLOCK fold raw=122.00 prev=121.68 new=121.75 d=+0.068 fr=104.39 dt=0.152 rate=1.00 paused=False backlog=7.47 edge=129.22 div=0.27
21:10:01.029 CLOCK integ raw=122.00 prev=121.75 new=121.87 d=+0.123 fr=104.39 dt=0.123 rate=1.00 paused=False backlog=7.47 edge=129.34 div=0.27
21:10:01.121 CLOCK fold raw=122.28 prev=121.87 new=122.02 d=+0.153 fr=104.39 dt=0.092 rate=1.00 paused=False backlog=7.41 edge=129.43 div=0.26
21:10:01.244 CLOCK integ raw=122.28 prev=122.02 new=122.15 d=+0.123 fr=104.39 dt=0.123 rate=1.00 paused=False backlog=7.41 edge=129.56 div=0.26
21:10:01.338 CLOCK fold raw=122.56 prev=122.15 new=122.30 d=+0.159 fr=104.39 dt=0.093 rate=1.00 paused=False backlog=7.34 edge=129.65 div=0.26
21:10:01.462 CLOCK integ raw=122.56 prev=122.30 new=122.43 d=+0.125 fr=104.39 dt=0.125 rate=1.00 paused=False backlog=7.34 edge=129.77 div=0.26
21:10:01.557 CLOCK integ raw=122.56 prev=122.43 new=122.52 d=+0.095 fr=104.39 dt=0.095 rate=1.00 paused=False backlog=7.34 edge=129.87 div=0.26
21:10:01.683 CLOCK fold raw=122.84 prev=122.52 new=122.58 d=+0.061 fr=104.39 dt=0.126 rate=1.00 paused=False backlog=7.41 edge=129.99 div=0.26
21:10:01.776 CLOCK integ raw=122.84 prev=122.58 new=122.68 d=+0.092 fr=104.39 dt=0.092 rate=1.00 paused=False backlog=7.41 edge=130.09 div=0.26
21:10:01.899 CLOCK fold raw=123.13 prev=122.68 new=122.87 d=+0.193 fr=104.39 dt=0.124 rate=1.00 paused=False backlog=7.34 edge=130.21 div=0.26
21:10:01.991 CLOCK integ raw=123.13 prev=122.87 new=122.96 d=+0.092 fr=104.39 dt=0.092 rate=1.00 paused=False backlog=7.34 edge=130.30 div=0.26
21:10:02.114 CLOCK integ raw=123.13 prev=122.96 new=123.08 d=+0.123 fr=104.39 dt=0.123 rate=1.00 paused=False backlog=7.34 edge=130.43 div=0.26
21:10:02.207 CLOCK fold raw=123.41 prev=123.08 new=123.15 d=+0.066 fr=104.39 dt=0.093 rate=1.00 paused=False backlog=7.37 edge=130.52 div=0.26
21:10:02.330 CLOCK integ raw=123.41 prev=123.15 new=123.27 d=+0.123 fr=104.39 dt=0.123 rate=1.00 paused=False backlog=7.37 edge=130.64 div=0.26
21:10:02.422 CLOCK integ raw=123.41 prev=123.27 new=123.37 d=+0.092 fr=104.39 dt=0.092 rate=1.00 paused=False backlog=7.37 edge=130.73 div=0.26
21:10:02.549 CLOCK fold raw=123.69 prev=123.37 new=123.43 d=+0.061 fr=104.39 dt=0.127 rate=1.00 paused=False backlog=6.60 edge=130.03 div=0.26
21:10:02.641 CLOCK integ raw=123.69 prev=123.43 new=123.52 d=+0.093 fr=104.39 dt=0.093 rate=1.00 paused=False backlog=6.60 edge=130.12 div=0.26
21:10:02.775 CLOCK fold raw=123.97 prev=123.52 new=123.71 d=+0.189 fr=104.39 dt=0.134 rate=1.00 paused=False backlog=6.54 edge=130.25 div=0.26
21:10:02.877 CLOCK integ raw=123.97 prev=123.71 new=123.81 d=+0.102 fr=104.39 dt=0.102 rate=1.00 paused=False backlog=6.54 edge=130.35 div=0.26
21:10:02.978 CLOCK integ raw=123.97 prev=123.81 new=123.91 d=+0.101 fr=104.39 dt=0.101 rate=1.00 paused=False backlog=6.54 edge=130.45 div=0.26
21:10:03.078 CLOCK fold raw=124.25 prev=123.91 new=123.99 d=+0.078 fr=104.39 dt=0.101 rate=1.00 paused=False backlog=6.57 edge=130.56 div=0.26
21:10:03.281 CLOCK integ raw=124.25 prev=123.99 new=124.19 d=+0.202 fr=104.39 dt=0.202 rate=1.00 paused=False backlog=6.57 edge=130.76 div=0.26
21:10:03.383 CLOCK fold raw=124.53 prev=124.19 new=124.27 d=+0.080 fr=104.39 dt=0.103 rate=1.00 paused=False backlog=6.59 edge=130.86 div=0.26
21:10:03.485 CLOCK integ raw=124.53 prev=124.27 new=124.37 d=+0.101 fr=104.39 dt=0.101 rate=1.00 paused=False backlog=6.59 edge=130.96 div=0.26
21:10:03.585 CLOCK fold raw=124.81 prev=124.37 new=124.55 d=+0.180 fr=104.39 dt=0.101 rate=1.00 paused=False backlog=6.51 edge=131.06 div=0.26
21:10:03.687 CLOCK integ raw=124.81 prev=124.55 new=124.65 d=+0.101 fr=104.39 dt=0.101 rate=1.00 paused=False backlog=6.51 edge=131.16 div=0.26
21:10:03.788 CLOCK integ raw=124.81 prev=124.65 new=124.76 d=+0.101 fr=104.39 dt=0.101 rate=1.00 paused=False backlog=6.51 edge=131.27 div=0.26
21:10:03.889 CLOCK fold raw=125.09 prev=124.76 new=124.84 d=+0.081 fr=104.39 dt=0.101 rate=1.00 paused=False backlog=6.53 edge=131.37 div=0.26
21:10:03.990 CLOCK integ raw=125.09 prev=124.84 new=124.94 d=+0.101 fr=104.39 dt=0.101 rate=1.00 paused=False backlog=6.53 edge=131.47 div=0.26
21:10:03.991 TICK fr=104.39 cc=124.94 raw=125.09 vid=124.81 playing=1 started=1 stall=0 | d_fr_cc=-20.55 d_fr_raw=-20.71 d_cc_raw=-0.16 | off=42.14 ccx_end=85.78 since_show=0.0 since_cue=3.2 | pcr=129.067 pid=100 head_rel=86.91 ccx_lag=1.12 | credit=104.4 capped=0.0 | fsize=58381144 feed=58381144 feed_behind=0 | backlog=6.53 edge=131.47 div=0.26 lag_ewma=4.87
21:10:04.092 CLOCK integ raw=125.09 prev=124.94 new=125.04 d=+0.102 fr=104.39 dt=0.102 rate=1.00 paused=False backlog=6.53 edge=131.57 div=0.26
21:10:04.194 CLOCK fold raw=125.37 prev=125.04 new=125.12 d=+0.076 fr=104.39 dt=0.101 rate=1.00 paused=False backlog=6.56 edge=131.67 div=0.26
21:10:04.295 CLOCK integ raw=125.37 prev=125.12 new=125.22 d=+0.101 fr=104.39 dt=0.101 rate=1.00 paused=False backlog=6.56 edge=131.77 div=0.26
21:10:04.396 CLOCK integ raw=125.37 prev=125.22 new=125.32 d=+0.101 fr=104.39 dt=0.101 rate=1.00 paused=False backlog=6.56 edge=131.87 div=0.26
21:10:04.599 EDGESNAP err=-2.81 edge->129.07
21:10:04.599 CLOCK fold raw=125.65 prev=125.32 new=125.39 d=+0.075 fr=104.39 dt=0.203 rate=1.00 paused=False backlog=3.88 edge=129.27 div=0.26
21:10:04.701 CLOCK fold raw=125.93 prev=125.39 new=125.67 d=+0.282 fr=104.39 dt=0.102 rate=1.00 paused=False backlog=3.70 edge=129.37 div=0.26
21:10:04.803 CLOCK integ raw=125.93 prev=125.67 new=125.78 d=+0.101 fr=104.39 dt=0.101 rate=1.00 paused=False backlog=3.70 edge=129.47 div=0.26
21:10:04.904 CLOCK integ raw=125.93 prev=125.78 new=125.88 d=+0.102 fr=104.39 dt=0.102 rate=1.00 paused=False backlog=3.70 edge=129.57 div=0.26
21:10:05.006 CLOCK fold raw=126.21 prev=125.88 new=125.95 d=+0.077 fr=104.39 dt=0.102 rate=1.00 paused=False backlog=3.72 edge=129.68 div=0.26
21:10:05.107 CLOCK integ raw=126.21 prev=125.95 new=126.06 d=+0.101 fr=104.39 dt=0.101 rate=1.00 paused=False backlog=3.72 edge=129.78 div=0.26
21:10:05.208 CLOCK integ raw=126.21 prev=126.06 new=126.16 d=+0.101 fr=104.39 dt=0.101 rate=1.00 paused=False backlog=3.72 edge=129.88 div=0.26
21:10:05.309 CLOCK fold raw=126.49 prev=126.16 new=126.23 d=+0.078 fr=104.39 dt=0.101 rate=1.00 paused=False backlog=3.74 edge=129.98 div=0.26
21:10:05.411 CLOCK integ raw=126.49 prev=126.23 new=126.34 d=+0.102 fr=104.39 dt=0.102 rate=1.00 paused=False backlog=3.74 edge=130.08 div=0.26
21:10:05.512 CLOCK integ raw=126.49 prev=126.34 new=126.44 d=+0.101 fr=104.39 dt=0.101 rate=1.00 paused=False backlog=3.74 edge=130.18 div=0.26
21:10:05.613 CLOCK fold raw=126.77 prev=126.44 new=126.52 d=+0.078 fr=104.39 dt=0.101 rate=1.00 paused=False backlog=3.77 edge=130.28 div=0.26
21:10:05.715 CLOCK integ raw=126.77 prev=126.52 new=126.62 d=+0.102 fr=109.29 dt=0.102 rate=1.00 paused=False backlog=3.77 edge=130.38 div=0.26
21:10:05.833 EDGESNAP err=+3.52 edge->133.91
21:10:05.833 CUE cx=[85.79..87.12] adv=1.33 el=5.00 fresh | off=42.14 fr=109.29 cc=126.62 raw=127.06 lead=+2.64 | pcr=133.911 head_rel=91.75 lag_ewma=8.40 | q=We talked to Sean Payton. He / misses the chain gang. Me too
21:10:05.833 CUE cx=[87.12..88.45] adv=1.33 el=0.02 fresh | off=42.14 fr=109.29 cc=126.62 raw=127.06 lead=+3.98 | pcr=133.911 head_rel=91.75 lag_ewma=8.40 | q=misses the chain gang. Me too. / You know, we like we like /
21:10:05.834 CUE cx=[88.46..89.99] adv=1.54 el=0.00 fresh | off=42.14 fr=109.29 cc=126.62 raw=127.06 lead=+5.51 | pcr=133.911 head_rel=91.75 lag_ewma=8.40 | q=You know, we like we like / seeing those. Even as a player. 
21:10:05.834 ANCHOR pend_end=89.99 L=6.07 pinL=1.76 target=42.16 off=42.14
21:10:05.834 CLOCK fold raw=127.06 prev=126.62 new=126.80 d=+0.182 fr=109.29 dt=0.119 rate=1.00 paused=False backlog=7.23 edge=134.03 div=0.26
21:10:05.937 CLOCK integ raw=127.06 prev=126.80 new=126.90 d=+0.103 fr=109.29 dt=0.103 rate=1.00 paused=False backlog=7.23 edge=134.13 div=0.26
21:10:06.038 CLOCK integ raw=127.06 prev=126.90 new=127.00 d=+0.101 fr=109.29 dt=0.101 rate=1.00 paused=False backlog=7.23 edge=134.23 div=0.26
21:10:06.139 CLOCK fold raw=127.34 prev=127.00 new=127.08 d=+0.076 fr=109.71 dt=0.102 rate=1.00 paused=False backlog=7.25 edge=134.33 div=0.26
21:10:06.240 CLOCK integ raw=127.34 prev=127.08 new=127.18 d=+0.101 fr=109.71 dt=0.101 rate=1.00 paused=False backlog=7.25 edge=134.44 div=0.26
21:10:06.443 CLOCK fold raw=127.62 prev=127.18 new=127.36 d=+0.177 fr=109.71 dt=0.202 rate=1.00 paused=False backlog=7.28 edge=134.64 div=0.26
21:10:06.544 CLOCK integ raw=127.62 prev=127.36 new=127.46 d=+0.102 fr=109.71 dt=0.102 rate=1.00 paused=False backlog=7.28 edge=134.74 div=0.26
21:10:06.646 CLOCK integ raw=127.62 prev=127.46 new=127.56 d=+0.102 fr=109.71 dt=0.102 rate=1.00 paused=False backlog=6.87 edge=134.43 div=0.26
21:10:06.748 CLOCK fold raw=127.90 prev=127.56 new=127.64 d=+0.077 fr=109.71 dt=0.101 rate=1.00 paused=False backlog=6.89 edge=134.53 div=0.26
21:10:06.850 CLOCK integ raw=127.90 prev=127.64 new=127.74 d=+0.102 fr=109.71 dt=0.102 rate=1.00 paused=False backlog=6.89 edge=134.63 div=0.26
21:10:06.950 CLOCK fold raw=128.18 prev=127.74 new=127.92 d=+0.180 fr=109.71 dt=0.101 rate=1.00 paused=False backlog=6.81 edge=134.73 div=0.26
21:10:07.052 CLOCK integ raw=128.18 prev=127.92 new=128.02 d=+0.101 fr=109.71 dt=0.101 rate=1.00 paused=False backlog=6.81 edge=134.83 div=0.26
21:10:07.153 CLOCK integ raw=128.18 prev=128.02 new=128.12 d=+0.101 fr=109.71 dt=0.101 rate=1.00 paused=False backlog=6.81 edge=134.93 div=0.26
21:10:07.254 CLOCK fold raw=128.46 prev=128.12 new=128.21 d=+0.083 fr=109.71 dt=0.101 rate=1.00 paused=False backlog=6.83 edge=135.03 div=0.26
21:10:07.355 CLOCK integ raw=128.46 prev=128.21 new=128.31 d=+0.101 fr=109.71 dt=0.101 rate=1.00 paused=False backlog=6.83 edge=135.14 div=0.26
21:10:07.457 CLOCK integ raw=128.46 prev=128.31 new=128.41 d=+0.102 fr=109.71 dt=0.102 rate=1.00 paused=False backlog=6.83 edge=135.24 div=0.26
21:10:07.659 CLOCK fold raw=128.74 prev=128.41 new=128.48 d=+0.073 fr=109.71 dt=0.202 rate=1.00 paused=False backlog=6.96 edge=135.44 div=0.26
21:10:07.761 CLOCK integ raw=128.74 prev=128.48 new=128.58 d=+0.102 fr=109.71 dt=0.102 rate=1.00 paused=False backlog=6.96 edge=135.54 div=0.26
21:10:07.862 CLOCK fold raw=129.03 prev=128.58 new=128.77 d=+0.183 fr=109.71 dt=0.101 rate=1.00 paused=False backlog=6.88 edge=135.64 div=0.26
21:10:07.963 CLOCK integ raw=129.03 prev=128.77 new=128.87 d=+0.101 fr=109.71 dt=0.101 rate=1.00 paused=False backlog=6.88 edge=135.74 div=0.26
21:10:08.064 CLOCK fold raw=129.30 prev=128.87 new=129.04 d=+0.177 fr=109.71 dt=0.101 rate=1.00 paused=False backlog=6.80 edge=135.84 div=0.26
21:10:08.165 CLOCK integ raw=129.30 prev=129.04 new=129.15 d=+0.101 fr=109.71 dt=0.101 rate=1.00 paused=False backlog=6.80 edge=135.95 div=0.26
21:10:08.266 CLOCK integ raw=129.30 prev=129.15 new=129.25 d=+0.101 fr=109.71 dt=0.101 rate=1.00 paused=False backlog=6.80 edge=136.05 div=0.26
21:10:08.368 CLOCK fold raw=129.58 prev=129.25 new=129.33 d=+0.079 fr=109.71 dt=0.101 rate=1.00 paused=False backlog=6.82 edge=136.15 div=0.26
21:10:08.469 CLOCK integ raw=129.58 prev=129.33 new=129.43 d=+0.101 fr=109.71 dt=0.101 rate=1.00 paused=False backlog=6.82 edge=136.25 div=0.26
21:10:08.573 CLOCK integ raw=129.58 prev=129.43 new=129.53 d=+0.104 fr=109.71 dt=0.104 rate=1.00 paused=False backlog=5.65 edge=135.18 div=0.26
21:10:08.675 CLOCK fold raw=129.86 prev=129.53 new=129.60 d=+0.073 fr=109.71 dt=0.101 rate=1.00 paused=False backlog=5.68 edge=135.29 div=0.26
21:10:08.777 CLOCK integ raw=129.86 prev=129.60 new=129.71 d=+0.102 fr=109.71 dt=0.102 rate=1.00 paused=False backlog=5.68 edge=135.39 div=0.26
21:10:08.878 CLOCK integ raw=129.86 prev=129.71 new=129.81 d=+0.101 fr=109.71 dt=0.101 rate=1.00 paused=False backlog=5.68 edge=135.49 div=0.26
21:10:08.982 TICK fr=109.71 cc=129.81 raw=130.15 vid=130.15 playing=1 started=1 stall=0 | d_fr_cc=-20.09 d_fr_raw=-20.43 d_cc_raw=-0.34 | off=42.15 ccx_end=89.99 since_show=0.1 since_cue=3.1 | pcr=133.911 pid=100 head_rel=91.75 ccx_lag=1.76 | credit=109.7 capped=0.0 | fsize=60901660 feed=60901660 feed_behind=0 | backlog=5.68 edge=135.49 div=0.26 lag_ewma=6.07
21:10:08.983 CLOCK fold raw=130.15 prev=129.81 new=129.89 d=+0.079 fr=109.71 dt=0.105 rate=1.00 paused=False backlog=5.71 edge=135.59 div=0.26
21:10:09.086 CLOCK integ raw=130.15 prev=129.89 new=129.99 d=+0.104 fr=109.71 dt=0.104 rate=1.00 paused=False backlog=5.71 edge=135.70 div=0.26
21:10:09.290 CLOCK fold raw=130.42 prev=129.99 new=130.17 d=+0.175 fr=109.71 dt=0.204 rate=1.00 paused=False backlog=5.74 edge=135.90 div=0.26
21:10:09.392 CLOCK integ raw=130.42 prev=130.17 new=130.27 d=+0.102 fr=109.71 dt=0.102 rate=1.00 paused=False backlog=5.74 edge=136.00 div=0.26
21:10:09.494 CLOCK fold raw=130.71 prev=130.27 new=130.45 d=+0.181 fr=109.71 dt=0.102 rate=1.00 paused=False backlog=5.66 edge=136.10 div=0.26
21:10:09.595 CLOCK integ raw=130.71 prev=130.45 new=130.55 d=+0.102 fr=109.71 dt=0.102 rate=1.00 paused=False backlog=5.66 edge=136.21 div=0.26
21:10:09.697 CLOCK integ raw=130.71 prev=130.55 new=130.65 d=+0.101 fr=109.71 dt=0.101 rate=1.00 paused=False backlog=5.66 edge=136.31 div=0.26
21:10:09.798 CLOCK fold raw=130.99 prev=130.65 new=130.73 d=+0.077 fr=109.71 dt=0.101 rate=1.00 paused=False backlog=5.68 edge=136.41 div=0.26
21:10:09.900 CLOCK integ raw=130.99 prev=130.73 new=130.83 d=+0.102 fr=109.71 dt=0.102 rate=1.00 paused=False backlog=5.68 edge=136.51 div=0.26
21:10:10.000 CLOCK integ raw=130.99 prev=130.83 new=130.93 d=+0.101 fr=109.71 dt=0.101 rate=1.00 paused=False backlog=5.68 edge=136.61 div=0.26
21:10:10.102 CLOCK fold raw=131.27 prev=130.93 new=131.01 d=+0.081 fr=109.71 dt=0.101 rate=1.00 paused=False backlog=5.70 edge=136.71 div=0.26
21:10:10.205 CLOCK integ raw=131.27 prev=131.01 new=131.12 d=+0.103 fr=109.71 dt=0.103 rate=1.00 paused=False backlog=5.70 edge=136.82 div=0.26
21:10:10.306 CLOCK integ raw=131.27 prev=131.12 new=131.22 d=+0.101 fr=109.71 dt=0.101 rate=1.00 paused=False backlog=5.70 edge=136.92 div=0.26
21:10:10.407 CLOCK fold raw=131.55 prev=131.22 new=131.29 d=+0.073 fr=109.71 dt=0.101 rate=1.00 paused=False backlog=5.73 edge=137.02 div=0.26
21:10:10.509 EDGESNAP err=-3.11 edge->133.91
21:10:10.610 CLOCK fold raw=131.83 prev=131.29 new=131.57 d=+0.282 fr=109.71 dt=0.203 rate=1.00 paused=False backlog=2.54 edge=134.11 div=0.26
21:10:10.712 CLOCK integ raw=131.83 prev=131.57 new=131.67 d=+0.102 fr=114.19 dt=0.102 rate=1.00 paused=False backlog=2.54 edge=134.21 div=0.26
21:10:10.813 CLOCK integ raw=131.83 prev=131.67 new=131.77 d=+0.101 fr=114.19 dt=0.101 rate=1.00 paused=False backlog=2.54 edge=134.32 div=0.26
21:10:10.814 EDGESNAP err=+5.59 edge->139.90
21:10:10.815 CUE cx=[89.99..92.12] adv=2.13 el=4.98 fresh | off=42.15 fr=114.19 cc=131.77 raw=131.83 lead=+2.50 | pcr=139.906 head_rel=97.74 lag_ewma=11.66 | q=seeing those. Even as a player. / You like hearing it rustle
21:10:10.815 CUE cx=[92.13..93.12] adv=1.00 el=0.00 fresh | off=42.15 fr=114.19 cc=131.77 raw=131.83 lead=+3.50 | pcr=139.906 head_rel=97.74 lag_ewma=11.66 | q=You like hearing it rustle out / there, but it's estheticall
21:10:10.815 CUE cx=[93.13..94.23] adv=1.10 el=0.00 fresh | off=42.15 fr=114.19 cc=131.77 raw=131.83 lead=+4.60 | pcr=139.906 head_rel=97.74 lag_ewma=11.66 | q=there, but it's esthetically / pleasing to see the chain gan
21:10:10.815 CUE cx=[94.23..97.03] adv=2.80 el=0.00 fresh | off=42.15 fr=114.19 cc=131.77 raw=131.83 lead=+7.40 | pcr=139.906 head_rel=97.74 lag_ewma=11.66 | q=pleasing to see the chain gang / out on the field. It is. Bu
21:10:10.916 ANCHOR pend_end=97.03 L=7.83 pinL=0.72 target=42.16 off=42.15
21:10:10.916 CLOCK fold raw=132.11 prev=131.77 new=131.85 d=+0.078 fr=114.19 dt=0.103 rate=1.00 paused=False backlog=8.16 edge=140.01 div=0.26
21:10:11.017 CLOCK integ raw=132.11 prev=131.85 new=131.95 d=+0.101 fr=114.19 dt=0.101 rate=1.00 paused=False backlog=8.16 edge=140.11 div=0.26
21:10:11.118 CLOCK integ raw=132.11 prev=131.95 new=132.05 d=+0.101 fr=114.59 dt=0.101 rate=1.00 paused=False backlog=8.16 edge=140.21 div=0.26
21:10:11.220 CLOCK fold raw=132.39 prev=132.05 new=132.14 d=+0.081 fr=114.59 dt=0.101 rate=1.00 paused=False backlog=8.18 edge=140.31 div=0.26
21:10:11.321 CLOCK integ raw=132.39 prev=132.14 new=132.24 d=+0.101 fr=114.59 dt=0.101 rate=1.00 paused=False backlog=8.18 edge=140.41 div=0.26
21:10:11.423 CLOCK integ raw=132.39 prev=132.24 new=132.34 d=+0.102 fr=114.59 dt=0.102 rate=1.00 paused=False backlog=8.18 edge=140.51 div=0.26
21:10:11.524 CLOCK fold raw=132.67 prev=132.34 new=132.41 d=+0.075 fr=114.59 dt=0.101 rate=1.00 paused=False backlog=8.20 edge=140.62 div=0.26
21:10:11.625 CLOCK integ raw=132.67 prev=132.41 new=132.51 d=+0.101 fr=114.59 dt=0.101 rate=1.00 paused=False backlog=8.20 edge=140.72 div=0.26
21:10:11.726 CLOCK fold raw=132.95 prev=132.51 new=132.69 d=+0.180 fr=114.59 dt=0.101 rate=1.00 paused=False backlog=8.12 edge=140.82 div=0.26
21:10:11.827 CLOCK integ raw=132.95 prev=132.69 new=132.80 d=+0.101 fr=114.59 dt=0.101 rate=1.00 paused=False backlog=8.12 edge=140.92 div=0.26
21:10:11.928 CLOCK integ raw=132.95 prev=132.80 new=132.90 d=+0.101 fr=114.59 dt=0.101 rate=1.00 paused=False backlog=8.12 edge=141.02 div=0.26
21:10:12.129 CLOCK fold raw=133.24 prev=132.90 new=132.98 d=+0.081 fr=114.59 dt=0.201 rate=1.00 paused=False backlog=8.24 edge=141.22 div=0.26
21:10:12.231 CLOCK integ raw=133.24 prev=132.98 new=133.08 d=+0.101 fr=114.59 dt=0.101 rate=1.00 paused=False backlog=8.24 edge=141.32 div=0.26
21:10:12.332 CLOCK fold raw=133.52 prev=133.08 new=133.26 d=+0.181 fr=114.59 dt=0.102 rate=1.00 paused=False backlog=8.16 edge=141.42 div=0.26
21:10:12.433 CLOCK integ raw=133.52 prev=133.26 new=133.36 d=+0.101 fr=114.59 dt=0.101 rate=1.00 paused=False backlog=8.16 edge=141.53 div=0.26
21:10:12.536 CLOCK integ raw=133.52 prev=133.36 new=133.46 d=+0.103 fr=114.59 dt=0.103 rate=1.00 paused=False backlog=7.35 edge=140.82 div=0.26
21:10:12.639 CLOCK fold raw=133.80 prev=133.46 new=133.54 d=+0.076 fr=114.59 dt=0.102 rate=1.00 paused=False backlog=7.38 edge=140.92 div=0.26
21:10:12.740 CLOCK integ raw=133.80 prev=133.54 new=133.64 d=+0.101 fr=114.59 dt=0.101 rate=1.00 paused=False backlog=7.38 edge=141.02 div=0.26
21:10:12.841 CLOCK fold raw=134.08 prev=133.64 new=133.82 d=+0.179 fr=114.59 dt=0.102 rate=1.00 paused=False backlog=7.30 edge=141.12 div=0.26
21:10:12.943 CLOCK integ raw=134.08 prev=133.82 new=133.92 d=+0.102 fr=114.59 dt=0.102 rate=1.00 paused=False backlog=7.30 edge=141.22 div=0.26
21:10:13.145 CLOCK fold raw=134.36 prev=133.92 new=134.10 d=+0.180 fr=114.59 dt=0.202 rate=1.00 paused=False backlog=7.33 edge=141.43 div=0.26
21:10:13.246 CLOCK integ raw=134.36 prev=134.10 new=134.20 d=+0.101 fr=114.59 dt=0.101 rate=1.00 paused=False backlog=7.33 edge=141.53 div=0.26
21:10:13.347 CLOCK integ raw=134.36 prev=134.20 new=134.30 d=+0.101 fr=114.59 dt=0.101 rate=1.00 paused=False backlog=7.33 edge=141.63 div=0.26
21:10:13.448 CLOCK fold raw=134.65 prev=134.30 new=134.39 d=+0.084 fr=114.59 dt=0.102 rate=1.00 paused=False backlog=7.34 edge=141.73 div=0.26
21:10:13.550 CLOCK integ raw=134.65 prev=134.39 new=134.49 d=+0.102 fr=114.59 dt=0.102 rate=1.00 paused=False backlog=7.34 edge=141.83 div=0.26
21:10:13.651 CLOCK integ raw=134.65 prev=134.49 new=134.59 d=+0.101 fr=114.59 dt=0.101 rate=1.00 paused=False backlog=7.34 edge=141.93 div=0.26
21:10:13.753 CLOCK fold raw=134.93 prev=134.59 new=134.67 d=+0.081 fr=114.59 dt=0.102 rate=1.00 paused=False backlog=7.36 edge=142.03 div=0.26
21:10:13.854 CLOCK integ raw=134.93 prev=134.67 new=134.77 d=+0.101 fr=114.59 dt=0.101 rate=1.00 paused=False backlog=7.36 edge=142.14 div=0.26
21:10:13.958 CLOCK integ raw=134.93 prev=134.77 new=134.88 d=+0.103 fr=114.59 dt=0.103 rate=1.00 paused=False backlog=7.36 edge=142.24 div=0.26
21:10:14.061 TICK fr=114.59 cc=134.88 raw=135.21 vid=134.93 playing=1 started=1 stall=0 | d_fr_cc=-20.28 d_fr_raw=-20.62 d_cc_raw=-0.34 | off=42.16 ccx_end=97.03 since_show=0.1 since_cue=3.2 | pcr=139.906 pid=100 head_rel=97.74 ccx_lag=0.72 | credit=114.6 capped=0.0 | fsize=63171196 feed=63171196 feed_behind=0 | backlog=7.36 edge=142.24 div=0.26 lag_ewma=7.83
21:10:14.061 CLOCK fold raw=135.21 prev=134.88 new=134.95 d=+0.077 fr=114.59 dt=0.103 rate=1.00 paused=False backlog=7.39 edge=142.34 div=0.26
21:10:14.163 CLOCK integ raw=135.21 prev=134.95 new=135.05 d=+0.102 fr=114.59 dt=0.102 rate=1.00 paused=False backlog=7.39 edge=142.44 div=0.26
21:10:14.264 CLOCK fold raw=135.49 prev=135.05 new=135.23 d=+0.180 fr=114.59 dt=0.101 rate=1.00 paused=False backlog=7.31 edge=142.55 div=0.26
21:10:14.365 CLOCK integ raw=135.49 prev=135.23 new=135.34 d=+0.101 fr=114.59 dt=0.101 rate=1.00 paused=False backlog=7.31 edge=142.65 div=0.26
21:10:14.466 CLOCK integ raw=135.49 prev=135.34 new=135.44 d=+0.101 fr=114.59 dt=0.101 rate=1.00 paused=False backlog=7.31 edge=142.75 div=0.26
21:10:14.568 EDGESNAP err=-2.84 edge->139.90
21:10:14.670 CLOCK fold raw=135.78 prev=135.44 new=135.52 d=+0.081 fr=114.59 dt=0.203 rate=1.00 paused=False backlog=4.59 edge=140.11 div=0.26
21:10:14.772 CLOCK integ raw=135.78 prev=135.52 new=135.62 d=+0.102 fr=114.59 dt=0.102 rate=1.00 paused=False backlog=4.59 edge=140.21 div=0.26
21:10:14.873 CLOCK fold raw=136.06 prev=135.62 new=135.80 d=+0.184 fr=114.59 dt=0.101 rate=1.00 paused=False backlog=4.51 edge=140.31 div=0.26
21:10:14.974 CLOCK integ raw=136.06 prev=135.80 new=135.91 d=+0.101 fr=114.59 dt=0.101 rate=1.00 paused=False backlog=4.51 edge=140.41 div=0.26
21:10:15.075 CLOCK integ raw=136.06 prev=135.91 new=136.01 d=+0.101 fr=114.59 dt=0.101 rate=1.00 paused=False backlog=4.51 edge=140.51 div=0.26
21:10:15.176 CLOCK fold raw=136.34 prev=136.01 new=136.08 d=+0.078 fr=114.59 dt=0.101 rate=1.00 paused=False backlog=4.53 edge=140.61 div=0.26
21:10:15.277 CLOCK integ raw=136.34 prev=136.08 new=136.19 d=+0.101 fr=114.59 dt=0.101 rate=1.00 paused=False backlog=4.53 edge=140.72 div=0.26
21:10:15.378 CLOCK integ raw=136.34 prev=136.19 new=136.29 d=+0.101 fr=114.59 dt=0.101 rate=1.00 paused=False backlog=4.53 edge=140.82 div=0.26
21:10:15.479 CLOCK fold raw=136.63 prev=136.29 new=136.37 d=+0.081 fr=114.59 dt=0.101 rate=1.00 paused=False backlog=4.55 edge=140.92 div=0.26
21:10:15.581 CLOCK integ raw=136.63 prev=136.37 new=136.47 d=+0.102 fr=114.59 dt=0.102 rate=1.00 paused=False backlog=4.55 edge=141.02 div=0.26
21:10:15.682 CLOCK fold raw=136.90 prev=136.47 new=136.65 d=+0.176 fr=114.59 dt=0.102 rate=1.00 paused=False backlog=4.48 edge=141.12 div=0.26
21:10:15.783 CLOCK integ raw=136.90 prev=136.65 new=136.75 d=+0.101 fr=114.59 dt=0.101 rate=1.00 paused=False backlog=4.48 edge=141.22 div=0.26
21:10:15.985 CLOCK fold raw=137.19 prev=136.75 new=136.93 d=+0.183 fr=119.46 dt=0.202 rate=1.00 paused=False backlog=4.49 edge=141.42 div=0.26
21:10:16.087 CLOCK integ raw=137.19 prev=136.93 new=137.03 d=+0.102 fr=119.46 dt=0.102 rate=1.00 paused=False backlog=4.49 edge=141.53 div=0.26
21:10:16.188 CLOCK integ raw=137.19 prev=137.03 new=137.13 d=+0.101 fr=119.46 dt=0.101 rate=1.00 paused=False backlog=4.49 edge=141.63 div=0.26
21:10:16.290 CLOCK fold raw=137.47 prev=137.13 new=137.21 d=+0.079 fr=119.46 dt=0.102 rate=1.00 paused=False backlog=4.52 edge=141.73 div=0.26
21:10:16.391 CLOCK integ raw=137.47 prev=137.21 new=137.31 d=+0.102 fr=119.46 dt=0.102 rate=1.00 paused=False backlog=4.52 edge=141.83 div=0.26
21:10:16.494 CLOCK integ raw=137.47 prev=137.31 new=137.42 d=+0.102 fr=119.46 dt=0.102 rate=1.00 paused=False backlog=4.52 edge=141.93 div=0.26
21:10:16.619 CLOCK fold raw=137.76 prev=137.42 new=137.50 d=+0.082 fr=119.46 dt=0.126 rate=1.00 paused=False backlog=4.46 edge=141.96 div=0.26
21:10:16.720 CLOCK integ raw=137.76 prev=137.50 new=137.60 d=+0.101 fr=119.46 dt=0.101 rate=1.00 paused=False backlog=4.46 edge=142.06 div=0.26
21:10:16.822 CLOCK fold raw=138.04 prev=137.60 new=137.78 d=+0.179 fr=120.30 dt=0.101 rate=1.00 paused=False backlog=4.38 edge=142.16 div=0.26
21:10:16.923 CLOCK integ raw=138.04 prev=137.78 new=137.88 d=+0.101 fr=120.30 dt=0.101 rate=1.00 paused=False backlog=4.38 edge=142.26 div=0.26
21:10:17.024 CLOCK integ raw=138.04 prev=137.88 new=137.98 d=+0.101 fr=120.30 dt=0.101 rate=1.00 paused=False backlog=4.38 edge=142.36 div=0.26
21:10:17.124 CLOCK fold raw=138.32 prev=137.98 new=138.06 d=+0.078 fr=120.30 dt=0.101 rate=1.00 paused=False backlog=4.41 edge=142.46 div=0.26
21:10:17.226 CLOCK integ raw=138.32 prev=138.06 new=138.16 d=+0.101 fr=120.30 dt=0.101 rate=1.00 paused=False backlog=4.41 edge=142.56 div=0.26
21:10:17.327 CLOCK integ raw=138.32 prev=138.16 new=138.26 d=+0.101 fr=120.30 dt=0.101 rate=1.00 paused=False backlog=4.41 edge=142.66 div=0.26
21:10:17.428 CLOCK fold raw=138.59 prev=138.26 new=138.34 d=+0.076 fr=120.30 dt=0.101 rate=1.00 paused=False backlog=4.43 edge=142.77 div=0.26
21:10:17.531 CLOCK integ raw=138.59 prev=138.34 new=138.44 d=+0.103 fr=120.30 dt=0.103 rate=1.00 paused=False backlog=4.43 edge=142.87 div=0.26
21:10:17.732 CLOCK fold raw=138.88 prev=138.44 new=138.62 d=+0.180 fr=120.30 dt=0.201 rate=1.00 paused=False backlog=4.45 edge=143.07 div=0.26
21:10:17.833 CLOCK integ raw=138.88 prev=138.62 new=138.72 d=+0.101 fr=120.30 dt=0.101 rate=1.00 paused=False backlog=4.45 edge=143.17 div=0.26
21:10:17.934 CLOCK fold raw=139.16 prev=138.72 new=138.90 d=+0.181 fr=120.30 dt=0.101 rate=1.00 paused=False backlog=4.37 edge=143.27 div=0.26
21:10:18.036 CLOCK integ raw=139.16 prev=138.90 new=139.00 d=+0.102 fr=120.30 dt=0.102 rate=1.00 paused=False backlog=4.37 edge=143.37 div=0.26
21:10:18.138 CLOCK integ raw=139.16 prev=139.00 new=139.11 d=+0.102 fr=120.30 dt=0.102 rate=1.00 paused=False backlog=4.37 edge=143.48 div=0.26
21:10:18.239 CLOCK fold raw=139.44 prev=139.11 new=139.18 d=+0.075 fr=120.30 dt=0.101 rate=1.00 paused=False backlog=4.40 edge=143.58 div=0.26
21:10:18.341 CLOCK integ raw=139.44 prev=139.18 new=139.28 d=+0.101 fr=120.30 dt=0.101 rate=1.00 paused=False backlog=4.40 edge=143.68 div=0.26
21:10:18.442 CLOCK integ raw=139.44 prev=139.28 new=139.38 d=+0.101 fr=120.30 dt=0.101 rate=1.00 paused=False backlog=4.40 edge=143.78 div=0.26
21:10:18.545 CLOCK fold raw=139.72 prev=139.38 new=139.46 d=+0.081 fr=120.30 dt=0.103 rate=1.00 paused=False backlog=4.17 edge=143.63 div=0.26
21:10:18.646 CLOCK integ raw=139.72 prev=139.46 new=139.56 d=+0.101 fr=120.30 dt=0.101 rate=1.00 paused=False backlog=4.17 edge=143.73 div=0.26
21:10:18.747 CLOCK integ raw=139.72 prev=139.56 new=139.67 d=+0.101 fr=120.30 dt=0.101 rate=1.00 paused=False backlog=4.17 edge=143.83 div=0.26
21:10:18.848 CLOCK fold raw=140.00 prev=139.67 new=139.75 d=+0.080 fr=120.30 dt=0.101 rate=1.00 paused=False backlog=4.19 edge=143.93 div=0.26
21:10:18.949 CLOCK integ raw=140.00 prev=139.75 new=139.85 d=+0.101 fr=120.30 dt=0.101 rate=1.00 paused=False backlog=4.19 edge=144.04 div=0.26
21:10:19.050 TICK fr=120.30 cc=139.85 raw=140.28 vid=139.72 playing=1 started=1 stall=0 | d_fr_cc=-19.55 d_fr_raw=-19.98 d_cc_raw=-0.43 | off=42.16 ccx_end=97.03 since_show=0.6 since_cue=8.2 | pcr=143.278 pid=100 head_rel=101.12 ccx_lag=4.09 | credit=120.3 capped=0.0 | fsize=64731220 feed=64731220 feed_behind=0 | backlog=4.19 edge=144.04 div=0.26 lag_ewma=7.83
21:10:19.152 CLOCK fold raw=140.28 prev=139.85 new=140.02 d=+0.176 fr=120.30 dt=0.203 rate=1.00 paused=False backlog=4.22 edge=144.24 div=0.26
21:10:19.255 CLOCK integ raw=140.28 prev=140.02 new=140.13 d=+0.103 fr=120.30 dt=0.103 rate=1.00 paused=False backlog=4.22 edge=144.34 div=0.26
21:10:19.358 CLOCK fold raw=140.56 prev=140.13 new=140.30 d=+0.178 fr=120.30 dt=0.103 rate=1.00 paused=False backlog=4.14 edge=144.45 div=0.26
21:10:19.460 CLOCK integ raw=140.56 prev=140.30 new=140.40 d=+0.101 fr=120.30 dt=0.101 rate=1.00 paused=False backlog=4.14 edge=144.55 div=0.26
21:10:19.564 CLOCK integ raw=140.56 prev=140.40 new=140.51 d=+0.104 fr=120.30 dt=0.104 rate=1.00 paused=False backlog=4.14 edge=144.65 div=0.26
21:10:19.668 CLOCK fold raw=140.84 prev=140.51 new=140.59 d=+0.076 fr=120.30 dt=0.104 rate=1.00 paused=False backlog=4.17 edge=144.75 div=0.26
21:10:19.770 CLOCK integ raw=140.84 prev=140.59 new=140.69 d=+0.102 fr=120.30 dt=0.102 rate=1.00 paused=False backlog=4.17 edge=144.86 div=0.26
21:10:19.871 CLOCK integ raw=140.84 prev=140.69 new=140.79 d=+0.101 fr=120.30 dt=0.101 rate=1.00 paused=False backlog=4.17 edge=144.96 div=0.26
21:10:19.976 CLOCK fold raw=141.13 prev=140.79 new=140.87 d=+0.078 fr=120.30 dt=0.105 rate=1.00 paused=False backlog=4.20 edge=145.06 div=0.26
21:10:20.078 CLOCK integ raw=141.13 prev=140.87 new=140.97 d=+0.102 fr=120.30 dt=0.102 rate=1.00 paused=False backlog=4.20 edge=145.16 div=0.26
21:10:20.181 CLOCK fold raw=141.41 prev=140.97 new=141.16 d=+0.186 fr=120.30 dt=0.103 rate=1.00 paused=False backlog=4.11 edge=145.27 div=0.26
21:10:20.283 CLOCK integ raw=141.41 prev=141.16 new=141.26 d=+0.101 fr=120.30 dt=0.101 rate=1.00 paused=False backlog=4.11 edge=145.37 div=0.26
21:10:20.384 CLOCK integ raw=141.41 prev=141.26 new=141.36 d=+0.102 fr=120.30 dt=0.102 rate=1.00 paused=False backlog=4.11 edge=145.47 div=0.26
21:10:20.486 CLOCK fold raw=141.69 prev=141.36 new=141.43 d=+0.069 fr=120.30 dt=0.101 rate=1.00 paused=False backlog=4.14 edge=145.57 div=0.26
21:10:20.591 CLOCK integ raw=141.69 prev=141.43 new=141.53 d=+0.106 fr=120.30 dt=0.106 rate=1.00 paused=False backlog=3.00 edge=144.53 div=0.26
21:10:20.793 CLOCK fold raw=141.97 prev=141.53 new=141.71 d=+0.174 fr=120.30 dt=0.202 rate=1.00 paused=False backlog=3.02 edge=144.73 div=0.26
21:10:20.895 CLOCK integ raw=141.97 prev=141.71 new=141.81 d=+0.102 fr=120.30 dt=0.102 rate=1.00 paused=False backlog=3.02 edge=144.83 div=0.26
21:10:20.996 CLOCK integ raw=141.97 prev=141.81 new=141.91 d=+0.101 fr=120.30 dt=0.101 rate=1.00 paused=False backlog=3.02 edge=144.94 div=0.26
21:10:21.098 CLOCK fold raw=142.29 prev=141.91 new=142.03 d=+0.116 fr=120.30 dt=0.101 rate=1.00 paused=False backlog=3.01 edge=145.04 div=0.26
21:10:21.201 CLOCK integ raw=142.29 prev=142.03 new=142.13 d=+0.103 fr=120.30 dt=0.103 rate=1.00 paused=False backlog=3.01 edge=145.14 div=0.26
21:10:21.302 CLOCK integ raw=142.29 prev=142.13 new=142.23 d=+0.102 fr=120.30 dt=0.102 rate=1.00 paused=False backlog=3.01 edge=145.24 div=0.26
21:10:21.403 CLOCK fold raw=142.59 prev=142.23 new=142.33 d=+0.096 fr=120.30 dt=0.101 rate=1.00 paused=False backlog=3.01 edge=145.34 div=0.26
21:10:21.505 CLOCK integ raw=142.59 prev=142.33 new=142.43 d=+0.102 fr=120.30 dt=0.102 rate=1.00 paused=False backlog=3.01 edge=145.44 div=0.26
21:10:21.608 CLOCK integ raw=142.59 prev=142.43 new=142.53 d=+0.102 fr=125.18 dt=0.102 rate=1.00 paused=False backlog=3.01 edge=145.55 div=0.26
21:10:21.710 CLOCK fold raw=142.89 prev=142.53 new=142.63 d=+0.097 fr=125.18 dt=0.103 rate=1.00 paused=False backlog=3.02 edge=145.65 div=0.26
21:10:21.811 CLOCK integ raw=142.89 prev=142.63 new=142.73 d=+0.102 fr=125.18 dt=0.102 rate=1.00 paused=False backlog=3.02 edge=145.75 div=0.26
21:10:21.914 CUE cx=[97.03..101.37] adv=4.34 el=11.10 fresh | off=42.16 fr=125.18 cc=142.73 raw=142.89 lead=+0.79 | pcr=146.932 head_rel=104.77 lag_ewma=7.83 | q=out on the field. It is. But / here's your virtual measureme
21:10:21.915 CUE cx=[101.37..102.83] adv=1.47 el=0.00 fresh | off=42.16 fr=125.18 cc=142.73 raw=142.89 lead=+2.26 | pcr=146.932 head_rel=104.77 lag_ewma=7.83 | q=here's your virtual measurement / and let's see how close. M
21:10:21.915 ANCHOR pend_end=102.83 L=5.77 pinL=1.94 target=41.87 off=42.16
21:10:21.915 CLOCK integ raw=142.89 prev=142.73 new=142.83 d=+0.103 fr=125.18 dt=0.103 rate=1.00 paused=False backlog=3.91 edge=146.74 div=0.26
21:10:21.915 PAINT after 3.5 s blank (t=142.83)
21:10:22.016 CLOCK fold raw=143.19 prev=142.83 new=142.93 d=+0.097 fr=125.59 dt=0.102 rate=1.00 paused=False backlog=3.91 edge=146.84 div=0.26
21:10:22.218 CLOCK integ raw=143.19 prev=142.93 new=143.13 d=+0.202 fr=125.59 dt=0.202 rate=1.00 paused=False backlog=3.91 edge=147.04 div=0.26
21:10:22.319 CLOCK fold raw=143.28 prev=143.13 new=143.02 d=-0.113 fr=125.59 dt=0.101 rate=1.00 paused=False backlog=4.12 edge=147.14 div=0.26
21:10:22.420 CLOCK integ raw=143.28 prev=143.02 new=143.12 d=+0.101 fr=125.59 dt=0.101 rate=1.00 paused=False backlog=4.12 edge=147.24 div=0.26
21:10:22.521 CLOCK integ raw=143.28 prev=143.12 new=143.22 d=+0.101 fr=125.59 dt=0.101 rate=1.00 paused=False backlog=4.12 edge=147.35 div=0.26
21:10:22.624 CLOCK integ raw=143.28 prev=143.22 new=143.32 d=+0.103 fr=125.59 dt=0.103 rate=1.00 paused=False backlog=3.92 edge=147.24 div=0.26
21:10:22.726 CLOCK integ raw=143.28 prev=143.32 new=143.43 d=+0.101 fr=125.59 dt=0.101 rate=1.00 paused=False backlog=3.92 edge=147.34 div=0.26
21:10:22.827 CLOCK integ raw=143.28 prev=143.43 new=143.53 d=+0.102 fr=125.59 dt=0.102 rate=1.00 paused=False backlog=3.92 edge=147.44 div=0.26
21:10:22.929 CLOCK integ raw=143.28 prev=143.53 new=143.63 d=+0.102 fr=125.59 dt=0.102 rate=1.00 paused=False backlog=3.92 edge=147.55 div=0.26
21:10:23.030 CLOCK integ raw=143.28 prev=143.63 new=143.73 d=+0.101 fr=125.59 dt=0.101 rate=1.00 paused=False backlog=3.92 edge=147.65 div=0.26
21:10:23.232 CLOCK integ raw=143.28 prev=143.73 new=143.93 d=+0.202 fr=125.59 dt=0.202 rate=1.00 paused=False backlog=3.92 edge=147.85 div=0.26
21:10:23.334 CLOCK integ raw=143.28 prev=143.93 new=144.02 d=+0.087 fr=125.59 dt=0.102 rate=1.00 paused=False backlog=3.93 edge=147.95 div=0.26
21:10:23.435 CLOCK integ raw=143.28 prev=144.02 new=144.02 d=+0.000 fr=125.59 dt=0.101 rate=1.00 paused=False backlog=4.03 edge=148.05 div=0.26
21:10:23.536 CLOCK integ raw=143.28 prev=144.02 new=144.02 d=+0.000 fr=125.59 dt=0.101 rate=1.00 paused=False backlog=4.13 edge=148.15 div=0.26
21:10:23.637 CLOCK integ raw=143.28 prev=144.02 new=144.02 d=+0.000 fr=125.59 dt=0.101 rate=1.00 paused=False backlog=4.23 edge=148.25 div=0.26
21:10:23.739 CLOCK integ raw=143.28 prev=144.02 new=144.02 d=+0.000 fr=125.59 dt=0.101 rate=1.00 paused=False backlog=4.34 edge=148.36 div=0.26
21:10:23.840 CLOCK integ raw=143.28 prev=144.02 new=144.02 d=+0.000 fr=125.59 dt=0.101 rate=1.00 paused=False backlog=4.44 edge=148.46 div=0.26
21:10:23.941 CLOCK integ raw=143.28 prev=144.02 new=144.02 d=+0.000 fr=125.59 dt=0.101 rate=1.00 paused=False backlog=4.54 edge=148.56 div=0.26
21:10:24.043 TICK fr=125.59 cc=144.02 raw=143.28 vid=144.49 playing=1 started=1 stall=0 | d_fr_cc=-18.43 d_fr_raw=-17.69 d_cc_raw=+0.74 | off=42.01 ccx_end=102.83 since_show=0.1 since_cue=2.1 | pcr=146.932 pid=100 head_rel=104.77 ccx_lag=1.94 | credit=125.6 capped=0.0 | fsize=66269436 feed=66269436 feed_behind=0 | backlog=4.54 edge=148.56 div=0.26 lag_ewma=5.77
21:10:24.043 CLOCK integ raw=143.28 prev=144.02 new=144.02 d=+0.000 fr=125.59 dt=0.102 rate=1.00 paused=False backlog=4.64 edge=148.66 div=0.26
21:10:24.145 CLOCK integ raw=143.28 prev=144.02 new=144.02 d=+0.000 fr=125.59 dt=0.101 rate=1.00 paused=False backlog=4.74 edge=148.76 div=0.26
21:10:24.246 CLOCK integ raw=143.28 prev=144.02 new=144.02 d=+0.000 fr=125.59 dt=0.101 rate=1.00 paused=False backlog=4.84 edge=148.86 div=0.26
21:10:24.347 CLOCK integ raw=143.28 prev=144.02 new=144.02 d=+0.000 fr=125.59 dt=0.101 rate=1.00 paused=False backlog=4.94 edge=148.96 div=0.26
21:10:24.447 CLOCK trickle raw=143.28 prev=144.02 new=144.02 d=+0.000 fr=125.59 dt=0.101 rate=1.00 paused=False backlog=4.97 edge=148.99 div=0.26
21:10:24.650 CLOCK trickle raw=143.28 prev=144.02 new=144.02 d=+0.000 fr=125.59 dt=0.203 rate=1.00 paused=False backlog=3.99 edge=148.01 div=0.26
21:10:24.751 CLOCK trickle raw=143.28 prev=144.02 new=144.02 d=+0.000 fr=125.59 dt=0.101 rate=1.00 paused=False backlog=4.01 edge=148.03 div=0.26
21:10:24.852 CLOCK trickle raw=143.28 prev=144.02 new=144.02 d=+0.000 fr=125.59 dt=0.101 rate=1.00 paused=False backlog=4.03 edge=148.05 div=0.26
21:10:24.953 CLOCK trickle raw=143.28 prev=144.02 new=144.02 d=+0.000 fr=125.59 dt=0.101 rate=1.00 paused=False backlog=4.03 edge=148.05 div=0.26
21:10:25.054 CLOCK trickle raw=143.28 prev=144.02 new=144.02 d=+0.000 fr=125.59 dt=0.101 rate=1.00 paused=False backlog=4.04 edge=148.05 div=0.26
21:10:25.155 CLOCK trickle raw=143.28 prev=144.02 new=144.02 d=+0.000 fr=125.59 dt=0.101 rate=1.00 paused=False backlog=4.04 edge=148.06 div=0.26
21:10:25.256 CLOCK trickle raw=143.28 prev=144.02 new=144.02 d=+0.000 fr=125.59 dt=0.101 rate=1.00 paused=False backlog=4.04 edge=148.06 div=0.26
21:10:25.358 CLOCK trickle raw=143.28 prev=144.02 new=144.02 d=+0.000 fr=125.59 dt=0.102 rate=1.00 paused=False backlog=4.04 edge=148.06 div=0.26
21:10:25.459 CLOCK trickle raw=143.28 prev=144.02 new=144.02 d=+0.000 fr=125.59 dt=0.101 rate=1.00 paused=False backlog=4.04 edge=148.06 div=0.26
21:10:25.560 CLOCK trickle raw=143.28 prev=144.02 new=144.02 d=+0.000 fr=125.59 dt=0.101 rate=1.00 paused=False backlog=4.04 edge=148.06 div=0.26
21:10:25.661 CLOCK trickle raw=143.28 prev=144.02 new=144.02 d=+0.000 fr=125.59 dt=0.101 rate=1.00 paused=False backlog=4.04 edge=148.06 div=0.26
21:10:25.862 CLOCK trickle raw=143.28 prev=144.02 new=144.02 d=+0.000 fr=125.59 dt=0.202 rate=1.00 paused=False backlog=4.04 edge=148.06 div=0.26
21:10:25.964 CLOCK trickle raw=143.28 prev=144.02 new=144.02 d=+0.000 fr=125.59 dt=0.102 rate=1.00 paused=False backlog=4.04 edge=148.06 div=0.26
21:10:26.065 CLOCK trickle raw=143.28 prev=144.02 new=144.02 d=+0.000 fr=125.59 dt=0.102 rate=1.00 paused=False backlog=4.04 edge=148.06 div=0.26
21:10:26.167 CLOCK trickle raw=143.28 prev=144.02 new=144.02 d=+0.000 fr=125.59 dt=0.102 rate=1.00 paused=False backlog=4.04 edge=148.06 div=0.26
21:10:26.268 CLOCK trickle raw=143.28 prev=144.02 new=144.02 d=+0.000 fr=125.59 dt=0.101 rate=1.00 paused=False backlog=4.04 edge=148.06 div=0.26
21:10:26.369 CLOCK trickle raw=143.28 prev=144.02 new=144.02 d=+0.000 fr=125.59 dt=0.101 rate=1.00 paused=False backlog=4.04 edge=148.06 div=0.26
21:10:26.471 CLOCK trickle raw=143.28 prev=144.02 new=144.02 d=+0.000 fr=125.59 dt=0.101 rate=1.00 paused=False backlog=4.04 edge=148.06 div=0.26
21:10:26.591 CLOCK trickle raw=143.28 prev=144.02 new=144.02 d=+0.000 fr=125.59 dt=0.121 rate=1.00 paused=False backlog=4.18 edge=148.20 div=0.26
21:10:26.692 CLOCK trickle raw=143.28 prev=144.02 new=144.02 d=+0.000 fr=125.59 dt=0.101 rate=1.00 paused=False backlog=4.18 edge=148.20 div=0.26
21:10:26.795 CLOCK trickle raw=143.28 prev=144.02 new=144.02 d=+0.000 fr=125.59 dt=0.103 rate=1.00 paused=False backlog=4.18 edge=148.20 div=0.26
21:10:26.920 EDGESNAP err=+6.11 edge->154.30
21:10:26.920 CUE cx=[102.84..107.14] adv=4.30 el=4.98 fresh | off=42.01 fr=130.47 cc=144.02 raw=143.28 lead=+5.13 | pcr=154.304 head_rel=112.14 lag_ewma=11.87 | q=and let's see how close. Maybe / by half a football picked u
21:10:26.921 ANCHOR pend_end=107.14 L=9.47 pinL=5.00 target=42.16 off=42.01
21:10:26.921 CLOCK trickle raw=143.28 prev=144.02 new=144.02 d=+0.000 fr=130.47 dt=0.126 rate=1.00 paused=False backlog=10.28 edge=154.30 div=0.26
21:10:27.022 CLOCK trickle raw=143.28 prev=144.02 new=144.02 d=+0.000 fr=130.47 dt=0.102 rate=1.00 paused=False backlog=10.28 edge=154.30 div=0.26
21:10:27.123 CLOCK trickle raw=143.28 prev=144.02 new=144.02 d=+0.000 fr=130.47 dt=0.101 rate=1.00 paused=False backlog=10.28 edge=154.30 div=0.26
21:10:27.124 CUE cx=[107.14..108.57] adv=1.44 el=0.23 fresh | off=42.09 fr=130.47 cc=144.02 raw=143.28 lead=+6.64 | pcr=154.304 head_rel=112.14 lag_ewma=9.47 | q=by half a football picked up / the first down. Now for the /
21:10:27.124 CUE cx=[108.58..109.64] adv=1.07 el=0.00 fresh | off=42.09 fr=130.47 cc=144.02 raw=143.28 lead=+7.71 | pcr=154.304 head_rel=112.14 lag_ewma=9.47 | q=the first down. Now for the / Broncos defense, their first /
21:10:27.124 CUE cx=[109.64..111.18] adv=1.54 el=0.00 fresh | off=42.09 fr=130.47 cc=144.02 raw=143.28 lead=+9.24 | pcr=154.304 head_rel=112.14 lag_ewma=9.47 | q=Broncos defense, their first / string defense. You're seeing
21:10:27.226 ANCHOR pend_end=111.18 L=6.49 pinL=0.97 target=42.16 off=42.09
21:10:27.226 CLOCK trickle raw=143.28 prev=144.02 new=144.02 d=+0.000 fr=130.47 dt=0.103 rate=1.00 paused=False backlog=10.28 edge=154.30 div=0.26
21:10:27.329 CLOCK trickle raw=143.28 prev=144.02 new=144.02 d=+0.000 fr=130.47 dt=0.102 rate=1.00 paused=False backlog=10.28 edge=154.30 div=0.26
21:10:27.430 CLOCK trickle raw=143.28 prev=144.02 new=144.02 d=+0.000 fr=130.47 dt=0.102 rate=1.00 paused=False backlog=10.28 edge=154.30 div=0.26
21:10:27.531 CLOCK trickle raw=143.28 prev=144.02 new=144.02 d=+0.000 fr=130.47 dt=0.101 rate=1.00 paused=False backlog=10.28 edge=154.30 div=0.26
21:10:27.632 CLOCK trickle raw=143.28 prev=144.02 new=144.02 d=+0.000 fr=130.47 dt=0.101 rate=1.00 paused=False backlog=10.28 edge=154.30 div=0.26
21:10:27.734 CLOCK trickle raw=143.28 prev=144.02 new=144.02 d=+0.000 fr=130.47 dt=0.102 rate=1.00 paused=False backlog=10.28 edge=154.30 div=0.26
21:10:27.837 CLOCK trickle raw=143.28 prev=144.02 new=144.02 d=+0.000 fr=130.47 dt=0.102 rate=1.00 paused=False backlog=10.28 edge=154.30 div=0.26
21:10:28.040 CLOCK trickle raw=143.28 prev=144.02 new=144.02 d=+0.000 fr=130.47 dt=0.203 rate=1.00 paused=False backlog=10.28 edge=154.30 div=0.26
21:10:28.141 CLOCK trickle raw=143.28 prev=144.02 new=144.02 d=+0.000 fr=130.47 dt=0.101 rate=1.00 paused=False backlog=10.28 edge=154.30 div=0.26
21:10:28.242 CLOCK trickle raw=143.28 prev=144.02 new=144.02 d=+0.000 fr=130.47 dt=0.101 rate=1.00 paused=False backlog=10.28 edge=154.30 div=0.26
21:10:28.343 CLOCK stall raw=143.28 prev=144.02 new=144.02 d=+0.000 fr=130.47 dt=0.101 rate=1.00 paused=False backlog=10.28 edge=154.30 div=0.26
21:10:28.444 CLOCK stall raw=143.28 prev=144.02 new=144.02 d=+0.000 fr=130.47 dt=0.101 rate=1.00 paused=False backlog=10.28 edge=154.30 div=0.26
21:10:28.576 CLOCK stall raw=143.28 prev=144.02 new=144.02 d=+0.000 fr=132.12 dt=0.132 rate=1.00 paused=False backlog=10.71 edge=154.73 div=0.26
21:10:28.677 CLOCK stall raw=143.28 prev=144.02 new=144.02 d=+0.000 fr=132.12 dt=0.101 rate=1.00 paused=False backlog=10.71 edge=154.73 div=0.26
21:10:28.779 CLOCK stall raw=143.28 prev=144.02 new=144.02 d=+0.000 fr=132.12 dt=0.101 rate=1.00 paused=False backlog=10.71 edge=154.73 div=0.26
21:10:28.880 CLOCK stall raw=143.28 prev=144.02 new=144.02 d=+0.000 fr=132.12 dt=0.101 rate=1.00 paused=False backlog=10.71 edge=154.73 div=0.26
21:10:28.886 EDGESNAP err=+3.02 edge->157.75
21:10:28.886 CUE cx=[111.18..112.55] adv=1.37 el=1.76 fresh | off=42.12 fr=132.46 cc=144.02 raw=143.28 lead=+10.65 | pcr=157.747 head_rel=115.59 lag_ewma=9.51 | q=string defense. You're seeing / all these situations. You ha
21:10:28.886 CUE cx=[112.55..113.65] adv=1.10 el=0.00 fresh | off=42.12 fr=132.46 cc=144.02 raw=143.28 lead=+11.75 | pcr=157.747 head_rel=115.59 lag_ewma=9.51 | q=all these situations. You had a / fourth down. Now you've go
21:10:28.988 ANCHOR pend_end=113.65 L=6.86 pinL=1.94 target=42.16 off=42.12
21:10:28.989 CLOCK stall raw=143.28 prev=144.02 new=144.02 d=+0.000 fr=132.46 dt=0.109 rate=1.00 paused=False backlog=13.73 edge=157.75 div=0.26
21:10:28.991 TICK fr=132.46 cc=144.02 raw=143.28 vid=145.31 playing=1 started=1 stall=0 | d_fr_cc=-11.56 d_fr_raw=-10.82 d_cc_raw=+0.74 | off=42.14 ccx_end=113.65 since_show=0.0 since_cue=0.1 | pcr=157.747 pid=100 head_rel=115.59 ccx_lag=1.94 | credit=132.5 capped=0.0 | fsize=71599048 feed=71599048 feed_behind=0 | backlog=13.73 edge=157.75 div=0.26 lag_ewma=6.86
21:10:29.093 CLOCK stall raw=143.28 prev=144.02 new=144.02 d=+0.000 fr=132.46 dt=0.105 rate=1.00 paused=False backlog=13.73 edge=157.75 div=0.26
21:10:29.194 CLOCK stall raw=143.28 prev=144.02 new=144.02 d=+0.000 fr=132.46 dt=0.101 rate=1.00 paused=False backlog=13.73 edge=157.75 div=0.26
21:10:29.296 CLOCK stall raw=143.28 prev=144.02 new=144.02 d=+0.000 fr=132.46 dt=0.102 rate=1.00 paused=False backlog=13.73 edge=157.75 div=0.26
21:10:29.397 CLOCK stall raw=143.28 prev=144.02 new=144.02 d=+0.000 fr=132.46 dt=0.101 rate=1.00 paused=False backlog=13.73 edge=157.75 div=0.26
21:10:29.498 CLOCK stall raw=143.28 prev=144.02 new=144.02 d=+0.000 fr=132.46 dt=0.101 rate=1.00 paused=False backlog=13.73 edge=157.75 div=0.26
21:10:29.599 CLOCK stall raw=143.28 prev=144.02 new=144.02 d=+0.000 fr=132.46 dt=0.101 rate=1.00 paused=False backlog=13.73 edge=157.75 div=0.26
21:10:29.701 CLOCK stall raw=143.28 prev=144.02 new=144.02 d=+0.000 fr=132.46 dt=0.102 rate=1.00 paused=False backlog=13.73 edge=157.75 div=0.26
21:10:29.905 CLOCK stall raw=143.28 prev=144.02 new=144.02 d=+0.000 fr=132.46 dt=0.203 rate=1.00 paused=False backlog=13.73 edge=157.75 div=0.26
21:10:30.006 CLOCK stall raw=143.28 prev=144.02 new=144.02 d=+0.000 fr=132.46 dt=0.101 rate=1.00 paused=False backlog=13.73 edge=157.75 div=0.26
21:10:30.109 CLOCK stall raw=143.28 prev=144.02 new=144.02 d=+0.000 fr=132.46 dt=0.103 rate=1.00 paused=False backlog=13.73 edge=157.75 div=0.26
21:10:30.111 XPORT rate target=- raw_pre=143.28 fr=132.46 cc=144.02 vid=145.31 rate=1.00 rate=1
21:10:30.111 SEED target=144.02 jump=False backlog=13.73 edge=157.75
21:10:30.306 CLOCK base raw=0.00 prev=144.02 new=0.74 d=-143.278 fr=132.46 dt=0.195 rate=1.00 paused=False backlog=157.00 edge=157.75 div=0.26
21:10:30.407 CLOCK trickle raw=0.00 prev=0.74 new=0.74 d=+0.000 fr=132.46 dt=0.101 rate=1.00 paused=False backlog=157.00 edge=157.75 div=0.26
21:10:30.508 CLOCK renum raw=144.48 prev=0.74 new=0.74 d=+0.000 fr=132.46 dt=0.101 rate=1.00 paused=False backlog=157.00 edge=157.75 div=143.74 reject=jump(+144.48)
21:10:30.610 CLOCK integ raw=144.48 prev=0.74 new=0.84 d=+0.102 fr=132.46 dt=0.102 rate=1.00 paused=False backlog=157.00 edge=157.85 div=143.74
21:10:30.711 CLOCK integ raw=144.48 prev=0.84 new=0.95 d=+0.101 fr=132.46 dt=0.101 rate=1.00 paused=False backlog=157.00 edge=157.95 div=143.74
21:10:30.812 CLOCK fold raw=144.74 prev=0.95 new=1.00 d=+0.056 fr=132.46 dt=0.101 rate=1.00 paused=False backlog=157.05 edge=158.05 div=143.74
21:10:30.916 CLOCK integ raw=144.74 prev=1.00 new=1.11 d=+0.104 fr=132.46 dt=0.104 rate=1.00 paused=False backlog=157.05 edge=158.15 div=143.74
21:10:31.118 XPORT1s rate raw=144.99 fr=132.46 cc=1.11 vid=144.74
21:10:31.119 CLOCK fold raw=144.99 prev=1.11 new=1.25 d=+0.148 fr=132.46 dt=0.203 rate=1.00 paused=False backlog=157.10 edge=158.36 div=143.74
21:10:31.321 CLOCK fold raw=145.25 prev=1.25 new=1.51 d=+0.256 fr=132.46 dt=0.202 rate=1.00 paused=False backlog=157.05 edge=158.56 div=143.74
21:10:31.424 CLOCK integ raw=145.25 prev=1.51 new=1.61 d=+0.102 fr=132.46 dt=0.102 rate=1.00 paused=False backlog=157.05 edge=158.66 div=143.74
21:10:31.525 CLOCK fold raw=145.51 prev=1.61 new=1.77 d=+0.155 fr=132.46 dt=0.101 rate=1.00 paused=False backlog=157.00 edge=158.76 div=143.74
21:10:31.626 CLOCK integ raw=145.51 prev=1.77 new=1.87 d=+0.101 fr=132.46 dt=0.101 rate=1.00 paused=False backlog=157.00 edge=158.86 div=143.74
21:10:31.728 CLOCK integ raw=145.51 prev=1.87 new=1.97 d=+0.101 fr=132.46 dt=0.101 rate=1.00 paused=False backlog=157.00 edge=158.97 div=143.74
21:10:31.829 CLOCK fold raw=145.77 prev=1.97 new=2.03 d=+0.057 fr=132.46 dt=0.102 rate=1.00 paused=False backlog=157.04 edge=159.07 div=143.74
21:10:31.931 CLOCK integ raw=145.77 prev=2.03 new=2.13 d=+0.101 fr=132.46 dt=0.101 rate=1.00 paused=False backlog=157.04 edge=159.17 div=143.74
21:10:32.032 CLOCK fold raw=146.02 prev=2.13 new=2.28 d=+0.151 fr=132.46 dt=0.101 rate=1.00 paused=False backlog=156.99 edge=159.27 div=143.74
21:10:32.133 CLOCK integ raw=146.02 prev=2.28 new=2.38 d=+0.101 fr=132.46 dt=0.101 rate=1.00 paused=False backlog=156.99 edge=159.37 div=143.74
21:10:32.235 CLOCK integ raw=146.02 prev=2.38 new=2.48 d=+0.102 fr=132.46 dt=0.102 rate=1.00 paused=False backlog=156.99 edge=159.47 div=143.74
21:10:32.336 CLOCK fold raw=146.28 prev=2.48 new=2.54 d=+0.055 fr=132.46 dt=0.101 rate=1.00 paused=False backlog=157.04 edge=159.57 div=143.74
21:10:32.539 CLOCK fold raw=146.53 prev=2.54 new=2.79 d=+0.258 fr=132.46 dt=0.203 rate=1.00 paused=False backlog=156.98 edge=159.78 div=143.74
21:10:32.641 CLOCK integ raw=146.53 prev=2.79 new=2.90 d=+0.102 fr=132.46 dt=0.102 rate=1.00 paused=False backlog=155.97 edge=158.86 div=143.74
21:10:32.742 PHASE END engage matrix complete
21:11:20.718 === sync diagnosis log enabled (pid=17072) ===
