21:11:20.718 === sync diagnosis log enabled (pid=17072) ===
21:14:20.566 PHASE START cold join, captions engaged immediately
21:14:20.876 MEDIA kind=live title='US: NFL NETWORK HD'
21:14:20.877 XPORT rate target=- raw_pre=-1.00 fr=0.00 cc=0.00 vid=0.00 rate=1.00 rate=1
21:14:20.877 XPORT rate target=- raw_pre=-1.00 fr=0.00 cc=0.00 vid=0.00 rate=1.00 rate=1
21:14:21.925 XPORT1s rate raw=-1.00 fr=0.00 cc=0.00 vid=0.00
21:14:21.925 XPORT1s rate raw=-1.00 fr=0.00 cc=0.00 vid=0.00
21:14:22.633 CCSTART buf=C:\Users\micha\AppData\Local\Temp\mtp_dvr_g19l5kdu\buffer.ts join_byte=0
21:14:22.634 DVRSTART base=0.00 size=2016676
21:14:22.726 PCRJOIN byte=0 pid=100 pcr=0.000
21:14:23.534 XPORT rate target=- raw_pre=-1.00 fr=0.90 cc=0.00 vid=0.00 rate=1.00 rate=1
21:14:23.537 SEED target=0.00 jump=False backlog=5.00 edge=5.00
21:14:23.837 EDGESNAP err=+16.42 edge->21.42
21:14:23.837 CUE cx=[11.11..12.54] adv=- el=1.00 fresh | off=- fr=0.90 cc=0.00 raw=0.00 lead=- | pcr=21.423 head_rel=21.42 lag_ewma=- | q=11. Out of the gun. Love now / creeps to the line. Can see /
21:14:23.838 CUE cx=[12.55..14.05] adv=1.50 el=0.04 fresh | off=- fr=0.90 cc=0.00 raw=0.00 lead=- | pcr=21.423 head_rel=21.42 lag_ewma=- | q=creeps to the line. Can see / Alex Singleton changing the / 
21:14:23.839 CUE cx=[14.05..15.31] adv=1.27 el=0.00 fresh | off=- fr=0.90 cc=0.00 raw=0.00 lead=- | pcr=21.423 head_rel=21.42 lag_ewma=- | q=Alex Singleton changing the / defense for Denver. Love to / 
21:14:23.839 CUE cx=[15.32..16.92] adv=1.60 el=0.00 fresh | off=- fr=0.90 cc=0.00 raw=0.00 lead=- | pcr=21.423 head_rel=21.42 lag_ewma=- | q=defense for Denver. Love to / throw. Looking left waiting fo
21:14:23.893 ANCHOR pend_end=16.92 L=4.51 pinL=4.51 target=0.00 off=-
21:14:23.895 CLOCK seed raw=0.00 prev=0.00 new=0.00 d=+0.000 fr=0.90 dt=0.358 rate=1.00 paused=False backlog=21.42 edge=21.42 div=-
21:14:24.085 CLOCK integ raw=0.00 prev=0.00 new=0.19 d=+0.188 fr=1.28 dt=0.188 rate=1.00 paused=False backlog=21.42 edge=21.61 div=-
21:14:24.332 EDGESNAP err=+5.57 edge->27.19
21:14:24.334 CUE cx=[16.92..19.08] adv=2.17 el=0.45 fresh | off=0.00 fr=1.28 cc=0.19 raw=0.00 lead=+18.90 | pcr=27.186 head_rel=27.19 lag_ewma=10.08 | q=throw. Looking left waiting for / a man coming across the mi
21:14:24.335 CUE cx=[19.09..21.22] adv=2.14 el=0.05 fresh | off=0.00 fr=1.28 cc=0.19 raw=0.00 lead=+21.03 | pcr=27.186 head_rel=27.19 lag_ewma=10.08 | q=a man coming across the middle. / It's the running back Mars
21:14:24.336 CUE cx=[21.22..23.69] adv=2.47 el=0.00 fresh | off=0.00 fr=1.28 cc=0.19 raw=0.00 lead=+23.50 | pcr=27.186 head_rel=27.19 lag_ewma=10.08 | q=It's the running back Marshawn / Lloyd into the end zone for
21:14:24.337 CUE cx=[23.69..25.89] adv=2.20 el=0.00 fresh | off=0.00 fr=1.28 cc=0.19 raw=0.00 lead=+25.70 | pcr=27.186 head_rel=27.19 lag_ewma=10.08 | q=Lloyd into the end zone for the / touchdown. 11 yards from J
21:14:24.350 ANCHOR pend_end=25.89 L=7.01 pinL=1.29 target=0.00 off=0.00
21:14:24.351 CLOCK integ raw=0.00 prev=0.19 new=0.46 d=+0.268 fr=1.28 dt=0.268 rate=1.00 paused=False backlog=27.00 edge=27.45 div=-
21:14:24.561 CLOCK integ raw=0.00 prev=0.46 new=0.66 d=+0.208 fr=1.75 dt=0.208 rate=1.00 paused=False backlog=27.00 edge=27.66 div=-
21:14:24.716 XPORT1s rate raw=0.00 fr=1.75 cc=0.66 vid=0.47
21:14:24.753 CLOCK integ raw=0.00 prev=0.66 new=0.86 d=+0.193 fr=1.75 dt=0.193 rate=1.00 paused=False backlog=26.76 edge=27.62 div=-
21:14:24.868 CLOCK integ raw=0.00 prev=0.86 new=0.97 d=+0.116 fr=1.75 dt=0.116 rate=1.00 paused=False backlog=26.76 edge=27.73 div=-
21:14:24.940 CLOCK integ raw=0.00 prev=0.97 new=1.00 d=+0.027 fr=1.75 dt=0.071 rate=1.00 paused=False backlog=26.80 edge=27.80 div=-
21:14:25.067 CLOCK integ raw=0.00 prev=1.00 new=1.00 d=+0.000 fr=1.75 dt=0.127 rate=1.00 paused=False backlog=26.93 edge=27.93 div=-
21:14:25.128 CLOCK integ raw=0.00 prev=1.00 new=1.00 d=+0.000 fr=1.75 dt=0.061 rate=1.00 paused=False backlog=26.99 edge=27.99 div=-
21:14:25.291 CLOCK integ raw=0.00 prev=1.00 new=1.00 d=+0.000 fr=1.75 dt=0.162 rate=1.00 paused=False backlog=27.15 edge=28.15 div=-
21:14:25.348 CLOCK integ raw=0.00 prev=1.00 new=1.00 d=+0.000 fr=1.75 dt=0.057 rate=1.00 paused=False backlog=27.21 edge=28.21 div=-
21:14:25.628 CLOCK integ raw=0.00 prev=1.00 new=1.00 d=+0.000 fr=1.75 dt=0.280 rate=1.00 paused=False backlog=27.49 edge=28.49 div=-
21:14:25.697 TICK fr=1.75 cc=1.00 raw=0.00 vid=1.75 playing=1 started=1 stall=0 | d_fr_cc=+0.75 d_fr_raw=+1.75 d_cc_raw=+1.00 | off=0.00 ccx_end=25.89 since_show=- since_cue=1.4 | pcr=27.186 pid=100 head_rel=27.19 ccx_lag=1.29 | credit=1.8 capped=0.0 | fsize=12782872 feed=12782872 feed_behind=0 | backlog=27.49 edge=28.49 div=- lag_ewma=7.01
21:14:25.867 CLOCK integ raw=0.00 prev=1.00 new=1.00 d=+0.000 fr=1.75 dt=0.239 rate=1.00 paused=False backlog=27.73 edge=28.73 div=-
21:14:25.943 CLOCK integ raw=0.00 prev=1.00 new=1.00 d=+0.000 fr=1.75 dt=0.075 rate=1.00 paused=False backlog=27.81 edge=28.81 div=-
21:14:26.071 CLOCK integ raw=0.00 prev=1.00 new=1.00 d=+0.000 fr=1.75 dt=0.129 rate=1.00 paused=False backlog=27.94 edge=28.94 div=-
21:14:26.185 CLOCK integ raw=0.00 prev=1.00 new=1.00 d=+0.000 fr=1.75 dt=0.114 rate=1.00 paused=False backlog=28.05 edge=29.05 div=-
21:14:26.297 CLOCK integ raw=0.00 prev=1.00 new=1.00 d=+0.000 fr=1.75 dt=0.112 rate=1.00 paused=False backlog=28.16 edge=29.16 div=-
21:14:26.406 CLOCK integ raw=0.00 prev=1.00 new=1.00 d=+0.000 fr=1.75 dt=0.110 rate=1.00 paused=False backlog=28.27 edge=29.27 div=-
21:14:26.512 CLOCK integ raw=0.00 prev=1.00 new=1.00 d=+0.000 fr=1.75 dt=0.106 rate=1.00 paused=False backlog=28.38 edge=29.38 div=-
21:14:26.614 CLOCK integ raw=0.00 prev=1.00 new=1.00 d=+0.000 fr=1.75 dt=0.103 rate=1.00 paused=False backlog=28.48 edge=29.48 div=-
21:14:26.720 CLOCK integ raw=0.00 prev=1.00 new=1.00 d=+0.000 fr=1.75 dt=0.106 rate=1.00 paused=False backlog=27.44 edge=28.44 div=-
21:14:26.824 CLOCK trickle raw=0.00 prev=1.00 new=1.00 d=+0.000 fr=1.75 dt=0.104 rate=1.00 paused=False backlog=27.44 edge=28.44 div=-
21:14:26.925 CLOCK trickle raw=0.00 prev=1.00 new=1.00 d=+0.000 fr=1.75 dt=0.101 rate=1.00 paused=False backlog=27.44 edge=28.44 div=-
21:14:27.027 CLOCK trickle raw=0.00 prev=1.00 new=1.00 d=+0.000 fr=1.75 dt=0.102 rate=1.00 paused=False backlog=27.44 edge=28.44 div=-
21:14:27.692 CLOCK trickle raw=0.00 prev=1.00 new=1.00 d=+0.000 fr=1.75 dt=0.664 rate=1.00 paused=False backlog=27.44 edge=28.44 div=-
21:14:27.792 CLOCK trickle raw=0.00 prev=1.00 new=1.00 d=+0.000 fr=1.75 dt=0.101 rate=1.00 paused=False backlog=27.44 edge=28.44 div=-
21:14:27.915 CLOCK trickle raw=0.00 prev=1.00 new=1.00 d=+0.000 fr=1.75 dt=0.121 rate=1.00 paused=False backlog=27.44 edge=28.44 div=-
21:14:28.043 CLOCK trickle raw=0.00 prev=1.00 new=1.00 d=+0.000 fr=1.75 dt=0.127 rate=1.00 paused=False backlog=27.44 edge=28.44 div=-
21:14:28.120 CLOCK trickle raw=0.00 prev=1.00 new=1.00 d=+0.000 fr=1.75 dt=0.079 rate=1.00 paused=False backlog=27.44 edge=28.44 div=-
21:14:28.246 CLOCK trickle raw=0.00 prev=1.00 new=1.00 d=+0.000 fr=1.75 dt=0.126 rate=1.00 paused=False backlog=27.44 edge=28.44 div=-
21:14:28.337 CLOCK trickle raw=0.00 prev=1.00 new=1.00 d=+0.000 fr=1.75 dt=0.090 rate=1.00 paused=False backlog=27.44 edge=28.44 div=-
21:14:28.480 CLOCK trickle raw=0.00 prev=1.00 new=1.00 d=+0.000 fr=1.75 dt=0.144 rate=1.00 paused=False backlog=27.44 edge=28.44 div=-
21:14:28.560 CLOCK trickle raw=0.00 prev=1.00 new=1.00 d=+0.000 fr=1.75 dt=0.080 rate=1.00 paused=False backlog=27.44 edge=28.44 div=-
21:14:28.768 CLOCK trickle raw=0.00 prev=1.00 new=1.00 d=+0.000 fr=1.75 dt=0.208 rate=1.00 paused=False backlog=28.60 edge=29.60 div=-
21:14:28.795 CUE cx=[25.89..27.39] adv=1.50 el=4.46 fresh | off=0.00 fr=6.15 cc=1.00 raw=0.00 lead=+26.39 | pcr=30.767 head_rel=30.77 lag_ewma=7.01 | q=touchdown. 11 yards from Jordan / Love. And that's an impres
21:14:28.796 CUE cx=[27.39..30.00] adv=2.60 el=0.00 fresh | off=0.00 fr=6.15 cc=1.00 raw=0.00 lead=+29.00 | pcr=30.767 head_rel=30.77 lag_ewma=7.01 | q=Love. And that's an impressive / game opening drive for the 
21:14:28.878 ANCHOR pend_end=30.00 L=4.82 pinL=0.77 target=-0.29 off=0.00
21:14:28.879 CLOCK trickle raw=0.00 prev=1.00 new=1.00 d=+0.000 fr=6.15 dt=0.111 rate=1.00 paused=False backlog=29.48 edge=30.48 div=-
21:14:29.029 CLOCK trickle raw=0.00 prev=1.00 new=1.00 d=+0.000 fr=6.15 dt=0.150 rate=1.00 paused=False backlog=29.48 edge=30.48 div=-
21:14:29.110 CLOCK trickle raw=0.00 prev=1.00 new=1.00 d=+0.000 fr=6.15 dt=0.081 rate=1.00 paused=False backlog=29.48 edge=30.48 div=-
21:14:29.232 CLOCK trickle raw=0.00 prev=1.00 new=1.00 d=+0.000 fr=6.15 dt=0.122 rate=1.00 paused=False backlog=29.48 edge=30.48 div=-
21:14:29.300 CLOCK trickle raw=0.00 prev=1.00 new=1.00 d=+0.000 fr=6.15 dt=0.068 rate=1.00 paused=False backlog=29.48 edge=30.48 div=-
21:14:29.470 CLOCK trickle raw=0.00 prev=1.00 new=1.00 d=+0.000 fr=6.15 dt=0.169 rate=1.00 paused=False backlog=29.48 edge=30.48 div=-
21:14:29.545 CLOCK trickle raw=0.00 prev=1.00 new=1.00 d=+0.000 fr=6.15 dt=0.075 rate=1.00 paused=False backlog=29.48 edge=30.48 div=-
21:14:29.656 CLOCK trickle raw=0.00 prev=1.00 new=1.00 d=+0.000 fr=6.15 dt=0.113 rate=1.00 paused=False backlog=29.48 edge=30.48 div=-
21:14:29.776 CLOCK trickle raw=0.00 prev=1.00 new=1.00 d=+0.000 fr=6.15 dt=0.120 rate=1.00 paused=False backlog=29.48 edge=30.48 div=-
21:14:29.917 CLOCK stall raw=0.00 prev=1.00 new=1.00 d=+0.000 fr=6.15 dt=0.141 rate=1.00 paused=False backlog=29.48 edge=30.48 div=-
21:14:29.981 CLOCK stall raw=0.00 prev=1.00 new=1.00 d=+0.000 fr=6.15 dt=0.064 rate=1.00 paused=False backlog=29.54 edge=30.54 div=-
21:14:30.117 CLOCK stall raw=0.00 prev=1.00 new=1.00 d=+0.000 fr=6.15 dt=0.137 rate=1.00 paused=False backlog=29.68 edge=30.68 div=-
21:14:30.224 CLOCK stall raw=0.00 prev=1.00 new=1.00 d=+0.000 fr=6.15 dt=0.106 rate=1.00 paused=False backlog=29.78 edge=30.78 div=-
21:14:30.330 CLOCK stall raw=0.00 prev=1.00 new=1.00 d=+0.000 fr=6.15 dt=0.107 rate=1.00 paused=False backlog=29.78 edge=30.78 div=-
21:14:30.436 CLOCK stall raw=0.00 prev=1.00 new=1.00 d=+0.000 fr=6.15 dt=0.106 rate=1.00 paused=False backlog=29.78 edge=30.78 div=-
21:14:30.544 CLOCK stall raw=0.00 prev=1.00 new=1.00 d=+0.000 fr=6.15 dt=0.107 rate=1.00 paused=False backlog=29.78 edge=30.78 div=-
21:14:30.620 TICK fr=6.15 cc=1.00 raw=0.00 vid=3.21 playing=1 started=1 stall=0 | d_fr_cc=+5.15 d_fr_raw=+6.15 d_cc_raw=+1.00 | off=-0.15 ccx_end=30.00 since_show=- since_cue=1.8 | pcr=30.767 pid=100 head_rel=30.77 ccx_lag=0.77 | credit=6.2 capped=0.0 | fsize=14438400 feed=14438400 feed_behind=0 | backlog=29.78 edge=30.78 div=- lag_ewma=4.82
21:14:30.684 CLOCK stall raw=0.00 prev=1.00 new=1.00 d=+0.000 fr=6.15 dt=0.139 rate=1.00 paused=False backlog=29.77 edge=30.77 div=-
21:14:30.790 CLOCK stall raw=0.00 prev=1.00 new=1.00 d=+0.000 fr=6.15 dt=0.108 rate=1.00 paused=False backlog=29.77 edge=30.77 div=-
21:14:30.896 CLOCK stall raw=0.00 prev=1.00 new=1.00 d=+0.000 fr=6.15 dt=0.105 rate=1.00 paused=False backlog=29.77 edge=30.77 div=-
21:14:30.999 CLOCK stall raw=0.00 prev=1.00 new=1.00 d=+0.000 fr=6.15 dt=0.103 rate=1.00 paused=False backlog=29.77 edge=30.77 div=-
21:14:31.102 CLOCK stall raw=0.00 prev=1.00 new=1.00 d=+0.000 fr=6.15 dt=0.104 rate=1.00 paused=False backlog=29.77 edge=30.77 div=-
21:14:31.205 CLOCK stall raw=0.00 prev=1.00 new=1.00 d=+0.000 fr=6.15 dt=0.103 rate=1.00 paused=False backlog=29.77 edge=30.77 div=-
21:14:31.307 CLOCK stall raw=0.00 prev=1.00 new=1.00 d=+0.000 fr=6.15 dt=0.102 rate=1.00 paused=False backlog=29.77 edge=30.77 div=-
21:14:31.410 CLOCK stall raw=0.00 prev=1.00 new=1.00 d=+0.000 fr=6.15 dt=0.103 rate=1.00 paused=False backlog=29.77 edge=30.77 div=-
21:14:31.514 CLOCK stall raw=0.00 prev=1.00 new=1.00 d=+0.000 fr=6.15 dt=0.103 rate=1.00 paused=False backlog=29.77 edge=30.77 div=-
21:14:31.621 CLOCK stall raw=0.00 prev=1.00 new=1.00 d=+0.000 fr=6.15 dt=0.107 rate=1.00 paused=False backlog=29.77 edge=30.77 div=-
21:14:31.725 CLOCK stall raw=0.00 prev=1.00 new=1.00 d=+0.000 fr=6.15 dt=0.104 rate=1.00 paused=False backlog=29.77 edge=30.77 div=-
21:14:31.877 CLOCK stall raw=0.00 prev=1.00 new=1.00 d=+0.000 fr=6.15 dt=0.153 rate=1.00 paused=False backlog=29.77 edge=30.77 div=-
21:14:31.981 CLOCK stall raw=0.00 prev=1.00 new=1.00 d=+0.000 fr=6.15 dt=0.103 rate=1.00 paused=False backlog=29.77 edge=30.77 div=-
21:14:32.085 CLOCK stall raw=0.00 prev=1.00 new=1.00 d=+0.000 fr=6.15 dt=0.104 rate=1.00 paused=False backlog=29.77 edge=30.77 div=-
21:14:32.188 CLOCK stall raw=0.00 prev=1.00 new=1.00 d=+0.000 fr=6.15 dt=0.102 rate=1.00 paused=False backlog=29.77 edge=30.77 div=-
21:14:32.290 CLOCK stall raw=0.00 prev=1.00 new=1.00 d=+0.000 fr=6.15 dt=0.103 rate=1.00 paused=False backlog=29.77 edge=30.77 div=-
21:14:32.393 CLOCK stall raw=0.00 prev=1.00 new=1.00 d=+0.000 fr=6.15 dt=0.103 rate=1.00 paused=False backlog=29.77 edge=30.77 div=-
21:14:32.547 CLOCK stall raw=0.00 prev=1.00 new=1.00 d=+0.000 fr=6.15 dt=0.154 rate=1.00 paused=False backlog=29.77 edge=30.77 div=-
21:14:32.650 CLOCK stall raw=0.00 prev=1.00 new=1.00 d=+0.000 fr=6.15 dt=0.103 rate=1.00 paused=False backlog=29.77 edge=30.77 div=-
21:14:32.756 CLOCK stall raw=0.00 prev=1.00 new=1.00 d=+0.000 fr=6.15 dt=0.106 rate=1.00 paused=False backlog=29.77 edge=30.77 div=-
21:14:32.859 CLOCK stall raw=0.00 prev=1.00 new=1.00 d=+0.000 fr=6.15 dt=0.104 rate=1.00 paused=False backlog=29.77 edge=30.77 div=-
21:14:32.962 CLOCK stall raw=0.00 prev=1.00 new=1.00 d=+0.000 fr=6.15 dt=0.102 rate=1.00 paused=False backlog=29.77 edge=30.77 div=-
21:14:33.064 CLOCK stall raw=0.00 prev=1.00 new=1.00 d=+0.000 fr=6.15 dt=0.103 rate=1.00 paused=False backlog=29.77 edge=30.77 div=-
21:14:33.168 CLOCK stall raw=0.00 prev=1.00 new=1.00 d=+0.000 fr=6.15 dt=0.102 rate=1.00 paused=False backlog=29.77 edge=30.77 div=-
21:14:33.269 CLOCK stall raw=0.00 prev=1.00 new=1.00 d=+0.000 fr=6.15 dt=0.102 rate=1.00 paused=False backlog=29.77 edge=30.77 div=-
21:14:33.371 CLOCK stall raw=0.00 prev=1.00 new=1.00 d=+0.000 fr=6.15 dt=0.102 rate=1.00 paused=False backlog=29.77 edge=30.77 div=-
21:14:33.474 CLOCK stall raw=0.00 prev=1.00 new=1.00 d=+0.000 fr=6.15 dt=0.103 rate=1.00 paused=False backlog=29.77 edge=30.77 div=-
21:14:33.627 CLOCK stall raw=0.00 prev=1.00 new=1.00 d=+0.000 fr=10.94 dt=0.154 rate=1.00 paused=False backlog=29.77 edge=30.77 div=-
21:14:33.730 CLOCK stall raw=0.00 prev=1.00 new=1.00 d=+0.000 fr=10.94 dt=0.102 rate=1.00 paused=False backlog=29.77 edge=30.77 div=-
21:14:33.821 EDGESNAP err=+4.01 edge->34.78
21:14:33.822 CUE cx=[30.00..31.70] adv=1.70 el=4.99 fresh | off=-0.15 fr=10.94 cc=1.00 raw=0.00 lead=+30.55 | pcr=34.780 head_rel=34.78 lag_ewma=8.83 | q=game opening drive for the / green Bay Packers defensive mix
21:14:33.823 CUE cx=[31.70..33.20] adv=1.50 el=0.04 fresh | off=-0.15 fr=10.94 cc=1.00 raw=0.00 lead=+32.05 | pcr=34.780 head_rel=34.78 lag_ewma=8.83 | q=green Bay Packers defensive mix / up. You called it out Stev
21:14:33.824 ANCHOR pend_end=33.20 L=6.29 pinL=1.58 target=0.00 off=-0.15
21:14:33.824 CLOCK stall raw=0.00 prev=1.00 new=1.00 d=+0.000 fr=10.94 dt=0.094 rate=1.00 paused=False backlog=33.78 edge=34.78 div=-
21:14:33.928 CLOCK stall raw=0.00 prev=1.00 new=1.00 d=+0.000 fr=10.94 dt=0.104 rate=1.00 paused=False backlog=33.78 edge=34.78 div=-
21:14:34.031 CLOCK stall raw=0.00 prev=1.00 new=1.00 d=+0.000 fr=11.35 dt=0.103 rate=1.00 paused=False backlog=33.78 edge=34.78 div=-
21:14:34.185 CLOCK stall raw=0.00 prev=1.00 new=1.00 d=+0.000 fr=11.35 dt=0.154 rate=1.00 paused=False backlog=33.78 edge=34.78 div=-
21:14:34.287 CLOCK stall raw=0.00 prev=1.00 new=1.00 d=+0.000 fr=11.35 dt=0.102 rate=1.00 paused=False backlog=33.78 edge=34.78 div=-
21:14:34.389 CLOCK stall raw=0.00 prev=1.00 new=1.00 d=+0.000 fr=11.35 dt=0.102 rate=1.00 paused=False backlog=33.78 edge=34.78 div=-
21:14:34.491 CLOCK stall raw=0.00 prev=1.00 new=1.00 d=+0.000 fr=11.35 dt=0.102 rate=1.00 paused=False backlog=33.78 edge=34.78 div=-
21:14:34.594 CLOCK stall raw=0.00 prev=1.00 new=1.00 d=+0.000 fr=11.35 dt=0.102 rate=1.00 paused=False backlog=33.78 edge=34.78 div=-
21:14:34.697 CLOCK stall raw=0.00 prev=1.00 new=1.00 d=+0.000 fr=11.35 dt=0.104 rate=1.00 paused=False backlog=33.78 edge=34.78 div=-
21:14:34.799 CLOCK stall raw=0.00 prev=1.00 new=1.00 d=+0.000 fr=11.35 dt=0.103 rate=1.00 paused=False backlog=33.78 edge=34.78 div=-
21:14:34.904 CLOCK stall raw=0.00 prev=1.00 new=1.00 d=+0.000 fr=11.35 dt=0.104 rate=1.00 paused=False backlog=33.78 edge=34.78 div=-
21:14:35.056 CLOCK stall raw=0.00 prev=1.00 new=1.00 d=+0.000 fr=11.35 dt=0.152 rate=1.00 paused=False backlog=33.78 edge=34.78 div=-
21:14:35.158 CLOCK stall raw=0.00 prev=1.00 new=1.00 d=+0.000 fr=11.35 dt=0.102 rate=1.00 paused=False backlog=33.78 edge=34.78 div=-
21:14:35.261 CLOCK stall raw=0.00 prev=1.00 new=1.00 d=+0.000 fr=11.35 dt=0.103 rate=1.00 paused=False backlog=33.78 edge=34.78 div=-
21:14:35.364 CLOCK stall raw=0.00 prev=1.00 new=1.00 d=+0.000 fr=11.35 dt=0.103 rate=1.00 paused=False backlog=33.78 edge=34.78 div=-
21:14:35.467 CLOCK stall raw=0.00 prev=1.00 new=1.00 d=+0.000 fr=11.35 dt=0.103 rate=1.00 paused=False backlog=33.78 edge=34.78 div=-
21:14:35.568 CLOCK stall raw=0.00 prev=1.00 new=1.00 d=+0.000 fr=11.35 dt=0.101 rate=1.00 paused=False backlog=33.78 edge=34.78 div=-
21:14:35.623 TICK fr=11.35 cc=1.00 raw=0.00 vid=3.21 playing=1 started=1 stall=0 | d_fr_cc=+10.35 d_fr_raw=+11.35 d_cc_raw=+1.00 | off=-0.07 ccx_end=33.20 since_show=- since_cue=1.8 | pcr=34.780 pid=100 head_rel=34.78 ccx_lag=1.58 | credit=11.3 capped=0.0 | fsize=16018728 feed=16018728 feed_behind=0 | backlog=33.78 edge=34.78 div=- lag_ewma=6.29
21:14:35.674 CLOCK stall raw=0.00 prev=1.00 new=1.00 d=+0.000 fr=11.35 dt=0.106 rate=1.00 paused=False backlog=33.78 edge=34.78 div=-
21:14:35.776 CLOCK stall raw=0.00 prev=1.00 new=1.00 d=+0.000 fr=11.35 dt=0.102 rate=1.00 paused=False backlog=33.78 edge=34.78 div=-
21:14:35.927 CLOCK stall raw=0.00 prev=1.00 new=1.00 d=+0.000 fr=11.35 dt=0.152 rate=1.00 paused=False backlog=33.78 edge=34.78 div=-
21:14:36.029 CLOCK stall raw=0.00 prev=1.00 new=1.00 d=+0.000 fr=11.35 dt=0.102 rate=1.00 paused=False backlog=33.78 edge=34.78 div=-
21:14:36.131 CLOCK stall raw=0.00 prev=1.00 new=1.00 d=+0.000 fr=11.35 dt=0.102 rate=1.00 paused=False backlog=33.78 edge=34.78 div=-
21:14:36.233 CLOCK stall raw=0.00 prev=1.00 new=1.00 d=+0.000 fr=11.35 dt=0.102 rate=1.00 paused=False backlog=33.78 edge=34.78 div=-
21:14:36.336 CLOCK stall raw=0.00 prev=1.00 new=1.00 d=+0.000 fr=11.35 dt=0.103 rate=1.00 paused=False backlog=33.78 edge=34.78 div=-
21:14:36.439 CLOCK stall raw=0.00 prev=1.00 new=1.00 d=+0.000 fr=11.35 dt=0.103 rate=1.00 paused=False backlog=33.78 edge=34.78 div=-
21:14:36.542 CLOCK stall raw=0.00 prev=1.00 new=1.00 d=+0.000 fr=11.35 dt=0.104 rate=1.00 paused=False backlog=33.78 edge=34.78 div=-
21:14:36.696 CLOCK stall raw=0.00 prev=1.00 new=1.00 d=+0.000 fr=11.35 dt=0.154 rate=1.00 paused=False backlog=33.78 edge=34.78 div=-
21:14:36.798 CLOCK stall raw=0.00 prev=1.00 new=1.00 d=+0.000 fr=11.35 dt=0.102 rate=1.00 paused=False backlog=33.78 edge=34.78 div=-
21:14:36.901 CLOCK stall raw=0.00 prev=1.00 new=1.00 d=+0.000 fr=11.35 dt=0.104 rate=1.00 paused=False backlog=33.78 edge=34.78 div=-
21:14:37.004 CLOCK stall raw=0.00 prev=1.00 new=1.00 d=+0.000 fr=11.35 dt=0.102 rate=1.00 paused=False backlog=33.78 edge=34.78 div=-
21:14:37.106 CLOCK stall raw=0.00 prev=1.00 new=1.00 d=+0.000 fr=11.35 dt=0.102 rate=1.00 paused=False backlog=33.78 edge=34.78 div=-
21:14:37.208 CLOCK stall raw=0.00 prev=1.00 new=1.00 d=+0.000 fr=11.35 dt=0.102 rate=1.00 paused=False backlog=33.78 edge=34.78 div=-
21:14:37.361 CLOCK stall raw=0.00 prev=1.00 new=1.00 d=+0.000 fr=11.35 dt=0.153 rate=1.00 paused=False backlog=33.78 edge=34.78 div=-
21:14:37.463 CLOCK stall raw=0.00 prev=1.00 new=1.00 d=+0.000 fr=11.35 dt=0.102 rate=1.00 paused=False backlog=33.78 edge=34.78 div=-
21:14:37.564 CLOCK stall raw=0.00 prev=1.00 new=1.00 d=+0.000 fr=11.35 dt=0.102 rate=1.00 paused=False backlog=33.78 edge=34.78 div=-
21:14:37.666 CLOCK stall raw=0.00 prev=1.00 new=1.00 d=+0.000 fr=11.35 dt=0.102 rate=1.00 paused=False backlog=33.78 edge=34.78 div=-
21:14:37.769 CLOCK stall raw=0.00 prev=1.00 new=1.00 d=+0.000 fr=11.35 dt=0.102 rate=1.00 paused=False backlog=33.78 edge=34.78 div=-
21:14:37.871 CLOCK stall raw=0.00 prev=1.00 new=1.00 d=+0.000 fr=11.35 dt=0.103 rate=1.00 paused=False backlog=33.78 edge=34.78 div=-
21:14:37.973 CLOCK stall raw=0.00 prev=1.00 new=1.00 d=+0.000 fr=11.35 dt=0.102 rate=1.00 paused=False backlog=33.78 edge=34.78 div=-
21:14:38.076 CLOCK stall raw=0.00 prev=1.00 new=1.00 d=+0.000 fr=11.35 dt=0.102 rate=1.00 paused=False backlog=33.78 edge=34.78 div=-
21:14:38.229 CLOCK stall raw=0.00 prev=1.00 new=1.00 d=+0.000 fr=11.35 dt=0.155 rate=1.00 paused=False backlog=33.78 edge=34.78 div=-
21:14:38.333 CLOCK stall raw=0.00 prev=1.00 new=1.00 d=+0.000 fr=11.35 dt=0.103 rate=1.00 paused=False backlog=33.78 edge=34.78 div=-
21:14:38.435 CLOCK stall raw=0.00 prev=1.00 new=1.00 d=+0.000 fr=11.35 dt=0.103 rate=1.00 paused=False backlog=33.78 edge=34.78 div=-
21:14:38.537 CLOCK stall raw=0.00 prev=1.00 new=1.00 d=+0.000 fr=11.35 dt=0.102 rate=1.00 paused=False backlog=33.78 edge=34.78 div=-
21:14:38.639 CLOCK stall raw=0.00 prev=1.00 new=1.00 d=+0.000 fr=11.35 dt=0.102 rate=1.00 paused=False backlog=33.78 edge=34.78 div=-
21:14:38.738 CLOCK stall raw=0.00 prev=1.00 new=1.00 d=+0.000 fr=11.35 dt=0.099 rate=1.00 paused=False backlog=34.38 edge=35.38 div=-
21:14:38.791 CUE cx=[33.20..34.40] adv=1.20 el=4.97 fresh | off=-0.07 fr=11.35 cc=1.00 raw=0.00 lead=+33.33 | pcr=35.973 head_rel=35.97 lag_ewma=6.29 | q=up. You called it out Steve to / start. They got caught in a
21:14:38.894 ANCHOR pend_end=34.40 L=4.64 pinL=1.57 target=-0.30 off=-0.07
21:14:38.895 CLOCK stall raw=0.00 prev=1.00 new=1.00 d=+0.000 fr=16.26 dt=0.157 rate=1.00 paused=False backlog=34.67 edge=35.67 div=-
21:14:38.997 CLOCK stall raw=0.00 prev=1.00 new=1.00 d=+0.000 fr=16.26 dt=0.102 rate=1.00 paused=False backlog=34.67 edge=35.67 div=-
21:14:39.091 CUE cx=[34.40..35.90] adv=1.50 el=0.26 fresh | off=-0.19 fr=16.26 cc=1.00 raw=0.00 lead=+34.72 | pcr=38.013 head_rel=38.01 lag_ewma=4.64 | q=start. They got caught in a / blitz. Alex Singleton checked 
21:14:39.094 ANCHOR pend_end=35.90 L=3.76 pinL=2.11 target=-1.17 off=-0.19
21:14:39.094 CLOCK stall raw=0.00 prev=1.00 new=1.00 d=+0.000 fr=16.26 dt=0.097 rate=1.00 paused=False backlog=35.84 edge=36.84 div=-
21:14:39.196 CLOCK stall raw=0.00 prev=1.00 new=1.00 d=+0.000 fr=16.26 dt=0.102 rate=1.00 paused=False backlog=35.84 edge=36.84 div=-
21:14:39.299 CLOCK stall raw=0.00 prev=1.00 new=1.00 d=+0.000 fr=16.61 dt=0.103 rate=1.00 paused=False backlog=35.84 edge=36.84 div=-
21:14:39.400 CLOCK stall raw=0.00 prev=1.00 new=1.00 d=+0.000 fr=16.61 dt=0.102 rate=1.00 paused=False backlog=35.84 edge=36.84 div=-
21:14:39.502 CLOCK stall raw=0.00 prev=1.00 new=1.00 d=+0.000 fr=16.61 dt=0.102 rate=1.00 paused=False backlog=35.84 edge=36.84 div=-
21:14:39.605 CLOCK stall raw=0.00 prev=1.00 new=1.00 d=+0.000 fr=16.61 dt=0.103 rate=1.00 paused=False backlog=35.84 edge=36.84 div=-
21:14:39.760 CLOCK stall raw=0.00 prev=1.00 new=1.00 d=+0.000 fr=16.61 dt=0.155 rate=1.00 paused=False backlog=35.84 edge=36.84 div=-
21:14:39.862 CLOCK stall raw=0.00 prev=1.00 new=1.00 d=+0.000 fr=16.61 dt=0.102 rate=1.00 paused=False backlog=35.84 edge=36.84 div=-
21:14:39.964 CLOCK stall raw=0.00 prev=1.00 new=1.00 d=+0.000 fr=16.61 dt=0.102 rate=1.00 paused=False backlog=35.84 edge=36.84 div=-
21:14:40.067 CLOCK stall raw=0.00 prev=1.00 new=1.00 d=+0.000 fr=16.61 dt=0.102 rate=1.00 paused=False backlog=35.84 edge=36.84 div=-
21:14:40.169 CLOCK stall raw=0.00 prev=1.00 new=1.00 d=+0.000 fr=16.61 dt=0.103 rate=1.00 paused=False backlog=35.84 edge=36.84 div=-
21:14:40.271 CLOCK stall raw=0.00 prev=1.00 new=1.00 d=+0.000 fr=16.61 dt=0.102 rate=1.00 paused=False backlog=35.84 edge=36.84 div=-
21:14:40.374 CLOCK stall raw=0.00 prev=1.00 new=1.00 d=+0.000 fr=16.61 dt=0.103 rate=1.00 paused=False backlog=35.84 edge=36.84 div=-
21:14:40.527 CLOCK stall raw=0.00 prev=1.00 new=1.00 d=+0.000 fr=16.61 dt=0.153 rate=1.00 paused=False backlog=35.84 edge=36.84 div=-
21:14:40.628 CLOCK stall raw=0.00 prev=1.00 new=1.00 d=+0.000 fr=16.61 dt=0.101 rate=1.00 paused=False backlog=35.84 edge=36.84 div=-
21:14:40.629 TICK fr=16.61 cc=1.00 raw=0.00 vid=3.21 playing=1 started=1 stall=0 | d_fr_cc=+15.61 d_fr_raw=+16.61 d_cc_raw=+1.00 | off=-0.68 ccx_end=35.90 since_show=- since_cue=1.6 | pcr=38.013 pid=100 head_rel=38.01 ccx_lag=2.11 | credit=16.6 capped=0.0 | fsize=17402032 feed=17402032 feed_behind=0 | backlog=35.84 edge=36.84 div=- lag_ewma=3.76
21:14:40.733 CLOCK stall raw=0.00 prev=1.00 new=1.00 d=+0.000 fr=16.61 dt=0.104 rate=1.00 paused=False backlog=36.43 edge=37.43 div=-
21:14:40.834 CLOCK stall raw=0.00 prev=1.00 new=1.00 d=+0.000 fr=16.61 dt=0.101 rate=1.00 paused=False backlog=36.43 edge=37.43 div=-
21:14:40.937 CLOCK stall raw=0.00 prev=1.00 new=1.00 d=+0.000 fr=16.61 dt=0.103 rate=1.00 paused=False backlog=36.43 edge=37.43 div=-
21:14:41.038 CLOCK stall raw=0.00 prev=1.00 new=1.00 d=+0.000 fr=16.61 dt=0.101 rate=1.00 paused=False backlog=36.43 edge=37.43 div=-
21:14:41.141 CLOCK stall raw=0.00 prev=1.00 new=1.00 d=+0.000 fr=16.61 dt=0.103 rate=1.00 paused=False backlog=36.43 edge=37.43 div=-
21:14:41.242 CLOCK stall raw=0.00 prev=1.00 new=1.00 d=+0.000 fr=16.61 dt=0.101 rate=1.00 paused=False backlog=36.43 edge=37.43 div=-
21:14:41.394 CLOCK stall raw=0.00 prev=1.00 new=1.00 d=+0.000 fr=16.61 dt=0.153 rate=1.00 paused=False backlog=36.43 edge=37.43 div=-
21:14:41.495 CLOCK stall raw=0.00 prev=1.00 new=1.00 d=+0.000 fr=16.61 dt=0.101 rate=1.00 paused=False backlog=36.43 edge=37.43 div=-
21:14:41.597 CLOCK stall raw=0.00 prev=1.00 new=1.00 d=+0.000 fr=16.61 dt=0.102 rate=1.00 paused=False backlog=36.43 edge=37.43 div=-
21:14:41.698 CLOCK stall raw=0.00 prev=1.00 new=1.00 d=+0.000 fr=16.61 dt=0.101 rate=1.00 paused=False backlog=36.43 edge=37.43 div=-
21:14:41.800 CLOCK stall raw=0.00 prev=1.00 new=1.00 d=+0.000 fr=16.61 dt=0.102 rate=1.00 paused=False backlog=36.43 edge=37.43 div=-
21:14:41.952 CLOCK stall raw=0.00 prev=1.00 new=1.00 d=+0.000 fr=16.61 dt=0.152 rate=1.00 paused=False backlog=36.43 edge=37.43 div=-
21:14:42.054 CLOCK stall raw=0.00 prev=1.00 new=1.00 d=+0.000 fr=16.61 dt=0.102 rate=1.00 paused=False backlog=36.43 edge=37.43 div=-
21:14:42.156 CLOCK fold raw=0.24 prev=1.00 new=0.24 d=-0.760 fr=16.61 dt=0.102 rate=1.00 paused=False backlog=37.19 edge=37.43 div=0.00
21:14:42.258 CLOCK trickle raw=0.24 prev=0.24 new=0.24 d=+0.000 fr=16.61 dt=0.102 rate=1.00 paused=False backlog=37.19 edge=37.43 div=0.00
21:14:42.360 CLOCK trickle raw=0.24 prev=0.24 new=0.24 d=+0.000 fr=16.61 dt=0.102 rate=1.00 paused=False backlog=37.19 edge=37.43 div=0.00
21:14:42.462 CLOCK fold raw=0.52 prev=0.24 new=0.52 d=+0.279 fr=16.61 dt=0.101 rate=1.00 paused=False backlog=36.91 edge=37.43 div=0.00
21:14:42.564 CLOCK trickle raw=0.52 prev=0.52 new=0.52 d=+0.000 fr=16.61 dt=0.102 rate=1.00 paused=False backlog=36.93 edge=37.45 div=0.00
21:14:42.717 CLOCK fold raw=0.80 prev=0.52 new=0.80 d=+0.285 fr=16.61 dt=0.153 rate=1.00 paused=False backlog=36.95 edge=37.76 div=0.00
21:14:42.819 CLOCK trickle raw=0.80 prev=0.80 new=0.80 d=+0.000 fr=16.61 dt=0.101 rate=1.00 paused=False backlog=36.97 edge=37.77 div=0.00
21:14:42.920 CLOCK trickle raw=0.80 prev=0.80 new=0.80 d=+0.000 fr=16.61 dt=0.102 rate=1.00 paused=False backlog=36.98 edge=37.79 div=0.00
21:14:43.023 CLOCK fold raw=1.08 prev=0.80 new=1.08 d=+0.278 fr=16.61 dt=0.102 rate=1.00 paused=False backlog=36.73 edge=37.82 div=0.00
21:14:43.125 CLOCK trickle raw=1.08 prev=1.08 new=1.08 d=+0.000 fr=16.61 dt=0.102 rate=1.00 paused=False backlog=36.76 edge=37.84 div=0.00
21:14:43.227 CLOCK trickle raw=1.08 prev=1.08 new=1.08 d=+0.000 fr=16.61 dt=0.102 rate=1.00 paused=False backlog=36.79 edge=37.87 div=0.00
21:14:43.330 CLOCK fold raw=1.36 prev=1.08 new=1.36 d=+0.279 fr=16.61 dt=0.101 rate=1.00 paused=False backlog=36.61 edge=37.97 div=0.00
21:14:43.481 CLOCK integ raw=1.36 prev=1.36 new=1.51 d=+0.153 fr=16.61 dt=0.153 rate=1.00 paused=False backlog=36.61 edge=38.12 div=0.00
21:14:43.583 CLOCK fold raw=1.65 prev=1.51 new=1.65 d=+0.132 fr=16.61 dt=0.101 rate=1.00 paused=False backlog=36.58 edge=38.22 div=0.00
21:14:43.684 CLOCK integ raw=1.65 prev=1.65 new=1.75 d=+0.102 fr=16.61 dt=0.102 rate=1.00 paused=False backlog=36.58 edge=38.33 div=0.00
21:14:43.787 CLOCK integ raw=1.65 prev=1.75 new=1.85 d=+0.102 fr=16.61 dt=0.102 rate=1.00 paused=False backlog=36.58 edge=38.43 div=0.00
21:14:43.888 CLOCK fold raw=1.93 prev=1.85 new=1.93 d=+0.075 fr=16.61 dt=0.101 rate=1.00 paused=False backlog=36.60 edge=38.53 div=0.00
21:14:43.990 CLOCK integ raw=1.93 prev=1.93 new=2.03 d=+0.102 fr=16.61 dt=0.102 rate=1.00 paused=False backlog=36.60 edge=38.63 div=0.00
21:14:44.092 CLOCK integ raw=1.93 prev=2.03 new=2.13 d=+0.102 fr=16.61 dt=0.102 rate=1.00 paused=False backlog=36.60 edge=38.73 div=0.00
21:14:44.195 CLOCK fold raw=2.21 prev=2.13 new=2.21 d=+0.076 fr=16.61 dt=0.103 rate=1.00 paused=False backlog=36.63 edge=38.84 div=0.00
21:14:44.346 CLOCK integ raw=2.21 prev=2.21 new=2.36 d=+0.151 fr=16.61 dt=0.151 rate=1.00 paused=False backlog=36.63 edge=38.99 div=0.00
21:14:44.448 CLOCK fold raw=2.49 prev=2.36 new=2.49 d=+0.131 fr=16.61 dt=0.102 rate=1.00 paused=False backlog=36.60 edge=39.09 div=0.00
21:14:44.549 CLOCK integ raw=2.49 prev=2.49 new=2.59 d=+0.101 fr=21.92 dt=0.101 rate=1.00 paused=False backlog=36.60 edge=39.19 div=0.00
21:14:44.665 CLOCK integ raw=2.49 prev=2.59 new=2.70 d=+0.115 fr=21.92 dt=0.115 rate=1.00 paused=False backlog=36.93 edge=39.63 div=0.00
21:14:44.766 CLOCK fold raw=2.77 prev=2.70 new=2.77 d=+0.065 fr=21.92 dt=0.102 rate=1.00 paused=False backlog=36.96 edge=39.73 div=0.00
21:14:44.818 CUE cx=[35.90..38.54] adv=2.64 el=5.77 fresh | off=-0.68 fr=21.92 cc=2.77 raw=2.77 lead=+35.09 | pcr=39.839 head_rel=39.84 lag_ewma=3.76 | q=blitz. Alex Singleton checked / out of it. But it looks like
21:14:44.818 CUE cx=[38.54..39.67] adv=1.13 el=0.00 fresh | off=-0.68 fr=21.92 cc=2.77 raw=2.77 lead=+36.23 | pcr=39.839 head_rel=39.84 lag_ewma=3.76 | q=out of it. But it looks like / not everybody got the message
21:14:44.869 ANCHOR pend_end=39.67 L=2.50 pinL=0.17 target=-0.03 off=-0.68
21:14:44.870 CLOCK integ raw=2.77 prev=2.77 new=2.87 d=+0.103 fr=21.92 dt=0.103 rate=1.00 paused=False backlog=37.04 edge=39.91 div=0.00
21:14:44.971 CLOCK fold raw=3.05 prev=2.87 new=3.05 d=+0.176 fr=22.34 dt=0.101 rate=1.00 paused=False backlog=36.97 edge=40.02 div=0.00
21:14:45.093 EDGESNAP err=+2.77 edge->42.79
21:14:45.093 CUE cx=[39.67..41.37] adv=1.70 el=0.26 fresh | off=-0.35 fr=22.34 cc=3.05 raw=3.05 lead=+37.97 | pcr=42.787 head_rel=42.79 lag_ewma=5.27 | q=not everybody got the message. / So Jordan Love is going to 
21:14:45.093 ANCHOR pend_end=41.37 L=3.92 pinL=1.41 target=0.00 off=-0.35
21:14:45.094 CLOCK integ raw=3.05 prev=3.05 new=3.17 d=+0.124 fr=22.34 dt=0.124 rate=1.00 paused=False backlog=39.74 edge=42.91 div=0.00
21:14:45.196 CLOCK integ raw=3.05 prev=3.17 new=3.27 d=+0.102 fr=22.34 dt=0.102 rate=1.00 paused=False backlog=39.74 edge=43.01 div=0.00
21:14:45.298 CLOCK fold raw=3.33 prev=3.27 new=3.33 d=+0.055 fr=22.34 dt=0.102 rate=1.00 paused=False backlog=39.79 edge=43.11 div=0.00
21:14:45.400 CLOCK integ raw=3.33 prev=3.33 new=3.43 d=+0.102 fr=22.72 dt=0.102 rate=1.00 paused=False backlog=39.79 edge=43.22 div=0.00
21:14:45.553 CLOCK fold raw=3.61 prev=3.43 new=3.61 d=+0.180 fr=22.72 dt=0.152 rate=1.00 paused=False backlog=39.76 edge=43.37 div=0.00
21:14:45.570 EDGESNAP err=+3.35 edge->46.72
21:14:45.570 CUE cx=[41.38..42.81] adv=1.44 el=0.48 fresh | off=-0.18 fr=22.72 cc=3.61 raw=3.61 lead=+39.02 | pcr=46.719 head_rel=46.72 lag_ewma=7.27 | q=So Jordan Love is going to get / the ball finds the open / r
21:14:45.570 CUE cx=[42.81..43.98] adv=1.17 el=0.02 fresh | off=-0.18 fr=22.72 cc=3.61 raw=3.61 lead=+40.19 | pcr=46.719 head_rel=46.72 lag_ewma=7.27 | q=the ball finds the open / receiver. It's going to be a / fin
21:14:45.648 TICK fr=22.72 cc=3.61 raw=3.61 vid=3.33 playing=1 started=1 stall=0 | d_fr_cc=+19.11 d_fr_raw=+19.11 d_cc_raw=+0.00 | off=-0.18 ccx_end=43.98 since_show=- since_cue=0.1 | pcr=47.211 pid=100 head_rel=47.21 ccx_lag=3.23 | credit=22.7 capped=0.0 | fsize=21866092 feed=21794652 feed_behind=71440 | backlog=43.11 edge=46.72 div=0.00 lag_ewma=7.27
21:14:45.649 ANCHOR pend_end=43.98 L=5.69 pinL=2.74 target=0.00 off=-0.18
21:14:45.649 CLOCK integ raw=3.61 prev=3.61 new=3.71 d=+0.097 fr=22.72 dt=0.097 rate=1.00 paused=False backlog=43.11 edge=46.81 div=0.00
21:14:45.750 CLOCK integ raw=3.61 prev=3.71 new=3.81 d=+0.102 fr=22.72 dt=0.102 rate=1.00 paused=False backlog=43.11 edge=46.92 div=0.00
21:14:45.801 CUE cx=[43.98..45.01] adv=1.03 el=0.23 fresh | off=-0.09 fr=23.17 cc=3.81 raw=3.89 lead=+41.11 | pcr=46.719 head_rel=46.72 lag_ewma=5.69 | q=receiver. It's going to be a / finish from there. But the bi
21:14:45.802 CUE cx=[45.01..45.74] adv=0.73 el=0.00 fresh | off=-0.09 fr=23.17 cc=3.81 raw=3.89 lead=+41.85 | pcr=46.719 head_rel=46.72 lag_ewma=5.69 | q=finish from there. But the big / thing was just a / miscommu
21:14:45.853 ANCHOR pend_end=45.74 L=4.04 pinL=0.97 target=0.05 off=-0.09
21:14:45.853 CLOCK fold raw=3.89 prev=3.81 new=3.89 d=+0.083 fr=23.17 dt=0.103 rate=1.00 paused=False backlog=42.98 edge=46.87 div=0.00
21:14:45.955 CLOCK integ raw=3.89 prev=3.89 new=3.99 d=+0.101 fr=23.17 dt=0.101 rate=1.00 paused=False backlog=42.98 edge=46.97 div=0.00
21:14:46.057 CUE cx=[45.75..46.84] adv=1.10 el=0.25 fresh | off=-0.02 fr=23.17 cc=3.99 raw=3.89 lead=+42.83 | pcr=47.846 head_rel=47.85 lag_ewma=4.04 | q=thing was just a / miscommunication left the / middle of tha
21:14:46.108 ANCHOR pend_end=46.84 L=2.97 pinL=1.00 target=-0.44 off=-0.02
21:14:46.108 CLOCK fold raw=4.17 prev=3.99 new=4.17 d=+0.183 fr=23.17 dt=0.154 rate=1.00 paused=False backlog=43.39 edge=47.56 div=0.00
21:14:46.210 CLOCK integ raw=4.17 prev=4.17 new=4.28 d=+0.102 fr=23.17 dt=0.102 rate=1.00 paused=False backlog=43.39 edge=47.66 div=0.00
21:14:46.312 CLOCK integ raw=4.17 prev=4.28 new=4.38 d=+0.101 fr=23.17 dt=0.101 rate=1.00 paused=False backlog=43.39 edge=47.77 div=0.00
21:14:46.414 CLOCK fold raw=4.45 prev=4.38 new=4.45 d=+0.076 fr=23.17 dt=0.102 rate=1.00 paused=False backlog=43.41 edge=47.87 div=0.00
21:14:46.516 CLOCK integ raw=4.45 prev=4.45 new=4.56 d=+0.102 fr=23.17 dt=0.102 rate=1.00 paused=False backlog=43.41 edge=47.97 div=0.00
21:14:46.617 CLOCK integ raw=4.45 prev=4.56 new=4.66 d=+0.102 fr=23.17 dt=0.102 rate=1.00 paused=False backlog=43.41 edge=48.07 div=0.00
21:14:46.721 CLOCK fold raw=4.73 prev=4.66 new=4.73 d=+0.074 fr=23.17 dt=0.103 rate=1.00 paused=False backlog=43.33 edge=48.06 div=0.00
21:14:46.822 CLOCK integ raw=4.73 prev=4.73 new=4.83 d=+0.102 fr=23.17 dt=0.102 rate=1.00 paused=False backlog=43.33 edge=48.16 div=0.00
21:14:46.974 CLOCK fold raw=5.01 prev=4.83 new=5.01 d=+0.179 fr=23.17 dt=0.152 rate=1.00 paused=False backlog=43.30 edge=48.31 div=0.00
21:14:47.076 CLOCK integ raw=5.01 prev=5.01 new=5.11 d=+0.102 fr=23.17 dt=0.102 rate=1.00 paused=False backlog=43.30 edge=48.42 div=0.00
21:14:47.178 CLOCK integ raw=5.01 prev=5.11 new=5.22 d=+0.102 fr=23.17 dt=0.102 rate=1.00 paused=False backlog=43.30 edge=48.52 div=0.00
21:14:47.280 CLOCK fold raw=5.29 prev=5.22 new=5.29 d=+0.078 fr=23.17 dt=0.102 rate=1.00 paused=False backlog=43.33 edge=48.62 div=0.00
21:14:47.382 CLOCK integ raw=5.29 prev=5.29 new=5.40 d=+0.102 fr=23.17 dt=0.102 rate=1.00 paused=False backlog=43.33 edge=48.72 div=0.00
21:14:47.484 CLOCK fold raw=5.58 prev=5.40 new=5.58 d=+0.179 fr=23.17 dt=0.102 rate=1.00 paused=False backlog=43.25 edge=48.83 div=0.00
21:14:47.586 CLOCK integ raw=5.58 prev=5.58 new=5.68 d=+0.102 fr=23.17 dt=0.102 rate=1.00 paused=False backlog=43.25 edge=48.93 div=0.00
21:14:47.739 CLOCK integ raw=5.58 prev=5.68 new=5.83 d=+0.152 fr=23.17 dt=0.152 rate=1.00 paused=False backlog=43.25 edge=49.08 div=0.00
21:14:47.841 CLOCK fold raw=5.86 prev=5.83 new=5.86 d=+0.028 fr=23.17 dt=0.102 rate=1.00 paused=False backlog=43.32 edge=49.18 div=0.00
21:14:47.943 CLOCK integ raw=5.86 prev=5.86 new=5.96 d=+0.102 fr=23.17 dt=0.102 rate=1.00 paused=False backlog=43.32 edge=49.28 div=0.00
21:14:48.045 CLOCK fold raw=6.14 prev=5.96 new=6.14 d=+0.184 fr=23.17 dt=0.102 rate=1.00 paused=False backlog=43.24 edge=49.39 div=0.00
21:14:48.146 CLOCK integ raw=6.14 prev=6.14 new=6.25 d=+0.101 fr=23.17 dt=0.101 rate=1.00 paused=False backlog=43.24 edge=49.49 div=0.00
21:14:48.248 CLOCK integ raw=6.14 prev=6.25 new=6.35 d=+0.102 fr=23.17 dt=0.102 rate=1.00 paused=False backlog=43.24 edge=49.59 div=0.00
21:14:48.350 CLOCK fold raw=6.42 prev=6.35 new=6.42 d=+0.072 fr=23.17 dt=0.102 rate=1.00 paused=False backlog=43.27 edge=49.69 div=0.00
21:14:48.502 CLOCK integ raw=6.42 prev=6.42 new=6.57 d=+0.152 fr=23.17 dt=0.152 rate=1.00 paused=False backlog=43.27 edge=49.84 div=0.00
21:14:48.604 CLOCK fold raw=6.70 prev=6.57 new=6.70 d=+0.130 fr=23.17 dt=0.101 rate=1.00 paused=False backlog=43.24 edge=49.94 div=0.00
21:14:48.707 CLOCK integ raw=6.70 prev=6.70 new=6.81 d=+0.104 fr=23.17 dt=0.104 rate=1.00 paused=False backlog=42.19 edge=49.00 div=0.00
21:14:48.808 CLOCK integ raw=6.70 prev=6.81 new=6.91 d=+0.101 fr=23.17 dt=0.101 rate=1.00 paused=False backlog=42.19 edge=49.10 div=0.00
21:14:48.910 CLOCK fold raw=6.98 prev=6.91 new=6.98 d=+0.076 fr=23.17 dt=0.102 rate=1.00 paused=False backlog=42.22 edge=49.20 div=0.00
21:14:49.063 CLOCK integ raw=6.98 prev=6.98 new=7.14 d=+0.153 fr=23.17 dt=0.153 rate=1.00 paused=False backlog=42.22 edge=49.35 div=0.00
21:14:49.164 CLOCK fold raw=7.26 prev=7.14 new=7.26 d=+0.128 fr=23.17 dt=0.102 rate=1.00 paused=False backlog=42.19 edge=49.46 div=0.00
21:14:49.265 CLOCK integ raw=7.26 prev=7.26 new=7.36 d=+0.101 fr=23.17 dt=0.101 rate=1.00 paused=False backlog=42.19 edge=49.56 div=0.00
21:14:49.367 CLOCK integ raw=7.26 prev=7.36 new=7.47 d=+0.102 fr=23.17 dt=0.102 rate=1.00 paused=False backlog=42.19 edge=49.66 div=0.00
21:14:49.468 CLOCK fold raw=7.54 prev=7.47 new=7.54 d=+0.079 fr=23.17 dt=0.102 rate=1.00 paused=False backlog=42.21 edge=49.76 div=0.00
21:14:49.570 CLOCK integ raw=7.54 prev=7.54 new=7.65 d=+0.102 fr=23.17 dt=0.102 rate=1.00 paused=False backlog=42.21 edge=49.86 div=0.00
21:14:49.672 CLOCK integ raw=7.54 prev=7.65 new=7.75 d=+0.101 fr=23.17 dt=0.101 rate=1.00 paused=False backlog=42.21 edge=49.96 div=0.00
21:14:49.824 CLOCK fold raw=7.83 prev=7.75 new=7.83 d=+0.078 fr=23.17 dt=0.152 rate=1.00 paused=False backlog=42.29 edge=50.12 div=0.00
21:14:49.926 CLOCK integ raw=7.83 prev=7.83 new=7.93 d=+0.102 fr=23.17 dt=0.102 rate=1.00 paused=False backlog=42.29 edge=50.22 div=0.00
21:14:50.028 CLOCK fold raw=8.11 prev=7.93 new=8.11 d=+0.180 fr=23.17 dt=0.101 rate=1.00 paused=False backlog=42.21 edge=50.32 div=0.00
21:14:50.130 CLOCK integ raw=8.11 prev=8.11 new=8.21 d=+0.102 fr=23.17 dt=0.102 rate=1.00 paused=False backlog=42.21 edge=50.42 div=0.00
21:14:50.235 CLOCK integ raw=8.11 prev=8.21 new=8.31 d=+0.105 fr=23.17 dt=0.105 rate=1.00 paused=False backlog=42.21 edge=50.53 div=0.00
21:14:50.336 CLOCK fold raw=8.39 prev=8.31 new=8.39 d=+0.073 fr=23.17 dt=0.102 rate=1.00 paused=False backlog=42.24 edge=50.63 div=0.00
21:14:50.438 CLOCK integ raw=8.39 prev=8.39 new=8.49 d=+0.102 fr=23.17 dt=0.102 rate=1.00 paused=False backlog=42.24 edge=50.73 div=0.00
21:14:50.591 CLOCK fold raw=8.67 prev=8.49 new=8.67 d=+0.179 fr=23.17 dt=0.153 rate=1.00 paused=False backlog=42.21 edge=50.88 div=0.00
21:14:50.644 TICK fr=23.17 cc=8.67 raw=8.67 vid=8.11 playing=1 started=1 stall=0 | d_fr_cc=+14.50 d_fr_raw=+14.50 d_cc_raw=+0.00 | off=-0.23 ccx_end=46.84 since_show=- since_cue=4.6 | pcr=47.846 pid=100 head_rel=47.85 ccx_lag=1.00 | credit=23.2 capped=0.0 | fsize=22263148 feed=22263148 feed_behind=0 | backlog=42.21 edge=50.88 div=0.00 lag_ewma=2.97
21:14:50.648 EDGESNAP err=-3.04 edge->47.85
21:14:50.649 CLOCK integ raw=8.67 prev=8.67 new=8.73 d=+0.057 fr=23.17 dt=0.057 rate=1.00 paused=False backlog=39.18 edge=47.90 div=0.00
21:14:50.800 CLOCK integ raw=8.67 prev=8.73 new=8.88 d=+0.153 fr=23.17 dt=0.153 rate=1.00 paused=False backlog=39.18 edge=48.05 div=0.00
21:14:50.902 CLOCK fold raw=8.95 prev=8.88 new=8.95 d=+0.071 fr=23.17 dt=0.102 rate=1.00 paused=False backlog=39.21 edge=48.16 div=0.00
21:14:51.003 CLOCK integ raw=8.95 prev=8.95 new=9.05 d=+0.101 fr=23.17 dt=0.101 rate=1.00 paused=False backlog=39.21 edge=48.26 div=0.00
21:14:51.106 CLOCK integ raw=8.95 prev=9.05 new=9.15 d=+0.102 fr=23.17 dt=0.102 rate=1.00 paused=False backlog=39.21 edge=48.36 div=0.00
21:14:51.207 CLOCK fold raw=9.23 prev=9.15 new=9.23 d=+0.078 fr=23.17 dt=0.102 rate=1.00 paused=False backlog=39.23 edge=48.46 div=0.00
21:14:51.310 CLOCK integ raw=9.23 prev=9.23 new=9.33 d=+0.102 fr=23.17 dt=0.102 rate=1.00 paused=False backlog=39.23 edge=48.56 div=0.00
21:14:51.462 CLOCK fold raw=9.51 prev=9.33 new=9.51 d=+0.179 fr=23.17 dt=0.152 rate=1.00 paused=False backlog=39.21 edge=48.72 div=0.00
21:14:51.565 CLOCK integ raw=9.51 prev=9.51 new=9.61 d=+0.103 fr=23.17 dt=0.103 rate=1.00 paused=False backlog=39.21 edge=48.82 div=0.00
21:14:51.667 CLOCK integ raw=9.51 prev=9.61 new=9.72 d=+0.102 fr=23.17 dt=0.102 rate=1.00 paused=False backlog=39.21 edge=48.92 div=0.00
21:14:51.769 CLOCK fold raw=9.79 prev=9.72 new=9.79 d=+0.076 fr=23.17 dt=0.102 rate=1.00 paused=False backlog=39.23 edge=49.02 div=0.00
21:14:51.871 CLOCK integ raw=9.79 prev=9.79 new=9.89 d=+0.101 fr=23.17 dt=0.101 rate=1.00 paused=False backlog=39.23 edge=49.13 div=0.00
21:14:51.973 CLOCK fold raw=10.07 prev=9.89 new=10.07 d=+0.181 fr=23.17 dt=0.102 rate=1.00 paused=False backlog=39.15 edge=49.23 div=0.00
21:14:52.076 CLOCK integ raw=10.07 prev=10.07 new=10.18 d=+0.103 fr=23.17 dt=0.103 rate=1.00 paused=False backlog=39.15 edge=49.33 div=0.00
21:14:52.228 CLOCK integ raw=10.07 prev=10.18 new=10.33 d=+0.152 fr=23.17 dt=0.152 rate=1.00 paused=False backlog=39.15 edge=49.48 div=0.00
21:14:52.330 CLOCK fold raw=10.35 prev=10.33 new=10.35 d=+0.024 fr=23.17 dt=0.102 rate=1.00 paused=False backlog=39.23 edge=49.58 div=0.00
21:14:52.433 CLOCK integ raw=10.35 prev=10.35 new=10.46 d=+0.103 fr=23.17 dt=0.103 rate=1.00 paused=False backlog=39.23 edge=49.69 div=0.00
21:14:52.534 CLOCK fold raw=10.63 prev=10.46 new=10.63 d=+0.179 fr=23.17 dt=0.102 rate=1.00 paused=False backlog=39.15 edge=49.79 div=0.00
21:14:52.636 CLOCK integ raw=10.63 prev=10.63 new=10.74 d=+0.102 fr=23.17 dt=0.102 rate=1.00 paused=False backlog=39.15 edge=49.89 div=0.00
21:14:52.740 CLOCK integ raw=10.63 prev=10.74 new=10.84 d=+0.103 fr=23.17 dt=0.103 rate=1.00 paused=False backlog=38.13 edge=48.97 div=0.00
21:14:52.892 CLOCK fold raw=10.92 prev=10.84 new=10.92 d=+0.077 fr=23.17 dt=0.152 rate=1.00 paused=False backlog=38.21 edge=49.12 div=0.00
21:14:52.993 CLOCK integ raw=10.92 prev=10.92 new=11.02 d=+0.102 fr=23.17 dt=0.102 rate=1.00 paused=False backlog=38.21 edge=49.23 div=0.00
21:14:53.095 CLOCK integ raw=10.92 prev=11.02 new=11.12 d=+0.101 fr=23.17 dt=0.101 rate=1.00 paused=False backlog=38.21 edge=49.33 div=0.00
21:14:53.196 CLOCK fold raw=11.20 prev=11.12 new=11.20 d=+0.078 fr=23.17 dt=0.102 rate=1.00 paused=False backlog=38.23 edge=49.43 div=0.00
21:14:53.297 CLOCK integ raw=11.20 prev=11.20 new=11.30 d=+0.101 fr=23.17 dt=0.101 rate=1.00 paused=False backlog=38.23 edge=49.53 div=0.00
21:14:53.399 CLOCK fold raw=11.48 prev=11.30 new=11.48 d=+0.177 fr=23.17 dt=0.101 rate=1.00 paused=False backlog=38.15 edge=49.63 div=0.00
21:14:53.500 CLOCK integ raw=11.48 prev=11.48 new=11.58 d=+0.102 fr=23.17 dt=0.102 rate=1.00 paused=False backlog=38.15 edge=49.73 div=0.00
21:14:53.604 CLOCK integ raw=11.48 prev=11.58 new=11.68 d=+0.103 fr=23.17 dt=0.103 rate=1.00 paused=False backlog=38.15 edge=49.83 div=0.00
21:14:53.806 CLOCK fold raw=11.76 prev=11.68 new=11.76 d=+0.078 fr=23.17 dt=0.203 rate=1.00 paused=False backlog=38.15 edge=49.91 div=0.00
21:14:53.907 CLOCK integ raw=11.76 prev=11.76 new=11.86 d=+0.101 fr=23.17 dt=0.101 rate=1.00 paused=False backlog=38.15 edge=50.01 div=0.00
21:14:54.010 CLOCK fold raw=12.04 prev=11.86 new=12.04 d=+0.179 fr=23.17 dt=0.103 rate=1.00 paused=False backlog=38.15 edge=50.19 div=0.00
21:14:54.111 CLOCK integ raw=12.04 prev=12.04 new=12.14 d=+0.101 fr=23.17 dt=0.101 rate=1.00 paused=False backlog=38.15 edge=50.29 div=0.00
21:14:54.212 CLOCK integ raw=12.04 prev=12.14 new=12.24 d=+0.101 fr=23.17 dt=0.101 rate=1.00 paused=False backlog=38.15 edge=50.39 div=0.00
21:14:54.314 CLOCK fold raw=12.32 prev=12.24 new=12.32 d=+0.080 fr=23.17 dt=0.102 rate=1.00 paused=False backlog=38.15 edge=50.47 div=0.00
21:14:54.415 CLOCK integ raw=12.32 prev=12.32 new=12.42 d=+0.101 fr=23.17 dt=0.101 rate=1.00 paused=False backlog=38.15 edge=50.58 div=0.00
21:14:54.516 CLOCK fold raw=12.60 prev=12.42 new=12.60 d=+0.179 fr=23.17 dt=0.102 rate=1.00 paused=False backlog=38.15 edge=50.75 div=0.00
21:14:54.618 CLOCK integ raw=12.60 prev=12.60 new=12.70 d=+0.101 fr=23.17 dt=0.101 rate=1.00 paused=False backlog=38.15 edge=50.86 div=0.00
21:14:54.746 CLOCK integ raw=12.60 prev=12.70 new=12.83 d=+0.129 fr=32.11 dt=0.129 rate=1.00 paused=False backlog=38.34 edge=51.17 div=0.00
21:14:54.848 CUE cx=[46.85..48.28] adv=1.44 el=8.79 fresh | off=-0.23 fr=32.11 cc=12.83 raw=12.88 lead=+35.22 | pcr=51.227 head_rel=51.23 lag_ewma=2.97 | q=miscommunication left the / middle of that field open. You /
21:14:54.848 CUE cx=[48.28..49.85] adv=1.57 el=0.00 fresh | off=-0.23 fr=32.11 cc=12.83 raw=12.88 lead=+36.79 | pcr=51.227 head_rel=51.23 lag_ewma=2.97 | q=middle of that field open. You / had two players dropping in
21:14:54.849 ANCHOR pend_end=49.85 L=2.42 pinL=1.38 target=-0.01 off=-0.23
21:14:54.849 CLOCK fold raw=12.88 prev=12.83 new=12.88 d=+0.050 fr=32.11 dt=0.103 rate=1.00 paused=False backlog=38.44 edge=51.32 div=0.00
21:14:54.950 CLOCK integ raw=12.88 prev=12.88 new=12.98 d=+0.101 fr=32.11 dt=0.101 rate=1.00 paused=False backlog=38.44 edge=51.42 div=0.00
21:14:55.052 CLOCK integ raw=12.88 prev=12.98 new=13.08 d=+0.101 fr=32.11 dt=0.101 rate=1.00 paused=False backlog=38.44 edge=51.52 div=0.00
21:14:55.074 EDGESNAP err=+2.73 edge->54.25
21:14:55.075 CUE cx=[49.85..51.58] adv=1.74 el=0.21 fresh | off=-0.12 fr=32.11 cc=13.08 raw=13.16 lead=+38.38 | pcr=54.248 head_rel=54.25 lag_ewma=5.15 | q=had two players dropping in the / zone to the middle that di
21:14:55.176 ANCHOR pend_end=51.58 L=4.28 pinL=2.66 target=0.00 off=-0.12
21:14:55.176 CLOCK fold raw=13.16 prev=13.08 new=13.16 d=+0.077 fr=32.54 dt=0.124 rate=1.00 paused=False backlog=41.21 edge=54.37 div=0.00
21:14:55.278 CLOCK integ raw=13.16 prev=13.16 new=13.26 d=+0.102 fr=32.54 dt=0.102 rate=1.00 paused=False backlog=41.21 edge=54.47 div=0.00
21:14:55.404 CUE cx=[51.59..53.62] adv=2.03 el=0.33 fresh | off=-0.06 fr=32.54 cc=13.26 raw=13.44 lead=+40.30 | pcr=56.214 head_rel=56.21 lag_ewma=4.28 | q=zone to the middle that didn't / have anybody to cover. But 
21:14:55.406 ANCHOR pend_end=53.62 L=3.69 pinL=2.59 target=-0.87 off=-0.06
21:14:55.407 CLOCK fold raw=13.44 prev=13.26 new=13.44 d=+0.180 fr=32.54 dt=0.129 rate=1.00 paused=False backlog=42.03 edge=55.47 div=0.00
21:14:55.508 CLOCK integ raw=13.44 prev=13.44 new=13.54 d=+0.101 fr=32.54 dt=0.101 rate=1.00 paused=False backlog=42.03 edge=55.57 div=0.00
21:14:55.609 CUE cx=[53.62..55.22] adv=1.60 el=0.23 fresh | off=-0.47 fr=32.87 cc=13.54 raw=13.44 lead=+41.21 | pcr=56.214 head_rel=56.21 lag_ewma=3.69 | q=have anybody to cover. But an / excellent finish by the by t
21:14:55.609 ANCHOR pend_end=55.22 L=2.74 pinL=0.99 target=-0.32 off=-0.47
21:14:55.610 CLOCK integ raw=13.44 prev=13.54 new=13.65 d=+0.103 fr=32.87 dt=0.103 rate=1.00 paused=False backlog=42.35 edge=56.00 div=0.00
21:14:55.712 TICK fr=32.87 cc=13.65 raw=13.72 vid=13.44 playing=1 started=1 stall=0 | d_fr_cc=+19.23 d_fr_raw=+19.15 d_cc_raw=-0.08 | off=-0.39 ccx_end=55.22 since_show=0.1 since_cue=0.1 | pcr=56.214 pid=100 head_rel=56.21 ccx_lag=0.99 | credit=32.9 capped=0.0 | fsize=25886284 feed=25886284 feed_behind=0 | backlog=42.35 edge=56.00 div=0.00 lag_ewma=2.74
21:14:55.713 CLOCK fold raw=13.72 prev=13.65 new=13.72 d=+0.076 fr=32.87 dt=0.103 rate=1.00 paused=False backlog=42.38 edge=56.10 div=0.00
21:14:55.814 CLOCK integ raw=13.72 prev=13.72 new=13.82 d=+0.101 fr=32.87 dt=0.101 rate=1.00 paused=False backlog=42.38 edge=56.20 div=0.00
21:14:55.915 CLOCK fold raw=14.00 prev=13.82 new=14.00 d=+0.179 fr=32.87 dt=0.101 rate=1.00 paused=False backlog=42.30 edge=56.30 div=0.00
21:14:56.017 CLOCK integ raw=14.00 prev=14.00 new=14.10 d=+0.102 fr=32.87 dt=0.102 rate=1.00 paused=False backlog=42.30 edge=56.40 div=0.00
21:14:56.218 CLOCK fold raw=14.28 prev=14.10 new=14.28 d=+0.179 fr=32.87 dt=0.202 rate=1.00 paused=False backlog=42.32 edge=56.60 div=0.00
21:14:56.319 CLOCK integ raw=14.28 prev=14.28 new=14.38 d=+0.101 fr=32.87 dt=0.101 rate=1.00 paused=False backlog=42.32 edge=56.71 div=0.00
21:14:56.421 CLOCK integ raw=14.28 prev=14.38 new=14.49 d=+0.101 fr=32.87 dt=0.101 rate=1.00 paused=False backlog=42.32 edge=56.81 div=0.00
21:14:56.522 CLOCK fold raw=14.56 prev=14.49 new=14.56 d=+0.079 fr=32.87 dt=0.101 rate=1.00 paused=False backlog=42.34 edge=56.91 div=0.00
21:14:56.623 CLOCK integ raw=14.56 prev=14.56 new=14.67 d=+0.102 fr=32.87 dt=0.102 rate=1.00 paused=False backlog=42.34 edge=57.01 div=0.00
21:14:56.726 CLOCK integ raw=14.56 prev=14.67 new=14.77 d=+0.102 fr=32.87 dt=0.102 rate=1.00 paused=False backlog=41.95 edge=56.71 div=0.00
21:14:56.828 CLOCK fold raw=14.85 prev=14.77 new=14.85 d=+0.077 fr=32.87 dt=0.102 rate=1.00 paused=False backlog=41.97 edge=56.82 div=0.00
21:14:56.929 CLOCK integ raw=14.85 prev=14.85 new=14.95 d=+0.101 fr=32.87 dt=0.101 rate=1.00 paused=False backlog=41.97 edge=56.92 div=0.00
21:14:57.030 CLOCK fold raw=15.12 prev=14.95 new=15.12 d=+0.179 fr=32.87 dt=0.101 rate=1.00 paused=False backlog=41.89 edge=57.02 div=0.00
21:14:57.131 CLOCK integ raw=15.12 prev=15.12 new=15.23 d=+0.101 fr=32.87 dt=0.101 rate=1.00 paused=False backlog=41.89 edge=57.12 div=0.00
21:14:57.233 CLOCK integ raw=15.12 prev=15.23 new=15.33 d=+0.102 fr=32.87 dt=0.102 rate=1.00 paused=False backlog=41.89 edge=57.22 div=0.00
21:14:57.335 CLOCK fold raw=15.41 prev=15.33 new=15.41 d=+0.082 fr=32.87 dt=0.102 rate=1.00 paused=False backlog=41.91 edge=57.32 div=0.00
21:14:57.437 CLOCK integ raw=15.41 prev=15.41 new=15.51 d=+0.102 fr=32.87 dt=0.102 rate=1.00 paused=False backlog=41.91 edge=57.42 div=0.00
21:14:57.639 CLOCK fold raw=15.69 prev=15.51 new=15.69 d=+0.176 fr=32.87 dt=0.202 rate=1.00 paused=False backlog=41.94 edge=57.63 div=0.00
21:14:57.741 CLOCK integ raw=15.69 prev=15.69 new=15.79 d=+0.101 fr=32.87 dt=0.101 rate=1.00 paused=False backlog=41.94 edge=57.73 div=0.00
21:14:57.842 CLOCK integ raw=15.69 prev=15.79 new=15.89 d=+0.101 fr=32.87 dt=0.101 rate=1.00 paused=False backlog=41.94 edge=57.83 div=0.00
21:14:57.944 CLOCK fold raw=15.97 prev=15.89 new=15.97 d=+0.077 fr=32.87 dt=0.102 rate=1.00 paused=False backlog=41.96 edge=57.93 div=0.00
21:14:58.045 CLOCK integ raw=15.97 prev=15.97 new=16.07 d=+0.102 fr=32.87 dt=0.102 rate=1.00 paused=False backlog=41.96 edge=58.03 div=0.00
21:14:58.147 CLOCK integ raw=15.97 prev=16.07 new=16.17 d=+0.101 fr=32.87 dt=0.101 rate=1.00 paused=False backlog=41.96 edge=58.13 div=0.00
21:14:58.248 CLOCK fold raw=16.25 prev=16.17 new=16.25 d=+0.080 fr=32.87 dt=0.101 rate=1.00 paused=False backlog=41.98 edge=58.24 div=0.00
21:14:58.349 CLOCK integ raw=16.25 prev=16.25 new=16.35 d=+0.101 fr=32.87 dt=0.101 rate=1.00 paused=False backlog=41.98 edge=58.34 div=0.00
21:14:58.451 CLOCK fold raw=16.53 prev=16.35 new=16.53 d=+0.178 fr=32.87 dt=0.103 rate=1.00 paused=False backlog=41.91 edge=58.44 div=0.00
21:14:58.552 CLOCK integ raw=16.53 prev=16.53 new=16.63 d=+0.101 fr=32.87 dt=0.101 rate=1.00 paused=False backlog=41.91 edge=58.54 div=0.00
21:14:58.654 CLOCK integ raw=16.53 prev=16.63 new=16.73 d=+0.102 fr=32.87 dt=0.102 rate=1.00 paused=False backlog=41.91 edge=58.64 div=0.00
21:14:58.757 CLOCK fold raw=16.81 prev=16.73 new=16.81 d=+0.078 fr=32.87 dt=0.102 rate=1.00 paused=False backlog=40.72 edge=57.53 div=0.00
21:14:58.858 CLOCK integ raw=16.81 prev=16.81 new=16.91 d=+0.102 fr=32.87 dt=0.102 rate=1.00 paused=False backlog=40.72 edge=57.63 div=0.00
21:14:59.060 CLOCK fold raw=17.09 prev=16.91 new=17.09 d=+0.179 fr=32.87 dt=0.202 rate=1.00 paused=False backlog=40.74 edge=57.83 div=0.00
21:14:59.161 CLOCK integ raw=17.09 prev=17.09 new=17.19 d=+0.101 fr=32.87 dt=0.101 rate=1.00 paused=False backlog=40.74 edge=57.93 div=0.00
21:14:59.263 CLOCK integ raw=17.09 prev=17.19 new=17.30 d=+0.102 fr=32.87 dt=0.102 rate=1.00 paused=False backlog=40.74 edge=58.04 div=0.00
21:14:59.364 CLOCK fold raw=17.37 prev=17.30 new=17.37 d=+0.078 fr=32.87 dt=0.101 rate=1.00 paused=False backlog=40.76 edge=58.14 div=0.00
21:14:59.465 CLOCK integ raw=17.37 prev=17.37 new=17.47 d=+0.101 fr=32.87 dt=0.101 rate=1.00 paused=False backlog=40.76 edge=58.24 div=0.00
21:14:59.566 CLOCK fold raw=17.65 prev=17.47 new=17.65 d=+0.180 fr=32.87 dt=0.101 rate=1.00 paused=False backlog=40.69 edge=58.34 div=0.00
21:14:59.667 CLOCK integ raw=17.65 prev=17.65 new=17.76 d=+0.101 fr=32.87 dt=0.101 rate=1.00 paused=False backlog=40.69 edge=58.44 div=0.00
21:14:59.769 CLOCK integ raw=17.65 prev=17.76 new=17.86 d=+0.101 fr=32.87 dt=0.101 rate=1.00 paused=False backlog=40.69 edge=58.54 div=0.00
21:14:59.870 CLOCK fold raw=17.94 prev=17.86 new=17.94 d=+0.079 fr=32.87 dt=0.101 rate=1.00 paused=False backlog=40.71 edge=58.64 div=0.00
21:14:59.971 CLOCK integ raw=17.94 prev=17.94 new=18.04 d=+0.101 fr=32.87 dt=0.101 rate=1.00 paused=False backlog=40.71 edge=58.74 div=0.00
21:15:00.072 CLOCK integ raw=17.94 prev=18.04 new=18.14 d=+0.102 fr=32.87 dt=0.102 rate=1.00 paused=False backlog=40.71 edge=58.85 div=0.00
21:15:00.174 CLOCK fold raw=18.22 prev=18.14 new=18.22 d=+0.078 fr=32.87 dt=0.101 rate=1.00 paused=False backlog=40.73 edge=58.95 div=0.00
21:15:00.375 CLOCK integ raw=18.22 prev=18.22 new=18.42 d=+0.202 fr=32.87 dt=0.202 rate=1.00 paused=False backlog=40.73 edge=59.15 div=0.00
21:15:00.477 CLOCK fold raw=18.50 prev=18.42 new=18.50 d=+0.079 fr=32.87 dt=0.102 rate=1.00 paused=False backlog=40.75 edge=59.25 div=0.00
21:15:00.578 CLOCK integ raw=18.50 prev=18.50 new=18.60 d=+0.101 fr=32.87 dt=0.101 rate=1.00 paused=False backlog=40.75 edge=59.35 div=0.00
21:15:00.680 CLOCK fold raw=18.78 prev=18.60 new=18.78 d=+0.180 fr=32.87 dt=0.102 rate=1.00 paused=False backlog=40.67 edge=59.45 div=0.00
21:15:00.683 TICK fr=32.87 cc=18.78 raw=18.78 vid=18.22 playing=1 started=1 stall=0 | d_fr_cc=+14.10 d_fr_raw=+14.10 d_cc_raw=+0.00 | off=-0.39 ccx_end=55.22 since_show=0.0 since_cue=5.1 | pcr=56.214 pid=100 head_rel=56.21 ccx_lag=0.99 | credit=32.9 capped=0.0 | fsize=25886284 feed=25886284 feed_behind=0 | backlog=40.67 edge=59.45 div=0.00 lag_ewma=2.74
21:15:00.685 EDGESNAP err=-3.24 edge->56.21
21:15:00.785 CLOCK integ raw=18.78 prev=18.78 new=18.88 d=+0.105 fr=32.87 dt=0.105 rate=1.00 paused=False backlog=37.43 edge=56.32 div=0.00
21:15:00.888 CLOCK integ raw=18.78 prev=18.88 new=18.99 d=+0.103 fr=32.87 dt=0.103 rate=1.00 paused=False backlog=37.43 edge=56.42 div=0.00
21:15:00.990 CLOCK fold raw=19.06 prev=18.99 new=19.06 d=+0.071 fr=32.87 dt=0.102 rate=1.00 paused=False backlog=37.47 edge=56.52 div=0.00
21:15:01.092 CLOCK integ raw=19.06 prev=19.06 new=19.16 d=+0.102 fr=32.87 dt=0.102 rate=1.00 paused=False backlog=37.47 edge=56.63 div=0.00
21:15:01.194 CLOCK integ raw=19.06 prev=19.16 new=19.26 d=+0.102 fr=32.87 dt=0.102 rate=1.00 paused=False backlog=37.47 edge=56.73 div=0.00
21:15:01.296 CLOCK fold raw=19.34 prev=19.26 new=19.34 d=+0.079 fr=32.87 dt=0.102 rate=1.00 paused=False backlog=37.49 edge=56.83 div=0.00
21:15:01.399 CLOCK integ raw=19.34 prev=19.34 new=19.44 d=+0.102 fr=32.87 dt=0.102 rate=1.00 paused=False backlog=37.49 edge=56.93 div=0.00
21:15:01.501 CLOCK integ raw=19.34 prev=19.44 new=19.54 d=+0.102 fr=32.87 dt=0.102 rate=1.00 paused=False backlog=37.49 edge=57.03 div=0.00
21:15:01.603 CLOCK fold raw=19.63 prev=19.54 new=19.63 d=+0.081 fr=32.87 dt=0.102 rate=1.00 paused=False backlog=37.51 edge=57.14 div=0.00
21:15:01.705 CLOCK integ raw=19.63 prev=19.63 new=19.73 d=+0.102 fr=32.87 dt=0.102 rate=1.00 paused=False backlog=37.51 edge=57.24 div=0.00
21:15:01.908 CLOCK fold raw=19.90 prev=19.73 new=19.90 d=+0.174 fr=32.87 dt=0.203 rate=1.00 paused=False backlog=37.54 edge=57.44 div=0.00
21:15:02.009 CLOCK integ raw=19.90 prev=19.90 new=20.00 d=+0.102 fr=32.87 dt=0.102 rate=1.00 paused=False backlog=37.54 edge=57.54 div=0.00
21:15:02.112 CLOCK fold raw=20.18 prev=20.00 new=20.18 d=+0.180 fr=32.87 dt=0.103 rate=1.00 paused=False backlog=37.46 edge=57.65 div=0.00
21:15:02.214 CLOCK integ raw=20.18 prev=20.18 new=20.29 d=+0.102 fr=32.87 dt=0.102 rate=1.00 paused=False backlog=37.46 edge=57.75 div=0.00
21:15:02.315 CLOCK integ raw=20.18 prev=20.29 new=20.39 d=+0.101 fr=32.87 dt=0.101 rate=1.00 paused=False backlog=37.46 edge=57.85 div=0.00
21:15:02.416 CLOCK fold raw=20.46 prev=20.39 new=20.46 d=+0.077 fr=32.87 dt=0.102 rate=1.00 paused=False backlog=37.49 edge=57.95 div=0.00
21:15:02.518 CLOCK integ raw=20.46 prev=20.46 new=20.57 d=+0.102 fr=32.87 dt=0.102 rate=1.00 paused=False backlog=37.49 edge=58.05 div=0.00
21:15:02.620 CLOCK integ raw=20.46 prev=20.57 new=20.67 d=+0.102 fr=32.87 dt=0.102 rate=1.00 paused=False backlog=37.49 edge=58.15 div=0.00
21:15:02.723 CLOCK fold raw=20.75 prev=20.67 new=20.75 d=+0.079 fr=32.87 dt=0.104 rate=1.00 paused=False backlog=36.54 edge=57.29 div=0.00
21:15:02.825 CLOCK integ raw=20.75 prev=20.75 new=20.85 d=+0.101 fr=32.87 dt=0.101 rate=1.00 paused=False backlog=36.54 edge=57.39 div=0.00
21:15:02.928 CLOCK fold raw=21.03 prev=20.85 new=21.03 d=+0.180 fr=32.87 dt=0.103 rate=1.00 paused=False backlog=36.46 edge=57.49 div=0.00
21:15:03.029 CLOCK integ raw=21.03 prev=21.03 new=21.13 d=+0.101 fr=32.87 dt=0.101 rate=1.00 paused=False backlog=36.46 edge=57.59 div=0.00
21:15:03.130 CLOCK integ raw=21.03 prev=21.13 new=21.23 d=+0.101 fr=32.87 dt=0.101 rate=1.00 paused=False backlog=36.46 edge=57.69 div=0.00
21:15:03.231 CLOCK fold raw=21.31 prev=21.23 new=21.31 d=+0.078 fr=32.87 dt=0.101 rate=1.00 paused=False backlog=36.49 edge=57.79 div=0.00
21:15:03.434 CLOCK integ raw=21.31 prev=21.31 new=21.51 d=+0.203 fr=32.87 dt=0.203 rate=1.00 paused=False backlog=36.49 edge=58.00 div=0.00
21:15:03.536 CLOCK fold raw=21.59 prev=21.51 new=21.59 d=+0.079 fr=32.87 dt=0.102 rate=1.00 paused=False backlog=36.49 edge=58.08 div=0.00
21:15:03.638 CLOCK integ raw=21.59 prev=21.59 new=21.69 d=+0.102 fr=32.87 dt=0.102 rate=1.00 paused=False backlog=36.49 edge=58.18 div=0.00
21:15:03.739 CLOCK integ raw=21.59 prev=21.69 new=21.79 d=+0.102 fr=32.87 dt=0.102 rate=1.00 paused=False backlog=36.49 edge=58.28 div=0.00
21:15:03.841 CLOCK fold raw=21.87 prev=21.79 new=21.87 d=+0.077 fr=32.87 dt=0.102 rate=1.00 paused=False backlog=36.49 edge=58.36 div=0.00
21:15:03.942 CLOCK integ raw=21.87 prev=21.87 new=21.97 d=+0.101 fr=32.87 dt=0.101 rate=1.00 paused=False backlog=36.49 edge=58.46 div=0.00
21:15:04.043 CLOCK integ raw=21.87 prev=21.97 new=22.07 d=+0.101 fr=32.87 dt=0.101 rate=1.00 paused=False backlog=36.49 edge=58.56 div=0.00
21:15:04.145 CLOCK fold raw=22.15 prev=22.07 new=22.15 d=+0.079 fr=32.87 dt=0.102 rate=1.00 paused=False backlog=36.49 edge=58.64 div=0.00
21:15:04.247 CLOCK integ raw=22.15 prev=22.15 new=22.25 d=+0.102 fr=32.87 dt=0.102 rate=1.00 paused=False backlog=36.49 edge=58.74 div=0.00
21:15:04.348 CLOCK fold raw=22.43 prev=22.25 new=22.43 d=+0.179 fr=32.87 dt=0.101 rate=1.00 paused=False backlog=36.49 edge=58.92 div=0.00
21:15:04.450 CLOCK integ raw=22.43 prev=22.43 new=22.53 d=+0.102 fr=32.87 dt=0.102 rate=1.00 paused=False backlog=36.49 edge=59.02 div=0.00
21:15:04.551 CLOCK integ raw=22.43 prev=22.53 new=22.63 d=+0.101 fr=32.87 dt=0.101 rate=1.00 paused=False backlog=36.49 edge=59.12 div=0.00
21:15:04.753 CLOCK fold raw=22.71 prev=22.63 new=22.71 d=+0.079 fr=32.87 dt=0.202 rate=1.00 paused=False backlog=36.49 edge=59.20 div=0.00
21:15:04.882 CUE cx=[55.22..56.85] adv=1.63 el=9.27 fresh | off=-0.39 fr=32.87 cc=22.71 raw=22.71 lead=+33.75 | pcr=59.304 head_rel=59.30 lag_ewma=2.74 | q=excellent finish by the by the / Packers and a lot to learn 
21:15:04.884 ANCHOR pend_end=56.85 L=2.64 pinL=2.45 target=-0.03 off=-0.39
21:15:04.885 CLOCK integ raw=22.71 prev=22.71 new=22.84 d=+0.131 fr=42.25 dt=0.131 rate=1.00 paused=False backlog=36.56 edge=59.41 div=0.00
21:15:04.986 CLOCK fold raw=23.00 prev=22.84 new=23.00 d=+0.155 fr=42.25 dt=0.102 rate=1.00 paused=False backlog=36.51 edge=59.51 div=0.00
21:15:05.088 CLOCK integ raw=23.00 prev=23.00 new=23.10 d=+0.101 fr=42.25 dt=0.101 rate=1.00 paused=False backlog=36.51 edge=59.61 div=0.00
21:15:05.290 CLOCK fold raw=23.28 prev=23.10 new=23.28 d=+0.176 fr=42.25 dt=0.202 rate=1.00 paused=False backlog=36.54 edge=59.81 div=0.00
21:15:05.426 EDGESNAP err=+6.65 edge->66.46
21:15:05.426 CUE cx=[56.86..59.79] adv=2.94 el=0.51 fresh | off=-0.21 fr=42.66 cc=23.28 raw=23.28 lead=+36.31 | pcr=66.464 head_rel=66.46 lag_ewma=9.29 | q=Packers and a lot to learn from. / If you're the Broncos def
21:15:05.426 CUE cx=[59.79..61.56] adv=1.77 el=0.03 fresh | off=-0.21 fr=42.66 cc=23.28 raw=23.28 lead=+38.07 | pcr=66.464 head_rel=66.46 lag_ewma=9.29 | q=If you're the Broncos defense / on that drive, here's Trey /
21:15:05.427 ANCHOR pend_end=61.56 L=7.76 pinL=4.90 target=0.00 off=-0.21
21:15:05.427 CLOCK integ raw=23.28 prev=23.28 new=23.41 d=+0.137 fr=42.66 dt=0.137 rate=1.00 paused=False backlog=43.19 edge=66.60 div=0.00
21:15:05.529 CLOCK fold raw=23.56 prev=23.41 new=23.56 d=+0.143 fr=42.66 dt=0.102 rate=1.00 paused=False backlog=43.15 edge=66.70 div=0.00
21:15:05.632 CUE cx=[61.56..64.06] adv=2.50 el=0.21 fresh | off=-0.10 fr=42.66 cc=23.56 raw=23.56 lead=+40.40 | pcr=66.464 head_rel=66.46 lag_ewma=7.76 | q=on that drive, here's Trey / Smack, which is my new favorite
21:15:05.632 CUE cx=[64.06..65.83] adv=1.77 el=0.00 fresh | off=-0.10 fr=42.66 cc=23.56 raw=23.56 lead=+42.17 | pcr=66.464 head_rel=66.46 lag_ewma=7.76 | q=Smack, which is my new favorite / name for a kicker. And he 
21:15:05.671 TICK fr=42.66 cc=23.56 raw=23.56 vid=23.28 playing=1 started=1 stall=0 | d_fr_cc=+19.10 d_fr_raw=+19.10 d_cc_raw=+0.00 | off=-0.10 ccx_end=65.83 since_show=0.1 since_cue=0.0 | pcr=67.657 pid=100 head_rel=67.66 ccx_lag=1.83 | credit=42.7 capped=0.0 | fsize=31190516 feed=31008720 feed_behind=181796 | backlog=42.97 edge=66.52 div=0.00 lag_ewma=7.76
21:15:05.671 ANCHOR pend_end=65.83 L=5.26 pinL=0.63 target=0.06 off=-0.10
21:15:05.671 CLOCK integ raw=23.56 prev=23.56 new=23.70 d=+0.142 fr=42.66 dt=0.142 rate=1.00 paused=False backlog=42.97 edge=66.67 div=0.00
21:15:05.774 CLOCK fold raw=23.84 prev=23.70 new=23.84 d=+0.139 fr=43.04 dt=0.103 rate=1.00 paused=False backlog=42.93 edge=66.77 div=0.00
21:15:05.875 CLOCK integ raw=23.84 prev=23.84 new=23.94 d=+0.102 fr=43.04 dt=0.102 rate=1.00 paused=False backlog=42.93 edge=66.87 div=0.00
21:15:05.977 CLOCK integ raw=23.84 prev=23.94 new=24.04 d=+0.101 fr=43.04 dt=0.101 rate=1.00 paused=False backlog=42.93 edge=66.97 div=0.00
21:15:06.078 CLOCK fold raw=24.12 prev=24.04 new=24.12 d=+0.083 fr=43.04 dt=0.102 rate=1.00 paused=False backlog=42.95 edge=67.07 div=0.00
21:15:06.180 CLOCK integ raw=24.12 prev=24.12 new=24.23 d=+0.102 fr=43.04 dt=0.102 rate=1.00 paused=False backlog=42.95 edge=67.17 div=0.00
21:15:06.381 CLOCK fold raw=24.40 prev=24.23 new=24.40 d=+0.173 fr=43.04 dt=0.202 rate=1.00 paused=False backlog=42.98 edge=67.38 div=0.00
21:15:06.483 CLOCK integ raw=24.40 prev=24.40 new=24.50 d=+0.102 fr=43.04 dt=0.102 rate=1.00 paused=False backlog=42.98 edge=67.48 div=0.00
21:15:06.584 CLOCK fold raw=24.68 prev=24.50 new=24.68 d=+0.181 fr=43.04 dt=0.101 rate=1.00 paused=False backlog=42.90 edge=67.58 div=0.00
21:15:06.686 CLOCK integ raw=24.68 prev=24.68 new=24.78 d=+0.101 fr=43.04 dt=0.101 rate=1.00 paused=False backlog=42.90 edge=67.68 div=0.00
21:15:06.788 CLOCK integ raw=24.68 prev=24.78 new=24.89 d=+0.102 fr=43.04 dt=0.102 rate=1.00 paused=False backlog=42.89 edge=67.77 div=0.00
21:15:06.890 CLOCK fold raw=24.96 prev=24.89 new=24.96 d=+0.077 fr=43.04 dt=0.103 rate=1.00 paused=False backlog=42.91 edge=67.87 div=0.00
21:15:06.993 CLOCK integ raw=24.96 prev=24.96 new=25.06 d=+0.102 fr=43.04 dt=0.102 rate=1.00 paused=False backlog=42.91 edge=67.98 div=0.00
21:15:07.094 CLOCK integ raw=24.96 prev=25.06 new=25.17 d=+0.101 fr=43.04 dt=0.101 rate=1.00 paused=False backlog=42.91 edge=68.08 div=0.00
21:15:07.195 CLOCK fold raw=25.24 prev=25.17 new=25.24 d=+0.077 fr=43.04 dt=0.101 rate=1.00 paused=False backlog=42.94 edge=68.18 div=0.00
21:15:07.297 CLOCK integ raw=25.24 prev=25.24 new=25.34 d=+0.101 fr=43.04 dt=0.101 rate=1.00 paused=False backlog=42.94 edge=68.28 div=0.00
21:15:07.398 CLOCK integ raw=25.24 prev=25.34 new=25.45 d=+0.101 fr=43.04 dt=0.101 rate=1.00 paused=False backlog=42.94 edge=68.38 div=0.00
21:15:07.499 CLOCK fold raw=25.53 prev=25.45 new=25.53 d=+0.081 fr=43.04 dt=0.101 rate=1.00 paused=False backlog=42.96 edge=68.48 div=0.00
21:15:07.701 CLOCK integ raw=25.53 prev=25.53 new=25.73 d=+0.202 fr=43.04 dt=0.202 rate=1.00 paused=False backlog=42.96 edge=68.68 div=0.00
21:15:07.803 CLOCK fold raw=25.81 prev=25.73 new=25.81 d=+0.078 fr=43.04 dt=0.102 rate=1.00 paused=False backlog=42.98 edge=68.79 div=0.00
21:15:07.905 CLOCK integ raw=25.81 prev=25.81 new=25.91 d=+0.101 fr=43.04 dt=0.101 rate=1.00 paused=False backlog=42.98 edge=68.89 div=0.00
21:15:08.006 CLOCK fold raw=26.09 prev=25.91 new=26.09 d=+0.179 fr=43.04 dt=0.102 rate=1.00 paused=False backlog=42.90 edge=68.99 div=0.00
21:15:08.107 CLOCK integ raw=26.09 prev=26.09 new=26.19 d=+0.101 fr=43.04 dt=0.101 rate=1.00 paused=False backlog=42.90 edge=69.09 div=0.00
21:15:08.209 CLOCK integ raw=26.09 prev=26.19 new=26.29 d=+0.102 fr=43.04 dt=0.102 rate=1.00 paused=False backlog=42.90 edge=69.19 div=0.00
21:15:08.311 CLOCK fold raw=26.37 prev=26.29 new=26.37 d=+0.078 fr=43.04 dt=0.102 rate=1.00 paused=False backlog=42.93 edge=69.29 div=0.00
21:15:08.412 CLOCK integ raw=26.37 prev=26.37 new=26.47 d=+0.102 fr=43.04 dt=0.102 rate=1.00 paused=False backlog=42.93 edge=69.40 div=0.00
21:15:08.514 CLOCK integ raw=26.37 prev=26.47 new=26.57 d=+0.101 fr=43.04 dt=0.101 rate=1.00 paused=False backlog=42.93 edge=69.50 div=0.00
21:15:08.616 CLOCK fold raw=26.65 prev=26.57 new=26.65 d=+0.080 fr=43.04 dt=0.102 rate=1.00 paused=False backlog=42.95 edge=69.60 div=0.00
21:15:08.719 CLOCK integ raw=26.65 prev=26.65 new=26.75 d=+0.103 fr=43.04 dt=0.103 rate=1.00 paused=False backlog=41.98 edge=68.73 div=0.00
21:15:08.820 CLOCK integ raw=26.65 prev=26.75 new=26.85 d=+0.101 fr=43.04 dt=0.101 rate=1.00 paused=False backlog=41.98 edge=68.83 div=0.00
21:15:08.922 CLOCK fold raw=26.93 prev=26.85 new=26.93 d=+0.076 fr=43.04 dt=0.102 rate=1.00 paused=False backlog=42.00 edge=68.93 div=0.00
21:15:09.025 CLOCK integ raw=26.93 prev=26.93 new=27.03 d=+0.103 fr=43.04 dt=0.103 rate=1.00 paused=False backlog=42.00 edge=69.04 div=0.00
21:15:09.226 CLOCK fold raw=27.21 prev=27.03 new=27.21 d=+0.177 fr=43.04 dt=0.202 rate=1.00 paused=False backlog=42.03 edge=69.24 div=0.00
21:15:09.328 CLOCK integ raw=27.21 prev=27.21 new=27.31 d=+0.101 fr=43.04 dt=0.101 rate=1.00 paused=False backlog=42.03 edge=69.34 div=0.00
21:15:09.430 CLOCK fold raw=27.49 prev=27.31 new=27.49 d=+0.179 fr=43.04 dt=0.102 rate=1.00 paused=False backlog=41.95 edge=69.44 div=0.00
21:15:09.531 CLOCK integ raw=27.49 prev=27.49 new=27.59 d=+0.102 fr=43.04 dt=0.102 rate=1.00 paused=False backlog=41.95 edge=69.54 div=0.00
21:15:09.633 CLOCK integ raw=27.49 prev=27.59 new=27.69 d=+0.102 fr=43.04 dt=0.102 rate=1.00 paused=False backlog=41.95 edge=69.64 div=0.00
21:15:09.735 CLOCK fold raw=27.77 prev=27.69 new=27.77 d=+0.080 fr=43.04 dt=0.102 rate=1.00 paused=False backlog=41.97 edge=69.75 div=0.00
21:15:09.837 CLOCK integ raw=27.77 prev=27.77 new=27.88 d=+0.102 fr=47.10 dt=0.102 rate=1.00 paused=False backlog=41.97 edge=69.85 div=0.00
21:15:09.873 CUE cx=[65.83..68.20] adv=2.37 el=4.21 fresh | off=-0.02 fr=47.10 cc=27.88 raw=27.77 lead=+40.30 | pcr=70.816 head_rel=70.82 lag_ewma=5.26 | q=name for a kicker. And he / smacks it through extra point / 
21:15:09.975 ANCHOR pend_end=68.20 L=4.34 pinL=2.62 target=-0.48 off=-0.02
21:15:09.975 CLOCK fold raw=28.06 prev=27.88 new=28.06 d=+0.186 fr=47.10 dt=0.137 rate=1.00 paused=False backlog=42.41 edge=70.47 div=0.00
21:15:10.076 CLOCK integ raw=28.06 prev=28.06 new=28.16 d=+0.102 fr=47.10 dt=0.102 rate=1.00 paused=False backlog=42.41 edge=70.57 div=0.00
21:15:10.178 CLOCK integ raw=28.06 prev=28.16 new=28.26 d=+0.102 fr=47.54 dt=0.102 rate=1.00 paused=False backlog=42.41 edge=70.67 div=0.00
21:15:10.280 CLOCK fold raw=28.33 prev=28.26 new=28.33 d=+0.070 fr=47.54 dt=0.102 rate=1.00 paused=False backlog=42.44 edge=70.78 div=0.00
21:15:10.381 CLOCK integ raw=28.33 prev=28.33 new=28.44 d=+0.101 fr=47.54 dt=0.101 rate=1.00 paused=False backlog=42.44 edge=70.88 div=0.00
21:15:10.483 CLOCK integ raw=28.33 prev=28.44 new=28.54 d=+0.102 fr=47.54 dt=0.102 rate=1.00 paused=False backlog=42.44 edge=70.98 div=0.00
21:15:10.586 CLOCK fold raw=28.62 prev=28.54 new=28.62 d=+0.079 fr=47.54 dt=0.103 rate=1.00 paused=False backlog=42.46 edge=71.08 div=0.00
21:15:10.688 TICK fr=47.54 cc=28.62 raw=28.62 vid=28.62 playing=1 started=1 stall=0 | d_fr_cc=+18.93 d_fr_raw=+18.93 d_cc_raw=+0.00 | off=-0.25 ccx_end=68.20 since_show=0.1 since_cue=0.8 | pcr=70.816 pid=100 head_rel=70.82 ccx_lag=2.62 | credit=47.5 capped=0.0 | fsize=32681356 feed=32681356 feed_behind=0 | backlog=42.46 edge=71.08 div=0.00 lag_ewma=4.34
21:15:10.690 CLOCK integ raw=28.62 prev=28.62 new=28.72 d=+0.105 fr=47.54 dt=0.105 rate=1.00 paused=False backlog=42.33 edge=71.05 div=0.00
21:15:10.792 CLOCK integ raw=28.62 prev=28.72 new=28.82 d=+0.102 fr=47.54 dt=0.102 rate=1.00 paused=False backlog=42.33 edge=71.16 div=0.00
21:15:10.894 CLOCK fold raw=28.90 prev=28.82 new=28.90 d=+0.074 fr=47.54 dt=0.101 rate=1.00 paused=False backlog=42.36 edge=71.26 div=0.00
21:15:11.096 CLOCK fold raw=29.18 prev=28.90 new=29.18 d=+0.281 fr=47.54 dt=0.202 rate=1.00 paused=False backlog=42.28 edge=71.46 div=0.00
21:15:11.198 CLOCK integ raw=29.18 prev=29.18 new=29.28 d=+0.102 fr=47.54 dt=0.102 rate=1.00 paused=False backlog=42.28 edge=71.56 div=0.00
21:15:11.300 CLOCK integ raw=29.18 prev=29.28 new=29.38 d=+0.102 fr=47.54 dt=0.102 rate=1.00 paused=False backlog=42.28 edge=71.66 div=0.00
21:15:11.401 CLOCK fold raw=29.46 prev=29.38 new=29.46 d=+0.082 fr=47.54 dt=0.102 rate=1.00 paused=False backlog=42.30 edge=71.76 div=0.00
21:15:11.503 CLOCK integ raw=29.46 prev=29.46 new=29.56 d=+0.102 fr=47.54 dt=0.102 rate=1.00 paused=False backlog=42.30 edge=71.87 div=0.00
21:15:11.605 CLOCK integ raw=29.46 prev=29.56 new=29.67 d=+0.102 fr=47.54 dt=0.102 rate=1.00 paused=False backlog=42.30 edge=71.97 div=0.00
21:15:11.706 CLOCK fold raw=29.74 prev=29.67 new=29.74 d=+0.072 fr=47.54 dt=0.101 rate=1.00 paused=False backlog=42.33 edge=72.07 div=0.00
21:15:11.808 CLOCK integ raw=29.74 prev=29.74 new=29.84 d=+0.101 fr=47.54 dt=0.101 rate=1.00 paused=False backlog=42.33 edge=72.17 div=0.00
21:15:11.910 CLOCK integ raw=29.74 prev=29.84 new=29.94 d=+0.102 fr=47.54 dt=0.102 rate=1.00 paused=False backlog=42.33 edge=72.27 div=0.00
21:15:12.011 CLOCK fold raw=30.02 prev=29.94 new=30.02 d=+0.078 fr=47.54 dt=0.101 rate=1.00 paused=False backlog=42.35 edge=72.37 div=0.00
21:15:12.112 CLOCK integ raw=30.02 prev=30.02 new=30.12 d=+0.102 fr=47.54 dt=0.102 rate=1.00 paused=False backlog=42.35 edge=72.47 div=0.00
21:15:12.213 CLOCK fold raw=30.30 prev=30.12 new=30.30 d=+0.179 fr=47.54 dt=0.101 rate=1.00 paused=False backlog=42.28 edge=72.58 div=0.00
21:15:12.315 CLOCK integ raw=30.30 prev=30.30 new=30.40 d=+0.102 fr=47.54 dt=0.102 rate=1.00 paused=False backlog=42.28 edge=72.68 div=0.00
21:15:12.417 CLOCK integ raw=30.30 prev=30.40 new=30.50 d=+0.102 fr=47.54 dt=0.102 rate=1.00 paused=False backlog=42.28 edge=72.78 div=0.00
21:15:12.619 CLOCK fold raw=30.58 prev=30.50 new=30.58 d=+0.077 fr=47.54 dt=0.202 rate=1.00 paused=False backlog=42.40 edge=72.98 div=0.00
21:15:12.721 CLOCK integ raw=30.58 prev=30.58 new=30.68 d=+0.102 fr=47.54 dt=0.102 rate=1.00 paused=False backlog=42.40 edge=73.08 div=0.00
21:15:12.823 CLOCK fold raw=30.86 prev=30.68 new=30.86 d=+0.180 fr=47.54 dt=0.103 rate=1.00 paused=False backlog=41.19 edge=72.05 div=0.00
21:15:12.925 CLOCK integ raw=30.86 prev=30.86 new=30.96 d=+0.102 fr=47.54 dt=0.102 rate=1.00 paused=False backlog=41.19 edge=72.15 div=0.00
21:15:13.027 CLOCK integ raw=30.86 prev=30.96 new=31.06 d=+0.101 fr=47.54 dt=0.101 rate=1.00 paused=False backlog=41.19 edge=72.26 div=0.00
21:15:13.128 CLOCK fold raw=31.15 prev=31.06 new=31.15 d=+0.083 fr=47.54 dt=0.102 rate=1.00 paused=False backlog=41.21 edge=72.36 div=0.00
21:15:13.230 CLOCK integ raw=31.15 prev=31.15 new=31.25 d=+0.102 fr=47.54 dt=0.102 rate=1.00 paused=False backlog=41.21 edge=72.46 div=0.00
21:15:13.331 CLOCK fold raw=31.43 prev=31.25 new=31.43 d=+0.178 fr=47.54 dt=0.101 rate=1.00 paused=False backlog=41.13 edge=72.56 div=0.00
21:15:13.433 CLOCK integ raw=31.43 prev=31.43 new=31.53 d=+0.101 fr=47.54 dt=0.101 rate=1.00 paused=False backlog=41.13 edge=72.66 div=0.00
21:15:13.534 CLOCK integ raw=31.43 prev=31.53 new=31.63 d=+0.102 fr=47.54 dt=0.102 rate=1.00 paused=False backlog=41.13 edge=72.76 div=0.00
21:15:13.635 CLOCK fold raw=31.71 prev=31.63 new=31.71 d=+0.080 fr=47.54 dt=0.101 rate=1.00 paused=False backlog=41.15 edge=72.86 div=0.00
21:15:13.737 CLOCK integ raw=31.71 prev=31.71 new=31.81 d=+0.101 fr=47.54 dt=0.101 rate=1.00 paused=False backlog=41.15 edge=72.97 div=0.00
21:15:13.939 CLOCK fold raw=31.99 prev=31.81 new=31.99 d=+0.180 fr=47.54 dt=0.202 rate=1.00 paused=False backlog=41.18 edge=73.17 div=0.00
21:15:14.041 CLOCK integ raw=31.99 prev=31.99 new=32.09 d=+0.101 fr=47.54 dt=0.101 rate=1.00 paused=False backlog=41.18 edge=73.27 div=0.00
21:15:14.143 CLOCK integ raw=31.99 prev=32.09 new=32.20 d=+0.102 fr=47.54 dt=0.102 rate=1.00 paused=False backlog=41.18 edge=73.37 div=0.00
21:15:14.244 CLOCK fold raw=32.28 prev=32.20 new=32.28 d=+0.080 fr=47.54 dt=0.101 rate=1.00 paused=False backlog=41.20 edge=73.47 div=0.00
21:15:14.346 CLOCK integ raw=32.28 prev=32.28 new=32.38 d=+0.102 fr=47.54 dt=0.102 rate=1.00 paused=False backlog=41.20 edge=73.57 div=0.00
21:15:14.448 CLOCK integ raw=32.28 prev=32.38 new=32.48 d=+0.102 fr=47.54 dt=0.102 rate=1.00 paused=False backlog=41.20 edge=73.68 div=0.00
21:15:14.549 CLOCK fold raw=32.55 prev=32.48 new=32.55 d=+0.076 fr=47.54 dt=0.101 rate=1.00 paused=False backlog=41.22 edge=73.78 div=0.00
21:15:14.650 CLOCK integ raw=32.55 prev=32.55 new=32.66 d=+0.102 fr=52.02 dt=0.102 rate=1.00 paused=False backlog=41.22 edge=73.88 div=0.00
21:15:14.775 CLOCK fold raw=32.84 prev=32.66 new=32.84 d=+0.181 fr=52.02 dt=0.125 rate=1.00 paused=False backlog=41.46 edge=74.30 div=0.00
21:15:14.877 CUE cx=[68.20..71.34] adv=3.14 el=5.04 fresh | off=-0.25 fr=52.02 cc=32.84 raw=32.84 lead=+38.25 | pcr=74.472 head_rel=74.47 lag_ewma=4.34 | q=smacks it through extra point / is good. Take another look a
21:15:14.878 ANCHOR pend_end=71.34 L=3.92 pinL=3.13 target=-0.09 off=-0.25
21:15:14.878 CLOCK integ raw=32.84 prev=32.84 new=32.94 d=+0.102 fr=52.02 dt=0.102 rate=1.00 paused=False backlog=41.55 edge=74.49 div=0.00
21:15:14.979 CLOCK integ raw=32.84 prev=32.94 new=33.04 d=+0.101 fr=52.02 dt=0.101 rate=1.00 paused=False backlog=41.55 edge=74.59 div=0.00
21:15:15.081 CLOCK fold raw=33.12 prev=33.04 new=33.12 d=+0.077 fr=52.45 dt=0.102 rate=1.00 paused=False backlog=41.57 edge=74.69 div=0.00
21:15:15.182 CLOCK integ raw=33.12 prev=33.12 new=33.22 d=+0.102 fr=52.45 dt=0.102 rate=1.00 paused=False backlog=41.57 edge=74.79 div=0.00
21:15:15.284 CLOCK integ raw=33.12 prev=33.22 new=33.32 d=+0.101 fr=52.45 dt=0.101 rate=1.00 paused=False backlog=41.57 edge=74.89 div=0.00
21:15:15.387 CUE cx=[71.34..74.87] adv=3.54 el=0.51 fresh | off=-0.17 fr=52.45 cc=33.32 raw=33.40 lead=+41.38 | pcr=75.243 head_rel=75.24 lag_ewma=3.92 | q=is good. Take another look at / the touchdown here to show y
21:15:15.387 ANCHOR pend_end=74.87 L=2.67 pinL=0.37 target=-0.17 off=-0.17
21:15:15.388 CLOCK fold raw=33.40 prev=33.32 new=33.40 d=+0.078 fr=52.45 dt=0.104 rate=1.00 paused=False backlog=41.77 edge=75.17 div=0.00
21:15:15.489 CLOCK integ raw=33.40 prev=33.40 new=33.50 d=+0.101 fr=52.45 dt=0.101 rate=1.00 paused=False backlog=41.77 edge=75.27 div=0.00
21:15:15.691 CLOCK fold raw=33.68 prev=33.50 new=33.68 d=+0.180 fr=52.45 dt=0.202 rate=1.00 paused=False backlog=41.79 edge=75.48 div=0.00
21:15:15.692 TICK fr=52.45 cc=33.68 raw=33.68 vid=33.40 playing=1 started=1 stall=0 | d_fr_cc=+18.77 d_fr_raw=+18.77 d_cc_raw=+0.00 | off=-0.17 ccx_end=74.87 since_show=0.0 since_cue=0.3 | pcr=75.243 pid=100 head_rel=75.24 ccx_lag=0.37 | credit=52.4 capped=0.0 | fsize=34576396 feed=34576396 feed_behind=0 | backlog=41.79 edge=75.48 div=0.00 lag_ewma=2.67
21:15:15.794 CLOCK integ raw=33.68 prev=33.68 new=33.78 d=+0.103 fr=52.45 dt=0.103 rate=1.00 paused=False backlog=41.79 edge=75.58 div=0.00
21:15:15.895 CLOCK fold raw=33.96 prev=33.78 new=33.96 d=+0.177 fr=52.45 dt=0.102 rate=1.00 paused=False backlog=41.72 edge=75.68 div=0.00
21:15:15.997 CLOCK integ raw=33.96 prev=33.96 new=34.06 d=+0.102 fr=52.45 dt=0.102 rate=1.00 paused=False backlog=41.72 edge=75.78 div=0.00
21:15:16.099 CLOCK integ raw=33.96 prev=34.06 new=34.16 d=+0.102 fr=52.45 dt=0.102 rate=1.00 paused=False backlog=41.72 edge=75.88 div=0.00
21:15:16.200 CLOCK fold raw=34.24 prev=34.16 new=34.24 d=+0.077 fr=52.45 dt=0.101 rate=1.00 paused=False backlog=41.74 edge=75.99 div=0.00
21:15:16.303 CLOCK integ raw=34.24 prev=34.24 new=34.34 d=+0.102 fr=52.45 dt=0.102 rate=1.00 paused=False backlog=41.74 edge=76.09 div=0.00
21:15:16.404 CLOCK integ raw=34.24 prev=34.34 new=34.45 d=+0.101 fr=52.45 dt=0.101 rate=1.00 paused=False backlog=41.74 edge=76.19 div=0.00
21:15:16.506 CLOCK fold raw=34.52 prev=34.45 new=34.52 d=+0.078 fr=52.45 dt=0.102 rate=1.00 paused=False backlog=41.77 edge=76.29 div=0.00
21:15:16.608 CLOCK integ raw=34.52 prev=34.52 new=34.63 d=+0.103 fr=52.45 dt=0.103 rate=1.00 paused=False backlog=41.77 edge=76.39 div=0.00
21:15:16.712 CLOCK fold raw=34.80 prev=34.63 new=34.80 d=+0.177 fr=52.45 dt=0.103 rate=1.00 paused=False backlog=41.12 edge=75.92 div=0.00
21:15:16.813 CLOCK integ raw=34.80 prev=34.80 new=34.91 d=+0.101 fr=52.45 dt=0.101 rate=1.00 paused=False backlog=41.12 edge=76.02 div=0.00
21:15:16.915 CLOCK integ raw=34.80 prev=34.91 new=35.01 d=+0.101 fr=52.45 dt=0.101 rate=1.00 paused=False backlog=41.12 edge=76.12 div=0.00
21:15:17.016 CLOCK fold raw=35.08 prev=35.01 new=35.08 d=+0.077 fr=52.45 dt=0.101 rate=1.00 paused=False backlog=41.14 edge=76.23 div=0.00
21:15:17.117 CLOCK integ raw=35.08 prev=35.08 new=35.19 d=+0.101 fr=52.45 dt=0.101 rate=1.00 paused=False backlog=41.14 edge=76.33 div=0.00
21:15:17.320 CLOCK fold raw=35.37 prev=35.19 new=35.37 d=+0.181 fr=52.45 dt=0.203 rate=1.00 paused=False backlog=41.16 edge=76.53 div=0.00
21:15:17.421 CLOCK integ raw=35.37 prev=35.37 new=35.47 d=+0.102 fr=52.45 dt=0.102 rate=1.00 paused=False backlog=41.16 edge=76.63 div=0.00
21:15:17.523 CLOCK integ raw=35.37 prev=35.47 new=35.57 d=+0.102 fr=52.45 dt=0.102 rate=1.00 paused=False backlog=41.16 edge=76.73 div=0.00
21:15:17.625 CLOCK fold raw=35.65 prev=35.57 new=35.65 d=+0.080 fr=52.45 dt=0.102 rate=1.00 paused=False backlog=41.19 edge=76.83 div=0.00
21:15:17.726 CLOCK integ raw=35.65 prev=35.65 new=35.75 d=+0.101 fr=52.45 dt=0.101 rate=1.00 paused=False backlog=41.19 edge=76.94 div=0.00
21:15:17.827 CLOCK integ raw=35.65 prev=35.75 new=35.85 d=+0.101 fr=52.45 dt=0.101 rate=1.00 paused=False backlog=41.19 edge=77.04 div=0.00
21:15:17.928 CLOCK fold raw=35.93 prev=35.85 new=35.93 d=+0.077 fr=52.45 dt=0.101 rate=1.00 paused=False backlog=41.21 edge=77.14 div=0.00
21:15:18.030 CLOCK integ raw=35.93 prev=35.93 new=36.03 d=+0.102 fr=52.45 dt=0.102 rate=1.00 paused=False backlog=41.21 edge=77.24 div=0.00
21:15:18.132 CLOCK fold raw=36.21 prev=36.03 new=36.21 d=+0.182 fr=52.45 dt=0.102 rate=1.00 paused=False backlog=41.13 edge=77.34 div=0.00
21:15:18.235 CLOCK integ raw=36.21 prev=36.21 new=36.31 d=+0.102 fr=52.45 dt=0.102 rate=1.00 paused=False backlog=41.13 edge=77.44 div=0.00
21:15:18.336 CLOCK integ raw=36.21 prev=36.31 new=36.42 d=+0.102 fr=52.45 dt=0.102 rate=1.00 paused=False backlog=41.13 edge=77.55 div=0.00
21:15:18.439 CLOCK fold raw=36.50 prev=36.42 new=36.50 d=+0.080 fr=52.45 dt=0.102 rate=1.00 paused=False backlog=41.15 edge=77.65 div=0.00
21:15:18.641 CLOCK integ raw=36.50 prev=36.50 new=36.70 d=+0.202 fr=52.45 dt=0.202 rate=1.00 paused=False backlog=41.15 edge=77.85 div=0.00
21:15:18.743 CLOCK fold raw=36.77 prev=36.70 new=36.77 d=+0.075 fr=52.45 dt=0.101 rate=1.00 paused=False backlog=41.18 edge=77.95 div=0.00
21:15:18.745 EDGESNAP err=-2.71 edge->75.24
21:15:18.846 CLOCK integ raw=36.77 prev=36.77 new=36.88 d=+0.103 fr=52.45 dt=0.103 rate=1.00 paused=False backlog=38.47 edge=75.35 div=0.00
21:15:18.947 CLOCK integ raw=36.77 prev=36.88 new=36.98 d=+0.101 fr=52.45 dt=0.101 rate=1.00 paused=False backlog=38.47 edge=75.45 div=0.00
21:15:19.048 CLOCK fold raw=37.05 prev=36.98 new=37.05 d=+0.076 fr=52.45 dt=0.101 rate=1.00 paused=False backlog=38.50 edge=75.55 div=0.00
21:15:19.149 CLOCK integ raw=37.05 prev=37.05 new=37.15 d=+0.101 fr=52.45 dt=0.101 rate=1.00 paused=False backlog=38.50 edge=75.65 div=0.00
21:15:19.251 CLOCK fold raw=37.33 prev=37.15 new=37.33 d=+0.180 fr=52.45 dt=0.102 rate=1.00 paused=False backlog=38.42 edge=75.75 div=0.00
21:15:19.353 CLOCK integ raw=37.33 prev=37.33 new=37.44 d=+0.102 fr=52.45 dt=0.102 rate=1.00 paused=False backlog=38.42 edge=75.85 div=0.00
21:15:19.455 CLOCK integ raw=37.33 prev=37.44 new=37.54 d=+0.102 fr=52.45 dt=0.102 rate=1.00 paused=False backlog=38.42 edge=75.95 div=0.00
21:15:19.556 CLOCK fold raw=37.62 prev=37.54 new=37.62 d=+0.077 fr=56.92 dt=0.101 rate=1.00 paused=False backlog=38.44 edge=76.06 div=0.00
21:15:19.659 CLOCK integ raw=37.62 prev=37.62 new=37.72 d=+0.102 fr=56.92 dt=0.102 rate=1.00 paused=False backlog=38.44 edge=76.16 div=0.00
21:15:19.760 CLOCK integ raw=37.62 prev=37.72 new=37.82 d=+0.101 fr=56.92 dt=0.101 rate=1.00 paused=False backlog=38.44 edge=76.26 div=0.00
21:15:19.900 EDGESNAP err=+2.57 edge->78.83
21:15:19.900 CUE cx=[74.88..76.38] adv=1.50 el=4.48 fresh | off=-0.17 fr=56.92 cc=37.82 raw=37.90 lead=+38.38 | pcr=78.829 head_rel=78.83 lag_ewma=5.24 | q=the touchdown here to show you / what it looked like. Short 
21:15:19.902 ANCHOR pend_end=76.38 L=4.27 pinL=2.45 target=0.00 off=-0.17
21:15:19.902 CLOCK fold raw=37.90 prev=37.82 new=37.90 d=+0.076 fr=56.92 dt=0.142 rate=1.00 paused=False backlog=41.08 edge=78.97 div=0.00
21:15:20.005 CLOCK integ raw=37.90 prev=37.90 new=38.00 d=+0.103 fr=57.27 dt=0.103 rate=1.00 paused=False backlog=41.08 edge=79.07 div=0.00
21:15:20.106 CUE cx=[76.38..78.14] adv=1.77 el=0.24 fresh | off=-0.09 fr=57.27 cc=38.00 raw=38.18 lead=+40.06 | pcr=78.829 head_rel=78.83 lag_ewma=4.27 | q=what it looked like. Short pass / ending in six points and a
21:15:20.106 ANCHOR pend_end=78.14 L=3.01 pinL=0.69 target=0.12 off=-0.09
21:15:20.107 CLOCK fold raw=38.18 prev=38.00 new=38.18 d=+0.178 fr=57.27 dt=0.103 rate=1.00 paused=False backlog=40.88 edge=79.05 div=0.00
21:15:20.208 CLOCK integ raw=38.18 prev=38.18 new=38.28 d=+0.101 fr=57.27 dt=0.101 rate=1.00 paused=False backlog=40.88 edge=79.15 div=0.00
21:15:20.311 CLOCK integ raw=38.18 prev=38.28 new=38.38 d=+0.102 fr=57.27 dt=0.102 rate=1.00 paused=False backlog=40.88 edge=79.26 div=0.00
21:15:20.412 CLOCK fold raw=38.46 prev=38.38 new=38.46 d=+0.081 fr=57.27 dt=0.102 rate=1.00 paused=False backlog=40.90 edge=79.36 div=0.00
21:15:20.514 CLOCK integ raw=38.46 prev=38.46 new=38.56 d=+0.102 fr=57.27 dt=0.102 rate=1.00 paused=False backlog=40.90 edge=79.46 div=0.00
21:15:20.616 CLOCK integ raw=38.46 prev=38.56 new=38.66 d=+0.102 fr=57.27 dt=0.102 rate=1.00 paused=False backlog=40.90 edge=79.56 div=0.00
21:15:20.719 TICK fr=57.27 cc=38.66 raw=38.74 vid=38.18 playing=1 started=1 stall=0 | d_fr_cc=+18.61 d_fr_raw=+18.53 d_cc_raw=-0.08 | off=0.02 ccx_end=78.14 since_show=0.1 since_cue=0.6 | pcr=78.829 pid=100 head_rel=78.83 ccx_lag=0.69 | credit=57.3 capped=0.0 | fsize=35924168 feed=35924168 feed_behind=0 | backlog=40.90 edge=79.56 div=0.00 lag_ewma=3.01
21:15:20.822 CLOCK fold raw=38.74 prev=38.66 new=38.74 d=+0.076 fr=57.27 dt=0.206 rate=1.00 paused=False backlog=40.66 edge=79.40 div=0.00
21:15:20.923 CLOCK fold raw=39.02 prev=38.74 new=39.02 d=+0.280 fr=57.27 dt=0.101 rate=1.00 paused=False backlog=40.48 edge=79.50 div=0.00
21:15:21.025 CLOCK integ raw=39.02 prev=39.02 new=39.12 d=+0.102 fr=57.27 dt=0.102 rate=1.00 paused=False backlog=40.48 edge=79.60 div=0.00
21:15:21.126 CLOCK integ raw=39.02 prev=39.12 new=39.22 d=+0.101 fr=57.27 dt=0.101 rate=1.00 paused=False backlog=40.48 edge=79.71 div=0.00
21:15:21.228 CLOCK fold raw=39.30 prev=39.22 new=39.30 d=+0.079 fr=57.27 dt=0.102 rate=1.00 paused=False backlog=40.51 edge=79.81 div=0.00
21:15:21.329 CLOCK integ raw=39.30 prev=39.30 new=39.40 d=+0.101 fr=57.27 dt=0.101 rate=1.00 paused=False backlog=40.51 edge=79.91 div=0.00
21:15:21.430 CLOCK integ raw=39.30 prev=39.40 new=39.50 d=+0.101 fr=57.27 dt=0.101 rate=1.00 paused=False backlog=40.51 edge=80.01 div=0.00
21:15:21.532 CLOCK fold raw=39.58 prev=39.50 new=39.58 d=+0.079 fr=57.27 dt=0.101 rate=1.00 paused=False backlog=40.53 edge=80.11 div=0.00
21:15:21.634 CLOCK integ raw=39.58 prev=39.58 new=39.68 d=+0.102 fr=57.27 dt=0.102 rate=1.00 paused=False backlog=40.53 edge=80.21 div=0.00
21:15:21.735 CLOCK integ raw=39.58 prev=39.68 new=39.79 d=+0.101 fr=57.27 dt=0.101 rate=1.00 paused=False backlog=40.53 edge=80.31 div=0.00
21:15:21.937 CLOCK fold raw=39.86 prev=39.79 new=39.86 d=+0.078 fr=57.27 dt=0.202 rate=1.00 paused=False backlog=40.65 edge=80.52 div=0.00
21:15:22.038 CLOCK integ raw=39.86 prev=39.86 new=39.96 d=+0.101 fr=57.27 dt=0.101 rate=1.00 paused=False backlog=40.65 edge=80.62 div=0.00
21:15:22.141 CLOCK fold raw=40.14 prev=39.96 new=40.14 d=+0.179 fr=57.27 dt=0.102 rate=1.00 paused=False backlog=40.58 edge=80.72 div=0.00
21:15:22.242 CLOCK integ raw=40.14 prev=40.14 new=40.24 d=+0.102 fr=57.27 dt=0.102 rate=1.00 paused=False backlog=40.58 edge=80.82 div=0.00
21:15:22.344 CLOCK fold raw=40.42 prev=40.24 new=40.42 d=+0.180 fr=57.27 dt=0.102 rate=1.00 paused=False backlog=40.50 edge=80.92 div=0.00
21:15:22.447 CLOCK integ raw=40.42 prev=40.42 new=40.53 d=+0.102 fr=57.27 dt=0.102 rate=1.00 paused=False backlog=40.50 edge=81.03 div=0.00
21:15:22.548 CLOCK integ raw=40.42 prev=40.53 new=40.63 d=+0.101 fr=57.27 dt=0.101 rate=1.00 paused=False backlog=40.50 edge=81.13 div=0.00
21:15:22.650 CLOCK fold raw=40.70 prev=40.63 new=40.70 d=+0.075 fr=57.27 dt=0.102 rate=1.00 paused=False backlog=40.53 edge=81.23 div=0.00
21:15:22.752 CLOCK integ raw=40.70 prev=40.70 new=40.81 d=+0.102 fr=57.27 dt=0.102 rate=1.00 paused=False backlog=39.33 edge=80.13 div=0.00
21:15:22.854 CLOCK integ raw=40.70 prev=40.81 new=40.91 d=+0.102 fr=57.27 dt=0.102 rate=1.00 paused=False backlog=39.33 edge=80.23 div=0.00
21:15:22.956 CLOCK fold raw=40.98 prev=40.91 new=40.98 d=+0.077 fr=57.27 dt=0.102 rate=1.00 paused=False backlog=39.35 edge=80.34 div=0.00
21:15:23.057 CLOCK integ raw=40.98 prev=40.98 new=41.09 d=+0.101 fr=57.27 dt=0.101 rate=1.00 paused=False backlog=39.35 edge=80.44 div=0.00
21:15:23.159 CLOCK integ raw=40.98 prev=41.09 new=41.19 d=+0.102 fr=57.27 dt=0.102 rate=1.00 paused=False backlog=39.35 edge=80.54 div=0.00
21:15:23.261 CLOCK fold raw=41.27 prev=41.19 new=41.27 d=+0.078 fr=57.27 dt=0.102 rate=1.00 paused=False backlog=39.37 edge=80.64 div=0.00
21:15:23.463 CLOCK fold raw=41.55 prev=41.27 new=41.55 d=+0.286 fr=57.27 dt=0.202 rate=1.00 paused=False backlog=39.29 edge=80.84 div=0.00
21:15:23.564 CLOCK integ raw=41.55 prev=41.55 new=41.65 d=+0.101 fr=57.27 dt=0.101 rate=1.00 paused=False backlog=39.29 edge=80.94 div=0.00
21:15:23.666 CLOCK integ raw=41.55 prev=41.65 new=41.76 d=+0.102 fr=57.27 dt=0.102 rate=1.00 paused=False backlog=39.29 edge=81.05 div=0.00
21:15:23.768 CLOCK fold raw=41.83 prev=41.76 new=41.83 d=+0.073 fr=57.27 dt=0.102 rate=1.00 paused=False backlog=39.32 edge=81.15 div=0.00
21:15:23.870 CLOCK integ raw=41.83 prev=41.83 new=41.93 d=+0.102 fr=57.27 dt=0.102 rate=1.00 paused=False backlog=39.32 edge=81.25 div=0.00
21:15:23.972 CLOCK integ raw=41.83 prev=41.93 new=42.03 d=+0.102 fr=57.27 dt=0.102 rate=1.00 paused=False backlog=39.32 edge=81.35 div=0.00
21:15:24.074 CLOCK fold raw=42.11 prev=42.03 new=42.11 d=+0.077 fr=57.27 dt=0.102 rate=1.00 paused=False backlog=39.34 edge=81.45 div=0.00
21:15:24.176 CLOCK integ raw=42.11 prev=42.11 new=42.21 d=+0.102 fr=57.27 dt=0.102 rate=1.00 paused=False backlog=39.34 edge=81.56 div=0.00
21:15:24.278 CLOCK integ raw=42.11 prev=42.21 new=42.31 d=+0.102 fr=57.27 dt=0.102 rate=1.00 paused=False backlog=39.34 edge=81.66 div=0.00
21:15:24.380 CLOCK fold raw=42.39 prev=42.31 new=42.39 d=+0.076 fr=57.27 dt=0.101 rate=1.00 paused=False backlog=39.37 edge=81.76 div=0.00
21:15:24.481 CLOCK integ raw=42.39 prev=42.39 new=42.49 d=+0.102 fr=57.27 dt=0.102 rate=1.00 paused=False backlog=39.37 edge=81.86 div=0.00
21:15:24.583 CLOCK fold raw=42.67 prev=42.49 new=42.67 d=+0.180 fr=57.27 dt=0.101 rate=1.00 paused=False backlog=39.29 edge=81.96 div=0.00
21:15:24.715 CLOCK integ raw=42.67 prev=42.67 new=42.80 d=+0.132 fr=57.27 dt=0.132 rate=1.00 paused=False backlog=38.85 edge=81.65 div=0.00
21:15:24.817 CLOCK integ raw=42.67 prev=42.80 new=42.91 d=+0.102 fr=62.18 dt=0.102 rate=1.00 paused=False backlog=38.85 edge=81.75 div=0.00
21:15:24.918 CLOCK fold raw=42.95 prev=42.91 new=42.95 d=+0.045 fr=62.18 dt=0.102 rate=1.00 paused=False backlog=38.90 edge=81.85 div=0.00
21:15:25.020 CLOCK integ raw=42.95 prev=42.95 new=43.05 d=+0.102 fr=62.18 dt=0.102 rate=1.00 paused=False backlog=38.90 edge=81.96 div=0.00
21:15:25.148 EDGESNAP err=+4.88 edge->86.84
21:15:25.148 CUE cx=[78.14..81.81] adv=3.67 el=5.02 fresh | off=0.02 fr=62.18 cc=43.05 raw=43.23 lead=+38.78 | pcr=86.838 head_rel=86.84 lag_ewma=7.89 | q=ending in six points and a / field goal for seven. But the /
21:15:25.148 CUE cx=[81.82..82.88] adv=1.07 el=0.03 fresh | off=0.02 fr=62.18 cc=43.05 raw=43.23 lead=+39.85 | pcr=86.838 head_rel=86.84 lag_ewma=7.89 | q=field goal for seven. But the / Broncos up next. Saturday ro
21:15:25.149 CUE cx=[82.88..83.88] adv=1.00 el=0.00 fresh | off=0.02 fr=62.18 cc=43.05 raw=43.23 lead=+40.85 | pcr=86.838 head_rel=86.84 lag_ewma=7.89 | q=Broncos up next. Saturday rolls / around. I don't want to ju
21:15:25.150 ANCHOR pend_end=83.88 L=6.17 pinL=2.96 target=0.00 off=0.02
21:15:25.150 CLOCK fold raw=43.23 prev=43.05 new=43.23 d=+0.179 fr=62.18 dt=0.130 rate=1.00 paused=False backlog=43.74 edge=86.97 div=0.00
21:15:25.252 CLOCK integ raw=43.23 prev=43.23 new=43.33 d=+0.102 fr=62.62 dt=0.102 rate=1.00 paused=False backlog=43.74 edge=87.07 div=0.00
21:15:25.353 CUE cx=[83.88..84.98] adv=1.10 el=0.20 fresh | off=0.01 fr=62.62 cc=43.33 raw=43.23 lead=+41.66 | pcr=86.838 head_rel=86.84 lag_ewma=6.17 | q=around. I don't want to jump / through hoops to watch colleg
21:15:25.354 CUE cx=[84.99..86.15] adv=1.17 el=0.00 fresh | off=0.01 fr=62.62 cc=43.33 raw=43.23 lead=+42.83 | pcr=86.838 head_rel=86.84 lag_ewma=6.17 | q=through hoops to watch college / football. Good thing DirecT
21:15:25.355 ANCHOR pend_end=86.15 L=4.25 pinL=0.69 target=0.06 off=0.01
21:15:25.356 CLOCK integ raw=43.23 prev=43.33 new=43.44 d=+0.105 fr=62.62 dt=0.105 rate=1.00 paused=False backlog=43.56 edge=87.00 div=0.00
21:15:25.458 CLOCK fold raw=43.51 prev=43.44 new=43.51 d=+0.076 fr=62.62 dt=0.101 rate=1.00 paused=False backlog=43.59 edge=87.10 div=0.00
21:15:25.559 CLOCK integ raw=43.51 prev=43.51 new=43.61 d=+0.101 fr=62.62 dt=0.101 rate=1.00 paused=False backlog=43.59 edge=87.20 div=0.00
21:15:25.762 TICK fr=62.62 cc=43.61 raw=43.79 vid=43.51 playing=1 started=1 stall=0 | d_fr_cc=+19.00 d_fr_raw=+18.83 d_cc_raw=-0.18 | off=0.03 ccx_end=86.15 since_show=0.2 since_cue=0.4 | pcr=86.838 pid=100 head_rel=86.84 ccx_lag=0.69 | credit=62.6 capped=0.0 | fsize=39544860 feed=39544860 feed_behind=0 | backlog=43.59 edge=87.20 div=0.00 lag_ewma=4.25
21:15:25.763 CLOCK fold raw=43.79 prev=43.61 new=43.79 d=+0.179 fr=62.62 dt=0.204 rate=1.00 paused=False backlog=43.61 edge=87.41 div=0.00
21:15:25.864 CLOCK integ raw=43.79 prev=43.79 new=43.89 d=+0.101 fr=62.62 dt=0.101 rate=1.00 paused=False backlog=43.61 edge=87.51 div=0.00
21:15:25.965 CLOCK integ raw=43.79 prev=43.89 new=43.99 d=+0.101 fr=62.62 dt=0.101 rate=1.00 paused=False backlog=43.61 edge=87.61 div=0.00
21:15:26.067 CLOCK fold raw=44.08 prev=43.99 new=44.08 d=+0.085 fr=62.62 dt=0.102 rate=1.00 paused=False backlog=43.63 edge=87.71 div=0.00
21:15:26.169 CLOCK integ raw=44.08 prev=44.08 new=44.18 d=+0.102 fr=62.62 dt=0.102 rate=1.00 paused=False backlog=43.63 edge=87.81 div=0.00
21:15:26.271 CLOCK fold raw=44.35 prev=44.18 new=44.35 d=+0.173 fr=62.62 dt=0.102 rate=1.00 paused=False backlog=43.56 edge=87.91 div=0.00
21:15:26.372 CLOCK integ raw=44.35 prev=44.35 new=44.46 d=+0.102 fr=62.62 dt=0.102 rate=1.00 paused=False backlog=43.56 edge=88.02 div=0.00
21:15:26.474 CLOCK integ raw=44.35 prev=44.46 new=44.56 d=+0.102 fr=62.62 dt=0.102 rate=1.00 paused=False backlog=43.56 edge=88.12 div=0.00
21:15:26.576 CLOCK fold raw=44.64 prev=44.56 new=44.64 d=+0.077 fr=62.62 dt=0.102 rate=1.00 paused=False backlog=43.58 edge=88.22 div=0.00
21:15:26.677 CLOCK integ raw=44.64 prev=44.64 new=44.74 d=+0.101 fr=62.62 dt=0.101 rate=1.00 paused=False backlog=43.58 edge=88.32 div=0.00
21:15:26.780 CLOCK integ raw=44.64 prev=44.74 new=44.84 d=+0.102 fr=62.62 dt=0.102 rate=1.00 paused=False backlog=42.84 edge=87.68 div=0.00
21:15:26.881 CLOCK fold raw=44.91 prev=44.84 new=44.91 d=+0.075 fr=62.62 dt=0.101 rate=1.00 paused=False backlog=42.87 edge=87.78 div=0.00
21:15:26.984 CLOCK integ raw=44.91 prev=44.91 new=45.02 d=+0.103 fr=62.62 dt=0.103 rate=1.00 paused=False backlog=42.87 edge=87.89 div=0.00
21:15:27.186 CLOCK fold raw=45.20 prev=45.02 new=45.20 d=+0.178 fr=62.62 dt=0.203 rate=1.00 paused=False backlog=42.89 edge=88.09 div=0.00
21:15:27.288 CLOCK integ raw=45.20 prev=45.20 new=45.30 d=+0.101 fr=62.62 dt=0.101 rate=1.00 paused=False backlog=42.89 edge=88.19 div=0.00
21:15:27.390 CLOCK fold raw=45.48 prev=45.30 new=45.48 d=+0.180 fr=62.62 dt=0.102 rate=1.00 paused=False backlog=42.81 edge=88.29 div=0.00
21:15:27.491 CLOCK integ raw=45.48 prev=45.48 new=45.58 d=+0.101 fr=62.62 dt=0.101 rate=1.00 paused=False backlog=42.81 edge=88.39 div=0.00
21:15:27.593 CLOCK integ raw=45.48 prev=45.58 new=45.68 d=+0.102 fr=62.62 dt=0.102 rate=1.00 paused=False backlog=42.81 edge=88.49 div=0.00
21:15:27.694 CLOCK fold raw=45.76 prev=45.68 new=45.76 d=+0.079 fr=62.62 dt=0.102 rate=1.00 paused=False backlog=42.84 edge=88.60 div=0.00
21:15:27.796 CLOCK integ raw=45.76 prev=45.76 new=45.86 d=+0.102 fr=62.62 dt=0.102 rate=1.00 paused=False backlog=42.84 edge=88.70 div=0.00
21:15:27.898 CLOCK integ raw=45.76 prev=45.86 new=45.96 d=+0.102 fr=62.62 dt=0.102 rate=1.00 paused=False backlog=42.84 edge=88.80 div=0.00
21:15:28.000 CLOCK fold raw=46.04 prev=45.96 new=46.04 d=+0.078 fr=62.62 dt=0.102 rate=1.00 paused=False backlog=42.86 edge=88.90 div=0.00
21:15:28.102 CLOCK integ raw=46.04 prev=46.04 new=46.14 d=+0.102 fr=62.62 dt=0.102 rate=1.00 paused=False backlog=42.86 edge=89.00 div=0.00
21:15:28.203 CLOCK integ raw=46.04 prev=46.14 new=46.24 d=+0.101 fr=62.62 dt=0.101 rate=1.00 paused=False backlog=42.86 edge=89.10 div=0.00
21:15:28.304 CLOCK fold raw=46.32 prev=46.24 new=46.32 d=+0.076 fr=62.62 dt=0.101 rate=1.00 paused=False backlog=42.88 edge=89.21 div=0.00
21:15:28.406 CLOCK integ raw=46.32 prev=46.32 new=46.42 d=+0.102 fr=62.62 dt=0.102 rate=1.00 paused=False backlog=42.88 edge=89.31 div=0.00
21:15:28.508 CLOCK fold raw=46.60 prev=46.42 new=46.60 d=+0.181 fr=62.62 dt=0.101 rate=1.00 paused=False backlog=42.81 edge=89.41 div=0.00
21:15:28.709 CLOCK integ raw=46.60 prev=46.60 new=46.81 d=+0.202 fr=62.62 dt=0.202 rate=1.00 paused=False backlog=42.81 edge=89.61 div=0.00
21:15:28.712 EDGESNAP err=-2.77 edge->86.84
21:15:28.813 CLOCK fold raw=46.89 prev=46.81 new=46.89 d=+0.080 fr=62.62 dt=0.103 rate=1.00 paused=False backlog=40.05 edge=86.94 div=0.00
21:15:28.914 CLOCK integ raw=46.89 prev=46.89 new=46.99 d=+0.102 fr=62.62 dt=0.102 rate=1.00 paused=False backlog=40.05 edge=87.04 div=0.00
21:15:29.017 CLOCK integ raw=46.89 prev=46.99 new=47.09 d=+0.102 fr=62.62 dt=0.102 rate=1.00 paused=False backlog=40.05 edge=87.14 div=0.00
21:15:29.118 CLOCK fold raw=47.17 prev=47.09 new=47.17 d=+0.079 fr=62.62 dt=0.101 rate=1.00 paused=False backlog=40.08 edge=87.25 div=0.00
21:15:29.220 CLOCK integ raw=47.17 prev=47.17 new=47.27 d=+0.102 fr=62.62 dt=0.102 rate=1.00 paused=False backlog=40.08 edge=87.35 div=0.00
21:15:29.322 CLOCK integ raw=47.17 prev=47.27 new=47.37 d=+0.102 fr=62.62 dt=0.102 rate=1.00 paused=False backlog=40.08 edge=87.45 div=0.00
21:15:29.424 CLOCK fold raw=47.45 prev=47.37 new=47.45 d=+0.078 fr=62.62 dt=0.102 rate=1.00 paused=False backlog=40.10 edge=87.55 div=0.00
21:15:29.525 CLOCK integ raw=47.45 prev=47.45 new=47.55 d=+0.101 fr=62.62 dt=0.101 rate=1.00 paused=False backlog=40.10 edge=87.65 div=0.00
21:15:29.626 CLOCK integ raw=47.45 prev=47.55 new=47.65 d=+0.101 fr=62.62 dt=0.101 rate=1.00 paused=False backlog=40.10 edge=87.75 div=0.00
21:15:29.729 CLOCK fold raw=47.73 prev=47.65 new=47.73 d=+0.081 fr=66.99 dt=0.103 rate=1.00 paused=False backlog=40.12 edge=87.86 div=0.00
21:15:29.832 CUE cx=[86.15..87.85] adv=1.70 el=4.48 fresh | off=0.03 fr=66.99 cc=47.73 raw=47.73 lead=+40.15 | pcr=90.076 head_rel=90.08 lag_ewma=4.25 | q=football. Good thing DirecTV / makes it easy to keep up with
21:15:29.832 ANCHOR pend_end=87.85 L=3.54 pinL=2.22 target=-1.11 off=0.03
21:15:29.833 CLOCK integ raw=47.73 prev=47.73 new=47.84 d=+0.104 fr=66.99 dt=0.104 rate=1.00 paused=False backlog=41.23 edge=89.07 div=0.00
21:15:29.934 CLOCK fold raw=48.01 prev=47.84 new=48.01 d=+0.176 fr=66.99 dt=0.101 rate=1.00 paused=False backlog=41.16 edge=89.17 div=0.00
21:15:30.136 CLOCK integ raw=48.01 prev=48.01 new=48.22 d=+0.202 fr=67.40 dt=0.202 rate=1.00 paused=False backlog=41.16 edge=89.37 div=0.00
21:15:30.238 CLOCK fold raw=48.30 prev=48.22 new=48.30 d=+0.082 fr=67.40 dt=0.102 rate=1.00 paused=False backlog=41.18 edge=89.47 div=0.00
21:15:30.340 CLOCK integ raw=48.30 prev=48.30 new=48.40 d=+0.102 fr=67.40 dt=0.102 rate=1.00 paused=False backlog=41.18 edge=89.58 div=0.00
21:15:30.443 CLOCK integ raw=48.30 prev=48.40 new=48.50 d=+0.103 fr=67.40 dt=0.103 rate=1.00 paused=False backlog=41.18 edge=89.68 div=0.00
21:15:30.546 CLOCK fold raw=48.58 prev=48.50 new=48.58 d=+0.074 fr=67.40 dt=0.102 rate=1.00 paused=False backlog=41.20 edge=89.78 div=0.00
21:15:30.647 CLOCK integ raw=48.58 prev=48.58 new=48.68 d=+0.101 fr=67.40 dt=0.101 rate=1.00 paused=False backlog=41.20 edge=89.88 div=0.00
21:15:30.749 TICK fr=67.40 cc=48.68 raw=48.58 vid=48.30 playing=1 started=1 stall=0 | d_fr_cc=+18.72 d_fr_raw=+18.82 d_cc_raw=+0.10 | off=-0.54 ccx_end=87.85 since_show=0.1 since_cue=0.9 | pcr=90.076 pid=100 head_rel=90.08 ccx_lag=2.22 | credit=67.4 capped=0.0 | fsize=40943204 feed=40943204 feed_behind=0 | backlog=41.20 edge=89.88 div=0.00 lag_ewma=3.54
21:15:30.752 CLOCK integ raw=48.58 prev=48.68 new=48.78 d=+0.103 fr=67.40 dt=0.103 rate=1.00 paused=False backlog=41.30 edge=90.08 div=0.00
21:15:30.853 CLOCK fold raw=48.86 prev=48.78 new=48.86 d=+0.080 fr=67.40 dt=0.103 rate=1.00 paused=False backlog=41.32 edge=90.19 div=0.00
21:15:30.955 CLOCK integ raw=48.86 prev=48.86 new=48.96 d=+0.102 fr=67.40 dt=0.102 rate=1.00 paused=False backlog=41.32 edge=90.29 div=0.00
21:15:31.056 CLOCK fold raw=49.14 prev=48.96 new=49.14 d=+0.175 fr=67.40 dt=0.101 rate=1.00 paused=False backlog=41.25 edge=90.39 div=0.00
21:15:31.158 CLOCK integ raw=49.14 prev=49.14 new=49.24 d=+0.102 fr=67.40 dt=0.102 rate=1.00 paused=False backlog=41.25 edge=90.49 div=0.00
21:15:31.259 CLOCK integ raw=49.14 prev=49.24 new=49.34 d=+0.101 fr=67.40 dt=0.101 rate=1.00 paused=False backlog=41.25 edge=90.59 div=0.00
21:15:31.361 CLOCK fold raw=49.43 prev=49.34 new=49.43 d=+0.083 fr=67.40 dt=0.102 rate=1.00 paused=False backlog=41.27 edge=90.69 div=0.00
21:15:31.562 CLOCK integ raw=49.43 prev=49.43 new=49.63 d=+0.202 fr=67.40 dt=0.202 rate=1.00 paused=False backlog=41.27 edge=90.90 div=0.00
21:15:31.664 CLOCK fold raw=49.71 prev=49.63 new=49.71 d=+0.078 fr=67.40 dt=0.101 rate=1.00 paused=False backlog=41.29 edge=91.00 div=0.00
21:15:31.766 CLOCK integ raw=49.71 prev=49.71 new=49.81 d=+0.102 fr=67.40 dt=0.102 rate=1.00 paused=False backlog=41.29 edge=91.10 div=0.00
21:15:31.867 CLOCK integ raw=49.71 prev=49.81 new=49.91 d=+0.101 fr=67.40 dt=0.101 rate=1.00 paused=False backlog=41.29 edge=91.20 div=0.00
21:15:31.968 CLOCK fold raw=49.99 prev=49.91 new=49.99 d=+0.078 fr=67.40 dt=0.101 rate=1.00 paused=False backlog=41.31 edge=91.30 div=0.00
21:15:32.070 CLOCK integ raw=49.99 prev=49.99 new=50.09 d=+0.102 fr=67.40 dt=0.102 rate=1.00 paused=False backlog=41.31 edge=91.40 div=0.00
21:15:32.172 CLOCK fold raw=50.27 prev=50.09 new=50.27 d=+0.179 fr=67.40 dt=0.102 rate=1.00 paused=False backlog=41.24 edge=91.50 div=0.00
21:15:32.274 CLOCK integ raw=50.27 prev=50.27 new=50.37 d=+0.102 fr=67.40 dt=0.102 rate=1.00 paused=False backlog=41.24 edge=91.61 div=0.00
21:15:32.375 CLOCK integ raw=50.27 prev=50.37 new=50.47 d=+0.101 fr=67.40 dt=0.101 rate=1.00 paused=False backlog=41.24 edge=91.71 div=0.00
21:15:32.476 CLOCK fold raw=50.55 prev=50.47 new=50.55 d=+0.078 fr=67.40 dt=0.101 rate=1.00 paused=False backlog=41.26 edge=91.81 div=0.00
21:15:32.578 CLOCK integ raw=50.55 prev=50.55 new=50.65 d=+0.101 fr=67.40 dt=0.101 rate=1.00 paused=False backlog=41.26 edge=91.91 div=0.00
21:15:32.682 CLOCK integ raw=50.55 prev=50.65 new=50.75 d=+0.103 fr=67.40 dt=0.103 rate=1.00 paused=False backlog=40.34 edge=91.10 div=0.00
21:15:32.783 CLOCK fold raw=50.83 prev=50.75 new=50.83 d=+0.078 fr=67.40 dt=0.102 rate=1.00 paused=False backlog=40.37 edge=91.20 div=0.00
21:15:32.885 CLOCK integ raw=50.83 prev=50.83 new=50.93 d=+0.102 fr=67.40 dt=0.102 rate=1.00 paused=False backlog=40.37 edge=91.30 div=0.00
21:15:33.088 CLOCK fold raw=51.11 prev=50.93 new=51.11 d=+0.180 fr=67.40 dt=0.203 rate=1.00 paused=False backlog=40.39 edge=91.50 div=0.00
21:15:33.189 CLOCK integ raw=51.11 prev=51.11 new=51.21 d=+0.101 fr=67.40 dt=0.101 rate=1.00 paused=False backlog=40.39 edge=91.60 div=0.00
21:15:33.290 CLOCK integ raw=51.11 prev=51.21 new=51.32 d=+0.101 fr=67.40 dt=0.101 rate=1.00 paused=False backlog=40.39 edge=91.71 div=0.00
21:15:33.392 CLOCK fold raw=51.39 prev=51.32 new=51.39 d=+0.077 fr=67.40 dt=0.101 rate=1.00 paused=False backlog=40.41 edge=91.81 div=0.00
21:15:33.493 CLOCK integ raw=51.39 prev=51.39 new=51.49 d=+0.101 fr=67.40 dt=0.101 rate=1.00 paused=False backlog=40.41 edge=91.91 div=0.00
21:15:33.594 CLOCK fold raw=51.68 prev=51.49 new=51.68 d=+0.182 fr=67.40 dt=0.101 rate=1.00 paused=False backlog=40.33 edge=92.01 div=0.00
21:15:33.696 CLOCK integ raw=51.68 prev=51.68 new=51.78 d=+0.102 fr=67.40 dt=0.102 rate=1.00 paused=False backlog=40.33 edge=92.11 div=0.00
21:15:33.798 CLOCK integ raw=51.68 prev=51.78 new=51.88 d=+0.102 fr=67.40 dt=0.102 rate=1.00 paused=False backlog=40.33 edge=92.21 div=0.00
21:15:33.900 CLOCK fold raw=51.96 prev=51.88 new=51.96 d=+0.078 fr=67.40 dt=0.102 rate=1.00 paused=False backlog=40.36 edge=92.31 div=0.00
21:15:34.001 CLOCK integ raw=51.96 prev=51.96 new=52.06 d=+0.101 fr=67.40 dt=0.101 rate=1.00 paused=False backlog=40.36 edge=92.42 div=0.00
21:15:34.102 CLOCK integ raw=51.96 prev=52.06 new=52.16 d=+0.101 fr=67.40 dt=0.101 rate=1.00 paused=False backlog=40.36 edge=92.52 div=0.00
21:15:34.304 CLOCK fold raw=52.24 prev=52.16 new=52.24 d=+0.077 fr=67.40 dt=0.202 rate=1.00 paused=False backlog=40.48 edge=92.72 div=0.00
21:15:34.405 CLOCK integ raw=52.24 prev=52.24 new=52.34 d=+0.101 fr=67.40 dt=0.101 rate=1.00 paused=False backlog=40.48 edge=92.82 div=0.00
21:15:34.506 CLOCK fold raw=52.52 prev=52.34 new=52.52 d=+0.179 fr=67.40 dt=0.102 rate=1.00 paused=False backlog=40.40 edge=92.92 div=0.00
21:15:34.608 CLOCK integ raw=52.52 prev=52.52 new=52.62 d=+0.101 fr=67.40 dt=0.101 rate=1.00 paused=False backlog=40.40 edge=93.02 div=0.00
21:15:34.709 CLOCK fold raw=52.80 prev=52.62 new=52.80 d=+0.179 fr=67.40 dt=0.101 rate=1.00 paused=False backlog=40.33 edge=93.12 div=0.00
21:15:34.836 CLOCK integ raw=52.80 prev=52.80 new=52.92 d=+0.127 fr=67.40 dt=0.127 rate=1.00 paused=False backlog=39.19 edge=92.11 div=0.00
21:15:34.836 CUE cx=[87.86..90.02] adv=2.17 el=5.01 fresh | off=-0.54 fr=67.40 cc=52.92 raw=52.80 lead=+36.56 | pcr=90.844 head_rel=90.84 lag_ewma=3.54 | q=makes it easy to keep up with / my favorite college teams. N
21:15:34.937 ANCHOR pend_end=90.02 L=2.59 pinL=0.82 target=0.63 off=-0.54
21:15:34.937 CLOCK integ raw=52.80 prev=52.92 new=53.02 d=+0.101 fr=67.40 dt=0.101 rate=1.00 paused=False backlog=38.55 edge=91.58 div=0.00
21:15:35.039 CLOCK fold raw=53.08 prev=53.02 new=53.08 d=+0.058 fr=72.31 dt=0.101 rate=1.00 paused=False backlog=38.60 edge=91.68 div=0.00
21:15:35.140 CLOCK integ raw=53.08 prev=53.08 new=53.18 d=+0.101 fr=72.31 dt=0.101 rate=1.00 paused=False backlog=38.60 edge=91.78 div=0.00
21:15:35.241 CLOCK integ raw=53.08 prev=53.18 new=53.29 d=+0.101 fr=72.31 dt=0.101 rate=1.00 paused=False backlog=38.60 edge=91.88 div=0.00
21:15:35.343 CLOCK fold raw=53.36 prev=53.29 new=53.36 d=+0.073 fr=72.31 dt=0.101 rate=1.00 paused=False backlog=38.62 edge=91.98 div=0.00
21:15:35.444 CLOCK integ raw=53.36 prev=53.36 new=53.46 d=+0.102 fr=72.31 dt=0.102 rate=1.00 paused=False backlog=38.62 edge=92.09 div=0.00
21:15:35.545 CLOCK fold raw=53.64 prev=53.46 new=53.64 d=+0.180 fr=72.31 dt=0.101 rate=1.00 paused=False backlog=38.55 edge=92.19 div=0.00
21:15:35.648 CLOCK integ raw=53.64 prev=53.64 new=53.74 d=+0.101 fr=72.31 dt=0.101 rate=1.00 paused=False backlog=38.55 edge=92.29 div=0.00
21:15:35.777 TICK fr=72.31 cc=53.74 raw=53.64 vid=53.36 playing=1 started=1 stall=0 | d_fr_cc=+18.56 d_fr_raw=+18.66 d_cc_raw=+0.10 | off=0.05 ccx_end=90.02 since_show=0.1 since_cue=0.9 | pcr=93.441 pid=100 head_rel=93.44 ccx_lag=3.42 | credit=72.3 capped=0.0 | fsize=42750072 feed=42120460 feed_behind=629612 | backlog=38.55 edge=92.29 div=0.00 lag_ewma=2.59
21:15:35.778 CLOCK integ raw=53.64 prev=53.74 new=53.87 d=+0.132 fr=73.15 dt=0.132 rate=1.00 paused=False backlog=38.55 edge=92.42 div=0.00
21:15:35.879 CLOCK fold raw=53.92 prev=53.87 new=53.92 d=+0.049 fr=73.15 dt=0.101 rate=1.00 paused=False backlog=38.60 edge=92.52 div=0.00
21:15:35.981 CLOCK integ raw=53.92 prev=53.92 new=54.02 d=+0.102 fr=73.15 dt=0.102 rate=1.00 paused=False backlog=38.60 edge=92.62 div=0.00
21:15:36.083 CLOCK integ raw=53.92 prev=54.02 new=54.13 d=+0.102 fr=73.15 dt=0.102 rate=1.00 paused=False backlog=38.60 edge=92.72 div=0.00
21:15:36.186 CUE cx=[90.02..93.22] adv=3.20 el=1.35 fresh | off=0.05 fr=73.15 cc=54.13 raw=54.20 lead=+39.15 | pcr=93.651 head_rel=93.65 lag_ewma=2.59 | q=my favorite college teams. No / hopping between apps or / ch
21:15:36.188 ANCHOR pend_end=93.22 L=1.83 pinL=0.43 target=-0.46 off=0.05
21:15:36.188 CLOCK fold raw=54.20 prev=54.13 new=54.20 d=+0.074 fr=73.55 dt=0.105 rate=1.00 paused=False backlog=39.09 edge=93.29 div=0.00
21:15:36.289 CLOCK integ raw=54.20 prev=54.20 new=54.30 d=+0.101 fr=73.55 dt=0.101 rate=1.00 paused=False backlog=39.09 edge=93.39 div=0.00
21:15:36.391 CLOCK fold raw=54.48 prev=54.30 new=54.48 d=+0.181 fr=73.55 dt=0.102 rate=1.00 paused=False backlog=39.01 edge=93.50 div=0.00
21:15:36.593 CLOCK integ raw=54.48 prev=54.48 new=54.68 d=+0.202 fr=73.55 dt=0.202 rate=1.00 paused=False backlog=39.01 edge=93.70 div=0.00
21:15:36.695 CLOCK fold raw=54.76 prev=54.68 new=54.76 d=+0.078 fr=73.55 dt=0.102 rate=1.00 paused=False backlog=39.04 edge=93.80 div=0.00
21:15:36.798 CLOCK integ raw=54.76 prev=54.76 new=54.87 d=+0.103 fr=73.55 dt=0.103 rate=1.00 paused=False backlog=38.96 edge=93.83 div=0.00
21:15:36.899 CLOCK integ raw=54.76 prev=54.87 new=54.97 d=+0.101 fr=73.55 dt=0.101 rate=1.00 paused=False backlog=38.96 edge=93.93 div=0.00
21:15:37.001 CLOCK fold raw=55.04 prev=54.97 new=55.04 d=+0.077 fr=73.55 dt=0.102 rate=1.00 paused=False backlog=38.99 edge=94.03 div=0.00
21:15:37.103 CLOCK integ raw=55.04 prev=55.04 new=55.15 d=+0.101 fr=73.55 dt=0.101 rate=1.00 paused=False backlog=38.99 edge=94.13 div=0.00
21:15:37.204 CLOCK integ raw=55.04 prev=55.15 new=55.25 d=+0.102 fr=73.55 dt=0.102 rate=1.00 paused=False backlog=38.99 edge=94.23 div=0.00
21:15:37.305 CLOCK fold raw=55.33 prev=55.25 new=55.33 d=+0.078 fr=73.55 dt=0.101 rate=1.00 paused=False backlog=39.01 edge=94.34 div=0.00
21:15:37.407 CLOCK integ raw=55.33 prev=55.33 new=55.43 d=+0.101 fr=73.55 dt=0.101 rate=1.00 paused=False backlog=39.01 edge=94.44 div=0.00
21:15:37.508 CLOCK fold raw=55.61 prev=55.43 new=55.61 d=+0.180 fr=73.55 dt=0.101 rate=1.00 paused=False backlog=38.93 edge=94.54 div=0.00
21:15:37.609 CLOCK integ raw=55.61 prev=55.61 new=55.71 d=+0.101 fr=73.55 dt=0.101 rate=1.00 paused=False backlog=38.93 edge=94.64 div=0.00
21:15:37.711 CLOCK integ raw=55.61 prev=55.71 new=55.81 d=+0.101 fr=73.55 dt=0.101 rate=1.00 paused=False backlog=38.93 edge=94.74 div=0.00
21:15:37.812 CLOCK fold raw=55.89 prev=55.81 new=55.89 d=+0.079 fr=75.18 dt=0.102 rate=1.00 paused=False backlog=38.96 edge=94.84 div=0.00
21:15:37.964 EDGESNAP err=+2.81 edge->97.65
21:15:37.964 CUE cx=[93.23..95.03] adv=1.80 el=1.73 fresh | off=-0.21 fr=75.18 cc=55.89 raw=55.89 lead=+38.93 | pcr=97.655 head_rel=97.65 lag_ewma=4.64 | q=hopping between apps or / channels. Stream college / footbal
21:15:37.965 ANCHOR pend_end=95.03 L=3.94 pinL=2.63 target=0.00 off=-0.21
21:15:37.965 CLOCK integ raw=55.89 prev=55.89 new=56.04 d=+0.153 fr=75.18 dt=0.153 rate=1.00 paused=False backlog=41.77 edge=97.81 div=0.00
21:15:38.067 CLOCK fold raw=56.17 prev=56.04 new=56.17 d=+0.127 fr=75.18 dt=0.102 rate=1.00 paused=False backlog=41.74 edge=97.91 div=0.00
21:15:38.171 CUE cx=[95.03..96.56] adv=1.53 el=0.25 fresh | off=-0.10 fr=75.18 cc=56.17 raw=56.17 lead=+40.29 | pcr=97.867 head_rel=97.87 lag_ewma=3.94 | q=channels. Stream college / football without the hurdles on /
21:15:38.171 ANCHOR pend_end=96.56 L=3.02 pinL=1.30 target=0.02 off=-0.10
21:15:38.172 CLOCK integ raw=56.17 prev=56.17 new=56.27 d=+0.105 fr=75.18 dt=0.105 rate=1.00 paused=False backlog=41.72 edge=97.99 div=0.00
21:15:38.273 CLOCK integ raw=56.17 prev=56.27 new=56.37 d=+0.102 fr=75.54 dt=0.102 rate=1.00 paused=False backlog=41.72 edge=98.09 div=0.00
21:15:38.375 CLOCK fold raw=56.45 prev=56.37 new=56.45 d=+0.075 fr=75.54 dt=0.102 rate=1.00 paused=False backlog=41.75 edge=98.20 div=0.00
21:15:38.478 CLOCK integ raw=56.45 prev=56.45 new=56.55 d=+0.103 fr=75.54 dt=0.103 rate=1.00 paused=False backlog=41.75 edge=98.30 div=0.00
21:15:38.580 CLOCK integ raw=56.45 prev=56.55 new=56.65 d=+0.102 fr=75.54 dt=0.102 rate=1.00 paused=False backlog=41.75 edge=98.40 div=0.00
21:15:38.785 CLOCK fold raw=56.73 prev=56.65 new=56.73 d=+0.078 fr=75.54 dt=0.204 rate=1.00 paused=False backlog=41.61 edge=98.34 div=0.00
21:15:38.885 CLOCK integ raw=56.73 prev=56.73 new=56.83 d=+0.102 fr=75.54 dt=0.102 rate=1.00 paused=False backlog=41.61 edge=98.44 div=0.00
21:15:38.988 CLOCK fold raw=57.01 prev=56.83 new=57.01 d=+0.179 fr=75.54 dt=0.103 rate=1.00 paused=False backlog=41.53 edge=98.54 div=0.00
21:15:39.092 CLOCK integ raw=57.01 prev=57.01 new=57.12 d=+0.104 fr=75.54 dt=0.104 rate=1.00 paused=False backlog=41.53 edge=98.65 div=0.00
21:15:39.194 CLOCK fold raw=57.29 prev=57.12 new=57.29 d=+0.178 fr=75.54 dt=0.102 rate=1.00 paused=False backlog=41.45 edge=98.75 div=0.00
21:15:39.297 CLOCK integ raw=57.29 prev=57.29 new=57.40 d=+0.102 fr=75.54 dt=0.102 rate=1.00 paused=False backlog=41.45 edge=98.85 div=0.00
21:15:39.399 CLOCK integ raw=57.29 prev=57.40 new=57.50 d=+0.102 fr=75.54 dt=0.102 rate=1.00 paused=False backlog=41.45 edge=98.95 div=0.00
21:15:39.501 CLOCK fold raw=57.57 prev=57.50 new=57.57 d=+0.075 fr=75.54 dt=0.103 rate=1.00 paused=False backlog=41.48 edge=99.06 div=0.00
21:15:39.603 CLOCK integ raw=57.57 prev=57.57 new=57.67 d=+0.102 fr=75.54 dt=0.102 rate=1.00 paused=False backlog=41.48 edge=99.16 div=0.00
21:15:39.706 CLOCK integ raw=57.57 prev=57.67 new=57.78 d=+0.102 fr=75.54 dt=0.102 rate=1.00 paused=False backlog=41.48 edge=99.26 div=0.00
21:15:39.809 CLOCK fold raw=57.85 prev=57.78 new=57.85 d=+0.076 fr=75.54 dt=0.103 rate=1.00 paused=False backlog=41.51 edge=99.36 div=0.00
21:15:39.910 CLOCK integ raw=57.85 prev=57.85 new=57.95 d=+0.102 fr=75.54 dt=0.102 rate=1.00 paused=False backlog=41.51 edge=99.46 div=0.00
21:15:40.012 CLOCK integ raw=57.85 prev=57.95 new=58.06 d=+0.102 fr=75.54 dt=0.102 rate=1.00 paused=False backlog=41.51 edge=99.57 div=0.00
21:15:40.114 CLOCK fold raw=58.13 prev=58.06 new=58.13 d=+0.078 fr=75.54 dt=0.102 rate=1.00 paused=False backlog=41.53 edge=99.67 div=0.00
21:15:40.217 CLOCK integ raw=58.13 prev=58.13 new=58.24 d=+0.102 fr=75.54 dt=0.102 rate=1.00 paused=False backlog=41.53 edge=99.77 div=0.00
21:15:40.419 CLOCK fold raw=58.42 prev=58.24 new=58.42 d=+0.179 fr=75.54 dt=0.203 rate=1.00 paused=False backlog=41.56 edge=99.97 div=0.00
21:15:40.522 CLOCK integ raw=58.42 prev=58.42 new=58.52 d=+0.102 fr=75.54 dt=0.102 rate=1.00 paused=False backlog=41.56 edge=100.07 div=0.00
21:15:40.623 CLOCK fold raw=58.70 prev=58.52 new=58.70 d=+0.179 fr=75.54 dt=0.102 rate=1.00 paused=False backlog=41.48 edge=100.18 div=0.00
21:15:40.726 CLOCK integ raw=58.70 prev=58.70 new=58.80 d=+0.103 fr=75.54 dt=0.103 rate=1.00 paused=False backlog=41.48 edge=100.28 div=0.00
21:15:40.730 TICK fr=75.54 cc=58.80 raw=58.70 vid=58.70 playing=1 started=1 stall=0 | d_fr_cc=+16.74 d_fr_raw=+16.84 d_cc_raw=+0.10 | off=-0.04 ccx_end=96.56 since_show=0.0 since_cue=2.6 | pcr=97.867 pid=100 head_rel=97.87 ccx_lag=1.30 | credit=75.5 capped=0.0 | fsize=44763364 feed=44763364 feed_behind=0 | backlog=41.48 edge=100.28 div=0.00 lag_ewma=3.02
21:15:40.835 CLOCK integ raw=58.70 prev=58.80 new=58.91 d=+0.109 fr=75.54 dt=0.109 rate=1.00 paused=False backlog=40.27 edge=99.18 div=0.00
21:15:40.937 CLOCK fold raw=58.98 prev=58.91 new=58.98 d=+0.067 fr=75.54 dt=0.102 rate=1.00 paused=False backlog=40.31 edge=99.28 div=0.00
21:15:41.039 CLOCK integ raw=58.98 prev=58.98 new=59.08 d=+0.103 fr=75.54 dt=0.103 rate=1.00 paused=False backlog=40.31 edge=99.39 div=0.00
21:15:41.142 CLOCK integ raw=58.98 prev=59.08 new=59.18 d=+0.103 fr=75.54 dt=0.103 rate=1.00 paused=False backlog=40.31 edge=99.49 div=0.00
21:15:41.244 CLOCK fold raw=59.26 prev=59.18 new=59.26 d=+0.076 fr=75.54 dt=0.102 rate=1.00 paused=False backlog=40.33 edge=99.59 div=0.00
21:15:41.345 CLOCK integ raw=59.26 prev=59.26 new=59.36 d=+0.101 fr=75.54 dt=0.101 rate=1.00 paused=False backlog=40.33 edge=99.69 div=0.00
21:15:41.448 CLOCK fold raw=59.54 prev=59.36 new=59.54 d=+0.181 fr=75.54 dt=0.103 rate=1.00 paused=False backlog=40.26 edge=99.80 div=0.00
21:15:41.549 CLOCK integ raw=59.54 prev=59.54 new=59.64 d=+0.101 fr=75.54 dt=0.101 rate=1.00 paused=False backlog=40.26 edge=99.90 div=0.00
21:15:41.652 CLOCK integ raw=59.54 prev=59.64 new=59.74 d=+0.103 fr=75.54 dt=0.103 rate=1.00 paused=False backlog=40.26 edge=100.00 div=0.00
21:15:41.755 CLOCK fold raw=59.82 prev=59.74 new=59.82 d=+0.076 fr=75.54 dt=0.103 rate=1.00 paused=False backlog=40.28 edge=100.10 div=0.00
21:15:41.959 CLOCK integ raw=59.82 prev=59.82 new=60.02 d=+0.204 fr=75.54 dt=0.204 rate=1.00 paused=False backlog=40.28 edge=100.31 div=0.00
21:15:42.062 CLOCK fold raw=60.10 prev=60.02 new=60.10 d=+0.078 fr=75.54 dt=0.102 rate=1.00 paused=False backlog=40.31 edge=100.41 div=0.00
21:15:42.163 CLOCK integ raw=60.10 prev=60.10 new=60.20 d=+0.102 fr=75.54 dt=0.102 rate=1.00 paused=False backlog=40.31 edge=100.51 div=0.00
21:15:42.265 CLOCK integ raw=60.10 prev=60.20 new=60.31 d=+0.102 fr=75.54 dt=0.102 rate=1.00 paused=False backlog=40.31 edge=100.61 div=0.00
21:15:42.369 CLOCK fold raw=60.38 prev=60.31 new=60.38 d=+0.075 fr=75.54 dt=0.104 rate=1.00 paused=False backlog=40.34 edge=100.72 div=0.00
21:15:42.471 CLOCK integ raw=60.38 prev=60.38 new=60.48 d=+0.102 fr=75.54 dt=0.102 rate=1.00 paused=False backlog=40.34 edge=100.82 div=0.00
21:15:42.573 CLOCK fold raw=60.67 prev=60.48 new=60.67 d=+0.186 fr=75.54 dt=0.102 rate=1.00 paused=False backlog=40.25 edge=100.92 div=0.00
21:15:42.676 CLOCK integ raw=60.67 prev=60.67 new=60.77 d=+0.103 fr=80.04 dt=0.103 rate=1.00 paused=False backlog=40.25 edge=101.02 div=0.00
21:15:42.821 CLOCK integ raw=60.67 prev=60.77 new=60.92 d=+0.145 fr=80.04 dt=0.145 rate=1.00 paused=False backlog=39.38 edge=100.29 div=0.00
21:15:42.923 CUE cx=[96.56..97.93] adv=1.37 el=4.75 fresh | off=-0.04 fr=80.04 cc=60.92 raw=60.94 lead=+36.97 | pcr=99.271 head_rel=99.27 lag_ewma=3.02 | q=football without the hurdles on / DirecTV. Look, if you're a
21:15:42.925 CUE cx=[97.93..99.00] adv=1.07 el=0.00 fresh | off=-0.04 fr=80.04 cc=60.92 raw=60.94 lead=+38.04 | pcr=99.271 head_rel=99.27 lag_ewma=3.02 | q=DirecTV. Look, if you're an / executive, this shirt is a mus
21:15:42.926 ANCHOR pend_end=99.00 L=2.06 pinL=0.27 target=0.26 off=-0.04
21:15:42.926 CLOCK fold raw=60.94 prev=60.92 new=60.94 d=+0.025 fr=80.04 dt=0.104 rate=1.00 paused=False backlog=38.69 edge=99.63 div=0.00
21:15:43.027 CLOCK integ raw=60.94 prev=60.94 new=61.04 d=+0.101 fr=80.04 dt=0.101 rate=1.00 paused=False backlog=38.69 edge=99.73 div=0.00
21:15:43.130 CLOCK fold raw=61.23 prev=61.04 new=61.23 d=+0.184 fr=80.40 dt=0.102 rate=1.00 paused=False backlog=38.61 edge=99.83 div=0.00
21:15:43.231 CLOCK integ raw=61.23 prev=61.23 new=61.33 d=+0.102 fr=80.40 dt=0.102 rate=1.00 paused=False backlog=38.61 edge=99.94 div=0.00
21:15:43.333 CLOCK integ raw=61.23 prev=61.33 new=61.43 d=+0.102 fr=80.40 dt=0.102 rate=1.00 paused=False backlog=38.61 edge=100.04 div=0.00
21:15:43.496 EDGESNAP err=+4.86 edge->104.89
21:15:43.496 CUE cx=[99.00..100.20] adv=1.20 el=0.51 fresh | off=0.11 fr=80.40 cc=61.43 raw=61.50 lead=+38.88 | pcr=104.895 head_rel=104.89 lag_ewma=6.91 | q=executive, this shirt is a must / have in your closet. I was
21:15:43.497 CUE cx=[100.20..101.23] adv=1.03 el=0.06 fresh | off=0.11 fr=80.40 cc=61.43 raw=61.50 lead=+39.91 | pcr=104.895 head_rel=104.89 lag_ewma=6.91 | q=have in your closet. I was / tired of floppy collars and / s
21:15:43.498 ANCHOR pend_end=101.23 L=5.78 pinL=3.66 target=0.00 off=0.11
21:15:43.499 CLOCK fold raw=61.50 prev=61.43 new=61.50 d=+0.072 fr=80.40 dt=0.167 rate=1.00 paused=False backlog=43.56 edge=105.06 div=0.00
21:15:43.602 CUE cx=[101.23..102.67] adv=1.44 el=0.10 fresh | off=0.05 fr=80.87 cc=61.50 raw=61.50 lead=+41.22 | pcr=104.895 head_rel=104.89 lag_ewma=5.78 | q=tired of floppy collars and / shirts with sweat stains, so I
21:15:43.704 ANCHOR pend_end=102.67 L=4.53 pinL=2.23 target=0.08 off=0.05
21:15:43.704 CLOCK fold raw=61.78 prev=61.50 new=61.78 d=+0.282 fr=80.87 dt=0.204 rate=1.00 paused=False backlog=43.40 edge=105.18 div=0.00
21:15:43.806 CLOCK integ raw=61.78 prev=61.78 new=61.89 d=+0.102 fr=80.87 dt=0.102 rate=1.00 paused=False backlog=43.40 edge=105.28 div=0.00
21:15:43.908 CLOCK integ raw=61.78 prev=61.89 new=61.99 d=+0.102 fr=80.87 dt=0.102 rate=1.00 paused=False backlog=43.40 edge=105.39 div=0.00
21:15:43.947 EDGESNAP err=+3.23 edge->108.62
21:15:43.949 CUE cx=[102.67..104.20] adv=1.53 el=0.31 fresh | off=0.07 fr=81.28 cc=61.99 raw=61.78 lead=+42.28 | pcr=108.617 head_rel=108.62 lag_ewma=7.76 | q=shirts with sweat stains, so I / got this shirt I saw on TV 
21:15:43.949 CUE cx=[104.20..105.40] adv=1.20 el=0.04 fresh | off=0.07 fr=81.28 cc=61.99 raw=61.78 lead=+43.49 | pcr=108.617 head_rel=108.62 lag_ewma=7.76 | q=got this shirt I saw on TV and / now I don't have to worry. 
21:15:43.950 CUE cx=[105.41..106.61] adv=1.20 el=0.00 fresh | off=0.07 fr=81.28 cc=61.99 raw=61.78 lead=+44.69 | pcr=108.617 head_rel=108.62 lag_ewma=7.76 | q=now I don't have to worry. I / got it shipped in no time and
21:15:44.051 ANCHOR pend_end=106.61 L=5.75 pinL=2.01 target=0.00 off=0.07
21:15:44.052 CLOCK fold raw=62.06 prev=61.99 new=62.06 d=+0.077 fr=81.28 dt=0.144 rate=1.00 paused=False backlog=46.70 edge=108.76 div=0.00
21:15:44.153 CUE cx=[106.61..107.67] adv=1.07 el=0.20 fresh | off=0.03 fr=81.28 cc=62.06 raw=62.06 lead=+45.64 | pcr=108.617 head_rel=108.62 lag_ewma=5.75 | q=got it shipped in no time and I / switched from regular polo
21:15:44.154 ANCHOR pend_end=107.67 L=4.07 pinL=0.94 target=0.07 off=0.03
21:15:44.154 CLOCK integ raw=62.06 prev=62.06 new=62.17 d=+0.103 fr=81.28 dt=0.103 rate=1.00 paused=False backlog=46.62 edge=108.79 div=0.00
21:15:44.258 CLOCK fold raw=62.34 prev=62.17 new=62.34 d=+0.178 fr=81.62 dt=0.104 rate=1.00 paused=False backlog=46.55 edge=108.89 div=0.00
21:15:44.460 CLOCK integ raw=62.34 prev=62.34 new=62.55 d=+0.202 fr=81.62 dt=0.202 rate=1.00 paused=False backlog=46.55 edge=109.10 div=0.00
21:15:44.562 CLOCK fold raw=62.63 prev=62.55 new=62.63 d=+0.080 fr=81.62 dt=0.101 rate=1.00 paused=False backlog=46.57 edge=109.20 div=0.00
21:15:44.664 CLOCK integ raw=62.63 prev=62.63 new=62.73 d=+0.102 fr=81.62 dt=0.102 rate=1.00 paused=False backlog=46.57 edge=109.30 div=0.00
21:15:44.769 CLOCK integ raw=62.63 prev=62.73 new=62.83 d=+0.105 fr=81.62 dt=0.105 rate=1.00 paused=False backlog=46.48 edge=109.31 div=0.00
21:15:44.871 CLOCK fold raw=62.91 prev=62.83 new=62.91 d=+0.073 fr=81.62 dt=0.102 rate=1.00 paused=False backlog=46.50 edge=109.41 div=0.00
21:15:44.973 CLOCK integ raw=62.91 prev=62.91 new=63.01 d=+0.102 fr=81.62 dt=0.102 rate=1.00 paused=False backlog=46.50 edge=109.51 div=0.00
21:15:45.074 CLOCK integ raw=62.91 prev=63.01 new=63.11 d=+0.101 fr=81.62 dt=0.101 rate=1.00 paused=False backlog=46.50 edge=109.61 div=0.00
21:15:45.176 CLOCK fold raw=63.19 prev=63.11 new=63.19 d=+0.077 fr=81.62 dt=0.102 rate=1.00 paused=False backlog=46.53 edge=109.72 div=0.00
21:15:45.277 CLOCK integ raw=63.19 prev=63.19 new=63.29 d=+0.102 fr=81.62 dt=0.102 rate=1.00 paused=False backlog=46.53 edge=109.82 div=0.00
21:15:45.379 CLOCK fold raw=63.47 prev=63.29 new=63.47 d=+0.180 fr=81.62 dt=0.102 rate=1.00 paused=False backlog=46.45 edge=109.92 div=0.00
21:15:45.482 CLOCK integ raw=63.47 prev=63.47 new=63.57 d=+0.103 fr=81.62 dt=0.103 rate=1.00 paused=False backlog=46.45 edge=110.02 div=0.00
21:15:45.585 CLOCK integ raw=63.47 prev=63.57 new=63.67 d=+0.103 fr=81.62 dt=0.103 rate=1.00 paused=False backlog=46.45 edge=110.12 div=0.00
21:15:45.691 TICK fr=81.62 cc=63.67 raw=63.75 vid=63.47 playing=1 started=1 stall=0 | d_fr_cc=+17.95 d_fr_raw=+17.87 d_cc_raw=-0.08 | off=0.05 ccx_end=107.67 since_show=0.1 since_cue=1.5 | pcr=109.109 pid=100 head_rel=109.11 ccx_lag=1.44 | credit=81.6 capped=0.0 | fsize=50060076 feed=50060076 feed_behind=0 | backlog=46.45 edge=110.12 div=0.00 lag_ewma=4.07
21:15:45.692 CLOCK fold raw=63.75 prev=63.67 new=63.75 d=+0.076 fr=81.62 dt=0.107 rate=1.00 paused=False backlog=46.48 edge=110.23 div=0.00
21:15:45.894 CLOCK integ raw=63.75 prev=63.75 new=63.95 d=+0.202 fr=81.62 dt=0.202 rate=1.00 paused=False backlog=46.48 edge=110.43 div=0.00
21:15:45.996 CLOCK fold raw=64.03 prev=63.95 new=64.03 d=+0.078 fr=81.62 dt=0.102 rate=1.00 paused=False backlog=46.51 edge=110.54 div=0.00
21:15:46.099 CLOCK integ raw=64.03 prev=64.03 new=64.13 d=+0.102 fr=81.62 dt=0.102 rate=1.00 paused=False backlog=46.51 edge=110.64 div=0.00
21:15:46.201 CLOCK integ raw=64.03 prev=64.13 new=64.24 d=+0.102 fr=81.62 dt=0.102 rate=1.00 paused=False backlog=46.51 edge=110.74 div=0.00
21:15:46.303 CLOCK fold raw=64.31 prev=64.24 new=64.31 d=+0.075 fr=81.62 dt=0.102 rate=1.00 paused=False backlog=46.53 edge=110.84 div=0.00
21:15:46.406 CLOCK integ raw=64.31 prev=64.31 new=64.41 d=+0.103 fr=81.62 dt=0.103 rate=1.00 paused=False backlog=46.53 edge=110.95 div=0.00
21:15:46.510 CLOCK fold raw=64.59 prev=64.41 new=64.59 d=+0.181 fr=81.62 dt=0.103 rate=1.00 paused=False backlog=46.45 edge=111.05 div=0.00
21:15:46.611 CLOCK integ raw=64.59 prev=64.59 new=64.70 d=+0.103 fr=81.62 dt=0.103 rate=1.00 paused=False backlog=46.45 edge=111.15 div=0.00
21:15:46.714 CLOCK integ raw=64.59 prev=64.70 new=64.80 d=+0.102 fr=81.62 dt=0.102 rate=1.00 paused=False backlog=46.45 edge=111.25 div=0.00
21:15:46.820 CLOCK fold raw=64.87 prev=64.80 new=64.87 d=+0.073 fr=81.62 dt=0.106 rate=1.00 paused=False backlog=45.41 edge=110.29 div=0.00
21:15:46.922 CLOCK integ raw=64.87 prev=64.87 new=64.98 d=+0.102 fr=81.62 dt=0.102 rate=1.00 paused=False backlog=45.41 edge=110.39 div=0.00
21:15:47.023 CLOCK integ raw=64.87 prev=64.98 new=65.08 d=+0.101 fr=81.62 dt=0.101 rate=1.00 paused=False backlog=45.41 edge=110.49 div=0.00
21:15:47.127 CLOCK fold raw=65.15 prev=65.08 new=65.15 d=+0.077 fr=81.62 dt=0.103 rate=1.00 paused=False backlog=45.44 edge=110.59 div=0.00
21:15:47.228 CLOCK integ raw=65.15 prev=65.15 new=65.26 d=+0.102 fr=81.62 dt=0.102 rate=1.00 paused=False backlog=45.44 edge=110.70 div=0.00
21:15:47.331 CLOCK integ raw=65.15 prev=65.26 new=65.36 d=+0.102 fr=81.62 dt=0.102 rate=1.00 paused=False backlog=45.44 edge=110.80 div=0.00
21:15:47.432 CLOCK fold raw=65.44 prev=65.36 new=65.44 d=+0.077 fr=81.62 dt=0.101 rate=1.00 paused=False backlog=45.46 edge=110.90 div=0.00
21:15:47.634 CLOCK fold raw=65.72 prev=65.44 new=65.72 d=+0.280 fr=81.62 dt=0.202 rate=1.00 paused=False backlog=45.39 edge=111.10 div=0.00
21:15:47.736 CLOCK integ raw=65.72 prev=65.72 new=65.82 d=+0.101 fr=81.62 dt=0.101 rate=1.00 paused=False backlog=45.39 edge=111.20 div=0.00
21:15:47.837 CLOCK integ raw=65.72 prev=65.82 new=65.92 d=+0.101 fr=81.62 dt=0.101 rate=1.00 paused=False backlog=45.39 edge=111.30 div=0.00
21:15:47.972 CUE cx=[107.67..108.74] adv=1.07 el=3.78 fresh | off=0.05 fr=81.62 cc=65.92 raw=66.00 lead=+42.88 | pcr=112.269 head_rel=112.27 lag_ewma=4.07 | q=switched from regular polos to / this immediately. The brand
21:15:47.973 CUE cx=[108.74..110.11] adv=1.37 el=0.03 fresh | off=0.05 fr=81.62 cc=65.92 raw=66.00 lead=+44.24 | pcr=112.269 head_rel=112.27 lag_ewma=4.07 | q=this immediately. The brand is / called Collars and Co. They
21:15:47.973 ANCHOR pend_end=110.11 L=3.40 pinL=2.16 target=-0.24 off=0.05
21:15:47.974 CLOCK fold raw=66.00 prev=65.92 new=66.00 d=+0.079 fr=81.62 dt=0.137 rate=1.00 paused=False backlog=46.17 edge=112.16 div=0.00
21:15:48.076 CLOCK integ raw=66.00 prev=66.00 new=66.10 d=+0.102 fr=85.34 dt=0.102 rate=1.00 paused=False backlog=46.17 edge=112.27 div=0.00
21:15:48.177 CLOCK fold raw=66.28 prev=66.10 new=66.28 d=+0.178 fr=85.34 dt=0.101 rate=1.00 paused=False backlog=46.09 edge=112.37 div=0.00
21:15:48.178 CUE cx=[110.11..111.51] adv=1.40 el=0.21 fresh | off=-0.09 fr=85.34 cc=66.28 raw=66.28 lead=+45.14 | pcr=112.269 head_rel=112.27 lag_ewma=3.40 | q=called Collars and Co. They / make a regular stretchy golf /
21:15:48.279 ANCHOR pend_end=111.51 L=2.48 pinL=0.76 target=0.05 off=-0.09
21:15:48.279 CLOCK integ raw=66.28 prev=66.28 new=66.38 d=+0.102 fr=85.34 dt=0.102 rate=1.00 paused=False backlog=46.04 edge=112.42 div=0.00
21:15:48.382 CLOCK integ raw=66.28 prev=66.38 new=66.48 d=+0.102 fr=85.34 dt=0.102 rate=1.00 paused=False backlog=46.04 edge=112.52 div=0.00
21:15:48.484 CLOCK fold raw=66.56 prev=66.48 new=66.56 d=+0.077 fr=85.34 dt=0.102 rate=1.00 paused=False backlog=46.07 edge=112.62 div=0.00
21:15:48.585 CLOCK integ raw=66.56 prev=66.56 new=66.66 d=+0.102 fr=85.34 dt=0.102 rate=1.00 paused=False backlog=46.07 edge=112.73 div=0.00
21:15:48.686 CLOCK integ raw=66.56 prev=66.66 new=66.76 d=+0.101 fr=85.34 dt=0.101 rate=1.00 paused=False backlog=46.07 edge=112.83 div=0.00
21:15:48.789 CLOCK fold raw=66.84 prev=66.76 new=66.84 d=+0.081 fr=85.34 dt=0.102 rate=1.00 paused=False backlog=45.81 edge=112.65 div=0.00
21:15:48.890 CLOCK integ raw=66.84 prev=66.84 new=66.94 d=+0.102 fr=85.34 dt=0.102 rate=1.00 paused=False backlog=45.81 edge=112.75 div=0.00
21:15:48.992 CLOCK integ raw=66.84 prev=66.94 new=67.05 d=+0.102 fr=85.34 dt=0.102 rate=1.00 paused=False backlog=45.81 edge=112.85 div=0.00
21:15:49.094 CLOCK fold raw=67.12 prev=67.05 new=67.12 d=+0.075 fr=85.34 dt=0.102 rate=1.00 paused=False backlog=45.84 edge=112.96 div=0.00
21:15:49.195 CLOCK integ raw=67.12 prev=67.12 new=67.22 d=+0.102 fr=85.34 dt=0.102 rate=1.00 paused=False backlog=45.84 edge=113.06 div=0.00
21:15:49.297 CLOCK integ raw=67.12 prev=67.22 new=67.32 d=+0.102 fr=85.34 dt=0.102 rate=1.00 paused=False backlog=45.84 edge=113.16 div=0.00
21:15:49.499 CLOCK fold raw=67.40 prev=67.32 new=67.40 d=+0.075 fr=85.34 dt=0.202 rate=1.00 paused=False backlog=45.96 edge=113.36 div=0.00
21:15:49.600 CLOCK fold raw=67.68 prev=67.40 new=67.68 d=+0.281 fr=85.34 dt=0.101 rate=1.00 paused=False backlog=45.78 edge=113.46 div=0.00
21:15:49.702 CLOCK integ raw=67.68 prev=67.68 new=67.78 d=+0.102 fr=85.34 dt=0.102 rate=1.00 paused=False backlog=45.78 edge=113.56 div=0.00
21:15:49.803 CLOCK integ raw=67.68 prev=67.78 new=67.88 d=+0.101 fr=85.34 dt=0.101 rate=1.00 paused=False backlog=45.78 edge=113.66 div=0.00
21:15:49.904 CLOCK fold raw=67.96 prev=67.88 new=67.96 d=+0.079 fr=85.34 dt=0.101 rate=1.00 paused=False backlog=45.80 edge=113.77 div=0.00
21:15:50.005 CLOCK integ raw=67.96 prev=67.96 new=68.06 d=+0.101 fr=85.34 dt=0.101 rate=1.00 paused=False backlog=45.80 edge=113.87 div=0.00
21:15:50.108 CLOCK integ raw=67.96 prev=68.06 new=68.17 d=+0.102 fr=85.34 dt=0.102 rate=1.00 paused=False backlog=45.80 edge=113.97 div=0.00
21:15:50.209 CLOCK fold raw=68.24 prev=68.17 new=68.24 d=+0.078 fr=85.34 dt=0.101 rate=1.00 paused=False backlog=45.83 edge=114.07 div=0.00
21:15:50.310 CLOCK integ raw=68.24 prev=68.24 new=68.34 d=+0.101 fr=85.34 dt=0.101 rate=1.00 paused=False backlog=45.83 edge=114.17 div=0.00
21:15:50.411 CLOCK integ raw=68.24 prev=68.34 new=68.45 d=+0.101 fr=85.34 dt=0.101 rate=1.00 paused=False backlog=45.83 edge=114.27 div=0.00
21:15:50.513 CLOCK fold raw=68.52 prev=68.45 new=68.52 d=+0.077 fr=85.34 dt=0.101 rate=1.00 paused=False backlog=45.85 edge=114.37 div=0.00
21:15:50.614 CLOCK integ raw=68.52 prev=68.52 new=68.62 d=+0.101 fr=85.34 dt=0.101 rate=1.00 paused=False backlog=45.85 edge=114.48 div=0.00
21:15:50.716 TICK fr=85.34 cc=68.62 raw=68.81 vid=68.24 playing=1 started=1 stall=0 | d_fr_cc=+16.72 d_fr_raw=+16.53 d_cc_raw=-0.18 | off=-0.02 ccx_end=111.51 since_show=0.1 since_cue=2.5 | pcr=112.269 pid=100 head_rel=112.27 ccx_lag=0.76 | credit=85.3 capped=0.0 | fsize=51537756 feed=51537756 feed_behind=0 | backlog=45.85 edge=114.48 div=0.00 lag_ewma=2.48
21:15:50.718 CLOCK fold raw=68.81 prev=68.62 new=68.81 d=+0.184 fr=85.34 dt=0.103 rate=1.00 paused=False backlog=44.67 edge=113.48 div=0.00
21:15:50.819 CLOCK integ raw=68.81 prev=68.81 new=68.91 d=+0.102 fr=85.34 dt=0.102 rate=1.00 paused=False backlog=44.67 edge=113.58 div=0.00
21:15:51.022 CLOCK fold raw=69.08 prev=68.91 new=69.08 d=+0.174 fr=85.34 dt=0.203 rate=1.00 paused=False backlog=44.70 edge=113.78 div=0.00
21:15:51.123 CLOCK integ raw=69.08 prev=69.08 new=69.18 d=+0.101 fr=85.34 dt=0.101 rate=1.00 paused=False backlog=44.70 edge=113.88 div=0.00
21:15:51.225 CLOCK integ raw=69.08 prev=69.18 new=69.29 d=+0.101 fr=85.34 dt=0.101 rate=1.00 paused=False backlog=44.70 edge=113.98 div=0.00
21:15:51.326 CLOCK fold raw=69.37 prev=69.29 new=69.37 d=+0.081 fr=85.34 dt=0.102 rate=1.00 paused=False backlog=44.72 edge=114.08 div=0.00
21:15:51.428 CLOCK integ raw=69.37 prev=69.37 new=69.47 d=+0.102 fr=85.34 dt=0.102 rate=1.00 paused=False backlog=44.72 edge=114.19 div=0.00
21:15:51.530 CLOCK integ raw=69.37 prev=69.47 new=69.57 d=+0.103 fr=85.34 dt=0.103 rate=1.00 paused=False backlog=44.72 edge=114.29 div=0.00
21:15:51.632 CLOCK fold raw=69.65 prev=69.57 new=69.65 d=+0.076 fr=85.34 dt=0.102 rate=1.00 paused=False backlog=44.74 edge=114.39 div=0.00
21:15:51.734 CLOCK integ raw=69.65 prev=69.65 new=69.75 d=+0.102 fr=85.34 dt=0.102 rate=1.00 paused=False backlog=44.74 edge=114.49 div=0.00
21:15:51.835 CLOCK fold raw=69.93 prev=69.75 new=69.93 d=+0.178 fr=85.34 dt=0.101 rate=1.00 paused=False backlog=44.67 edge=114.59 div=0.00
21:15:51.937 CLOCK integ raw=69.93 prev=69.93 new=70.03 d=+0.101 fr=85.34 dt=0.101 rate=1.00 paused=False backlog=44.67 edge=114.69 div=0.00
21:15:52.038 CLOCK integ raw=69.93 prev=70.03 new=70.13 d=+0.102 fr=85.34 dt=0.102 rate=1.00 paused=False backlog=44.67 edge=114.80 div=0.00
21:15:52.140 CLOCK fold raw=70.21 prev=70.13 new=70.21 d=+0.078 fr=85.34 dt=0.102 rate=1.00 paused=False backlog=44.69 edge=114.90 div=0.00
21:15:52.342 CLOCK integ raw=70.21 prev=70.21 new=70.41 d=+0.202 fr=85.34 dt=0.202 rate=1.00 paused=False backlog=44.69 edge=115.10 div=0.00
21:15:52.443 CLOCK fold raw=70.49 prev=70.41 new=70.49 d=+0.081 fr=85.34 dt=0.101 rate=1.00 paused=False backlog=44.71 edge=115.20 div=0.00
21:15:52.545 CLOCK integ raw=70.49 prev=70.49 new=70.59 d=+0.102 fr=85.34 dt=0.102 rate=1.00 paused=False backlog=44.71 edge=115.30 div=0.00
21:15:52.646 CLOCK integ raw=70.49 prev=70.59 new=70.69 d=+0.101 fr=85.34 dt=0.101 rate=1.00 paused=False backlog=44.71 edge=115.40 div=0.00
21:15:52.772 CLOCK fold raw=70.77 prev=70.69 new=70.77 d=+0.078 fr=85.34 dt=0.126 rate=1.00 paused=False backlog=43.68 edge=114.46 div=0.00
21:15:52.874 CLOCK integ raw=70.77 prev=70.77 new=70.87 d=+0.102 fr=90.24 dt=0.102 rate=1.00 paused=False backlog=43.68 edge=114.56 div=0.00
21:15:52.976 CLOCK fold raw=71.06 prev=70.87 new=71.06 d=+0.182 fr=90.24 dt=0.102 rate=1.00 paused=False backlog=43.60 edge=114.66 div=0.00
21:15:53.078 CLOCK integ raw=71.06 prev=71.06 new=71.16 d=+0.102 fr=90.24 dt=0.102 rate=1.00 paused=False backlog=43.60 edge=114.76 div=0.00
21:15:53.180 CLOCK integ raw=71.06 prev=71.16 new=71.26 d=+0.101 fr=90.24 dt=0.101 rate=1.00 paused=False backlog=43.60 edge=114.86 div=0.00
21:15:53.282 CLOCK fold raw=71.33 prev=71.26 new=71.33 d=+0.075 fr=90.24 dt=0.102 rate=1.00 paused=False backlog=43.63 edge=114.97 div=0.00
21:15:53.384 CLOCK integ raw=71.33 prev=71.33 new=71.44 d=+0.102 fr=90.24 dt=0.102 rate=1.00 paused=False backlog=43.63 edge=115.07 div=0.00
21:15:53.485 CLOCK integ raw=71.33 prev=71.44 new=71.54 d=+0.102 fr=90.24 dt=0.102 rate=1.00 paused=False backlog=43.63 edge=115.17 div=0.00
21:15:53.587 CLOCK fold raw=71.61 prev=71.54 new=71.61 d=+0.075 fr=90.24 dt=0.102 rate=1.00 paused=False backlog=43.66 edge=115.27 div=0.00
21:15:53.689 CLOCK integ raw=71.61 prev=71.61 new=71.72 d=+0.102 fr=90.24 dt=0.102 rate=1.00 paused=False backlog=43.66 edge=115.37 div=0.00
21:15:53.791 CLOCK integ raw=71.61 prev=71.72 new=71.82 d=+0.101 fr=90.24 dt=0.101 rate=1.00 paused=False backlog=43.66 edge=115.47 div=0.00
21:15:53.895 CUE cx=[111.51..112.75] adv=1.23 el=5.71 fresh | off=-0.02 fr=90.24 cc=71.82 raw=71.89 lead=+40.91 | pcr=114.876 head_rel=114.88 lag_ewma=2.48 | q=make a regular stretchy golf / shirt, but the top has a firm
21:15:53.896 CUE cx=[112.75..114.11] adv=1.37 el=0.00 fresh | off=-0.02 fr=90.24 cc=71.82 raw=71.89 lead=+42.27 | pcr=114.876 head_rel=114.88 lag_ewma=2.48 | q=shirt, but the top has a firm / collar on it. I got rid of s
21:15:53.897 ANCHOR pend_end=114.11 L=1.88 pinL=0.76 target=0.15 off=-0.02
21:15:53.897 CLOCK fold raw=71.89 prev=71.82 new=71.89 d=+0.078 fr=90.24 dt=0.106 rate=1.00 paused=False backlog=43.24 edge=115.13 div=0.00
21:15:54.099 CLOCK fold raw=72.18 prev=71.89 new=72.18 d=+0.286 fr=91.47 dt=0.202 rate=1.00 paused=False backlog=43.15 edge=115.33 div=0.00
21:15:54.201 CLOCK integ raw=72.18 prev=72.18 new=72.28 d=+0.102 fr=91.47 dt=0.102 rate=1.00 paused=False backlog=43.15 edge=115.44 div=0.00
21:15:54.302 CLOCK integ raw=72.18 prev=72.28 new=72.38 d=+0.102 fr=91.47 dt=0.102 rate=1.00 paused=False backlog=43.15 edge=115.54 div=0.00
21:15:54.404 CLOCK fold raw=72.46 prev=72.38 new=72.46 d=+0.075 fr=91.47 dt=0.102 rate=1.00 paused=False backlog=43.18 edge=115.64 div=0.00
21:15:54.506 CLOCK integ raw=72.46 prev=72.46 new=72.56 d=+0.102 fr=91.47 dt=0.102 rate=1.00 paused=False backlog=43.18 edge=115.74 div=0.00
21:15:54.608 CLOCK integ raw=72.46 prev=72.56 new=72.66 d=+0.102 fr=91.47 dt=0.102 rate=1.00 paused=False backlog=43.18 edge=115.84 div=0.00
21:15:54.710 CLOCK fold raw=72.74 prev=72.66 new=72.74 d=+0.077 fr=91.47 dt=0.102 rate=1.00 paused=False backlog=43.20 edge=115.94 div=0.00
21:15:54.815 CLOCK integ raw=72.74 prev=72.74 new=72.84 d=+0.105 fr=91.47 dt=0.105 rate=1.00 paused=False backlog=42.67 edge=115.52 div=0.00
21:15:54.918 CLOCK integ raw=72.74 prev=72.84 new=72.95 d=+0.102 fr=91.47 dt=0.102 rate=1.00 paused=False backlog=42.67 edge=115.62 div=0.00
21:15:55.019 CLOCK fold raw=73.03 prev=72.95 new=73.03 d=+0.080 fr=91.47 dt=0.101 rate=1.00 paused=False backlog=42.69 edge=115.72 div=0.00
21:15:55.121 CLOCK integ raw=73.03 prev=73.03 new=73.13 d=+0.102 fr=91.47 dt=0.102 rate=1.00 paused=False backlog=42.69 edge=115.82 div=0.00
21:15:55.222 CLOCK fold raw=73.30 prev=73.13 new=73.30 d=+0.173 fr=91.47 dt=0.102 rate=1.00 paused=False backlog=42.62 edge=115.92 div=0.00
21:15:55.325 CLOCK integ raw=73.30 prev=73.30 new=73.40 d=+0.103 fr=91.47 dt=0.103 rate=1.00 paused=False backlog=42.62 edge=116.02 div=0.00
21:15:55.426 CLOCK integ raw=73.30 prev=73.40 new=73.51 d=+0.101 fr=91.47 dt=0.101 rate=1.00 paused=False backlog=42.62 edge=116.13 div=0.00
21:15:55.527 CLOCK fold raw=73.58 prev=73.51 new=73.58 d=+0.077 fr=91.47 dt=0.101 rate=1.00 paused=False backlog=42.64 edge=116.23 div=0.00
21:15:55.730 CLOCK integ raw=73.58 prev=73.58 new=73.79 d=+0.203 fr=91.47 dt=0.203 rate=1.00 paused=False backlog=42.64 edge=116.43 div=0.00
21:15:55.731 TICK fr=91.47 cc=73.79 raw=73.58 vid=73.58 playing=1 started=1 stall=0 | d_fr_cc=+17.68 d_fr_raw=+17.88 d_cc_raw=+0.20 | off=0.06 ccx_end=114.11 since_show=0.0 since_cue=1.8 | pcr=114.876 pid=100 head_rel=114.88 ccx_lag=0.76 | credit=91.5 capped=0.0 | fsize=52590180 feed=52590180 feed_behind=0 | backlog=42.64 edge=116.43 div=0.00 lag_ewma=1.88
21:15:55.833 CLOCK fold raw=73.86 prev=73.79 new=73.86 d=+0.079 fr=91.47 dt=0.103 rate=1.00 paused=False backlog=42.67 edge=116.53 div=0.00
21:15:55.934 CLOCK integ raw=73.86 prev=73.86 new=73.97 d=+0.101 fr=91.47 dt=0.101 rate=1.00 paused=False backlog=42.67 edge=116.63 div=0.00
21:15:56.036 CLOCK integ raw=73.86 prev=73.97 new=74.07 d=+0.102 fr=91.47 dt=0.102 rate=1.00 paused=False backlog=42.67 edge=116.74 div=0.00
21:15:56.138 CLOCK fold raw=74.14 prev=74.07 new=74.14 d=+0.075 fr=91.47 dt=0.102 rate=1.00 paused=False backlog=42.69 edge=116.84 div=0.00
21:15:56.239 CLOCK integ raw=74.14 prev=74.14 new=74.24 d=+0.101 fr=91.47 dt=0.101 rate=1.00 paused=False backlog=42.69 edge=116.94 div=0.00
21:15:56.341 CLOCK fold raw=74.43 prev=74.24 new=74.43 d=+0.184 fr=91.47 dt=0.102 rate=1.00 paused=False backlog=42.61 edge=117.04 div=0.00
21:15:56.443 CLOCK integ raw=74.43 prev=74.43 new=74.53 d=+0.101 fr=91.47 dt=0.101 rate=1.00 paused=False backlog=42.61 edge=117.14 div=0.00
21:15:56.545 CLOCK integ raw=74.43 prev=74.53 new=74.63 d=+0.102 fr=91.47 dt=0.102 rate=1.00 paused=False backlog=42.61 edge=117.24 div=0.00
21:15:56.646 CLOCK fold raw=74.71 prev=74.63 new=74.71 d=+0.074 fr=91.47 dt=0.101 rate=1.00 paused=False backlog=42.64 edge=117.35 div=0.00
21:15:56.749 CLOCK integ raw=74.71 prev=74.71 new=74.81 d=+0.103 fr=91.47 dt=0.103 rate=1.00 paused=False backlog=41.40 edge=116.21 div=0.00
21:15:56.851 CLOCK integ raw=74.71 prev=74.81 new=74.91 d=+0.102 fr=91.47 dt=0.102 rate=1.00 paused=False backlog=41.40 edge=116.32 div=0.00
21:15:56.953 CLOCK fold raw=74.98 prev=74.91 new=74.98 d=+0.074 fr=91.47 dt=0.102 rate=1.00 paused=False backlog=41.43 edge=116.42 div=0.00
21:15:57.055 CLOCK integ raw=74.98 prev=74.98 new=75.09 d=+0.102 fr=91.47 dt=0.102 rate=1.00 paused=False backlog=41.43 edge=116.52 div=0.00
21:15:57.257 CLOCK fold raw=75.27 prev=75.09 new=75.27 d=+0.181 fr=91.47 dt=0.202 rate=1.00 paused=False backlog=41.45 edge=116.72 div=0.00
21:15:57.359 CLOCK integ raw=75.27 prev=75.27 new=75.37 d=+0.101 fr=91.47 dt=0.101 rate=1.00 paused=False backlog=41.45 edge=116.82 div=0.00
21:15:57.460 CLOCK fold raw=75.55 prev=75.37 new=75.55 d=+0.180 fr=91.47 dt=0.101 rate=1.00 paused=False backlog=41.38 edge=116.92 div=0.00
21:15:57.562 CLOCK integ raw=75.55 prev=75.55 new=75.65 d=+0.102 fr=91.47 dt=0.102 rate=1.00 paused=False backlog=41.38 edge=117.03 div=0.00
21:15:57.664 CLOCK integ raw=75.55 prev=75.65 new=75.75 d=+0.102 fr=91.47 dt=0.102 rate=1.00 paused=False backlog=41.38 edge=117.13 div=0.00
21:15:57.765 CLOCK fold raw=75.83 prev=75.75 new=75.83 d=+0.077 fr=91.47 dt=0.101 rate=1.00 paused=False backlog=41.40 edge=117.23 div=0.00
21:15:57.867 CLOCK integ raw=75.83 prev=75.83 new=75.93 d=+0.101 fr=91.47 dt=0.101 rate=1.00 paused=False backlog=41.40 edge=117.33 div=0.00
21:15:57.968 CLOCK integ raw=75.83 prev=75.93 new=76.03 d=+0.102 fr=91.47 dt=0.102 rate=1.00 paused=False backlog=41.40 edge=117.43 div=0.00
21:15:58.070 CLOCK fold raw=76.11 prev=76.03 new=76.11 d=+0.080 fr=91.47 dt=0.102 rate=1.00 paused=False backlog=41.42 edge=117.53 div=0.00
21:15:58.172 CLOCK integ raw=76.11 prev=76.11 new=76.21 d=+0.102 fr=91.47 dt=0.102 rate=1.00 paused=False backlog=41.42 edge=117.64 div=0.00
21:15:58.274 CLOCK integ raw=76.11 prev=76.21 new=76.32 d=+0.102 fr=91.47 dt=0.102 rate=1.00 paused=False backlog=41.42 edge=117.74 div=0.00
21:15:58.375 CLOCK fold raw=76.39 prev=76.32 new=76.39 d=+0.075 fr=91.47 dt=0.101 rate=1.00 paused=False backlog=41.45 edge=117.84 div=0.00
21:15:58.578 CLOCK fold raw=76.67 prev=76.39 new=76.67 d=+0.282 fr=91.47 dt=0.203 rate=1.00 paused=False backlog=41.37 edge=118.04 div=0.00
21:15:58.679 CLOCK integ raw=76.67 prev=76.67 new=76.78 d=+0.101 fr=91.47 dt=0.101 rate=1.00 paused=False backlog=41.37 edge=118.14 div=0.00
21:15:58.808 CLOCK integ raw=76.67 prev=76.78 new=76.90 d=+0.129 fr=91.47 dt=0.129 rate=1.00 paused=False backlog=40.65 edge=117.55 div=0.00
21:15:58.910 CUE cx=[114.11..115.58] adv=1.47 el=5.01 fresh | off=0.06 fr=91.47 cc=76.90 raw=76.96 lead=+38.74 | pcr=116.701 head_rel=116.70 lag_ewma=1.88 | q=collar on it. I got rid of so / many problems by upgrading t
21:15:59.013 ANCHOR pend_end=115.58 L=1.61 pinL=1.12 target=0.43 off=0.06
21:15:59.014 CLOCK fold raw=76.96 prev=76.90 new=76.96 d=+0.053 fr=96.28 dt=0.204 rate=1.00 paused=False backlog=40.37 edge=117.33 div=0.00
21:15:59.115 CLOCK integ raw=76.96 prev=76.96 new=77.06 d=+0.102 fr=96.28 dt=0.102 rate=1.00 paused=False backlog=40.37 edge=117.43 div=0.00
21:15:59.143 CUE cx=[115.58..116.98] adv=1.40 el=0.21 fresh | off=0.24 fr=96.28 cc=77.06 raw=77.24 lead=+40.17 | pcr=119.677 head_rel=119.68 lag_ewma=1.61 | q=many problems by upgrading to / this. No dry cleaning needed
21:15:59.145 CUE cx=[116.98..118.15] adv=1.17 el=0.03 fresh | off=0.24 fr=96.28 cc=77.06 raw=77.24 lead=+41.34 | pcr=119.677 head_rel=119.68 lag_ewma=1.61 | q=this. No dry cleaning needed / anymore. I'm free from / unco
21:15:59.347 ANCHOR pend_end=118.15 L=1.58 pinL=1.53 target=-0.56 off=0.24
21:15:59.347 CLOCK fold raw=77.24 prev=77.06 new=77.24 d=+0.178 fr=96.28 dt=0.232 rate=1.00 paused=False backlog=42.11 edge=119.35 div=0.00
21:15:59.449 CLOCK fold raw=77.52 prev=77.24 new=77.52 d=+0.282 fr=96.71 dt=0.102 rate=1.00 paused=False backlog=41.93 edge=119.45 div=0.00
21:15:59.550 CLOCK integ raw=77.52 prev=77.52 new=77.62 d=+0.102 fr=96.71 dt=0.102 rate=1.00 paused=False backlog=41.93 edge=119.55 div=0.00
21:15:59.652 CLOCK integ raw=77.52 prev=77.62 new=77.72 d=+0.102 fr=96.71 dt=0.102 rate=1.00 paused=False backlog=41.93 edge=119.65 div=0.00
21:15:59.753 CLOCK fold raw=77.80 prev=77.72 new=77.80 d=+0.077 fr=96.71 dt=0.101 rate=1.00 paused=False backlog=41.96 edge=119.75 div=0.00
21:15:59.858 CLOCK integ raw=77.80 prev=77.80 new=77.90 d=+0.104 fr=96.71 dt=0.104 rate=1.00 paused=False backlog=41.96 edge=119.86 div=0.00
21:15:59.959 CLOCK integ raw=77.80 prev=77.90 new=78.00 d=+0.101 fr=96.71 dt=0.101 rate=1.00 paused=False backlog=41.96 edge=119.96 div=0.00
21:16:00.060 CLOCK fold raw=78.08 prev=78.00 new=78.08 d=+0.076 fr=96.71 dt=0.101 rate=1.00 paused=False backlog=41.98 edge=120.06 div=0.00
21:16:00.161 CLOCK integ raw=78.08 prev=78.08 new=78.18 d=+0.102 fr=96.71 dt=0.102 rate=1.00 paused=False backlog=41.98 edge=120.16 div=0.00
21:16:00.263 CLOCK integ raw=78.08 prev=78.18 new=78.28 d=+0.102 fr=96.71 dt=0.102 rate=1.00 paused=False backlog=41.98 edge=120.26 div=0.00
21:16:00.365 CLOCK fold raw=78.36 prev=78.28 new=78.36 d=+0.081 fr=96.71 dt=0.101 rate=1.00 paused=False backlog=42.00 edge=120.37 div=0.00
21:16:00.466 CLOCK integ raw=78.36 prev=78.36 new=78.47 d=+0.101 fr=96.71 dt=0.101 rate=1.00 paused=False backlog=42.00 edge=120.47 div=0.00
21:16:00.568 CLOCK fold raw=78.64 prev=78.47 new=78.64 d=+0.176 fr=96.71 dt=0.102 rate=1.00 paused=False backlog=41.93 edge=120.57 div=0.00
21:16:00.671 TICK fr=96.71 cc=78.64 raw=78.64 vid=78.64 playing=1 started=1 stall=0 | d_fr_cc=+18.07 d_fr_raw=+18.07 d_cc_raw=+0.00 | off=-0.16 ccx_end=118.15 since_show=0.1 since_cue=1.5 | pcr=119.677 pid=100 head_rel=119.68 ccx_lag=1.53 | credit=96.7 capped=0.0 | fsize=54450064 feed=54450064 feed_behind=0 | backlog=41.93 edge=120.57 div=0.00 lag_ewma=1.58
21:16:00.672 CLOCK integ raw=78.64 prev=78.64 new=78.74 d=+0.104 fr=96.71 dt=0.104 rate=1.00 paused=False backlog=41.93 edge=120.67 div=0.00
21:16:00.875 CLOCK fold raw=78.92 prev=78.74 new=78.92 d=+0.179 fr=96.71 dt=0.204 rate=1.00 paused=False backlog=41.45 edge=120.38 div=0.00
21:16:00.978 CLOCK integ raw=78.92 prev=78.92 new=79.03 d=+0.103 fr=96.71 dt=0.103 rate=1.00 paused=False backlog=41.45 edge=120.48 div=0.00
21:16:01.080 CLOCK integ raw=78.92 prev=79.03 new=79.13 d=+0.102 fr=96.71 dt=0.102 rate=1.00 paused=False backlog=41.45 edge=120.58 div=0.00
21:16:01.181 CLOCK fold raw=79.20 prev=79.13 new=79.20 d=+0.075 fr=96.71 dt=0.101 rate=1.00 paused=False backlog=41.48 edge=120.68 div=0.00
21:16:01.283 CLOCK integ raw=79.20 prev=79.20 new=79.31 d=+0.102 fr=96.71 dt=0.102 rate=1.00 paused=False backlog=41.48 edge=120.79 div=0.00
21:16:01.385 CLOCK fold raw=79.49 prev=79.31 new=79.49 d=+0.180 fr=96.71 dt=0.101 rate=1.00 paused=False backlog=41.40 edge=120.89 div=0.00
21:16:01.487 CLOCK integ raw=79.49 prev=79.49 new=79.59 d=+0.102 fr=96.71 dt=0.102 rate=1.00 paused=False backlog=41.40 edge=120.99 div=0.00
21:16:01.588 CLOCK integ raw=79.49 prev=79.59 new=79.69 d=+0.102 fr=96.71 dt=0.102 rate=1.00 paused=False backlog=41.40 edge=121.09 div=0.00
21:16:01.690 CLOCK fold raw=79.77 prev=79.69 new=79.77 d=+0.081 fr=96.71 dt=0.101 rate=1.00 paused=False backlog=41.42 edge=121.19 div=0.00
21:16:01.791 CLOCK integ raw=79.77 prev=79.77 new=79.87 d=+0.102 fr=96.71 dt=0.102 rate=1.00 paused=False backlog=41.42 edge=121.29 div=0.00
21:16:01.894 CLOCK integ raw=79.77 prev=79.87 new=79.97 d=+0.102 fr=96.71 dt=0.102 rate=1.00 paused=False backlog=41.42 edge=121.40 div=0.00
21:16:01.996 CLOCK fold raw=80.05 prev=79.97 new=80.05 d=+0.072 fr=96.71 dt=0.102 rate=1.00 paused=False backlog=41.45 edge=121.50 div=0.00
21:16:02.097 CLOCK integ raw=80.05 prev=80.05 new=80.15 d=+0.102 fr=96.71 dt=0.102 rate=1.00 paused=False backlog=41.45 edge=121.60 div=0.00
21:16:02.200 CLOCK integ raw=80.05 prev=80.15 new=80.25 d=+0.102 fr=96.71 dt=0.102 rate=1.00 paused=False backlog=41.45 edge=121.70 div=0.00
21:16:02.401 CLOCK fold raw=80.33 prev=80.25 new=80.33 d=+0.076 fr=96.71 dt=0.201 rate=1.00 paused=False backlog=41.58 edge=121.90 div=0.00
21:16:02.503 CLOCK integ raw=80.33 prev=80.33 new=80.43 d=+0.102 fr=96.71 dt=0.102 rate=1.00 paused=False backlog=41.58 edge=122.01 div=0.00
21:16:02.604 CLOCK fold raw=80.61 prev=80.43 new=80.61 d=+0.179 fr=96.71 dt=0.102 rate=1.00 paused=False backlog=41.50 edge=122.11 div=0.00
21:16:02.706 CLOCK integ raw=80.61 prev=80.61 new=80.71 d=+0.102 fr=96.71 dt=0.102 rate=1.00 paused=False backlog=41.50 edge=122.21 div=0.00
21:16:02.708 EDGESNAP err=-2.53 edge->119.68
21:16:02.811 CLOCK fold raw=80.89 prev=80.71 new=80.89 d=+0.183 fr=96.71 dt=0.104 rate=1.00 paused=False backlog=38.89 edge=119.78 div=0.00
21:16:02.912 CLOCK integ raw=80.89 prev=80.89 new=80.99 d=+0.101 fr=96.71 dt=0.101 rate=1.00 paused=False backlog=38.89 edge=119.88 div=0.00
21:16:03.013 CLOCK integ raw=80.89 prev=80.99 new=81.10 d=+0.101 fr=96.71 dt=0.101 rate=1.00 paused=False backlog=38.89 edge=119.98 div=0.00
21:16:03.116 CLOCK fold raw=81.18 prev=81.10 new=81.18 d=+0.080 fr=96.71 dt=0.102 rate=1.00 paused=False backlog=38.91 edge=120.09 div=0.00
21:16:03.317 CLOCK integ raw=81.18 prev=81.18 new=81.38 d=+0.202 fr=96.71 dt=0.202 rate=1.00 paused=False backlog=38.91 edge=120.29 div=0.00
21:16:03.419 CLOCK fold raw=81.45 prev=81.38 new=81.45 d=+0.072 fr=96.71 dt=0.101 rate=1.00 paused=False backlog=38.94 edge=120.39 div=0.00
21:16:03.520 CLOCK integ raw=81.45 prev=81.45 new=81.55 d=+0.101 fr=96.71 dt=0.101 rate=1.00 paused=False backlog=38.94 edge=120.49 div=0.00
21:16:03.621 CLOCK integ raw=81.45 prev=81.55 new=81.65 d=+0.101 fr=96.71 dt=0.101 rate=1.00 paused=False backlog=38.94 edge=120.59 div=0.00
21:16:03.723 CLOCK fold raw=81.73 prev=81.65 new=81.73 d=+0.081 fr=96.71 dt=0.102 rate=1.00 paused=False backlog=38.96 edge=120.69 div=0.00
21:16:03.825 CLOCK integ raw=81.73 prev=81.73 new=81.83 d=+0.101 fr=101.19 dt=0.101 rate=1.00 paused=False backlog=38.96 edge=120.79 div=0.00
21:16:03.953 EDGESNAP err=+2.70 edge->123.49
21:16:03.953 CUE cx=[118.15..120.95] adv=2.80 el=4.78 fresh | off=-0.16 fr=101.19 cc=81.83 raw=82.01 lead=+38.96 | pcr=123.491 head_rel=123.49 lag_ewma=4.28 | q=anymore. I'm free from / uncomfortable long sleeves and / th
21:16:03.954 ANCHOR pend_end=120.95 L=3.67 pinL=2.54 target=0.00 off=-0.16
21:16:03.954 CLOCK fold raw=82.01 prev=81.83 new=82.01 d=+0.179 fr=101.19 dt=0.130 rate=1.00 paused=False backlog=41.61 edge=123.62 div=0.00
21:16:04.055 CLOCK integ raw=82.01 prev=82.01 new=82.11 d=+0.101 fr=101.19 dt=0.101 rate=1.00 paused=False backlog=41.61 edge=123.72 div=0.00
21:16:04.157 CLOCK integ raw=82.01 prev=82.11 new=82.22 d=+0.101 fr=101.19 dt=0.101 rate=1.00 paused=False backlog=41.61 edge=123.82 div=0.00
21:16:04.158 CUE cx=[120.95..123.56] adv=2.60 el=0.23 fresh | off=-0.08 fr=101.19 cc=82.22 raw=82.01 lead=+41.26 | pcr=123.491 head_rel=123.49 lag_ewma=3.67 | q=uncomfortable long sleeves and / the collars. Stay stiff all
21:16:04.259 ANCHOR pend_end=123.56 L=3.67 pinL=- target=-3.57 off=-0.08
21:16:04.259 CLOCK fold raw=82.29 prev=82.22 new=82.29 d=+0.076 fr=101.52 dt=0.102 rate=1.00 paused=False backlog=41.47 edge=123.76 div=0.00
21:16:04.361 CLOCK integ raw=82.29 prev=82.29 new=82.39 d=+0.102 fr=101.52 dt=0.102 rate=1.00 paused=False backlog=41.47 edge=123.86 div=0.00
21:16:04.463 CLOCK integ raw=82.29 prev=82.39 new=82.50 d=+0.102 fr=101.52 dt=0.102 rate=1.00 paused=False backlog=41.47 edge=123.96 div=0.00
21:16:04.565 CLOCK fold raw=82.57 prev=82.50 new=82.57 d=+0.078 fr=101.52 dt=0.102 rate=1.00 paused=False backlog=41.49 edge=124.07 div=0.00
21:16:04.667 EDGESNAP err=+3.22 edge->127.28
21:16:04.668 CUE cx=[123.56..126.06] adv=2.50 el=0.51 fresh | off=-1.82 fr=101.93 cc=82.57 raw=82.57 lead=+41.66 | pcr=127.284 head_rel=127.28 lag_ewma=6.89 | q=the collars. Stay stiff all day. / Get 20% off today using c
21:16:04.668 ANCHOR pend_end=126.06 L=4.91 pinL=1.23 target=-0.00 off=-1.82
21:16:04.670 CLOCK integ raw=82.57 prev=82.57 new=82.68 d=+0.104 fr=101.93 dt=0.104 rate=1.00 paused=False backlog=44.71 edge=127.39 div=0.00
21:16:04.771 CLOCK fold raw=82.86 prev=82.68 new=82.86 d=+0.178 fr=101.93 dt=0.102 rate=1.00 paused=False backlog=44.58 edge=127.44 div=0.00
21:16:04.872 CLOCK integ raw=82.86 prev=82.86 new=82.96 d=+0.102 fr=101.93 dt=0.102 rate=1.00 paused=False backlog=44.58 edge=127.54 div=0.00
21:16:04.974 CLOCK integ raw=82.86 prev=82.96 new=83.06 d=+0.101 fr=101.93 dt=0.101 rate=1.00 paused=False backlog=44.58 edge=127.64 div=0.00
21:16:05.076 CLOCK fold raw=83.14 prev=83.06 new=83.14 d=+0.079 fr=101.93 dt=0.102 rate=1.00 paused=False backlog=44.60 edge=127.74 div=0.00
21:16:05.178 CLOCK integ raw=83.14 prev=83.14 new=83.24 d=+0.101 fr=101.93 dt=0.101 rate=1.00 paused=False backlog=44.60 edge=127.84 div=0.00
21:16:05.380 CLOCK fold raw=83.42 prev=83.24 new=83.42 d=+0.180 fr=101.93 dt=0.203 rate=1.00 paused=False backlog=44.63 edge=128.05 div=0.00
21:16:05.481 CLOCK integ raw=83.42 prev=83.42 new=83.52 d=+0.102 fr=101.93 dt=0.102 rate=1.00 paused=False backlog=44.63 edge=128.15 div=0.00
21:16:05.583 CLOCK integ raw=83.42 prev=83.52 new=83.62 d=+0.102 fr=101.93 dt=0.102 rate=1.00 paused=False backlog=44.63 edge=128.25 div=0.00
21:16:05.684 CLOCK fold raw=83.70 prev=83.62 new=83.70 d=+0.077 fr=101.93 dt=0.101 rate=1.00 paused=False backlog=44.65 edge=128.35 div=0.00
21:16:05.686 TICK fr=101.93 cc=83.70 raw=83.70 vid=83.42 playing=1 started=1 stall=0 | d_fr_cc=+18.23 d_fr_raw=+18.23 d_cc_raw=+0.00 | off=-0.91 ccx_end=126.06 since_show=0.0 since_cue=1.0 | pcr=127.284 pid=100 head_rel=127.28 ccx_lag=1.23 | credit=101.9 capped=0.0 | fsize=58109672 feed=58109672 feed_behind=0 | backlog=44.65 edge=128.35 div=0.00 lag_ewma=4.91
21:16:05.786 CLOCK integ raw=83.70 prev=83.70 new=83.80 d=+0.103 fr=101.93 dt=0.103 rate=1.00 paused=False backlog=44.65 edge=128.45 div=0.00
21:16:05.888 CLOCK fold raw=83.98 prev=83.80 new=83.98 d=+0.180 fr=101.93 dt=0.101 rate=1.00 paused=False backlog=44.57 edge=128.55 div=0.00
21:16:05.989 CLOCK integ raw=83.98 prev=83.98 new=84.08 d=+0.101 fr=101.93 dt=0.101 rate=1.00 paused=False backlog=44.57 edge=128.66 div=0.00
21:16:06.090 CLOCK integ raw=83.98 prev=84.08 new=84.18 d=+0.101 fr=101.93 dt=0.101 rate=1.00 paused=False backlog=44.57 edge=128.76 div=0.00
21:16:06.192 CLOCK fold raw=84.26 prev=84.18 new=84.26 d=+0.076 fr=101.93 dt=0.102 rate=1.00 paused=False backlog=44.60 edge=128.86 div=0.00
21:16:06.295 CLOCK integ raw=84.26 prev=84.26 new=84.36 d=+0.103 fr=101.93 dt=0.103 rate=1.00 paused=False backlog=44.60 edge=128.96 div=0.00
21:16:06.396 CLOCK integ raw=84.26 prev=84.36 new=84.46 d=+0.101 fr=101.93 dt=0.101 rate=1.00 paused=False backlog=44.60 edge=129.06 div=0.00
21:16:06.598 CLOCK fold raw=84.54 prev=84.46 new=84.54 d=+0.080 fr=101.93 dt=0.202 rate=1.00 paused=False backlog=44.72 edge=129.27 div=0.00
21:16:06.700 CLOCK integ raw=84.54 prev=84.54 new=84.65 d=+0.102 fr=101.93 dt=0.102 rate=1.00 paused=False backlog=44.72 edge=129.37 div=0.00
21:16:06.804 CLOCK fold raw=84.82 prev=84.65 new=84.82 d=+0.178 fr=101.93 dt=0.104 rate=1.00 paused=False backlog=43.61 edge=128.43 div=0.00
21:16:06.906 CLOCK integ raw=84.82 prev=84.82 new=84.93 d=+0.102 fr=101.93 dt=0.102 rate=1.00 paused=False backlog=43.61 edge=128.53 div=0.00
21:16:07.008 CLOCK fold raw=85.11 prev=84.93 new=85.11 d=+0.180 fr=101.93 dt=0.102 rate=1.00 paused=False backlog=43.53 edge=128.63 div=0.00
21:16:07.110 CLOCK integ raw=85.11 prev=85.11 new=85.21 d=+0.102 fr=101.93 dt=0.102 rate=1.00 paused=False backlog=43.53 edge=128.73 div=0.00
21:16:07.211 CLOCK integ raw=85.11 prev=85.21 new=85.31 d=+0.101 fr=101.93 dt=0.101 rate=1.00 paused=False backlog=43.53 edge=128.84 div=0.00
21:16:07.313 CLOCK fold raw=85.39 prev=85.31 new=85.39 d=+0.078 fr=101.93 dt=0.102 rate=1.00 paused=False backlog=43.55 edge=128.94 div=0.00
21:16:07.414 CLOCK integ raw=85.39 prev=85.39 new=85.49 d=+0.102 fr=101.93 dt=0.102 rate=1.00 paused=False backlog=43.55 edge=129.04 div=0.00
21:16:07.516 CLOCK integ raw=85.39 prev=85.49 new=85.59 d=+0.102 fr=101.93 dt=0.102 rate=1.00 paused=False backlog=43.55 edge=129.14 div=0.00
21:16:07.618 CLOCK fold raw=85.67 prev=85.59 new=85.67 d=+0.077 fr=101.93 dt=0.102 rate=1.00 paused=False backlog=43.58 edge=129.24 div=0.00
21:16:07.720 CLOCK integ raw=85.67 prev=85.67 new=85.77 d=+0.102 fr=101.93 dt=0.102 rate=1.00 paused=False backlog=43.58 edge=129.34 div=0.00
21:16:07.822 CLOCK integ raw=85.67 prev=85.77 new=85.87 d=+0.103 fr=101.93 dt=0.103 rate=1.00 paused=False backlog=43.58 edge=129.45 div=0.00
21:16:07.924 CLOCK fold raw=85.95 prev=85.87 new=85.95 d=+0.076 fr=101.93 dt=0.102 rate=1.00 paused=False backlog=43.60 edge=129.55 div=0.00
21:16:08.025 CLOCK integ raw=85.95 prev=85.95 new=86.05 d=+0.101 fr=101.93 dt=0.101 rate=1.00 paused=False backlog=43.60 edge=129.65 div=0.00
21:16:08.227 CLOCK fold raw=86.23 prev=86.05 new=86.23 d=+0.183 fr=101.93 dt=0.202 rate=1.00 paused=False backlog=43.62 edge=129.85 div=0.00
21:16:08.329 CLOCK integ raw=86.23 prev=86.23 new=86.33 d=+0.102 fr=101.93 dt=0.102 rate=1.00 paused=False backlog=43.62 edge=129.95 div=0.00
21:16:08.430 CLOCK fold raw=86.51 prev=86.33 new=86.51 d=+0.178 fr=101.93 dt=0.101 rate=1.00 paused=False backlog=43.54 edge=130.06 div=0.00
21:16:08.532 CLOCK integ raw=86.51 prev=86.51 new=86.61 d=+0.101 fr=101.93 dt=0.101 rate=1.00 paused=False backlog=43.54 edge=130.16 div=0.00
21:16:08.633 CLOCK integ raw=86.51 prev=86.61 new=86.71 d=+0.101 fr=101.93 dt=0.101 rate=1.00 paused=False backlog=43.54 edge=130.26 div=0.00
21:16:08.755 CLOCK fold raw=86.79 prev=86.71 new=86.79 d=+0.079 fr=101.93 dt=0.122 rate=1.00 paused=False backlog=42.80 edge=129.59 div=0.00
21:16:08.856 CLOCK integ raw=86.79 prev=86.79 new=86.89 d=+0.102 fr=101.93 dt=0.102 rate=1.00 paused=False backlog=42.80 edge=129.70 div=0.00
21:16:08.958 CUE cx=[126.06..127.43] adv=1.37 el=4.29 fresh | off=-0.91 fr=101.93 cc=86.89 raw=86.79 lead=+39.62 | pcr=128.689 head_rel=128.69 lag_ewma=4.91 | q=Get 20% off today using code TV / at collars and co.com. We'
21:16:08.958 ANCHOR pend_end=127.43 L=3.63 pinL=1.26 target=0.50 off=-0.91
21:16:08.959 CLOCK integ raw=86.79 prev=86.89 new=87.00 d=+0.102 fr=101.93 dt=0.102 rate=1.00 paused=False backlog=42.30 edge=129.29 div=0.00
21:16:09.060 CLOCK fold raw=87.07 prev=87.00 new=87.07 d=+0.075 fr=101.93 dt=0.101 rate=1.00 paused=False backlog=42.32 edge=129.40 div=0.00
21:16:09.164 CUE cx=[127.43..128.53] adv=1.10 el=0.20 fresh | off=-0.20 fr=106.43 cc=87.07 raw=87.07 lead=+41.25 | pcr=130.517 head_rel=130.52 lag_ewma=3.63 | q=at collars and co.com. We've / all been there. You see one o
21:16:09.164 CUE cx=[128.53..129.63] adv=1.10 el=0.00 fresh | off=-0.20 fr=106.43 cc=87.07 raw=87.07 lead=+42.35 | pcr=130.517 head_rel=130.52 lag_ewma=3.63 | q=all been there. You see one of / these kiosks, and you can't
21:16:09.165 ANCHOR pend_end=129.63 L=2.67 pinL=0.89 target=-0.28 off=-0.20
21:16:09.165 CLOCK integ raw=87.07 prev=87.07 new=87.18 d=+0.106 fr=106.43 dt=0.106 rate=1.00 paused=False backlog=43.16 edge=130.34 div=0.00
21:16:09.268 CLOCK fold raw=87.36 prev=87.18 new=87.36 d=+0.177 fr=106.43 dt=0.102 rate=1.00 paused=False backlog=43.09 edge=130.44 div=0.00
21:16:09.369 CLOCK integ raw=87.36 prev=87.36 new=87.46 d=+0.102 fr=106.43 dt=0.102 rate=1.00 paused=False backlog=43.09 edge=130.55 div=0.00
21:16:09.472 CLOCK integ raw=87.36 prev=87.46 new=87.56 d=+0.102 fr=106.43 dt=0.102 rate=1.00 paused=False backlog=43.09 edge=130.65 div=0.00
21:16:09.573 CLOCK fold raw=87.63 prev=87.56 new=87.63 d=+0.075 fr=106.43 dt=0.102 rate=1.00 paused=False backlog=43.12 edge=130.75 div=0.00
21:16:09.675 CLOCK integ raw=87.63 prev=87.63 new=87.74 d=+0.101 fr=106.43 dt=0.101 rate=1.00 paused=False backlog=43.12 edge=130.85 div=0.00
21:16:09.776 CLOCK integ raw=87.63 prev=87.74 new=87.84 d=+0.101 fr=106.43 dt=0.101 rate=1.00 paused=False backlog=43.12 edge=130.95 div=0.00
21:16:09.979 CLOCK fold raw=87.92 prev=87.84 new=87.92 d=+0.079 fr=106.43 dt=0.203 rate=1.00 paused=False backlog=43.24 edge=131.16 div=0.00
21:16:10.081 CLOCK integ raw=87.92 prev=87.92 new=88.02 d=+0.102 fr=106.43 dt=0.102 rate=1.00 paused=False backlog=43.24 edge=131.26 div=0.00
21:16:10.183 CLOCK fold raw=88.20 prev=88.02 new=88.20 d=+0.179 fr=106.43 dt=0.102 rate=1.00 paused=False backlog=43.16 edge=131.36 div=0.00
21:16:10.284 CLOCK integ raw=88.20 prev=88.20 new=88.30 d=+0.101 fr=106.43 dt=0.101 rate=1.00 paused=False backlog=43.16 edge=131.46 div=0.00
21:16:10.386 CLOCK fold raw=88.48 prev=88.30 new=88.48 d=+0.180 fr=106.43 dt=0.102 rate=1.00 paused=False backlog=43.09 edge=131.56 div=0.00
21:16:10.488 CLOCK integ raw=88.48 prev=88.48 new=88.58 d=+0.101 fr=106.43 dt=0.101 rate=1.00 paused=False backlog=43.09 edge=131.66 div=0.00
21:16:10.589 CLOCK integ raw=88.48 prev=88.58 new=88.68 d=+0.101 fr=106.43 dt=0.101 rate=1.00 paused=False backlog=43.09 edge=131.77 div=0.00
21:16:10.692 CLOCK fold raw=88.76 prev=88.68 new=88.76 d=+0.078 fr=106.43 dt=0.103 rate=1.00 paused=False backlog=43.11 edge=131.87 div=0.00
21:16:10.694 TICK fr=106.43 cc=88.76 raw=88.76 vid=88.76 playing=1 started=1 stall=0 | d_fr_cc=+17.67 d_fr_raw=+17.67 d_cc_raw=+0.00 | off=-0.24 ccx_end=129.63 since_show=0.0 since_cue=1.5 | pcr=130.517 pid=100 head_rel=130.52 ccx_lag=0.89 | credit=106.4 capped=0.0 | fsize=59593180 feed=59593180 feed_behind=0 | backlog=43.11 edge=131.87 div=0.00 lag_ewma=2.67
21:16:10.803 CLOCK integ raw=88.76 prev=88.76 new=88.87 d=+0.111 fr=106.43 dt=0.111 rate=1.00 paused=False backlog=42.43 edge=131.30 div=0.00
21:16:10.905 CLOCK integ raw=88.76 prev=88.87 new=88.97 d=+0.102 fr=106.43 dt=0.102 rate=1.00 paused=False backlog=42.43 edge=131.41 div=0.00
21:16:11.011 CLOCK fold raw=89.04 prev=88.97 new=89.04 d=+0.069 fr=106.43 dt=0.107 rate=1.00 paused=False backlog=42.47 edge=131.51 div=0.00
21:16:11.114 CLOCK integ raw=89.04 prev=89.04 new=89.14 d=+0.102 fr=106.43 dt=0.102 rate=1.00 paused=False backlog=42.47 edge=131.61 div=0.00
21:16:11.215 CLOCK integ raw=89.04 prev=89.14 new=89.24 d=+0.101 fr=106.43 dt=0.101 rate=1.00 paused=False backlog=42.47 edge=131.72 div=0.00
21:16:11.316 CLOCK fold raw=89.32 prev=89.24 new=89.32 d=+0.079 fr=106.43 dt=0.101 rate=1.00 paused=False backlog=42.49 edge=131.82 div=0.00
21:16:11.438 CLOCK integ raw=89.32 prev=89.32 new=89.44 d=+0.121 fr=106.43 dt=0.121 rate=1.00 paused=False backlog=42.49 edge=131.94 div=0.00
21:16:11.555 CLOCK fold raw=89.60 prev=89.44 new=89.60 d=+0.158 fr=106.43 dt=0.118 rate=1.00 paused=False backlog=42.45 edge=132.06 div=0.00
21:16:12.161 CLOCK fold raw=90.17 prev=89.60 new=90.17 d=+0.563 fr=106.43 dt=0.606 rate=1.00 paused=False backlog=42.50 edge=132.66 div=0.00
21:16:12.442 CLOCK fold raw=90.44 prev=90.17 new=90.44 d=+0.279 fr=106.43 dt=0.281 rate=1.00 paused=False backlog=42.50 edge=132.94 div=0.00
21:16:12.594 CLOCK integ raw=90.44 prev=90.44 new=90.60 d=+0.152 fr=106.43 dt=0.152 rate=1.00 paused=False backlog=42.50 edge=133.09 div=0.00
21:16:12.829 EDGESNAP err=-2.58 edge->130.52
21:16:12.838 CLOCK fold raw=90.73 prev=90.60 new=90.73 d=+0.130 fr=106.43 dt=0.243 rate=1.00 paused=False backlog=40.03 edge=130.76 div=0.00
21:16:13.034 CLOCK fold raw=91.01 prev=90.73 new=91.01 d=+0.279 fr=106.43 dt=0.196 rate=1.00 paused=False backlog=39.95 edge=130.96 div=0.00
21:16:13.171 CLOCK integ raw=91.01 prev=91.01 new=91.14 d=+0.137 fr=106.43 dt=0.137 rate=1.00 paused=False backlog=39.95 edge=131.09 div=0.00
21:16:13.293 CLOCK fold raw=91.29 prev=91.14 new=91.29 d=+0.144 fr=106.43 dt=0.122 rate=1.00 paused=False backlog=39.93 edge=131.22 div=0.00
21:16:13.411 CLOCK integ raw=91.29 prev=91.29 new=91.40 d=+0.118 fr=106.43 dt=0.118 rate=1.00 paused=False backlog=39.93 edge=131.33 div=0.00
21:16:13.526 CLOCK fold raw=91.57 prev=91.40 new=91.57 d=+0.163 fr=106.43 dt=0.115 rate=1.00 paused=False backlog=39.88 edge=131.45 div=0.00
21:16:13.639 CLOCK integ raw=91.57 prev=91.57 new=91.68 d=+0.113 fr=106.43 dt=0.113 rate=1.00 paused=False backlog=39.88 edge=131.56 div=0.00
21:16:13.777 CLOCK fold raw=91.85 prev=91.68 new=91.85 d=+0.168 fr=106.43 dt=0.138 rate=1.00 paused=False backlog=39.85 edge=131.70 div=0.00
21:16:13.912 CLOCK integ raw=91.85 prev=91.85 new=91.98 d=+0.135 fr=106.43 dt=0.135 rate=1.00 paused=False backlog=39.85 edge=131.83 div=0.00
21:16:14.065 CLOCK fold raw=92.13 prev=91.98 new=92.13 d=+0.147 fr=106.43 dt=0.153 rate=1.00 paused=False backlog=39.86 edge=131.99 div=0.00
21:16:14.186 CLOCK integ raw=92.13 prev=92.13 new=92.25 d=+0.120 fr=106.43 dt=0.120 rate=1.00 paused=False backlog=39.86 edge=132.11 div=0.00
21:16:14.298 CLOCK integ raw=92.13 prev=92.25 new=92.36 d=+0.113 fr=106.43 dt=0.113 rate=1.00 paused=False backlog=39.86 edge=132.22 div=0.00
21:16:14.404 CLOCK fold raw=92.41 prev=92.36 new=92.41 d=+0.046 fr=106.43 dt=0.105 rate=1.00 paused=False backlog=39.92 edge=132.33 div=0.00
21:16:14.506 CLOCK integ raw=92.41 prev=92.41 new=92.51 d=+0.101 fr=106.43 dt=0.101 rate=1.00 paused=False backlog=39.92 edge=132.43 div=0.00
21:16:14.610 CLOCK fold raw=92.69 prev=92.51 new=92.69 d=+0.180 fr=106.43 dt=0.104 rate=1.00 paused=False backlog=39.84 edge=132.53 div=0.00
21:16:14.712 CLOCK integ raw=92.69 prev=92.69 new=92.79 d=+0.102 fr=106.43 dt=0.102 rate=1.00 paused=False backlog=39.84 edge=132.63 div=0.00
21:16:14.815 CLOCK integ raw=92.69 prev=92.79 new=92.90 d=+0.103 fr=106.43 dt=0.103 rate=1.00 paused=False backlog=38.78 edge=131.68 div=0.00
21:16:14.918 CLOCK fold raw=92.97 prev=92.90 new=92.97 d=+0.075 fr=106.43 dt=0.102 rate=1.00 paused=False backlog=38.81 edge=131.78 div=0.00
21:16:15.440 CLOCK fold raw=93.54 prev=92.97 new=93.54 d=+0.564 fr=106.43 dt=0.521 rate=1.00 paused=False backlog=38.77 edge=132.30 div=0.00
21:16:15.703 CLOCK integ raw=93.54 prev=93.54 new=93.80 d=+0.264 fr=106.43 dt=0.264 rate=1.00 paused=False backlog=38.77 edge=132.57 div=0.00
21:16:15.752 TICK fr=106.43 cc=93.80 raw=93.82 vid=93.54 playing=1 started=1 stall=0 | d_fr_cc=+12.63 d_fr_raw=+12.61 d_cc_raw=-0.02 | off=-0.24 ccx_end=129.63 since_show=0.0 since_cue=6.6 | pcr=132.486 pid=100 head_rel=132.49 ccx_lag=2.86 | credit=106.4 capped=0.0 | fsize=60146276 feed=59593180 feed_behind=553096 | backlog=38.77 edge=132.57 div=0.00 lag_ewma=2.67
21:16:15.928 CLOCK fold raw=93.82 prev=93.80 new=93.82 d=+0.017 fr=113.29 dt=0.225 rate=1.00 paused=False backlog=38.97 edge=132.79 div=0.00
21:16:15.980 CUE cx=[129.63..131.76] adv=2.14 el=6.78 fresh | off=-0.24 fr=113.29 cc=93.82 raw=93.82 lead=+37.71 | pcr=133.890 head_rel=133.89 lag_ewma=2.67 | q=these kiosks, and you can't / help but stop and try to find 
21:16:15.981 CUE cx=[131.77..132.53] adv=0.77 el=0.04 fresh | off=-0.24 fr=113.29 cc=93.82 raw=93.82 lead=+38.47 | pcr=133.890 head_rel=133.89 lag_ewma=2.67 | q=help but stop and try to find / your name on a keychain. / U
21:16:16.102 ANCHOR pend_end=132.53 L=2.21 pinL=1.36 target=-0.27 off=-0.24
21:16:16.104 CLOCK fold raw=94.10 prev=93.82 new=94.10 d=+0.283 fr=113.29 dt=0.176 rate=1.00 paused=False backlog=39.69 edge=133.79 div=0.00
21:16:16.341 CLOCK fold raw=94.38 prev=94.10 new=94.38 d=+0.279 fr=113.70 dt=0.236 rate=1.00 paused=False backlog=39.65 edge=134.03 div=0.00
21:16:16.457 CLOCK integ raw=94.38 prev=94.38 new=94.50 d=+0.117 fr=113.70 dt=0.117 rate=1.00 paused=False backlog=39.65 edge=134.14 div=0.00
21:16:16.569 CLOCK fold raw=94.67 prev=94.50 new=94.67 d=+0.172 fr=113.70 dt=0.112 rate=1.00 paused=False backlog=39.59 edge=134.26 div=0.00
21:16:16.780 CLOCK integ raw=94.67 prev=94.67 new=94.88 d=+0.211 fr=114.04 dt=0.211 rate=1.00 paused=False backlog=39.59 edge=134.47 div=0.00
21:16:16.981 CLOCK fold raw=94.94 prev=94.88 new=94.94 d=+0.063 fr=114.04 dt=0.200 rate=1.00 paused=False backlog=39.93 edge=134.87 div=0.00
21:16:16.994 CUE cx=[132.53..134.07] adv=1.53 el=1.01 fresh | off=-0.26 fr=114.04 cc=94.94 raw=94.94 lead=+38.87 | pcr=134.879 head_rel=134.88 lag_ewma=2.21 | q=your name on a keychain. / Unfortunately, that's how it is /
21:16:17.111 ANCHOR pend_end=134.07 L=1.72 pinL=0.81 target=-0.00 off=-0.26
21:16:17.112 CLOCK integ raw=94.94 prev=94.94 new=95.07 d=+0.132 fr=114.04 dt=0.132 rate=1.00 paused=False backlog=39.93 edge=135.01 div=0.00
21:16:17.244 CLOCK fold raw=95.22 prev=95.07 new=95.22 d=+0.150 fr=114.49 dt=0.132 rate=1.00 paused=False backlog=39.92 edge=135.14 div=0.00
21:16:17.369 CLOCK integ raw=95.22 prev=95.22 new=95.35 d=+0.125 fr=114.49 dt=0.125 rate=1.00 paused=False backlog=39.92 edge=135.27 div=0.00
21:16:17.481 CLOCK fold raw=95.50 prev=95.35 new=95.50 d=+0.156 fr=114.49 dt=0.110 rate=1.00 paused=False backlog=39.87 edge=135.38 div=0.00
21:16:17.594 CLOCK integ raw=95.50 prev=95.50 new=95.62 d=+0.115 fr=114.49 dt=0.115 rate=1.00 paused=False backlog=39.87 edge=135.49 div=0.00
21:16:17.709 CLOCK fold raw=95.78 prev=95.62 new=95.78 d=+0.164 fr=114.49 dt=0.114 rate=1.00 paused=False backlog=39.82 edge=135.60 div=0.00
21:16:17.845 CLOCK integ raw=95.78 prev=95.78 new=95.92 d=+0.136 fr=114.49 dt=0.136 rate=1.00 paused=False backlog=39.82 edge=135.74 div=0.00
21:16:17.989 CLOCK fold raw=96.06 prev=95.92 new=96.06 d=+0.145 fr=114.49 dt=0.144 rate=1.00 paused=False backlog=39.82 edge=135.88 div=0.00
21:16:18.105 CLOCK integ raw=96.06 prev=96.06 new=96.18 d=+0.116 fr=114.49 dt=0.116 rate=1.00 paused=False backlog=39.82 edge=136.00 div=0.00
21:16:18.214 CLOCK integ raw=96.06 prev=96.18 new=96.29 d=+0.110 fr=114.49 dt=0.110 rate=1.00 paused=False backlog=39.82 edge=136.11 div=0.00
21:16:18.324 CLOCK fold raw=96.35 prev=96.29 new=96.35 d=+0.058 fr=114.49 dt=0.109 rate=1.00 paused=False backlog=39.87 edge=136.22 div=0.00
21:16:18.476 CLOCK integ raw=96.35 prev=96.35 new=96.50 d=+0.153 fr=114.49 dt=0.153 rate=1.00 paused=False backlog=39.87 edge=136.37 div=0.00
21:16:18.637 CLOCK fold raw=96.63 prev=96.50 new=96.63 d=+0.127 fr=114.49 dt=0.160 rate=1.00 paused=False backlog=39.90 edge=136.53 div=0.00
21:16:18.798 CLOCK integ raw=96.63 prev=96.63 new=96.79 d=+0.162 fr=114.49 dt=0.162 rate=1.00 paused=False backlog=39.08 edge=135.87 div=0.00
21:16:18.918 CLOCK fold raw=96.91 prev=96.79 new=96.91 d=+0.121 fr=114.49 dt=0.120 rate=1.00 paused=False backlog=39.08 edge=135.99 div=0.00
21:16:19.024 CLOCK integ raw=96.91 prev=96.91 new=97.02 d=+0.105 fr=114.49 dt=0.105 rate=1.00 paused=False backlog=39.08 edge=136.09 div=0.00
21:16:19.130 CLOCK fold raw=97.19 prev=97.02 new=97.19 d=+0.172 fr=114.49 dt=0.107 rate=1.00 paused=False backlog=39.01 edge=136.20 div=0.00
21:16:19.236 CLOCK integ raw=97.19 prev=97.19 new=97.29 d=+0.105 fr=114.49 dt=0.105 rate=1.00 paused=False backlog=39.01 edge=136.30 div=0.00
21:16:19.341 CLOCK integ raw=97.19 prev=97.29 new=97.40 d=+0.104 fr=114.49 dt=0.104 rate=1.00 paused=False backlog=39.01 edge=136.41 div=0.00
21:16:19.448 CLOCK fold raw=97.47 prev=97.40 new=97.47 d=+0.072 fr=114.49 dt=0.107 rate=1.00 paused=False backlog=39.05 edge=136.52 div=0.00
21:16:19.551 CLOCK integ raw=97.47 prev=97.47 new=97.57 d=+0.105 fr=114.49 dt=0.105 rate=1.00 paused=False backlog=39.05 edge=136.62 div=0.00
21:16:19.653 CLOCK fold raw=97.75 prev=97.57 new=97.75 d=+0.176 fr=114.49 dt=0.102 rate=1.00 paused=False backlog=38.97 edge=136.72 div=0.00
21:16:19.755 CLOCK integ raw=97.75 prev=97.75 new=97.85 d=+0.102 fr=114.49 dt=0.102 rate=1.00 paused=False backlog=38.97 edge=136.82 div=0.00
21:16:19.857 CLOCK integ raw=97.75 prev=97.85 new=97.95 d=+0.102 fr=114.49 dt=0.102 rate=1.00 paused=False backlog=38.97 edge=136.93 div=0.00
21:16:19.960 CLOCK fold raw=98.03 prev=97.95 new=98.03 d=+0.077 fr=114.49 dt=0.102 rate=1.00 paused=False backlog=39.00 edge=137.03 div=0.00
21:16:20.061 CLOCK integ raw=98.03 prev=98.03 new=98.13 d=+0.102 fr=114.49 dt=0.102 rate=1.00 paused=False backlog=39.00 edge=137.13 div=0.00
21:16:20.164 CLOCK integ raw=98.03 prev=98.13 new=98.24 d=+0.103 fr=114.49 dt=0.103 rate=1.00 paused=False backlog=39.00 edge=137.23 div=0.00
21:16:20.367 CLOCK fold raw=98.31 prev=98.24 new=98.31 d=+0.077 fr=114.49 dt=0.203 rate=1.00 paused=False backlog=39.12 edge=137.44 div=0.00
21:16:20.472 CLOCK integ raw=98.31 prev=98.31 new=98.42 d=+0.105 fr=114.49 dt=0.105 rate=1.00 paused=False backlog=39.12 edge=137.54 div=0.00
21:16:20.574 CLOCK fold raw=98.59 prev=98.42 new=98.59 d=+0.175 fr=114.49 dt=0.102 rate=1.00 paused=False backlog=39.05 edge=137.64 div=0.00
21:16:20.676 CLOCK integ raw=98.59 prev=98.59 new=98.69 d=+0.101 fr=114.49 dt=0.101 rate=1.00 paused=False backlog=39.05 edge=137.74 div=0.00
21:16:20.679 TICK fr=114.49 cc=98.69 raw=98.59 vid=98.31 playing=1 started=1 stall=0 | d_fr_cc=+15.80 d_fr_raw=+15.90 d_cc_raw=+0.10 | off=-0.13 ccx_end=134.07 since_show=0.0 since_cue=3.7 | pcr=134.879 pid=100 head_rel=134.88 ccx_lag=0.81 | credit=114.5 capped=0.0 | fsize=61564548 feed=61564548 feed_behind=0 | backlog=39.05 edge=137.74 div=0.00 lag_ewma=1.72
21:16:20.781 EDGESNAP err=-2.87 edge->134.88
21:16:20.782 CLOCK fold raw=98.87 prev=98.69 new=98.87 d=+0.178 fr=114.49 dt=0.106 rate=1.00 paused=False backlog=36.11 edge=134.98 div=0.00
21:16:20.884 CLOCK integ raw=98.87 prev=98.87 new=98.97 d=+0.101 fr=114.49 dt=0.101 rate=1.00 paused=False backlog=36.11 edge=135.09 div=0.00
21:16:20.985 CLOCK integ raw=98.87 prev=98.97 new=99.08 d=+0.102 fr=114.49 dt=0.102 rate=1.00 paused=False backlog=36.11 edge=135.19 div=0.00
21:16:21.087 CLOCK fold raw=99.16 prev=99.08 new=99.16 d=+0.082 fr=114.49 dt=0.102 rate=1.00 paused=False backlog=36.13 edge=135.29 div=0.00
21:16:21.189 CLOCK integ raw=99.16 prev=99.16 new=99.26 d=+0.102 fr=114.49 dt=0.102 rate=1.00 paused=False backlog=36.13 edge=135.39 div=0.00
21:16:21.291 CLOCK integ raw=99.16 prev=99.26 new=99.36 d=+0.102 fr=114.49 dt=0.102 rate=1.00 paused=False backlog=36.13 edge=135.49 div=0.00
21:16:21.393 CLOCK fold raw=99.44 prev=99.36 new=99.44 d=+0.074 fr=114.49 dt=0.102 rate=1.00 paused=False backlog=36.16 edge=135.60 div=0.00
21:16:21.495 CLOCK integ raw=99.44 prev=99.44 new=99.54 d=+0.102 fr=114.49 dt=0.102 rate=1.00 paused=False backlog=36.16 edge=135.70 div=0.00
21:16:21.597 CLOCK integ raw=99.44 prev=99.54 new=99.64 d=+0.103 fr=114.49 dt=0.103 rate=1.00 paused=False backlog=36.16 edge=135.80 div=0.00
21:16:21.698 CLOCK fold raw=99.72 prev=99.64 new=99.72 d=+0.077 fr=114.49 dt=0.101 rate=1.00 paused=False backlog=36.18 edge=135.90 div=0.00
21:16:21.900 CLOCK fold raw=100.00 prev=99.72 new=100.00 d=+0.281 fr=114.49 dt=0.202 rate=1.00 paused=False backlog=36.11 edge=136.10 div=0.00
21:16:22.001 CLOCK integ raw=100.00 prev=100.00 new=100.10 d=+0.101 fr=114.49 dt=0.101 rate=1.00 paused=False backlog=36.11 edge=136.20 div=0.00
21:16:22.004 CUE cx=[134.07..135.37] adv=1.30 el=5.01 fresh | off=-0.13 fr=119.37 cc=100.10 raw=100.00 lead=+35.14 | pcr=137.901 head_rel=137.90 lag_ewma=1.72 | q=Unfortunately, that's how it is / with some insurers. They'l
21:16:22.005 CUE cx=[135.37..136.87] adv=1.50 el=0.00 fresh | off=-0.13 fr=119.37 cc=100.10 raw=100.00 lead=+36.64 | pcr=137.901 head_rel=137.90 lag_ewma=1.72 | q=with some insurers. They'll / send you on a scavenger hunt /
21:16:22.107 ANCHOR pend_end=136.87 L=1.48 pinL=1.03 target=-0.42 off=-0.13
21:16:22.107 CLOCK integ raw=100.00 prev=100.10 new=100.20 d=+0.105 fr=119.37 dt=0.105 rate=1.00 paused=False backlog=37.38 edge=137.58 div=0.00
21:16:22.208 CLOCK fold raw=100.28 prev=100.20 new=100.28 d=+0.080 fr=119.37 dt=0.101 rate=1.00 paused=False backlog=37.40 edge=137.68 div=0.00
21:16:22.309 CLOCK integ raw=100.28 prev=100.28 new=100.39 d=+0.101 fr=119.37 dt=0.101 rate=1.00 paused=False backlog=37.40 edge=137.78 div=0.00
21:16:22.411 CLOCK integ raw=100.28 prev=100.39 new=100.49 d=+0.102 fr=119.37 dt=0.102 rate=1.00 paused=False backlog=37.40 edge=137.89 div=0.00
21:16:22.512 CLOCK fold raw=100.56 prev=100.49 new=100.56 d=+0.073 fr=119.37 dt=0.101 rate=1.00 paused=False backlog=37.43 edge=137.99 div=0.00
21:16:22.614 CLOCK integ raw=100.56 prev=100.56 new=100.66 d=+0.102 fr=119.37 dt=0.102 rate=1.00 paused=False backlog=37.43 edge=138.09 div=0.00
21:16:22.715 CLOCK integ raw=100.56 prev=100.66 new=100.76 d=+0.101 fr=119.37 dt=0.101 rate=1.00 paused=False backlog=37.43 edge=138.19 div=0.00
21:16:22.818 CLOCK fold raw=100.84 prev=100.76 new=100.84 d=+0.079 fr=119.37 dt=0.103 rate=1.00 paused=False backlog=37.31 edge=138.15 div=0.00
21:16:22.918 CLOCK integ raw=100.84 prev=100.84 new=100.94 d=+0.101 fr=119.37 dt=0.101 rate=1.00 paused=False backlog=37.31 edge=138.25 div=0.00
21:16:23.020 CLOCK integ raw=100.84 prev=100.94 new=101.04 d=+0.101 fr=119.37 dt=0.101 rate=1.00 paused=False backlog=37.31 edge=138.35 div=0.00
21:16:23.121 CLOCK fold raw=101.12 prev=101.04 new=101.12 d=+0.078 fr=119.37 dt=0.101 rate=1.00 paused=False backlog=37.33 edge=138.45 div=0.00
21:16:23.323 CLOCK fold raw=101.41 prev=101.12 new=101.41 d=+0.283 fr=119.37 dt=0.202 rate=1.00 paused=False backlog=37.25 edge=138.65 div=0.00
21:16:23.424 CLOCK integ raw=101.41 prev=101.41 new=101.51 d=+0.101 fr=119.37 dt=0.101 rate=1.00 paused=False backlog=37.25 edge=138.75 div=0.00
21:16:23.526 CLOCK integ raw=101.41 prev=101.51 new=101.61 d=+0.101 fr=119.37 dt=0.101 rate=1.00 paused=False backlog=37.25 edge=138.86 div=0.00
21:16:23.627 CLOCK fold raw=101.69 prev=101.61 new=101.69 d=+0.078 fr=119.37 dt=0.101 rate=1.00 paused=False backlog=37.27 edge=138.96 div=0.00
21:16:23.728 CLOCK integ raw=101.69 prev=101.69 new=101.79 d=+0.101 fr=119.37 dt=0.101 rate=1.00 paused=False backlog=37.27 edge=139.06 div=0.00
21:16:23.830 CLOCK integ raw=101.69 prev=101.79 new=101.89 d=+0.102 fr=119.37 dt=0.102 rate=1.00 paused=False backlog=37.27 edge=139.16 div=0.00
21:16:23.931 CLOCK fold raw=101.97 prev=101.89 new=101.97 d=+0.084 fr=119.37 dt=0.101 rate=1.00 paused=False backlog=37.29 edge=139.26 div=0.00
21:16:24.033 CUE cx=[136.87..138.67] adv=1.80 el=2.03 fresh | off=-0.28 fr=121.40 cc=101.97 raw=101.97 lead=+36.42 | pcr=141.132 head_rel=141.13 lag_ewma=1.48 | q=send you on a scavenger hunt / just to get the help you need
21:16:24.035 CUE cx=[138.67..140.71] adv=2.03 el=0.00 fresh | off=-0.28 fr=121.40 cc=101.97 raw=101.97 lead=+38.46 | pcr=141.132 head_rel=141.13 lag_ewma=1.48 | q=just to get the help you need. / But you can always count on
21:16:24.035 ANCHOR pend_end=140.71 L=1.11 pinL=0.43 target=-0.47 off=-0.28
21:16:24.035 CLOCK integ raw=101.97 prev=101.97 new=102.08 d=+0.104 fr=121.40 dt=0.104 rate=1.00 paused=False backlog=38.69 edge=140.77 div=0.00
21:16:24.136 CLOCK integ raw=101.97 prev=102.08 new=102.18 d=+0.101 fr=121.40 dt=0.101 rate=1.00 paused=False backlog=38.69 edge=140.87 div=0.00
21:16:24.237 CLOCK fold raw=102.25 prev=102.18 new=102.25 d=+0.071 fr=121.40 dt=0.101 rate=1.00 paused=False backlog=38.72 edge=140.97 div=0.00
21:16:24.338 CLOCK integ raw=102.25 prev=102.25 new=102.35 d=+0.101 fr=121.40 dt=0.101 rate=1.00 paused=False backlog=38.72 edge=141.07 div=0.00
21:16:24.440 CLOCK fold raw=102.53 prev=102.35 new=102.53 d=+0.180 fr=121.40 dt=0.102 rate=1.00 paused=False backlog=38.64 edge=141.17 div=0.00
21:16:24.542 CLOCK integ raw=102.53 prev=102.53 new=102.63 d=+0.102 fr=121.40 dt=0.102 rate=1.00 paused=False backlog=38.64 edge=141.27 div=0.00
21:16:24.743 CLOCK fold raw=102.81 prev=102.63 new=102.81 d=+0.181 fr=121.40 dt=0.201 rate=1.00 paused=False backlog=38.66 edge=141.48 div=0.00
21:16:24.846 CLOCK integ raw=102.81 prev=102.81 new=102.91 d=+0.102 fr=121.40 dt=0.102 rate=1.00 paused=False backlog=38.49 edge=141.41 div=0.00
21:16:24.947 CLOCK integ raw=102.81 prev=102.91 new=103.02 d=+0.101 fr=121.40 dt=0.101 rate=1.00 paused=False backlog=38.49 edge=141.51 div=0.00
21:16:25.048 CLOCK fold raw=103.10 prev=103.02 new=103.10 d=+0.080 fr=121.40 dt=0.101 rate=1.00 paused=False backlog=38.51 edge=141.61 div=0.00
21:16:25.150 CLOCK integ raw=103.10 prev=103.10 new=103.20 d=+0.101 fr=121.40 dt=0.101 rate=1.00 paused=False backlog=38.51 edge=141.71 div=0.00
21:16:25.251 CLOCK integ raw=103.10 prev=103.20 new=103.30 d=+0.101 fr=121.40 dt=0.101 rate=1.00 paused=False backlog=38.51 edge=141.81 div=0.00
21:16:25.352 CLOCK fold raw=103.37 prev=103.30 new=103.37 d=+0.074 fr=121.40 dt=0.102 rate=1.00 paused=False backlog=38.54 edge=141.91 div=0.00
21:16:25.454 CLOCK integ raw=103.37 prev=103.37 new=103.47 d=+0.101 fr=121.40 dt=0.101 rate=1.00 paused=False backlog=38.54 edge=142.01 div=0.00
21:16:25.555 CLOCK fold raw=103.65 prev=103.47 new=103.65 d=+0.180 fr=121.40 dt=0.101 rate=1.00 paused=False backlog=38.46 edge=142.12 div=0.00
21:16:25.656 CLOCK integ raw=103.65 prev=103.65 new=103.75 d=+0.101 fr=121.40 dt=0.101 rate=1.00 paused=False backlog=38.46 edge=142.22 div=0.00
21:16:25.759 TICK fr=121.40 cc=103.75 raw=103.65 vid=103.65 playing=1 started=1 stall=0 | d_fr_cc=+17.64 d_fr_raw=+17.75 d_cc_raw=+0.10 | off=-0.37 ccx_end=140.71 since_show=0.1 since_cue=1.7 | pcr=141.132 pid=100 head_rel=141.13 ccx_lag=0.43 | credit=121.4 capped=0.0 | fsize=64330404 feed=64330404 feed_behind=0 | backlog=38.46 edge=142.22 div=0.00 lag_ewma=1.11
21:16:25.759 CLOCK integ raw=103.65 prev=103.75 new=103.86 d=+0.103 fr=121.40 dt=0.103 rate=1.00 paused=False backlog=38.46 edge=142.32 div=0.00
21:16:25.861 CLOCK fold raw=103.93 prev=103.86 new=103.93 d=+0.077 fr=121.40 dt=0.101 rate=1.00 paused=False backlog=38.49 edge=142.42 div=0.00
21:16:25.962 CLOCK integ raw=103.93 prev=103.93 new=104.04 d=+0.102 fr=121.40 dt=0.102 rate=1.00 paused=False backlog=38.49 edge=142.52 div=0.00
21:16:26.164 CLOCK fold raw=104.21 prev=104.04 new=104.21 d=+0.178 fr=121.40 dt=0.202 rate=1.00 paused=False backlog=38.51 edge=142.72 div=0.00
21:16:26.264 CLOCK integ raw=104.21 prev=104.21 new=104.31 d=+0.101 fr=121.40 dt=0.101 rate=1.00 paused=False backlog=38.51 edge=142.83 div=0.00
21:16:26.366 CLOCK integ raw=104.21 prev=104.31 new=104.42 d=+0.101 fr=121.40 dt=0.101 rate=1.00 paused=False backlog=38.51 edge=142.93 div=0.00
21:16:26.468 CLOCK fold raw=104.50 prev=104.42 new=104.50 d=+0.081 fr=121.40 dt=0.102 rate=1.00 paused=False backlog=38.53 edge=143.03 div=0.00
21:16:26.569 CLOCK integ raw=104.50 prev=104.50 new=104.60 d=+0.101 fr=121.40 dt=0.101 rate=1.00 paused=False backlog=38.53 edge=143.13 div=0.00
21:16:26.671 CLOCK integ raw=104.50 prev=104.60 new=104.70 d=+0.102 fr=121.40 dt=0.102 rate=1.00 paused=False backlog=38.53 edge=143.23 div=0.00
21:16:26.797 CLOCK fold raw=104.78 prev=104.70 new=104.78 d=+0.079 fr=121.40 dt=0.125 rate=1.00 paused=False backlog=38.13 edge=142.90 div=0.00
21:16:26.898 CLOCK integ raw=104.78 prev=104.78 new=104.88 d=+0.102 fr=124.27 dt=0.102 rate=1.00 paused=False backlog=38.13 edge=143.01 div=0.00
21:16:27.001 CLOCK fold raw=105.06 prev=104.88 new=105.06 d=+0.179 fr=124.27 dt=0.102 rate=1.00 paused=False backlog=38.05 edge=143.11 div=0.00
21:16:27.137 CUE cx=[140.71..142.57] adv=1.87 el=3.07 fresh | off=-0.37 fr=124.27 cc=105.06 raw=105.06 lead=+37.14 | pcr=145.491 head_rel=145.49 lag_ewma=1.11 | q=But you can always count on / Geico for tailored, friendly /
21:16:27.138 ANCHOR pend_end=142.57 L=1.74 pinL=2.92 target=-1.19 off=-0.37
21:16:27.138 CLOCK integ raw=105.06 prev=105.06 new=105.20 d=+0.138 fr=124.27 dt=0.138 rate=1.00 paused=False backlog=39.24 edge=144.44 div=0.00
21:16:27.241 CLOCK fold raw=105.34 prev=105.20 new=105.34 d=+0.142 fr=124.27 dt=0.103 rate=1.00 paused=False backlog=39.20 edge=144.54 div=0.00
21:16:27.343 CLOCK integ raw=105.34 prev=105.34 new=105.44 d=+0.102 fr=124.61 dt=0.102 rate=1.00 paused=False backlog=39.20 edge=144.64 div=0.00
21:16:27.445 CLOCK integ raw=105.34 prev=105.44 new=105.54 d=+0.102 fr=124.61 dt=0.102 rate=1.00 paused=False backlog=39.20 edge=144.74 div=0.00
21:16:27.546 CLOCK fold raw=105.62 prev=105.54 new=105.62 d=+0.076 fr=124.61 dt=0.101 rate=1.00 paused=False backlog=39.23 edge=144.85 div=0.00
21:16:27.647 CLOCK integ raw=105.62 prev=105.62 new=105.72 d=+0.101 fr=124.61 dt=0.101 rate=1.00 paused=False backlog=39.23 edge=144.95 div=0.00
21:16:27.749 CLOCK integ raw=105.62 prev=105.72 new=105.82 d=+0.101 fr=125.01 dt=0.101 rate=1.00 paused=False backlog=39.23 edge=145.05 div=0.00
21:16:27.767 EDGESNAP err=+3.89 edge->148.94
21:16:27.767 CUE cx=[142.58..147.01] adv=4.44 el=0.65 fresh | off=-0.78 fr=125.01 cc=105.82 raw=105.62 lead=+40.41 | pcr=148.936 head_rel=148.94 lag_ewma=5.63 | q=Geico for tailored, friendly / service. They never have my /
21:16:27.868 ANCHOR pend_end=147.01 L=4.33 pinL=1.92 target=0.00 off=-0.78
21:16:27.868 CLOCK fold raw=105.90 prev=105.82 new=105.90 d=+0.079 fr=125.01 dt=0.120 rate=1.00 paused=False backlog=43.15 edge=149.06 div=0.00
21:16:27.969 CLOCK integ raw=105.90 prev=105.90 new=106.00 d=+0.101 fr=125.01 dt=0.101 rate=1.00 paused=False backlog=43.15 edge=149.16 div=0.00
21:16:28.071 CLOCK integ raw=105.90 prev=106.00 new=106.10 d=+0.101 fr=125.01 dt=0.101 rate=1.00 paused=False backlog=43.15 edge=149.26 div=0.00
21:16:28.173 CLOCK fold raw=106.18 prev=106.10 new=106.18 d=+0.079 fr=125.01 dt=0.102 rate=1.00 paused=False backlog=43.18 edge=149.36 div=0.00
21:16:28.274 CLOCK integ raw=106.18 prev=106.18 new=106.28 d=+0.102 fr=125.01 dt=0.102 rate=1.00 paused=False backlog=43.18 edge=149.46 div=0.00
21:16:28.377 CLOCK fold raw=106.46 prev=106.28 new=106.46 d=+0.178 fr=125.01 dt=0.102 rate=1.00 paused=False backlog=43.10 edge=149.56 div=0.00
21:16:28.579 CLOCK integ raw=106.46 prev=106.46 new=106.66 d=+0.202 fr=125.01 dt=0.202 rate=1.00 paused=False backlog=43.10 edge=149.77 div=0.00
21:16:28.680 CLOCK fold raw=106.74 prev=106.66 new=106.74 d=+0.080 fr=125.01 dt=0.101 rate=1.00 paused=False backlog=43.12 edge=149.87 div=0.00
21:16:28.782 CLOCK integ raw=106.74 prev=106.74 new=106.84 d=+0.101 fr=125.01 dt=0.101 rate=1.00 paused=False backlog=43.12 edge=149.97 div=0.00
21:16:28.885 CLOCK integ raw=106.74 prev=106.84 new=106.95 d=+0.104 fr=125.01 dt=0.104 rate=1.00 paused=False backlog=42.61 edge=149.56 div=0.00
21:16:28.987 CLOCK fold raw=107.03 prev=106.95 new=107.03 d=+0.076 fr=125.01 dt=0.102 rate=1.00 paused=False backlog=42.63 edge=149.66 div=0.00
21:16:29.089 CLOCK integ raw=107.03 prev=107.03 new=107.13 d=+0.102 fr=125.01 dt=0.102 rate=1.00 paused=False backlog=42.63 edge=149.76 div=0.00
21:16:29.190 CLOCK integ raw=107.03 prev=107.13 new=107.23 d=+0.101 fr=125.01 dt=0.101 rate=1.00 paused=False backlog=42.63 edge=149.86 div=0.00
21:16:29.292 CLOCK fold raw=107.31 prev=107.23 new=107.31 d=+0.078 fr=125.01 dt=0.102 rate=1.00 paused=False backlog=42.66 edge=149.96 div=0.00
21:16:29.394 CLOCK integ raw=107.31 prev=107.31 new=107.41 d=+0.102 fr=125.01 dt=0.102 rate=1.00 paused=False backlog=42.66 edge=150.06 div=0.00
21:16:29.496 CLOCK fold raw=107.59 prev=107.41 new=107.59 d=+0.181 fr=125.01 dt=0.102 rate=1.00 paused=False backlog=42.58 edge=150.17 div=0.00
21:16:29.598 CLOCK integ raw=107.59 prev=107.59 new=107.69 d=+0.102 fr=125.01 dt=0.102 rate=1.00 paused=False backlog=42.58 edge=150.27 div=0.00
21:16:29.699 CLOCK integ raw=107.59 prev=107.69 new=107.79 d=+0.101 fr=125.01 dt=0.101 rate=1.00 paused=False backlog=42.58 edge=150.37 div=0.00
21:16:29.902 CLOCK fold raw=107.87 prev=107.79 new=107.87 d=+0.075 fr=125.01 dt=0.203 rate=1.00 paused=False backlog=42.71 edge=150.57 div=0.00
21:16:30.003 CLOCK integ raw=107.87 prev=107.87 new=107.97 d=+0.101 fr=125.01 dt=0.101 rate=1.00 paused=False backlog=42.71 edge=150.67 div=0.00
21:16:30.104 CLOCK fold raw=108.15 prev=107.97 new=108.15 d=+0.181 fr=125.01 dt=0.101 rate=1.00 paused=False backlog=42.63 edge=150.77 div=0.00
21:16:30.206 CLOCK integ raw=108.15 prev=108.15 new=108.25 d=+0.101 fr=125.01 dt=0.101 rate=1.00 paused=False backlog=42.63 edge=150.88 div=0.00
21:16:30.307 CLOCK integ raw=108.15 prev=108.25 new=108.35 d=+0.101 fr=125.01 dt=0.101 rate=1.00 paused=False backlog=42.63 edge=150.98 div=0.00
21:16:30.408 CLOCK fold raw=108.43 prev=108.35 new=108.43 d=+0.077 fr=125.01 dt=0.102 rate=1.00 paused=False backlog=42.65 edge=151.08 div=0.00
21:16:30.509 CLOCK integ raw=108.43 prev=108.43 new=108.53 d=+0.101 fr=125.01 dt=0.101 rate=1.00 paused=False backlog=42.65 edge=151.18 div=0.00
21:16:30.610 CLOCK fold raw=108.71 prev=108.53 new=108.71 d=+0.180 fr=125.01 dt=0.101 rate=1.00 paused=False backlog=42.57 edge=151.28 div=0.00
21:16:30.713 TICK fr=125.01 cc=108.71 raw=108.71 vid=108.43 playing=1 started=1 stall=0 | d_fr_cc=+16.30 d_fr_raw=+16.30 d_cc_raw=+0.00 | off=-0.39 ccx_end=147.01 since_show=0.1 since_cue=3.0 | pcr=148.936 pid=100 head_rel=148.94 ccx_lag=1.92 | credit=125.0 capped=0.0 | fsize=67550844 feed=67550844 feed_behind=0 | backlog=42.57 edge=151.28 div=0.00 lag_ewma=4.33
21:16:30.713 CLOCK integ raw=108.71 prev=108.71 new=108.81 d=+0.102 fr=125.01 dt=0.102 rate=1.00 paused=False backlog=42.57 edge=151.38 div=0.00
21:16:30.816 CLOCK integ raw=108.71 prev=108.81 new=108.92 d=+0.103 fr=125.01 dt=0.103 rate=1.00 paused=False backlog=41.35 edge=150.26 div=0.00
21:16:31.017 CLOCK fold raw=108.99 prev=108.92 new=108.99 d=+0.075 fr=125.01 dt=0.201 rate=1.00 paused=False backlog=41.47 edge=150.46 div=0.00
21:16:31.118 CLOCK integ raw=108.99 prev=108.99 new=109.09 d=+0.101 fr=125.01 dt=0.101 rate=1.00 paused=False backlog=41.47 edge=150.57 div=0.00
21:16:31.220 CLOCK fold raw=109.27 prev=109.09 new=109.27 d=+0.180 fr=125.01 dt=0.101 rate=1.00 paused=False backlog=41.39 edge=150.67 div=0.00
21:16:31.321 CLOCK integ raw=109.27 prev=109.27 new=109.37 d=+0.101 fr=125.01 dt=0.101 rate=1.00 paused=False backlog=41.39 edge=150.77 div=0.00
21:16:31.423 CLOCK integ raw=109.27 prev=109.37 new=109.48 d=+0.102 fr=125.01 dt=0.102 rate=1.00 paused=False backlog=41.39 edge=150.87 div=0.00
21:16:31.524 CLOCK fold raw=109.55 prev=109.48 new=109.55 d=+0.079 fr=125.01 dt=0.101 rate=1.00 paused=False backlog=41.42 edge=150.97 div=0.00
21:16:31.625 CLOCK integ raw=109.55 prev=109.55 new=109.66 d=+0.101 fr=125.01 dt=0.101 rate=1.00 paused=False backlog=41.42 edge=151.07 div=0.00
21:16:31.727 CLOCK integ raw=109.55 prev=109.66 new=109.76 d=+0.101 fr=125.01 dt=0.101 rate=1.00 paused=False backlog=41.42 edge=151.17 div=0.00
21:16:31.828 CLOCK fold raw=109.83 prev=109.76 new=109.83 d=+0.079 fr=125.01 dt=0.101 rate=1.00 paused=False backlog=41.44 edge=151.27 div=0.00
21:16:31.929 CLOCK integ raw=109.83 prev=109.83 new=109.94 d=+0.101 fr=125.01 dt=0.101 rate=1.00 paused=False backlog=41.44 edge=151.38 div=0.00
21:16:32.031 CLOCK fold raw=110.12 prev=109.94 new=110.12 d=+0.180 fr=125.01 dt=0.102 rate=1.00 paused=False backlog=41.36 edge=151.48 div=0.00
21:16:32.132 CLOCK integ raw=110.12 prev=110.12 new=110.22 d=+0.102 fr=125.01 dt=0.102 rate=1.00 paused=False backlog=41.36 edge=151.58 div=0.00
21:16:32.233 CLOCK integ raw=110.12 prev=110.22 new=110.32 d=+0.101 fr=125.01 dt=0.101 rate=1.00 paused=False backlog=41.36 edge=151.68 div=0.00
21:16:32.435 CLOCK fold raw=110.40 prev=110.32 new=110.40 d=+0.078 fr=125.01 dt=0.202 rate=1.00 paused=False backlog=41.48 edge=151.88 div=0.00
21:16:32.536 CLOCK integ raw=110.40 prev=110.40 new=110.50 d=+0.101 fr=125.01 dt=0.101 rate=1.00 paused=False backlog=41.48 edge=151.98 div=0.00
21:16:32.638 CLOCK fold raw=110.68 prev=110.50 new=110.68 d=+0.181 fr=125.01 dt=0.101 rate=1.00 paused=False backlog=41.41 edge=152.08 div=0.00
21:16:32.739 CLOCK integ raw=110.68 prev=110.68 new=110.78 d=+0.101 fr=125.01 dt=0.101 rate=1.00 paused=False backlog=41.41 edge=152.19 div=0.00
21:16:32.741 EDGESNAP err=-3.25 edge->148.94
21:16:32.842 CLOCK integ raw=110.68 prev=110.78 new=110.88 d=+0.103 fr=125.01 dt=0.103 rate=1.00 paused=False backlog=38.16 edge=149.04 div=0.00
21:16:32.943 CLOCK fold raw=110.96 prev=110.88 new=110.96 d=+0.079 fr=125.01 dt=0.101 rate=1.00 paused=False backlog=38.18 edge=149.14 div=0.00
21:16:33.044 CLOCK integ raw=110.96 prev=110.96 new=111.06 d=+0.101 fr=125.01 dt=0.101 rate=1.00 paused=False backlog=38.18 edge=149.24 div=0.00
21:16:33.146 CLOCK fold raw=111.24 prev=111.06 new=111.24 d=+0.176 fr=125.01 dt=0.101 rate=1.00 paused=False backlog=38.10 edge=149.34 div=0.00
21:16:33.247 CLOCK integ raw=111.24 prev=111.24 new=111.34 d=+0.101 fr=125.01 dt=0.101 rate=1.00 paused=False backlog=38.10 edge=149.44 div=0.00
21:16:33.348 CLOCK integ raw=111.24 prev=111.34 new=111.44 d=+0.101 fr=125.01 dt=0.101 rate=1.00 paused=False backlog=38.10 edge=149.54 div=0.00
21:16:33.450 CLOCK fold raw=111.52 prev=111.44 new=111.52 d=+0.078 fr=125.01 dt=0.102 rate=1.00 paused=False backlog=38.13 edge=149.65 div=0.00
21:16:33.551 CLOCK integ raw=111.52 prev=111.52 new=111.62 d=+0.101 fr=125.01 dt=0.101 rate=1.00 paused=False backlog=38.13 edge=149.75 div=0.00
21:16:33.652 CLOCK integ raw=111.52 prev=111.62 new=111.72 d=+0.101 fr=125.01 dt=0.101 rate=1.00 paused=False backlog=38.13 edge=149.85 div=0.00
21:16:33.855 CLOCK fold raw=111.80 prev=111.72 new=111.80 d=+0.081 fr=131.12 dt=0.203 rate=1.00 paused=False backlog=38.25 edge=150.05 div=0.00
21:16:33.956 CLOCK integ raw=111.80 prev=111.80 new=111.90 d=+0.101 fr=131.12 dt=0.101 rate=1.00 paused=False backlog=38.25 edge=150.15 div=0.00
21:16:34.057 CLOCK fold raw=112.09 prev=111.90 new=112.09 d=+0.181 fr=131.12 dt=0.101 rate=1.00 paused=False backlog=38.17 edge=150.25 div=0.00
21:16:34.076 CUE cx=[147.01..149.81] adv=2.80 el=6.31 fresh | off=-0.39 fr=131.12 cc=112.09 raw=112.09 lead=+37.34 | pcr=151.892 head_rel=151.89 lag_ewma=4.33 | q=service. They never have my / name. Why can't I have a norma
21:16:34.178 ANCHOR pend_end=149.81 L=3.54 pinL=2.08 target=-0.82 off=-0.39
21:16:34.178 CLOCK integ raw=112.09 prev=112.09 new=112.21 d=+0.121 fr=131.12 dt=0.121 rate=1.00 paused=False backlog=38.99 edge=151.19 div=0.00
21:16:34.279 CLOCK fold raw=112.37 prev=112.21 new=112.37 d=+0.160 fr=131.55 dt=0.102 rate=1.00 paused=False backlog=38.93 edge=151.29 div=0.00
21:16:34.381 CLOCK integ raw=112.37 prev=112.37 new=112.47 d=+0.102 fr=131.55 dt=0.102 rate=1.00 paused=False backlog=38.93 edge=151.40 div=0.00
21:16:34.482 CLOCK integ raw=112.37 prev=112.47 new=112.57 d=+0.101 fr=131.55 dt=0.101 rate=1.00 paused=False backlog=38.93 edge=151.50 div=0.00
21:16:34.606 EDGESNAP err=+3.41 edge->154.91
21:16:34.606 CUE cx=[149.82..152.22] adv=2.40 el=0.53 fresh | off=-0.60 fr=131.55 cc=112.57 raw=112.65 lead=+39.04 | pcr=154.909 head_rel=154.91 lag_ewma=6.95 | q=name. Why can't I have a normal / name like Gino? Gino the g
21:16:34.607 ANCHOR pend_end=152.22 L=5.46 pinL=2.69 target=0.00 off=-0.60
21:16:34.607 CLOCK fold raw=112.65 prev=112.57 new=112.65 d=+0.078 fr=131.97 dt=0.125 rate=1.00 paused=False backlog=42.39 edge=155.03 div=0.00
21:16:34.709 CLOCK integ raw=112.65 prev=112.65 new=112.75 d=+0.101 fr=131.97 dt=0.101 rate=1.00 paused=False backlog=42.39 edge=155.13 div=0.00
21:16:34.810 CUE cx=[152.22..154.15] adv=1.94 el=0.23 fresh | off=-0.30 fr=131.97 cc=112.75 raw=112.65 lead=+41.10 | pcr=154.909 head_rel=154.91 lag_ewma=5.46 | q=name like Gino? Gino the gecko / at your service. Hey, Gino,
21:16:34.811 ANCHOR pend_end=154.15 L=3.81 pinL=0.76 target=0.06 off=-0.30
21:16:34.811 CLOCK integ raw=112.65 prev=112.75 new=112.85 d=+0.102 fr=131.97 dt=0.102 rate=1.00 paused=False backlog=42.22 edge=155.07 div=0.00
21:16:34.912 CLOCK fold raw=112.93 prev=112.85 new=112.93 d=+0.078 fr=131.97 dt=0.102 rate=1.00 paused=False backlog=42.24 edge=155.17 div=0.00
21:16:35.014 CLOCK integ raw=112.93 prev=112.93 new=113.03 d=+0.101 fr=132.38 dt=0.101 rate=1.00 paused=False backlog=42.24 edge=155.27 div=0.00
21:16:35.115 CLOCK fold raw=113.21 prev=113.03 new=113.21 d=+0.180 fr=132.38 dt=0.102 rate=1.00 paused=False backlog=42.16 edge=155.37 div=0.00
21:16:35.216 CLOCK integ raw=113.21 prev=113.21 new=113.31 d=+0.101 fr=132.38 dt=0.101 rate=1.00 paused=False backlog=42.16 edge=155.47 div=0.00
21:16:35.317 CLOCK integ raw=113.21 prev=113.31 new=113.41 d=+0.101 fr=132.38 dt=0.101 rate=1.00 paused=False backlog=42.16 edge=155.57 div=0.00
21:16:35.419 CLOCK fold raw=113.49 prev=113.41 new=113.49 d=+0.082 fr=132.38 dt=0.102 rate=1.00 paused=False backlog=42.18 edge=155.68 div=0.00
21:16:35.521 CLOCK integ raw=113.49 prev=113.49 new=113.60 d=+0.102 fr=132.38 dt=0.102 rate=1.00 paused=False backlog=42.18 edge=155.78 div=0.00
21:16:35.622 CLOCK integ raw=113.49 prev=113.60 new=113.70 d=+0.101 fr=132.38 dt=0.101 rate=1.00 paused=False backlog=42.18 edge=155.88 div=0.00
21:16:35.724 TICK fr=132.38 cc=113.70 raw=113.78 vid=113.49 playing=1 started=1 stall=0 | d_fr_cc=+18.68 d_fr_raw=+18.60 d_cc_raw=-0.08 | off=-0.12 ccx_end=154.15 since_show=0.1 since_cue=0.9 | pcr=156.523 pid=100 head_rel=156.52 ccx_lag=2.37 | credit=132.4 capped=0.0 | fsize=71310092 feed=71310092 feed_behind=0 | backlog=42.18 edge=155.88 div=0.00 lag_ewma=3.81
21:16:35.726 CLOCK fold raw=113.78 prev=113.70 new=113.78 d=+0.083 fr=132.38 dt=0.103 rate=1.00 paused=False backlog=42.20 edge=155.98 div=0.00
21:16:35.927 CLOCK integ raw=113.78 prev=113.78 new=113.98 d=+0.202 fr=132.38 dt=0.202 rate=1.00 paused=False backlog=42.20 edge=156.18 div=0.00
21:16:36.029 CLOCK fold raw=114.06 prev=113.98 new=114.06 d=+0.074 fr=132.38 dt=0.102 rate=1.00 paused=False backlog=42.23 edge=156.28 div=0.00
21:16:36.130 CLOCK integ raw=114.06 prev=114.06 new=114.16 d=+0.101 fr=132.38 dt=0.101 rate=1.00 paused=False backlog=42.23 edge=156.39 div=0.00
21:16:36.231 CLOCK integ raw=114.06 prev=114.16 new=114.26 d=+0.101 fr=132.38 dt=0.101 rate=1.00 paused=False backlog=42.23 edge=156.49 div=0.00
21:16:36.333 CLOCK fold raw=114.34 prev=114.26 new=114.34 d=+0.083 fr=132.38 dt=0.102 rate=1.00 paused=False backlog=42.25 edge=156.59 div=0.00
21:16:36.434 CLOCK integ raw=114.34 prev=114.34 new=114.44 d=+0.102 fr=132.38 dt=0.102 rate=1.00 paused=False backlog=42.25 edge=156.69 div=0.00
21:16:36.536 CLOCK fold raw=114.62 prev=114.44 new=114.62 d=+0.176 fr=132.38 dt=0.102 rate=1.00 paused=False backlog=42.17 edge=156.79 div=0.00
21:16:36.637 CLOCK integ raw=114.62 prev=114.62 new=114.72 d=+0.101 fr=132.38 dt=0.101 rate=1.00 paused=False backlog=42.17 edge=156.89 div=0.00
21:16:36.741 CLOCK integ raw=114.62 prev=114.72 new=114.82 d=+0.103 fr=132.38 dt=0.103 rate=1.00 paused=False backlog=41.99 edge=156.81 div=0.00
21:16:36.842 CLOCK fold raw=114.90 prev=114.82 new=114.90 d=+0.077 fr=132.38 dt=0.101 rate=1.00 paused=False backlog=42.01 edge=156.91 div=0.00
21:16:36.943 CLOCK integ raw=114.90 prev=114.90 new=115.00 d=+0.101 fr=132.38 dt=0.101 rate=1.00 paused=False backlog=42.01 edge=157.01 div=0.00
21:16:37.145 CLOCK fold raw=115.18 prev=115.00 new=115.18 d=+0.180 fr=132.38 dt=0.202 rate=1.00 paused=False backlog=42.03 edge=157.22 div=0.00
21:16:37.247 CLOCK integ raw=115.18 prev=115.18 new=115.28 d=+0.102 fr=132.38 dt=0.102 rate=1.00 paused=False backlog=42.03 edge=157.32 div=0.00
21:16:37.348 CLOCK integ raw=115.18 prev=115.28 new=115.38 d=+0.101 fr=132.38 dt=0.101 rate=1.00 paused=False backlog=42.03 edge=157.42 div=0.00
21:16:37.449 CLOCK fold raw=115.46 prev=115.38 new=115.46 d=+0.075 fr=132.38 dt=0.101 rate=1.00 paused=False backlog=42.06 edge=157.52 div=0.00
21:16:37.551 CLOCK integ raw=115.46 prev=115.46 new=115.56 d=+0.102 fr=132.38 dt=0.102 rate=1.00 paused=False backlog=42.06 edge=157.62 div=0.00
21:16:37.652 CLOCK fold raw=115.74 prev=115.56 new=115.74 d=+0.181 fr=132.38 dt=0.101 rate=1.00 paused=False backlog=41.98 edge=157.72 div=0.00
21:16:37.754 CLOCK integ raw=115.74 prev=115.74 new=115.84 d=+0.103 fr=132.38 dt=0.103 rate=1.00 paused=False backlog=41.98 edge=157.82 div=0.00
21:16:37.856 CLOCK integ raw=115.74 prev=115.84 new=115.95 d=+0.102 fr=132.38 dt=0.102 rate=1.00 paused=False backlog=41.98 edge=157.93 div=0.00
21:16:37.957 CLOCK fold raw=116.04 prev=115.95 new=116.04 d=+0.093 fr=132.38 dt=0.101 rate=1.00 paused=False backlog=41.99 edge=158.03 div=0.00
21:16:38.058 CLOCK integ raw=116.04 prev=116.04 new=116.14 d=+0.101 fr=132.38 dt=0.101 rate=1.00 paused=False backlog=41.99 edge=158.13 div=0.00
21:16:38.159 CLOCK integ raw=116.04 prev=116.14 new=116.24 d=+0.101 fr=132.38 dt=0.101 rate=1.00 paused=False backlog=41.99 edge=158.23 div=0.00
21:16:38.261 CLOCK fold raw=116.33 prev=116.24 new=116.33 d=+0.089 fr=132.38 dt=0.102 rate=1.00 paused=False backlog=42.00 edge=158.33 div=0.00
21:16:38.363 CLOCK integ raw=116.33 prev=116.33 new=116.43 d=+0.102 fr=132.38 dt=0.102 rate=1.00 paused=False backlog=42.00 edge=158.43 div=0.00
21:16:38.566 CLOCK fold raw=116.61 prev=116.43 new=116.61 d=+0.174 fr=132.38 dt=0.203 rate=1.00 paused=False backlog=42.03 edge=158.64 div=0.00
21:16:38.666 CLOCK integ raw=116.61 prev=116.61 new=116.71 d=+0.101 fr=132.38 dt=0.101 rate=1.00 paused=False backlog=42.03 edge=158.74 div=0.00
21:16:38.768 CLOCK integ raw=116.61 prev=116.71 new=116.81 d=+0.101 fr=132.38 dt=0.101 rate=1.00 paused=False backlog=42.03 edge=158.84 div=0.00
21:16:38.869 CLOCK fold raw=116.90 prev=116.81 new=116.90 d=+0.088 fr=132.38 dt=0.102 rate=1.00 paused=False backlog=40.89 edge=157.78 div=0.00
21:16:38.971 CLOCK integ raw=116.90 prev=116.90 new=117.00 d=+0.102 fr=132.38 dt=0.102 rate=1.00 paused=False backlog=40.89 edge=157.88 div=0.00
21:16:39.072 CLOCK integ raw=116.90 prev=117.00 new=117.10 d=+0.101 fr=132.38 dt=0.101 rate=1.00 paused=False backlog=40.89 edge=157.99 div=0.00
21:16:39.174 CLOCK fold raw=117.18 prev=117.10 new=117.18 d=+0.078 fr=132.38 dt=0.101 rate=1.00 paused=False backlog=40.91 edge=158.09 div=0.00
21:16:39.275 CLOCK integ raw=117.18 prev=117.18 new=117.28 d=+0.101 fr=132.38 dt=0.101 rate=1.00 paused=False backlog=40.91 edge=158.19 div=0.00
21:16:39.376 CLOCK fold raw=117.45 prev=117.28 new=117.45 d=+0.175 fr=132.38 dt=0.101 rate=1.00 paused=False backlog=40.84 edge=158.29 div=0.00
21:16:39.477 CLOCK integ raw=117.45 prev=117.45 new=117.55 d=+0.101 fr=132.38 dt=0.101 rate=1.00 paused=False backlog=40.84 edge=158.39 div=0.00
21:16:39.579 CLOCK integ raw=117.45 prev=117.55 new=117.66 d=+0.102 fr=132.38 dt=0.102 rate=1.00 paused=False backlog=40.84 edge=158.49 div=0.00
21:16:39.680 CLOCK fold raw=117.73 prev=117.66 new=117.73 d=+0.079 fr=132.38 dt=0.101 rate=1.00 paused=False backlog=40.86 edge=158.59 div=0.00
21:16:39.781 CLOCK integ raw=117.73 prev=117.73 new=117.84 d=+0.101 fr=132.38 dt=0.101 rate=1.00 paused=False backlog=40.86 edge=158.69 div=0.00
21:16:39.983 CLOCK fold raw=118.02 prev=117.84 new=118.02 d=+0.181 fr=132.38 dt=0.202 rate=1.00 paused=False backlog=40.88 edge=158.90 div=0.00
21:16:40.085 CLOCK integ raw=118.02 prev=118.02 new=118.12 d=+0.102 fr=132.38 dt=0.102 rate=1.00 paused=False backlog=40.88 edge=159.00 div=0.00
21:16:40.186 CLOCK integ raw=118.02 prev=118.12 new=118.22 d=+0.101 fr=132.38 dt=0.101 rate=1.00 paused=False backlog=40.88 edge=159.10 div=0.00
21:16:40.287 CLOCK fold raw=118.30 prev=118.22 new=118.30 d=+0.076 fr=132.38 dt=0.101 rate=1.00 paused=False backlog=40.90 edge=159.20 div=0.00
21:16:40.388 CLOCK integ raw=118.30 prev=118.30 new=118.40 d=+0.101 fr=132.38 dt=0.101 rate=1.00 paused=False backlog=40.90 edge=159.30 div=0.00
21:16:40.490 CLOCK fold raw=118.58 prev=118.40 new=118.58 d=+0.180 fr=132.38 dt=0.102 rate=1.00 paused=False backlog=40.83 edge=159.40 div=0.00
21:16:40.591 CLOCK integ raw=118.58 prev=118.58 new=118.68 d=+0.101 fr=132.38 dt=0.101 rate=1.00 paused=False backlog=40.83 edge=159.50 div=0.00
21:16:40.692 CLOCK integ raw=118.58 prev=118.68 new=118.78 d=+0.101 fr=132.38 dt=0.101 rate=1.00 paused=False backlog=40.83 edge=159.61 div=0.00
21:16:40.695 TICK fr=132.38 cc=118.78 raw=118.58 vid=118.58 playing=1 started=1 stall=0 | d_fr_cc=+13.60 d_fr_raw=+13.80 d_cc_raw=+0.20 | off=-0.12 ccx_end=154.15 since_show=0.0 since_cue=5.9 | pcr=156.523 pid=100 head_rel=156.52 ccx_lag=2.37 | credit=132.4 capped=0.0 | fsize=71310092 feed=71310092 feed_behind=0 | backlog=40.83 edge=159.61 div=0.00 lag_ewma=3.81
21:16:40.796 EDGESNAP err=-3.08 edge->156.52
21:16:40.796 CLOCK fold raw=118.86 prev=118.78 new=118.86 d=+0.080 fr=132.38 dt=0.104 rate=1.00 paused=False backlog=37.77 edge=156.63 div=0.00
21:16:40.898 CLOCK integ raw=118.86 prev=118.86 new=118.96 d=+0.102 fr=132.38 dt=0.102 rate=1.00 paused=False backlog=37.77 edge=156.73 div=0.00
21:16:40.999 CLOCK integ raw=118.86 prev=118.96 new=119.06 d=+0.101 fr=132.38 dt=0.101 rate=1.00 paused=False backlog=37.77 edge=156.83 div=0.00
21:16:41.101 CLOCK fold raw=119.14 prev=119.06 new=119.14 d=+0.074 fr=132.38 dt=0.102 rate=1.00 paused=False backlog=37.79 edge=156.93 div=0.00
21:16:41.303 CLOCK integ raw=119.14 prev=119.14 new=119.34 d=+0.203 fr=132.38 dt=0.203 rate=1.00 paused=False backlog=37.79 edge=157.13 div=0.00
21:16:41.404 CLOCK fold raw=119.43 prev=119.34 new=119.43 d=+0.088 fr=132.38 dt=0.101 rate=1.00 paused=False backlog=37.81 edge=157.23 div=0.00
21:16:41.506 CLOCK integ raw=119.43 prev=119.43 new=119.53 d=+0.101 fr=132.38 dt=0.101 rate=1.00 paused=False backlog=37.81 edge=157.34 div=0.00
21:16:41.608 CLOCK integ raw=119.43 prev=119.53 new=119.63 d=+0.102 fr=132.38 dt=0.102 rate=1.00 paused=False backlog=37.81 edge=157.44 div=0.00
21:16:41.709 CLOCK fold raw=119.72 prev=119.63 new=119.72 d=+0.086 fr=132.38 dt=0.101 rate=1.00 paused=False backlog=37.82 edge=157.54 div=0.00
21:16:41.810 CLOCK integ raw=119.72 prev=119.72 new=119.82 d=+0.101 fr=132.38 dt=0.101 rate=1.00 paused=False backlog=37.82 edge=157.64 div=0.00
21:16:41.912 CLOCK fold raw=120.00 prev=119.82 new=120.00 d=+0.184 fr=132.38 dt=0.101 rate=1.00 paused=False backlog=37.74 edge=157.74 div=0.00
21:16:42.013 CLOCK integ raw=120.00 prev=120.00 new=120.10 d=+0.101 fr=132.38 dt=0.101 rate=1.00 paused=False backlog=37.74 edge=157.84 div=0.00
21:16:42.114 CLOCK integ raw=120.00 prev=120.10 new=120.21 d=+0.101 fr=132.38 dt=0.101 rate=1.00 paused=False backlog=37.74 edge=157.94 div=0.00
21:16:42.215 CLOCK fold raw=120.28 prev=120.21 new=120.28 d=+0.075 fr=132.38 dt=0.101 rate=1.00 paused=False backlog=37.76 edge=158.05 div=0.00
21:16:42.316 CLOCK integ raw=120.28 prev=120.28 new=120.38 d=+0.101 fr=132.38 dt=0.101 rate=1.00 paused=False backlog=37.76 edge=158.15 div=0.00
21:16:42.417 CLOCK integ raw=120.28 prev=120.38 new=120.48 d=+0.101 fr=132.38 dt=0.101 rate=1.00 paused=False backlog=37.76 edge=158.25 div=0.00
21:16:42.518 CLOCK fold raw=120.57 prev=120.48 new=120.57 d=+0.083 fr=132.38 dt=0.101 rate=1.00 paused=False backlog=37.78 edge=158.35 div=0.00
21:16:42.619 CLOCK integ raw=120.57 prev=120.57 new=120.67 d=+0.101 fr=132.38 dt=0.101 rate=1.00 paused=False backlog=37.78 edge=158.45 div=0.00
21:16:42.822 CLOCK fold raw=120.85 prev=120.67 new=120.85 d=+0.182 fr=132.38 dt=0.203 rate=1.00 paused=False backlog=36.84 edge=157.69 div=0.00
21:16:42.923 CLOCK integ raw=120.85 prev=120.85 new=120.95 d=+0.101 fr=132.38 dt=0.101 rate=1.00 paused=False backlog=36.84 edge=157.79 div=0.00
21:16:43.025 CLOCK integ raw=120.85 prev=120.95 new=121.05 d=+0.101 fr=132.38 dt=0.101 rate=1.00 paused=False backlog=36.84 edge=157.89 div=0.00
21:16:43.127 CLOCK fold raw=121.13 prev=121.05 new=121.13 d=+0.077 fr=132.38 dt=0.102 rate=1.00 paused=False backlog=36.84 edge=157.97 div=0.00
21:16:43.228 CLOCK integ raw=121.13 prev=121.13 new=121.23 d=+0.101 fr=132.38 dt=0.101 rate=1.00 paused=False backlog=36.84 edge=158.07 div=0.00
21:16:43.329 CLOCK fold raw=121.41 prev=121.23 new=121.41 d=+0.182 fr=132.38 dt=0.101 rate=1.00 paused=False backlog=36.84 edge=158.25 div=0.00
21:16:43.430 CLOCK integ raw=121.41 prev=121.41 new=121.51 d=+0.101 fr=132.38 dt=0.101 rate=1.00 paused=False backlog=36.84 edge=158.35 div=0.00
21:16:43.530 CLOCK integ raw=121.41 prev=121.51 new=121.61 d=+0.101 fr=132.38 dt=0.101 rate=1.00 paused=False backlog=36.84 edge=158.45 div=0.00
21:16:43.632 CLOCK fold raw=121.69 prev=121.61 new=121.69 d=+0.076 fr=132.38 dt=0.102 rate=1.00 paused=False backlog=36.84 edge=158.53 div=0.00
21:16:43.734 CLOCK integ raw=121.69 prev=121.69 new=121.79 d=+0.101 fr=132.38 dt=0.101 rate=1.00 paused=False backlog=36.84 edge=158.63 div=0.00
21:16:43.835 CLOCK integ raw=121.69 prev=121.79 new=121.89 d=+0.101 fr=132.38 dt=0.101 rate=1.00 paused=False backlog=36.84 edge=158.73 div=0.00
21:16:43.936 CLOCK fold raw=121.97 prev=121.89 new=121.97 d=+0.078 fr=141.30 dt=0.101 rate=1.00 paused=False backlog=36.86 edge=158.83 div=0.00
21:16:44.138 CLOCK integ raw=121.97 prev=121.97 new=122.17 d=+0.203 fr=141.30 dt=0.203 rate=1.00 paused=False backlog=36.86 edge=159.04 div=0.00
21:16:44.240 CLOCK fold raw=122.25 prev=122.17 new=122.25 d=+0.077 fr=141.30 dt=0.101 rate=1.00 paused=False backlog=36.89 edge=159.14 div=0.00
21:16:44.340 CLOCK integ raw=122.25 prev=122.25 new=122.35 d=+0.101 fr=141.30 dt=0.101 rate=1.00 paused=False backlog=36.89 edge=159.24 div=0.00
21:16:44.442 CLOCK fold raw=122.53 prev=122.35 new=122.53 d=+0.180 fr=141.30 dt=0.101 rate=1.00 paused=False backlog=36.81 edge=159.34 div=0.00
21:16:44.543 CLOCK integ raw=122.53 prev=122.53 new=122.63 d=+0.101 fr=141.30 dt=0.101 rate=1.00 paused=False backlog=36.81 edge=159.44 div=0.00
21:16:44.644 CLOCK integ raw=122.53 prev=122.63 new=122.73 d=+0.101 fr=141.30 dt=0.101 rate=1.00 paused=False backlog=36.81 edge=159.54 div=0.00
21:16:44.745 CLOCK fold raw=122.81 prev=122.73 new=122.81 d=+0.079 fr=142.11 dt=0.101 rate=1.00 paused=False backlog=36.83 edge=159.64 div=0.00
21:16:44.864 CLOCK integ raw=122.81 prev=122.81 new=122.93 d=+0.119 fr=142.11 dt=0.119 rate=1.00 paused=False backlog=35.97 edge=158.90 div=0.00
21:16:44.965 CLOCK integ raw=122.81 prev=122.93 new=123.03 d=+0.101 fr=142.11 dt=0.101 rate=1.00 paused=False backlog=35.97 edge=159.00 div=0.00
21:16:45.086 EDGESNAP err=+2.51 edge->161.51
21:16:45.087 CUE cx=[154.16..157.36] adv=3.20 el=10.26 fresh | off=-0.12 fr=142.11 cc=123.03 raw=123.10 lead=+34.20 | pcr=161.515 head_rel=161.51 lag_ewma=6.32 | q=at your service. Hey, Gino, it / feels good to get personal.
21:16:45.087 CUE cx=[157.36..158.36] adv=1.00 el=0.02 fresh | off=-0.12 fr=142.11 cc=123.03 raw=123.10 lead=+35.20 | pcr=161.515 head_rel=161.51 lag_ewma=6.32 | q=feels good to get personal. It / feels good to Geico. Sophie
21:16:45.087 ANCHOR pend_end=158.36 L=5.22 pinL=3.16 target=0.00 off=-0.12
21:16:45.088 CLOCK fold raw=123.10 prev=123.03 new=123.10 d=+0.068 fr=142.11 dt=0.123 rate=1.00 paused=False backlog=38.54 edge=161.64 div=0.00
21:16:45.189 CLOCK integ raw=123.10 prev=123.10 new=123.20 d=+0.101 fr=142.56 dt=0.101 rate=1.00 paused=False backlog=38.54 edge=161.74 div=0.00
21:16:45.291 CUE cx=[158.36..160.22] adv=1.87 el=0.20 fresh | off=-0.06 fr=142.56 cc=123.20 raw=123.38 lead=+36.96 | pcr=161.515 head_rel=161.51 lag_ewma=5.22 | q=feels good to Geico. Sophie is / helping me get my money rig
21:16:45.291 ANCHOR pend_end=160.22 L=3.84 pinL=1.29 target=0.11 off=-0.06
21:16:45.291 CLOCK fold raw=123.38 prev=123.20 new=123.38 d=+0.174 fr=142.56 dt=0.102 rate=1.00 paused=False backlog=38.35 edge=161.73 div=0.00
21:16:45.393 CLOCK integ raw=123.38 prev=123.38 new=123.48 d=+0.102 fr=142.56 dt=0.102 rate=1.00 paused=False backlog=38.35 edge=161.83 div=0.00
21:16:45.494 CLOCK integ raw=123.38 prev=123.48 new=123.58 d=+0.101 fr=142.56 dt=0.101 rate=1.00 paused=False backlog=38.35 edge=161.93 div=0.00
21:16:45.517 EDGESNAP err=+4.24 edge->166.18
21:16:45.517 CUE cx=[160.23..161.63] adv=1.40 el=0.21 fresh | off=0.03 fr=142.86 cc=123.58 raw=123.38 lead=+38.07 | pcr=166.177 head_rel=166.18 lag_ewma=8.09 | q=helping me get my money right / to achieve my ambitions. Lik
21:16:45.517 CUE cx=[161.63..163.06] adv=1.44 el=0.02 fresh | off=0.03 fr=142.86 cc=123.58 raw=123.38 lead=+39.51 | pcr=166.177 head_rel=166.18 lag_ewma=8.09 | q=to achieve my ambitions. Like / earning more money on my mon
21:16:45.619 ANCHOR pend_end=163.06 L=6.35 pinL=3.11 target=0.00 off=0.03
21:16:45.620 CLOCK fold raw=123.66 prev=123.58 new=123.66 d=+0.078 fr=142.86 dt=0.126 rate=1.00 paused=False backlog=42.64 edge=166.30 div=0.00
21:16:45.742 TICK fr=142.86 cc=123.66 raw=123.66 vid=123.38 playing=1 started=1 stall=0 | d_fr_cc=+19.20 d_fr_raw=+19.20 d_cc_raw=+0.00 | off=0.01 ccx_end=163.06 since_show=0.1 since_cue=0.2 | pcr=167.933 pid=100 head_rel=167.93 ccx_lag=4.87 | credit=142.9 capped=0.0 | fsize=75970988 feed=75703276 feed_behind=267712 | backlog=42.64 edge=166.30 div=0.00 lag_ewma=6.35
21:16:45.743 CLOCK integ raw=123.66 prev=123.66 new=123.78 d=+0.123 fr=142.86 dt=0.123 rate=1.00 paused=False backlog=42.64 edge=166.43 div=0.00
21:16:45.862 CUE cx=[163.06..166.60] adv=3.54 el=0.33 fresh | off=0.01 fr=142.86 cc=123.78 raw=123.94 lead=+42.83 | pcr=168.354 head_rel=168.35 lag_ewma=6.35 | q=earning more money on my money / as a head chef. Ready for /
21:16:45.862 ANCHOR pend_end=166.60 L=4.74 pinL=1.76 target=-0.96 off=0.01
21:16:45.862 CLOCK fold raw=123.94 prev=123.78 new=123.94 d=+0.156 fr=142.86 dt=0.119 rate=1.00 paused=False backlog=43.57 edge=167.51 div=0.00
21:16:45.964 CLOCK integ raw=123.94 prev=123.94 new=124.04 d=+0.102 fr=143.33 dt=0.102 rate=1.00 paused=False backlog=43.57 edge=167.61 div=0.00
21:16:46.065 CLOCK integ raw=123.94 prev=124.04 new=124.14 d=+0.101 fr=143.33 dt=0.101 rate=1.00 paused=False backlog=43.57 edge=167.71 div=0.00
21:16:46.167 CLOCK fold raw=124.22 prev=124.14 new=124.22 d=+0.078 fr=143.33 dt=0.101 rate=1.00 paused=False backlog=43.60 edge=167.81 div=0.00
21:16:46.267 CLOCK integ raw=124.22 prev=124.22 new=124.32 d=+0.101 fr=143.33 dt=0.101 rate=1.00 paused=False backlog=43.60 edge=167.91 div=0.00
21:16:46.369 CLOCK integ raw=124.22 prev=124.32 new=124.42 d=+0.101 fr=143.33 dt=0.101 rate=1.00 paused=False backlog=43.60 edge=168.02 div=0.00
21:16:46.471 CLOCK fold raw=124.50 prev=124.42 new=124.50 d=+0.080 fr=143.33 dt=0.102 rate=1.00 paused=False backlog=43.62 edge=168.12 div=0.00
21:16:46.572 CLOCK integ raw=124.50 prev=124.50 new=124.60 d=+0.101 fr=143.33 dt=0.101 rate=1.00 paused=False backlog=43.62 edge=168.22 div=0.00
21:16:46.673 CLOCK integ raw=124.50 prev=124.60 new=124.70 d=+0.101 fr=143.33 dt=0.101 rate=1.00 paused=False backlog=43.62 edge=168.32 div=0.00
21:16:46.776 CLOCK fold raw=124.78 prev=124.70 new=124.78 d=+0.077 fr=143.33 dt=0.102 rate=1.00 paused=False backlog=43.66 edge=168.44 div=0.00
21:16:46.977 CLOCK fold raw=125.06 prev=124.78 new=125.06 d=+0.282 fr=143.33 dt=0.202 rate=1.00 paused=False backlog=43.58 edge=168.64 div=0.00
21:16:47.078 CLOCK integ raw=125.06 prev=125.06 new=125.16 d=+0.101 fr=143.33 dt=0.101 rate=1.00 paused=False backlog=43.58 edge=168.74 div=0.00
21:16:47.180 CLOCK integ raw=125.06 prev=125.16 new=125.26 d=+0.101 fr=143.33 dt=0.101 rate=1.00 paused=False backlog=43.58 edge=168.84 div=0.00
21:16:47.281 CLOCK fold raw=125.35 prev=125.26 new=125.35 d=+0.082 fr=143.33 dt=0.102 rate=1.00 paused=False backlog=43.60 edge=168.94 div=0.00
21:16:47.382 CLOCK integ raw=125.35 prev=125.35 new=125.45 d=+0.101 fr=143.33 dt=0.101 rate=1.00 paused=False backlog=43.60 edge=169.05 div=0.00
21:16:47.484 CLOCK integ raw=125.35 prev=125.45 new=125.55 d=+0.101 fr=143.33 dt=0.101 rate=1.00 paused=False backlog=43.60 edge=169.15 div=0.00
21:16:47.585 CLOCK fold raw=125.62 prev=125.55 new=125.62 d=+0.076 fr=143.33 dt=0.101 rate=1.00 paused=False backlog=43.62 edge=169.25 div=0.00
21:16:47.686 CLOCK integ raw=125.62 prev=125.62 new=125.73 d=+0.101 fr=143.33 dt=0.101 rate=1.00 paused=False backlog=43.62 edge=169.35 div=0.00
21:16:47.789 CLOCK integ raw=125.62 prev=125.73 new=125.83 d=+0.102 fr=143.33 dt=0.102 rate=1.00 paused=False backlog=43.62 edge=169.45 div=0.00
21:16:47.890 CLOCK fold raw=125.90 prev=125.83 new=125.90 d=+0.076 fr=143.33 dt=0.101 rate=1.00 paused=False backlog=43.65 edge=169.55 div=0.00
21:16:47.991 CLOCK integ raw=125.90 prev=125.90 new=126.01 d=+0.101 fr=143.33 dt=0.101 rate=1.00 paused=False backlog=43.65 edge=169.65 div=0.00
21:16:48.092 CLOCK fold raw=126.19 prev=126.01 new=126.19 d=+0.180 fr=143.33 dt=0.102 rate=1.00 paused=False backlog=43.57 edge=169.76 div=0.00
21:16:48.294 CLOCK integ raw=126.19 prev=126.19 new=126.39 d=+0.201 fr=143.33 dt=0.201 rate=1.00 paused=False backlog=43.57 edge=169.96 div=0.00
21:16:48.395 CLOCK fold raw=126.47 prev=126.39 new=126.47 d=+0.079 fr=143.33 dt=0.102 rate=1.00 paused=False backlog=43.59 edge=170.06 div=0.00
21:16:48.497 CLOCK integ raw=126.47 prev=126.47 new=126.57 d=+0.102 fr=143.33 dt=0.102 rate=1.00 paused=False backlog=43.59 edge=170.16 div=0.00
21:16:48.598 CLOCK integ raw=126.47 prev=126.57 new=126.67 d=+0.101 fr=143.33 dt=0.101 rate=1.00 paused=False backlog=43.59 edge=170.26 div=0.00
21:16:48.699 CLOCK fold raw=126.75 prev=126.67 new=126.75 d=+0.077 fr=143.33 dt=0.101 rate=1.00 paused=False backlog=43.62 edge=170.36 div=0.00
21:16:48.802 CLOCK integ raw=126.75 prev=126.75 new=126.85 d=+0.103 fr=143.33 dt=0.103 rate=1.00 paused=False backlog=42.61 edge=169.46 div=0.00
21:16:48.903 CLOCK integ raw=126.75 prev=126.85 new=126.95 d=+0.101 fr=143.33 dt=0.101 rate=1.00 paused=False backlog=42.61 edge=169.56 div=0.00
21:16:49.005 CLOCK fold raw=127.03 prev=126.95 new=127.03 d=+0.080 fr=143.33 dt=0.101 rate=1.00 paused=False backlog=42.63 edge=169.66 div=0.00
21:16:49.105 CLOCK integ raw=127.03 prev=127.03 new=127.13 d=+0.102 fr=143.33 dt=0.102 rate=1.00 paused=False backlog=42.63 edge=169.76 div=0.00
21:16:49.207 CLOCK integ raw=127.03 prev=127.13 new=127.23 d=+0.101 fr=143.33 dt=0.101 rate=1.00 paused=False backlog=42.63 edge=169.87 div=0.00
21:16:49.308 CLOCK fold raw=127.31 prev=127.23 new=127.31 d=+0.079 fr=143.33 dt=0.101 rate=1.00 paused=False backlog=42.66 edge=169.97 div=0.00
21:16:49.409 CLOCK integ raw=127.31 prev=127.31 new=127.41 d=+0.101 fr=143.33 dt=0.101 rate=1.00 paused=False backlog=42.66 edge=170.07 div=0.00
21:16:49.510 CLOCK fold raw=127.59 prev=127.41 new=127.59 d=+0.178 fr=143.33 dt=0.101 rate=1.00 paused=False backlog=42.58 edge=170.17 div=0.00
21:16:49.713 CLOCK integ raw=127.59 prev=127.59 new=127.79 d=+0.203 fr=143.33 dt=0.203 rate=1.00 paused=False backlog=42.58 edge=170.37 div=0.00
21:16:49.814 CLOCK fold raw=127.87 prev=127.79 new=127.87 d=+0.078 fr=143.33 dt=0.101 rate=1.00 paused=False backlog=42.60 edge=170.47 div=0.00
21:16:49.916 CLOCK integ raw=127.87 prev=127.87 new=127.97 d=+0.102 fr=143.33 dt=0.102 rate=1.00 paused=False backlog=42.60 edge=170.58 div=0.00
21:16:50.017 CLOCK integ raw=127.87 prev=127.97 new=128.07 d=+0.101 fr=143.33 dt=0.101 rate=1.00 paused=False backlog=42.60 edge=170.68 div=0.00
21:16:50.045 CUE cx=[166.60..168.50] adv=1.90 el=4.17 fresh | off=-0.48 fr=147.38 cc=128.07 raw=127.87 lead=+39.95 | pcr=171.729 head_rel=171.73 lag_ewma=4.74 | q=as a head chef. Ready for / service. Banquet. Sophie to / ea
21:16:50.146 ANCHOR pend_end=168.50 L=4.21 pinL=3.23 target=-0.53 off=-0.48
21:16:50.146 CLOCK fold raw=128.15 prev=128.07 new=128.15 d=+0.077 fr=147.38 dt=0.129 rate=1.00 paused=False backlog=43.18 edge=171.33 div=0.00
21:16:50.248 CLOCK integ raw=128.15 prev=128.15 new=128.25 d=+0.102 fr=147.38 dt=0.102 rate=1.00 paused=False backlog=43.18 edge=171.43 div=0.00
21:16:50.349 CLOCK fold raw=128.43 prev=128.25 new=128.43 d=+0.181 fr=147.38 dt=0.101 rate=1.00 paused=False backlog=43.10 edge=171.53 div=0.00
21:16:50.452 CLOCK integ raw=128.43 prev=128.43 new=128.53 d=+0.102 fr=147.82 dt=0.102 rate=1.00 paused=False backlog=43.10 edge=171.64 div=0.00
21:16:50.554 CUE cx=[168.50..171.47] adv=2.97 el=0.53 fresh | off=-0.50 fr=147.82 cc=128.53 raw=128.43 lead=+42.43 | pcr=172.363 head_rel=172.36 lag_ewma=4.21 | q=service. Banquet. Sophie to / earn a higher APY and an epic 
21:16:50.555 ANCHOR pend_end=171.47 L=3.05 pinL=0.89 target=-0.36 off=-0.50
21:16:50.555 CLOCK integ raw=128.43 prev=128.53 new=128.64 d=+0.104 fr=147.82 dt=0.104 rate=1.00 paused=False backlog=43.46 edge=172.10 div=0.00
21:16:50.656 CLOCK fold raw=128.71 prev=128.64 new=128.71 d=+0.074 fr=147.82 dt=0.101 rate=1.00 paused=False backlog=43.49 edge=172.20 div=0.00
21:16:50.758 TICK fr=147.82 cc=128.71 raw=128.71 vid=128.43 playing=1 started=1 stall=0 | d_fr_cc=+19.10 d_fr_raw=+19.10 d_cc_raw=+0.00 | off=-0.43 ccx_end=171.47 since_show=0.1 since_cue=0.2 | pcr=172.363 pid=100 head_rel=172.36 ccx_lag=0.89 | credit=147.8 capped=0.0 | fsize=78092944 feed=78092944 feed_behind=0 | backlog=43.49 edge=172.20 div=0.00 lag_ewma=3.05
21:16:50.758 CLOCK integ raw=128.71 prev=128.71 new=128.82 d=+0.102 fr=147.82 dt=0.102 rate=1.00 paused=False backlog=43.49 edge=172.31 div=0.00
21:16:50.860 CLOCK integ raw=128.71 prev=128.82 new=128.92 d=+0.102 fr=147.82 dt=0.102 rate=1.00 paused=False backlog=43.52 edge=172.44 div=0.00
21:16:50.961 CLOCK fold raw=129.00 prev=128.92 new=129.00 d=+0.079 fr=147.82 dt=0.101 rate=1.00 paused=False backlog=43.54 edge=172.54 div=0.00
21:16:51.062 CLOCK integ raw=129.00 prev=129.00 new=129.10 d=+0.101 fr=147.82 dt=0.101 rate=1.00 paused=False backlog=43.54 edge=172.64 div=0.00
21:16:51.164 CLOCK integ raw=129.00 prev=129.10 new=129.20 d=+0.101 fr=147.82 dt=0.101 rate=1.00 paused=False backlog=43.54 edge=172.74 div=0.00
21:16:51.365 CLOCK fold raw=129.28 prev=129.20 new=129.28 d=+0.078 fr=147.82 dt=0.202 rate=1.00 paused=False backlog=43.67 edge=172.94 div=0.00
21:16:51.466 CLOCK fold raw=129.56 prev=129.28 new=129.56 d=+0.282 fr=147.82 dt=0.101 rate=1.00 paused=False backlog=43.48 edge=173.04 div=0.00
21:16:51.568 CLOCK integ raw=129.56 prev=129.56 new=129.66 d=+0.102 fr=147.82 dt=0.102 rate=1.00 paused=False backlog=43.48 edge=173.14 div=0.00
21:16:51.669 CLOCK integ raw=129.56 prev=129.66 new=129.76 d=+0.101 fr=147.82 dt=0.101 rate=1.00 paused=False backlog=43.48 edge=173.25 div=0.00
21:16:51.771 CLOCK fold raw=129.84 prev=129.76 new=129.84 d=+0.078 fr=147.82 dt=0.102 rate=1.00 paused=False backlog=43.51 edge=173.35 div=0.00
21:16:51.873 CLOCK integ raw=129.84 prev=129.84 new=129.94 d=+0.102 fr=147.82 dt=0.102 rate=1.00 paused=False backlog=43.51 edge=173.45 div=0.00
21:16:51.974 CLOCK integ raw=129.84 prev=129.94 new=130.04 d=+0.101 fr=147.82 dt=0.101 rate=1.00 paused=False backlog=43.51 edge=173.55 div=0.00
21:16:52.075 CLOCK fold raw=130.12 prev=130.04 new=130.12 d=+0.080 fr=147.82 dt=0.101 rate=1.00 paused=False backlog=43.53 edge=173.65 div=0.00
21:16:52.177 CLOCK integ raw=130.12 prev=130.12 new=130.22 d=+0.102 fr=147.82 dt=0.102 rate=1.00 paused=False backlog=43.53 edge=173.75 div=0.00
21:16:52.278 CLOCK integ raw=130.12 prev=130.22 new=130.33 d=+0.101 fr=147.82 dt=0.101 rate=1.00 paused=False backlog=43.53 edge=173.85 div=0.00
21:16:52.380 CLOCK fold raw=130.40 prev=130.33 new=130.40 d=+0.079 fr=147.82 dt=0.102 rate=1.00 paused=False backlog=43.55 edge=173.96 div=0.00
21:16:52.482 CLOCK integ raw=130.40 prev=130.40 new=130.51 d=+0.101 fr=147.82 dt=0.101 rate=1.00 paused=False backlog=43.55 edge=174.06 div=0.00
21:16:52.583 CLOCK integ raw=130.40 prev=130.51 new=130.61 d=+0.101 fr=147.82 dt=0.101 rate=1.00 paused=False backlog=43.55 edge=174.16 div=0.00
21:16:52.684 CLOCK fold raw=130.69 prev=130.61 new=130.69 d=+0.081 fr=147.82 dt=0.101 rate=1.00 paused=False backlog=43.57 edge=174.26 div=0.00
21:16:52.886 CLOCK fold raw=130.97 prev=130.69 new=130.97 d=+0.280 fr=147.82 dt=0.203 rate=1.00 paused=False backlog=42.55 edge=173.51 div=0.00
21:16:52.988 CLOCK integ raw=130.97 prev=130.97 new=131.07 d=+0.102 fr=147.82 dt=0.102 rate=1.00 paused=False backlog=42.55 edge=173.62 div=0.00
21:16:53.090 CLOCK integ raw=130.97 prev=131.07 new=131.17 d=+0.102 fr=147.82 dt=0.102 rate=1.00 paused=False backlog=42.55 edge=173.72 div=0.00
21:16:53.191 CLOCK fold raw=131.25 prev=131.17 new=131.25 d=+0.076 fr=147.82 dt=0.101 rate=1.00 paused=False backlog=42.57 edge=173.82 div=0.00
21:16:53.292 CLOCK integ raw=131.25 prev=131.25 new=131.35 d=+0.101 fr=147.82 dt=0.101 rate=1.00 paused=False backlog=42.57 edge=173.92 div=0.00
21:16:53.393 CLOCK integ raw=131.25 prev=131.35 new=131.45 d=+0.101 fr=147.82 dt=0.101 rate=1.00 paused=False backlog=42.57 edge=174.02 div=0.00
21:16:53.494 CLOCK fold raw=131.53 prev=131.45 new=131.53 d=+0.077 fr=147.82 dt=0.101 rate=1.00 paused=False backlog=42.60 edge=174.12 div=0.00
21:16:53.596 CLOCK integ raw=131.53 prev=131.53 new=131.63 d=+0.102 fr=147.82 dt=0.102 rate=1.00 paused=False backlog=42.60 edge=174.22 div=0.00
21:16:53.697 CLOCK integ raw=131.53 prev=131.63 new=131.73 d=+0.101 fr=147.82 dt=0.101 rate=1.00 paused=False backlog=42.60 edge=174.32 div=0.00
21:16:53.798 CLOCK fold raw=131.81 prev=131.73 new=131.81 d=+0.077 fr=147.82 dt=0.102 rate=1.00 paused=False backlog=42.62 edge=174.43 div=0.00
21:16:53.899 CLOCK integ raw=131.81 prev=131.81 new=131.91 d=+0.101 fr=147.82 dt=0.101 rate=1.00 paused=False backlog=42.62 edge=174.53 div=0.00
21:16:54.001 CLOCK fold raw=132.09 prev=131.91 new=132.09 d=+0.181 fr=147.82 dt=0.101 rate=1.00 paused=False backlog=42.54 edge=174.63 div=0.00
21:16:54.203 CLOCK integ raw=132.09 prev=132.09 new=132.29 d=+0.202 fr=147.82 dt=0.202 rate=1.00 paused=False backlog=42.54 edge=174.83 div=0.00
21:16:54.305 CLOCK fold raw=132.37 prev=132.29 new=132.37 d=+0.079 fr=147.82 dt=0.101 rate=1.00 paused=False backlog=42.56 edge=174.93 div=0.00
21:16:54.406 CLOCK integ raw=132.37 prev=132.37 new=132.47 d=+0.102 fr=147.82 dt=0.102 rate=1.00 paused=False backlog=42.56 edge=175.03 div=0.00
21:16:54.509 CLOCK integ raw=132.37 prev=132.47 new=132.57 d=+0.103 fr=147.82 dt=0.103 rate=1.00 paused=False backlog=42.56 edge=175.14 div=0.00
21:16:54.611 CLOCK fold raw=132.65 prev=132.57 new=132.65 d=+0.076 fr=147.82 dt=0.102 rate=1.00 paused=False backlog=42.59 edge=175.24 div=0.00
21:16:54.713 CLOCK integ raw=132.65 prev=132.65 new=132.75 d=+0.102 fr=147.82 dt=0.102 rate=1.00 paused=False backlog=42.59 edge=175.34 div=0.00
21:16:54.832 CLOCK fold raw=132.93 prev=132.75 new=132.93 d=+0.180 fr=147.82 dt=0.120 rate=1.00 paused=False backlog=41.53 edge=174.46 div=0.00
21:16:54.934 CLOCK integ raw=132.93 prev=132.93 new=133.03 d=+0.102 fr=152.30 dt=0.102 rate=1.00 paused=False backlog=41.53 edge=174.57 div=0.00
21:16:55.036 CLOCK integ raw=132.93 prev=133.03 new=133.13 d=+0.102 fr=152.30 dt=0.102 rate=1.00 paused=False backlog=41.53 edge=174.67 div=0.00
21:16:55.137 CLOCK fold raw=133.21 prev=133.13 new=133.21 d=+0.077 fr=152.30 dt=0.101 rate=1.00 paused=False backlog=41.56 edge=174.77 div=0.00
21:16:55.238 CLOCK integ raw=133.21 prev=133.21 new=133.31 d=+0.101 fr=152.30 dt=0.101 rate=1.00 paused=False backlog=41.56 edge=174.87 div=0.00
21:16:55.341 CLOCK integ raw=133.21 prev=133.31 new=133.42 d=+0.102 fr=152.71 dt=0.102 rate=1.00 paused=False backlog=41.56 edge=174.97 div=0.00
21:16:55.441 CLOCK fold raw=133.49 prev=133.42 new=133.49 d=+0.079 fr=152.71 dt=0.101 rate=1.00 paused=False backlog=41.58 edge=175.07 div=0.00
21:16:55.543 CLOCK integ raw=133.49 prev=133.49 new=133.60 d=+0.101 fr=152.71 dt=0.101 rate=1.00 paused=False backlog=41.58 edge=175.17 div=0.00
21:16:55.644 CLOCK integ raw=133.49 prev=133.60 new=133.70 d=+0.102 fr=152.71 dt=0.102 rate=1.00 paused=False backlog=41.58 edge=175.28 div=0.00
21:16:55.747 TICK fr=152.71 cc=133.70 raw=133.78 vid=133.78 playing=1 started=1 stall=0 | d_fr_cc=+19.01 d_fr_raw=+18.93 d_cc_raw=-0.08 | off=-0.43 ccx_end=171.47 since_show=0.1 since_cue=5.2 | pcr=178.973 pid=100 head_rel=178.97 ccx_lag=7.50 | credit=152.7 capped=0.0 | fsize=81062028 feed=81062028 feed_behind=0 | backlog=41.58 edge=175.28 div=0.00 lag_ewma=3.05
21:16:55.747 CLOCK fold raw=133.78 prev=133.70 new=133.78 d=+0.082 fr=152.71 dt=0.103 rate=1.00 paused=False backlog=41.60 edge=175.38 div=0.00
21:16:55.949 CLOCK integ raw=133.78 prev=133.78 new=133.98 d=+0.202 fr=152.71 dt=0.202 rate=1.00 paused=False backlog=41.60 edge=175.58 div=0.00
21:16:56.050 CLOCK fold raw=134.06 prev=133.98 new=134.06 d=+0.078 fr=152.71 dt=0.101 rate=1.00 paused=False backlog=41.62 edge=175.68 div=0.00
21:16:56.151 CLOCK integ raw=134.06 prev=134.06 new=134.16 d=+0.101 fr=152.71 dt=0.101 rate=1.00 paused=False backlog=41.62 edge=175.78 div=0.00
21:16:56.253 CLOCK fold raw=134.34 prev=134.16 new=134.34 d=+0.180 fr=152.71 dt=0.102 rate=1.00 paused=False backlog=41.54 edge=175.88 div=0.00
21:16:56.354 CLOCK integ raw=134.34 prev=134.34 new=134.44 d=+0.101 fr=152.71 dt=0.101 rate=1.00 paused=False backlog=41.54 edge=175.98 div=0.00
21:16:56.455 CLOCK integ raw=134.34 prev=134.44 new=134.54 d=+0.101 fr=152.71 dt=0.101 rate=1.00 paused=False backlog=41.54 edge=176.09 div=0.00
21:16:56.557 CLOCK fold raw=134.62 prev=134.54 new=134.62 d=+0.080 fr=152.71 dt=0.102 rate=1.00 paused=False backlog=41.57 edge=176.19 div=0.00
21:16:56.659 CLOCK integ raw=134.62 prev=134.62 new=134.72 d=+0.102 fr=152.71 dt=0.102 rate=1.00 paused=False backlog=41.57 edge=176.29 div=0.00
21:16:56.760 CLOCK integ raw=134.62 prev=134.72 new=134.83 d=+0.101 fr=152.71 dt=0.101 rate=1.00 paused=False backlog=41.57 edge=176.39 div=0.00
21:16:56.762 EDGESNAP err=+2.58 edge->178.97
21:16:56.863 CLOCK fold raw=134.90 prev=134.83 new=134.90 d=+0.077 fr=152.71 dt=0.103 rate=1.00 paused=False backlog=44.17 edge=179.08 div=0.00
21:16:56.964 CLOCK integ raw=134.90 prev=134.90 new=135.00 d=+0.101 fr=152.71 dt=0.101 rate=1.00 paused=False backlog=44.17 edge=179.18 div=0.00
21:16:57.066 CLOCK integ raw=134.90 prev=135.00 new=135.10 d=+0.102 fr=152.71 dt=0.102 rate=1.00 paused=False backlog=44.17 edge=179.28 div=0.00
21:16:57.268 CLOCK fold raw=135.19 prev=135.10 new=135.19 d=+0.081 fr=152.71 dt=0.202 rate=1.00 paused=False backlog=44.29 edge=179.48 div=0.00
21:16:57.370 CLOCK fold raw=135.47 prev=135.19 new=135.47 d=+0.280 fr=152.71 dt=0.102 rate=1.00 paused=False backlog=44.12 edge=179.58 div=0.00
21:16:57.470 CLOCK integ raw=135.47 prev=135.47 new=135.57 d=+0.101 fr=152.71 dt=0.101 rate=1.00 paused=False backlog=44.12 edge=179.68 div=0.00
21:16:57.572 CLOCK integ raw=135.47 prev=135.57 new=135.67 d=+0.102 fr=152.71 dt=0.102 rate=1.00 paused=False backlog=44.12 edge=179.78 div=0.00
21:16:57.673 CLOCK fold raw=135.75 prev=135.67 new=135.75 d=+0.081 fr=152.71 dt=0.101 rate=1.00 paused=False backlog=44.14 edge=179.89 div=0.00
21:16:57.775 CLOCK integ raw=135.75 prev=135.75 new=135.85 d=+0.102 fr=152.71 dt=0.102 rate=1.00 paused=False backlog=44.14 edge=179.99 div=0.00
21:16:57.876 CLOCK integ raw=135.75 prev=135.85 new=135.95 d=+0.101 fr=152.71 dt=0.101 rate=1.00 paused=False backlog=44.14 edge=180.09 div=0.00
21:16:57.977 CLOCK fold raw=136.03 prev=135.95 new=136.03 d=+0.077 fr=152.71 dt=0.101 rate=1.00 paused=False backlog=44.16 edge=180.19 div=0.00
21:16:58.079 CLOCK integ raw=136.03 prev=136.03 new=136.13 d=+0.102 fr=152.71 dt=0.102 rate=1.00 paused=False backlog=44.16 edge=180.29 div=0.00
21:16:58.181 CLOCK integ raw=136.03 prev=136.13 new=136.23 d=+0.102 fr=152.71 dt=0.102 rate=1.00 paused=False backlog=44.16 edge=180.39 div=0.00
21:16:58.282 CLOCK fold raw=136.31 prev=136.23 new=136.31 d=+0.077 fr=152.71 dt=0.101 rate=1.00 paused=False backlog=44.18 edge=180.49 div=0.00
21:16:58.384 CLOCK integ raw=136.31 prev=136.31 new=136.41 d=+0.102 fr=152.71 dt=0.102 rate=1.00 paused=False backlog=44.18 edge=180.60 div=0.00
21:16:58.486 CLOCK integ raw=136.31 prev=136.41 new=136.51 d=+0.102 fr=152.71 dt=0.102 rate=1.00 paused=False backlog=44.18 edge=180.70 div=0.00
21:16:58.688 CLOCK fold raw=136.59 prev=136.51 new=136.59 d=+0.076 fr=152.71 dt=0.203 rate=1.00 paused=False backlog=44.31 edge=180.90 div=0.00
21:16:58.790 CLOCK fold raw=136.87 prev=136.59 new=136.87 d=+0.282 fr=152.71 dt=0.102 rate=1.00 paused=False backlog=44.13 edge=181.00 div=0.00
21:16:58.892 CLOCK integ raw=136.87 prev=136.87 new=136.97 d=+0.102 fr=152.71 dt=0.102 rate=1.00 paused=False backlog=43.12 edge=180.09 div=0.00
21:16:58.993 CLOCK integ raw=136.87 prev=136.97 new=137.08 d=+0.101 fr=152.71 dt=0.101 rate=1.00 paused=False backlog=43.12 edge=180.19 div=0.00
21:16:59.095 CLOCK fold raw=137.15 prev=137.08 new=137.15 d=+0.075 fr=152.71 dt=0.101 rate=1.00 paused=False backlog=43.14 edge=180.29 div=0.00
21:16:59.196 CLOCK integ raw=137.15 prev=137.15 new=137.25 d=+0.101 fr=152.71 dt=0.101 rate=1.00 paused=False backlog=43.14 edge=180.39 div=0.00
21:16:59.297 CLOCK integ raw=137.15 prev=137.25 new=137.35 d=+0.101 fr=152.71 dt=0.101 rate=1.00 paused=False backlog=43.14 edge=180.49 div=0.00
21:16:59.398 CLOCK fold raw=137.43 prev=137.35 new=137.43 d=+0.080 fr=152.71 dt=0.101 rate=1.00 paused=False backlog=43.16 edge=180.60 div=0.00
21:16:59.500 CLOCK integ raw=137.43 prev=137.43 new=137.53 d=+0.102 fr=152.71 dt=0.102 rate=1.00 paused=False backlog=43.16 edge=180.70 div=0.00
21:16:59.601 CLOCK integ raw=137.43 prev=137.53 new=137.64 d=+0.101 fr=152.71 dt=0.101 rate=1.00 paused=False backlog=43.16 edge=180.80 div=0.00
21:16:59.702 CLOCK fold raw=137.71 prev=137.64 new=137.71 d=+0.077 fr=152.71 dt=0.101 rate=1.00 paused=False backlog=43.19 edge=180.90 div=0.00
21:16:59.805 CLOCK integ raw=137.71 prev=137.71 new=137.82 d=+0.102 fr=152.71 dt=0.102 rate=1.00 paused=False backlog=43.19 edge=181.00 div=0.00
21:16:59.906 CLOCK fold raw=137.99 prev=137.82 new=137.99 d=+0.179 fr=152.71 dt=0.102 rate=1.00 paused=False backlog=43.11 edge=181.10 div=0.00
21:17:00.007 CLOCK integ raw=137.99 prev=137.99 new=138.09 d=+0.101 fr=152.71 dt=0.101 rate=1.00 paused=False backlog=43.11 edge=181.20 div=0.00
21:17:00.209 CLOCK fold raw=138.28 prev=138.09 new=138.28 d=+0.180 fr=152.71 dt=0.202 rate=1.00 paused=False backlog=43.13 edge=181.41 div=0.00
21:17:00.311 CLOCK integ raw=138.28 prev=138.28 new=138.38 d=+0.102 fr=152.71 dt=0.102 rate=1.00 paused=False backlog=43.13 edge=181.51 div=0.00
21:17:00.413 CLOCK integ raw=138.28 prev=138.38 new=138.48 d=+0.102 fr=152.71 dt=0.102 rate=1.00 paused=False backlog=43.13 edge=181.61 div=0.00
21:17:00.514 CLOCK fold raw=138.56 prev=138.48 new=138.56 d=+0.081 fr=152.71 dt=0.101 rate=1.00 paused=False backlog=43.15 edge=181.71 div=0.00
21:17:00.616 CLOCK integ raw=138.56 prev=138.56 new=138.66 d=+0.102 fr=152.71 dt=0.102 rate=1.00 paused=False backlog=43.15 edge=181.81 div=0.00
21:17:00.719 TICK fr=152.71 cc=138.66 raw=138.56 vid=138.56 playing=1 started=1 stall=0 | d_fr_cc=+14.04 d_fr_raw=+14.15 d_cc_raw=+0.10 | off=-0.43 ccx_end=171.47 since_show=0.1 since_cue=10.2 | pcr=178.973 pid=100 head_rel=178.97 ccx_lag=7.50 | credit=152.7 capped=0.0 | fsize=81062028 feed=81062028 feed_behind=0 | backlog=43.15 edge=181.81 div=0.00 lag_ewma=3.05
21:17:00.719 CLOCK integ raw=138.56 prev=138.66 new=138.76 d=+0.103 fr=152.71 dt=0.103 rate=1.00 paused=False backlog=43.15 edge=181.92 div=0.00
21:17:00.822 EDGESNAP err=-2.94 edge->178.97
21:17:00.823 CLOCK fold raw=138.84 prev=138.76 new=138.84 d=+0.072 fr=152.71 dt=0.104 rate=1.00 paused=False backlog=40.24 edge=179.08 div=0.00
21:17:00.925 CLOCK integ raw=138.84 prev=138.84 new=138.94 d=+0.101 fr=152.71 dt=0.101 rate=1.00 paused=False backlog=40.24 edge=179.18 div=0.00
21:17:01.027 CLOCK fold raw=139.12 prev=138.94 new=139.12 d=+0.179 fr=152.71 dt=0.102 rate=1.00 paused=False backlog=40.16 edge=179.28 div=0.00
21:17:01.129 CLOCK integ raw=139.12 prev=139.12 new=139.22 d=+0.102 fr=152.71 dt=0.102 rate=1.00 paused=False backlog=40.16 edge=179.38 div=0.00
21:17:01.231 CLOCK integ raw=139.12 prev=139.22 new=139.32 d=+0.101 fr=152.71 dt=0.101 rate=1.00 paused=False backlog=40.16 edge=179.48 div=0.00
21:17:01.332 CLOCK fold raw=139.40 prev=139.32 new=139.40 d=+0.078 fr=152.71 dt=0.102 rate=1.00 paused=False backlog=40.19 edge=179.59 div=0.00
21:17:01.434 CLOCK integ raw=139.40 prev=139.40 new=139.50 d=+0.101 fr=152.71 dt=0.101 rate=1.00 paused=False backlog=40.19 edge=179.69 div=0.00
21:17:01.636 CLOCK fold raw=139.68 prev=139.50 new=139.68 d=+0.180 fr=152.71 dt=0.203 rate=1.00 paused=False backlog=40.21 edge=179.89 div=0.00
21:17:01.737 CLOCK integ raw=139.68 prev=139.68 new=139.78 d=+0.101 fr=152.71 dt=0.101 rate=1.00 paused=False backlog=40.21 edge=179.99 div=0.00
21:17:01.838 CLOCK integ raw=139.68 prev=139.78 new=139.88 d=+0.101 fr=152.71 dt=0.101 rate=1.00 paused=False backlog=40.21 edge=180.09 div=0.00
21:17:01.940 CLOCK fold raw=139.96 prev=139.88 new=139.96 d=+0.082 fr=152.71 dt=0.101 rate=1.00 paused=False backlog=40.23 edge=180.19 div=0.00
21:17:02.041 CLOCK integ raw=139.96 prev=139.96 new=140.06 d=+0.101 fr=152.71 dt=0.101 rate=1.00 paused=False backlog=40.23 edge=180.29 div=0.00
21:17:02.142 CLOCK fold raw=140.24 prev=140.06 new=140.24 d=+0.179 fr=152.71 dt=0.101 rate=1.00 paused=False backlog=40.15 edge=180.40 div=0.00
21:17:02.243 CLOCK integ raw=140.24 prev=140.24 new=140.34 d=+0.101 fr=152.71 dt=0.101 rate=1.00 paused=False backlog=40.15 edge=180.50 div=0.00
21:17:02.344 CLOCK integ raw=140.24 prev=140.34 new=140.45 d=+0.101 fr=152.71 dt=0.101 rate=1.00 paused=False backlog=40.15 edge=180.60 div=0.00
21:17:02.445 CLOCK fold raw=140.53 prev=140.45 new=140.53 d=+0.084 fr=152.71 dt=0.101 rate=1.00 paused=False backlog=40.17 edge=180.70 div=0.00
21:17:02.547 CLOCK integ raw=140.53 prev=140.53 new=140.63 d=+0.101 fr=152.71 dt=0.101 rate=1.00 paused=False backlog=40.17 edge=180.80 div=0.00
21:17:02.648 CLOCK integ raw=140.53 prev=140.63 new=140.73 d=+0.102 fr=152.71 dt=0.102 rate=1.00 paused=False backlog=40.17 edge=180.90 div=0.00
21:17:02.750 CLOCK fold raw=140.80 prev=140.73 new=140.80 d=+0.072 fr=152.71 dt=0.102 rate=1.00 paused=False backlog=39.24 edge=180.04 div=0.00
21:17:02.952 CLOCK integ raw=140.80 prev=140.80 new=141.01 d=+0.201 fr=152.71 dt=0.201 rate=1.00 paused=False backlog=39.24 edge=180.24 div=0.00
21:17:03.055 CLOCK fold raw=141.09 prev=141.01 new=141.09 d=+0.081 fr=152.71 dt=0.102 rate=1.00 paused=False backlog=39.26 edge=180.34 div=0.00
21:17:03.156 CLOCK integ raw=141.09 prev=141.09 new=141.19 d=+0.103 fr=152.71 dt=0.103 rate=1.00 paused=False backlog=39.26 edge=180.45 div=0.00
21:17:03.258 CLOCK integ raw=141.09 prev=141.19 new=141.29 d=+0.102 fr=152.71 dt=0.102 rate=1.00 paused=False backlog=39.26 edge=180.55 div=0.00
21:17:03.359 CLOCK fold raw=141.37 prev=141.29 new=141.37 d=+0.078 fr=152.71 dt=0.101 rate=1.00 paused=False backlog=39.26 edge=180.62 div=0.00
21:17:03.459 CLOCK integ raw=141.37 prev=141.37 new=141.47 d=+0.101 fr=152.71 dt=0.101 rate=1.00 paused=False backlog=39.26 edge=180.73 div=0.00
21:17:03.561 CLOCK fold raw=141.65 prev=141.47 new=141.65 d=+0.180 fr=152.71 dt=0.102 rate=1.00 paused=False backlog=39.26 edge=180.91 div=0.00
21:17:03.662 CLOCK integ raw=141.65 prev=141.65 new=141.75 d=+0.101 fr=152.71 dt=0.101 rate=1.00 paused=False backlog=39.26 edge=181.01 div=0.00
21:17:03.763 CLOCK integ raw=141.65 prev=141.75 new=141.85 d=+0.101 fr=152.71 dt=0.101 rate=1.00 paused=False backlog=39.26 edge=181.11 div=0.00
21:17:03.865 CLOCK fold raw=141.93 prev=141.85 new=141.93 d=+0.078 fr=152.71 dt=0.102 rate=1.00 paused=False backlog=39.26 edge=181.19 div=0.00
21:17:03.967 CLOCK integ raw=141.93 prev=141.93 new=142.03 d=+0.102 fr=152.71 dt=0.102 rate=1.00 paused=False backlog=39.26 edge=181.29 div=0.00
21:17:04.068 CLOCK integ raw=141.93 prev=142.03 new=142.13 d=+0.101 fr=152.71 dt=0.101 rate=1.00 paused=False backlog=39.26 edge=181.39 div=0.00
21:17:04.169 CLOCK fold raw=142.21 prev=142.13 new=142.21 d=+0.079 fr=152.71 dt=0.101 rate=1.00 paused=False backlog=39.26 edge=181.47 div=0.00
21:17:04.372 CLOCK integ raw=142.21 prev=142.21 new=142.41 d=+0.203 fr=152.71 dt=0.203 rate=1.00 paused=False backlog=39.26 edge=181.67 div=0.00
21:17:04.474 CLOCK fold raw=142.49 prev=142.41 new=142.49 d=+0.079 fr=152.71 dt=0.102 rate=1.00 paused=False backlog=39.26 edge=181.75 div=0.00
21:17:04.576 CLOCK integ raw=142.49 prev=142.49 new=142.59 d=+0.102 fr=152.71 dt=0.102 rate=1.00 paused=False backlog=39.26 edge=181.85 div=0.00
21:17:04.678 CLOCK fold raw=142.77 prev=142.59 new=142.77 d=+0.179 fr=152.71 dt=0.102 rate=1.00 paused=False backlog=39.26 edge=182.03 div=0.00
21:17:04.779 CLOCK integ raw=142.77 prev=142.77 new=142.88 d=+0.102 fr=152.71 dt=0.102 rate=1.00 paused=False backlog=39.26 edge=182.13 div=0.00
21:17:04.914 CLOCK integ raw=142.77 prev=142.88 new=143.01 d=+0.134 fr=152.71 dt=0.134 rate=1.00 paused=False backlog=38.38 edge=181.39 div=0.00
21:17:05.015 CLOCK fold raw=143.06 prev=143.01 new=143.06 d=+0.046 fr=152.71 dt=0.102 rate=1.00 paused=False backlog=38.38 edge=181.44 div=0.00
21:17:05.167 EDGESNAP err=+3.09 edge->184.53
21:17:05.168 CUE cx=[171.47..179.01] adv=7.54 el=14.57 fresh | off=-0.43 fr=162.38 cc=143.06 raw=143.06 lead=+35.52 | pcr=184.529 head_rel=184.53 lag_ewma=6.14 | q=earn a higher APY and an epic / welcome bonus. The secret sa
21:17:05.169 CUE cx=[179.01..181.08] adv=2.07 el=0.05 fresh | off=-0.43 fr=162.38 cc=143.06 raw=143.06 lead=+37.59 | pcr=184.529 head_rel=184.53 lag_ewma=6.14 | q=welcome bonus. The secret sauce / to the NFL. Is connection.
21:17:05.170 ANCHOR pend_end=181.08 L=5.20 pinL=3.45 target=0.00 off=-0.43
21:17:05.170 CLOCK integ raw=143.06 prev=143.06 new=143.21 d=+0.155 fr=162.38 dt=0.155 rate=1.00 paused=False backlog=41.47 edge=184.68 div=0.00
21:17:05.273 CLOCK fold raw=143.34 prev=143.21 new=143.34 d=+0.125 fr=162.38 dt=0.102 rate=1.00 paused=False backlog=41.45 edge=184.79 div=0.00
21:17:05.410 CUE cx=[181.08..183.22] adv=2.13 el=0.21 fresh | off=-0.22 fr=162.38 cc=143.34 raw=143.34 lead=+39.66 | pcr=186.984 head_rel=186.98 lag_ewma=5.20 | q=to the NFL. Is connection. 12 / is one. Okay? It's a relentl
21:17:05.411 CUE cx=[183.22..184.28] adv=1.07 el=0.04 fresh | off=-0.22 fr=162.38 cc=143.34 raw=143.34 lead=+40.73 | pcr=186.984 head_rel=186.98 lag_ewma=5.20 | q=is one. Okay? It's a relentless / attitude. We get to play /
21:17:05.411 ANCHOR pend_end=184.28 L=4.32 pinL=2.70 target=-0.55 off=-0.22
21:17:05.412 CLOCK integ raw=143.34 prev=143.34 new=143.48 d=+0.140 fr=162.38 dt=0.140 rate=1.00 paused=False backlog=43.10 edge=186.57 div=0.00
21:17:05.514 CLOCK integ raw=143.34 prev=143.48 new=143.58 d=+0.101 fr=162.78 dt=0.101 rate=1.00 paused=False backlog=43.10 edge=186.68 div=0.00
21:17:05.615 CLOCK fold raw=143.62 prev=143.58 new=143.62 d=+0.042 fr=162.78 dt=0.102 rate=1.00 paused=False backlog=43.16 edge=186.78 div=0.00
21:17:05.719 TICK fr=162.78 cc=143.62 raw=143.62 vid=143.34 playing=1 started=1 stall=0 | d_fr_cc=+19.16 d_fr_raw=+19.16 d_cc_raw=+0.00 | off=-0.38 ccx_end=184.28 since_show=0.1 since_cue=0.3 | pcr=186.984 pid=100 head_rel=186.98 ccx_lag=2.70 | credit=162.8 capped=0.0 | fsize=84941032 feed=84941032 feed_behind=0 | backlog=43.16 edge=186.78 div=0.00 lag_ewma=4.32
21:17:05.719 CLOCK integ raw=143.62 prev=143.62 new=143.72 d=+0.104 fr=162.78 dt=0.104 rate=1.00 paused=False backlog=43.16 edge=186.88 div=0.00
21:17:05.821 CLOCK fold raw=143.90 prev=143.72 new=143.90 d=+0.175 fr=162.78 dt=0.102 rate=1.00 paused=False backlog=43.08 edge=186.98 div=0.00
21:17:05.924 CLOCK integ raw=143.90 prev=143.90 new=144.00 d=+0.103 fr=162.78 dt=0.103 rate=1.00 paused=False backlog=43.08 edge=187.09 div=0.00
21:17:06.127 CLOCK fold raw=144.18 prev=144.00 new=144.18 d=+0.180 fr=162.78 dt=0.203 rate=1.00 paused=False backlog=43.11 edge=187.29 div=0.00
21:17:06.229 CLOCK integ raw=144.18 prev=144.18 new=144.28 d=+0.102 fr=162.78 dt=0.102 rate=1.00 paused=False backlog=43.11 edge=187.39 div=0.00
21:17:06.331 CLOCK integ raw=144.18 prev=144.28 new=144.39 d=+0.102 fr=162.78 dt=0.102 rate=1.00 paused=False backlog=43.11 edge=187.49 div=0.00
21:17:06.432 CLOCK fold raw=144.46 prev=144.39 new=144.46 d=+0.076 fr=162.78 dt=0.101 rate=1.00 paused=False backlog=43.13 edge=187.59 div=0.00
21:17:06.534 CLOCK integ raw=144.46 prev=144.46 new=144.56 d=+0.102 fr=162.78 dt=0.102 rate=1.00 paused=False backlog=43.13 edge=187.70 div=0.00
21:17:06.636 CLOCK integ raw=144.46 prev=144.56 new=144.67 d=+0.102 fr=162.78 dt=0.102 rate=1.00 paused=False backlog=43.13 edge=187.80 div=0.00
21:17:06.738 CLOCK fold raw=144.74 prev=144.67 new=144.74 d=+0.079 fr=162.78 dt=0.102 rate=1.00 paused=False backlog=43.16 edge=187.90 div=0.00
21:17:06.841 CLOCK integ raw=144.74 prev=144.74 new=144.85 d=+0.102 fr=162.78 dt=0.102 rate=1.00 paused=False backlog=42.70 edge=187.54 div=0.00
21:17:06.942 CLOCK fold raw=145.03 prev=144.85 new=145.03 d=+0.179 fr=162.78 dt=0.102 rate=1.00 paused=False backlog=42.62 edge=187.65 div=0.00
21:17:07.043 CLOCK integ raw=145.03 prev=145.03 new=145.13 d=+0.101 fr=162.78 dt=0.101 rate=1.00 paused=False backlog=42.62 edge=187.75 div=0.00
21:17:07.145 CLOCK integ raw=145.03 prev=145.13 new=145.23 d=+0.102 fr=162.78 dt=0.102 rate=1.00 paused=False backlog=42.62 edge=187.85 div=0.00
21:17:07.246 CLOCK fold raw=145.31 prev=145.23 new=145.31 d=+0.077 fr=162.78 dt=0.101 rate=1.00 paused=False backlog=42.64 edge=187.95 div=0.00
21:17:07.348 CLOCK integ raw=145.31 prev=145.31 new=145.41 d=+0.101 fr=162.78 dt=0.101 rate=1.00 paused=False backlog=42.64 edge=188.05 div=0.00
21:17:07.550 CLOCK fold raw=145.59 prev=145.41 new=145.59 d=+0.180 fr=162.78 dt=0.203 rate=1.00 paused=False backlog=42.67 edge=188.25 div=0.00
21:17:07.651 CLOCK integ raw=145.59 prev=145.59 new=145.69 d=+0.101 fr=162.78 dt=0.101 rate=1.00 paused=False backlog=42.67 edge=188.35 div=0.00
21:17:07.753 CLOCK integ raw=145.59 prev=145.69 new=145.79 d=+0.102 fr=162.78 dt=0.102 rate=1.00 paused=False backlog=42.67 edge=188.46 div=0.00
21:17:07.854 CLOCK fold raw=145.87 prev=145.79 new=145.87 d=+0.079 fr=162.78 dt=0.101 rate=1.00 paused=False backlog=42.69 edge=188.56 div=0.00
21:17:07.956 CLOCK integ raw=145.87 prev=145.87 new=145.97 d=+0.102 fr=162.78 dt=0.102 rate=1.00 paused=False backlog=42.69 edge=188.66 div=0.00
21:17:08.057 CLOCK fold raw=146.16 prev=145.97 new=146.16 d=+0.185 fr=162.78 dt=0.101 rate=1.00 paused=False backlog=42.61 edge=188.76 div=0.00
21:17:08.158 CLOCK integ raw=146.16 prev=146.16 new=146.26 d=+0.101 fr=162.78 dt=0.101 rate=1.00 paused=False backlog=42.61 edge=188.86 div=0.00
21:17:08.260 CLOCK integ raw=146.16 prev=146.26 new=146.36 d=+0.101 fr=162.78 dt=0.101 rate=1.00 paused=False backlog=42.61 edge=188.96 div=0.00
21:17:08.361 CLOCK fold raw=146.44 prev=146.36 new=146.44 d=+0.077 fr=162.78 dt=0.102 rate=1.00 paused=False backlog=42.63 edge=189.06 div=0.00
21:17:08.462 CLOCK integ raw=146.44 prev=146.44 new=146.54 d=+0.101 fr=162.78 dt=0.101 rate=1.00 paused=False backlog=42.63 edge=189.17 div=0.00
21:17:08.564 CLOCK integ raw=146.44 prev=146.54 new=146.64 d=+0.101 fr=162.78 dt=0.101 rate=1.00 paused=False backlog=42.63 edge=189.27 div=0.00
21:17:08.666 CLOCK fold raw=146.71 prev=146.64 new=146.71 d=+0.074 fr=162.78 dt=0.102 rate=1.00 paused=False backlog=42.66 edge=189.37 div=0.00
21:17:08.768 CLOCK integ raw=146.71 prev=146.71 new=146.81 d=+0.102 fr=162.78 dt=0.102 rate=1.00 paused=False backlog=41.46 edge=188.28 div=0.00
21:17:08.971 CLOCK fold raw=146.99 prev=146.81 new=146.99 d=+0.178 fr=162.78 dt=0.202 rate=1.00 paused=False backlog=41.49 edge=188.48 div=0.00
21:17:09.072 CLOCK integ raw=146.99 prev=146.99 new=147.09 d=+0.101 fr=162.78 dt=0.101 rate=1.00 paused=False backlog=41.49 edge=188.58 div=0.00
21:17:09.173 CLOCK fold raw=147.27 prev=147.09 new=147.27 d=+0.181 fr=162.78 dt=0.102 rate=1.00 paused=False backlog=41.41 edge=188.68 div=0.00
21:17:09.275 CLOCK integ raw=147.27 prev=147.27 new=147.38 d=+0.102 fr=162.78 dt=0.102 rate=1.00 paused=False backlog=41.41 edge=188.79 div=0.00
21:17:09.376 CLOCK integ raw=147.27 prev=147.38 new=147.48 d=+0.101 fr=162.78 dt=0.101 rate=1.00 paused=False backlog=41.41 edge=188.89 div=0.00
21:17:09.478 CLOCK fold raw=147.55 prev=147.48 new=147.55 d=+0.077 fr=162.78 dt=0.102 rate=1.00 paused=False backlog=41.43 edge=188.99 div=0.00
21:17:09.580 CLOCK integ raw=147.55 prev=147.55 new=147.66 d=+0.102 fr=162.78 dt=0.102 rate=1.00 paused=False backlog=41.43 edge=189.09 div=0.00
21:17:09.682 CLOCK integ raw=147.55 prev=147.66 new=147.76 d=+0.102 fr=162.78 dt=0.102 rate=1.00 paused=False backlog=41.43 edge=189.19 div=0.00
21:17:09.783 CLOCK fold raw=147.84 prev=147.76 new=147.84 d=+0.079 fr=162.78 dt=0.102 rate=1.00 paused=False backlog=41.46 edge=189.29 div=0.00
21:17:09.885 CLOCK integ raw=147.84 prev=147.84 new=147.94 d=+0.101 fr=162.78 dt=0.101 rate=1.00 paused=False backlog=41.46 edge=189.40 div=0.00
21:17:09.987 CLOCK integ raw=147.84 prev=147.94 new=148.04 d=+0.102 fr=167.25 dt=0.102 rate=1.00 paused=False backlog=41.46 edge=189.50 div=0.00
21:17:10.089 CUE cx=[184.28..187.85] adv=3.57 el=4.68 fresh | off=-0.38 fr=167.25 cc=148.04 raw=148.12 lead=+39.43 | pcr=189.372 head_rel=189.37 lag_ewma=4.32 | q=attitude. We get to play / football today. Oh yeah, that's /
21:17:10.089 ANCHOR pend_end=187.85 L=3.34 pinL=1.52 target=0.06 off=-0.38
21:17:10.089 CLOCK fold raw=148.12 prev=148.04 new=148.12 d=+0.076 fr=167.25 dt=0.102 rate=1.00 paused=False backlog=41.42 edge=189.54 div=0.00
21:17:10.191 CLOCK integ raw=148.12 prev=148.12 new=148.22 d=+0.101 fr=167.25 dt=0.101 rate=1.00 paused=False backlog=41.42 edge=189.64 div=0.00
21:17:10.292 CLOCK integ raw=148.12 prev=148.22 new=148.32 d=+0.102 fr=167.66 dt=0.102 rate=1.00 paused=False backlog=41.42 edge=189.74 div=0.00
21:17:10.495 CLOCK fold raw=148.40 prev=148.32 new=148.40 d=+0.079 fr=167.66 dt=0.202 rate=1.00 paused=False backlog=41.54 edge=189.94 div=0.00
21:17:10.596 CLOCK fold raw=148.68 prev=148.40 new=148.68 d=+0.281 fr=167.66 dt=0.101 rate=1.00 paused=False backlog=41.36 edge=190.04 div=0.00
21:17:10.697 CLOCK integ raw=148.68 prev=148.68 new=148.78 d=+0.101 fr=167.66 dt=0.101 rate=1.00 paused=False backlog=41.36 edge=190.15 div=0.00
21:17:10.698 TICK fr=167.66 cc=148.78 raw=148.68 vid=148.12 playing=1 started=1 stall=0 | d_fr_cc=+18.88 d_fr_raw=+18.98 d_cc_raw=+0.10 | off=-0.16 ccx_end=187.85 since_show=0.0 since_cue=0.6 | pcr=189.372 pid=100 head_rel=189.37 ccx_lag=1.52 | credit=167.7 capped=0.0 | fsize=85994208 feed=85994208 feed_behind=0 | backlog=41.36 edge=190.15 div=0.00 lag_ewma=3.34
21:17:10.800 CLOCK integ raw=148.68 prev=148.78 new=148.88 d=+0.103 fr=167.66 dt=0.103 rate=1.00 paused=False backlog=41.36 edge=190.25 div=0.00
21:17:10.903 CLOCK fold raw=148.96 prev=148.88 new=148.96 d=+0.077 fr=167.66 dt=0.103 rate=1.00 paused=False backlog=40.95 edge=189.91 div=0.00
21:17:11.005 CLOCK integ raw=148.96 prev=148.96 new=149.06 d=+0.102 fr=167.66 dt=0.102 rate=1.00 paused=False backlog=40.95 edge=190.01 div=0.00
21:17:11.106 CLOCK integ raw=148.96 prev=149.06 new=149.16 d=+0.101 fr=167.66 dt=0.101 rate=1.00 paused=False backlog=40.95 edge=190.12 div=0.00
21:17:11.207 CLOCK fold raw=149.24 prev=149.16 new=149.24 d=+0.079 fr=167.66 dt=0.101 rate=1.00 paused=False backlog=40.97 edge=190.22 div=0.00
21:17:11.309 CLOCK integ raw=149.24 prev=149.24 new=149.35 d=+0.102 fr=167.66 dt=0.102 rate=1.00 paused=False backlog=40.97 edge=190.32 div=0.00
21:17:11.410 CLOCK integ raw=149.24 prev=149.35 new=149.45 d=+0.101 fr=167.66 dt=0.101 rate=1.00 paused=False backlog=40.97 edge=190.42 div=0.00
21:17:11.511 CLOCK fold raw=149.52 prev=149.45 new=149.52 d=+0.077 fr=167.66 dt=0.101 rate=1.00 paused=False backlog=41.00 edge=190.52 div=0.00
21:17:11.614 CLOCK integ raw=149.52 prev=149.52 new=149.63 d=+0.102 fr=167.66 dt=0.102 rate=1.00 paused=False backlog=41.00 edge=190.62 div=0.00
21:17:11.815 CLOCK fold raw=149.81 prev=149.63 new=149.81 d=+0.179 fr=167.66 dt=0.202 rate=1.00 paused=False backlog=41.02 edge=190.82 div=0.00
21:17:11.916 CLOCK integ raw=149.81 prev=149.81 new=149.91 d=+0.101 fr=167.66 dt=0.101 rate=1.00 paused=False backlog=41.02 edge=190.93 div=0.00
21:17:12.018 CLOCK fold raw=150.09 prev=149.91 new=150.09 d=+0.182 fr=167.66 dt=0.101 rate=1.00 paused=False backlog=40.94 edge=191.03 div=0.00
21:17:12.119 CLOCK integ raw=150.09 prev=150.09 new=150.19 d=+0.102 fr=167.66 dt=0.102 rate=1.00 paused=False backlog=40.94 edge=191.13 div=0.00
21:17:12.221 CLOCK integ raw=150.09 prev=150.19 new=150.29 d=+0.102 fr=167.66 dt=0.102 rate=1.00 paused=False backlog=40.94 edge=191.23 div=0.00
21:17:12.323 CLOCK fold raw=150.37 prev=150.29 new=150.37 d=+0.075 fr=167.66 dt=0.101 rate=1.00 paused=False backlog=40.97 edge=191.33 div=0.00
21:17:12.424 CLOCK integ raw=150.37 prev=150.37 new=150.47 d=+0.102 fr=167.66 dt=0.102 rate=1.00 paused=False backlog=40.97 edge=191.43 div=0.00
21:17:12.526 CLOCK integ raw=150.37 prev=150.47 new=150.57 d=+0.102 fr=167.66 dt=0.102 rate=1.00 paused=False backlog=40.97 edge=191.54 div=0.00
21:17:12.628 CLOCK fold raw=150.65 prev=150.57 new=150.65 d=+0.079 fr=167.66 dt=0.102 rate=1.00 paused=False backlog=40.99 edge=191.64 div=0.00
21:17:12.729 CLOCK integ raw=150.65 prev=150.65 new=150.75 d=+0.101 fr=167.66 dt=0.101 rate=1.00 paused=False backlog=40.99 edge=191.74 div=0.00
21:17:12.831 CLOCK fold raw=150.93 prev=150.75 new=150.93 d=+0.179 fr=167.66 dt=0.103 rate=1.00 paused=False backlog=39.73 edge=190.66 div=0.00
21:17:12.932 CLOCK integ raw=150.93 prev=150.93 new=151.03 d=+0.101 fr=167.66 dt=0.101 rate=1.00 paused=False backlog=39.73 edge=190.76 div=0.00
21:17:13.034 CLOCK integ raw=150.93 prev=151.03 new=151.13 d=+0.102 fr=167.66 dt=0.102 rate=1.00 paused=False backlog=39.73 edge=190.86 div=0.00
21:17:13.135 CLOCK fold raw=151.21 prev=151.13 new=151.21 d=+0.078 fr=167.66 dt=0.101 rate=1.00 paused=False backlog=39.75 edge=190.96 div=0.00
21:17:13.337 CLOCK integ raw=151.21 prev=151.21 new=151.41 d=+0.202 fr=167.66 dt=0.202 rate=1.00 paused=False backlog=39.75 edge=191.16 div=0.00
21:17:13.439 CLOCK fold raw=151.49 prev=151.41 new=151.49 d=+0.078 fr=167.66 dt=0.101 rate=1.00 paused=False backlog=39.78 edge=191.27 div=0.00
21:17:13.540 CLOCK integ raw=151.49 prev=151.49 new=151.59 d=+0.101 fr=167.66 dt=0.101 rate=1.00 paused=False backlog=39.78 edge=191.37 div=0.00
21:17:13.641 CLOCK integ raw=151.49 prev=151.59 new=151.69 d=+0.101 fr=167.66 dt=0.101 rate=1.00 paused=False backlog=39.78 edge=191.47 div=0.00
21:17:13.742 CLOCK fold raw=151.77 prev=151.69 new=151.77 d=+0.078 fr=167.66 dt=0.101 rate=1.00 paused=False backlog=39.80 edge=191.57 div=0.00
21:17:13.843 CLOCK integ raw=151.77 prev=151.77 new=151.87 d=+0.101 fr=167.66 dt=0.101 rate=1.00 paused=False backlog=39.80 edge=191.67 div=0.00
21:17:13.944 CLOCK integ raw=151.77 prev=151.87 new=151.97 d=+0.101 fr=167.66 dt=0.101 rate=1.00 paused=False backlog=39.80 edge=191.77 div=0.00
21:17:14.045 CLOCK fold raw=152.05 prev=151.97 new=152.05 d=+0.079 fr=167.66 dt=0.101 rate=1.00 paused=False backlog=39.82 edge=191.87 div=0.00
21:17:14.146 CLOCK integ raw=152.05 prev=152.05 new=152.15 d=+0.101 fr=167.66 dt=0.101 rate=1.00 paused=False backlog=39.82 edge=191.97 div=0.00
21:17:14.348 CLOCK fold raw=152.33 prev=152.15 new=152.33 d=+0.179 fr=167.66 dt=0.202 rate=1.00 paused=False backlog=39.84 edge=192.17 div=0.00
21:17:14.449 CLOCK integ raw=152.33 prev=152.33 new=152.43 d=+0.101 fr=167.66 dt=0.101 rate=1.00 paused=False backlog=39.84 edge=192.28 div=0.00
21:17:14.550 CLOCK fold raw=152.61 prev=152.43 new=152.61 d=+0.181 fr=167.66 dt=0.101 rate=1.00 paused=False backlog=39.76 edge=192.38 div=0.00
21:17:14.652 CLOCK integ raw=152.61 prev=152.61 new=152.72 d=+0.102 fr=167.66 dt=0.102 rate=1.00 paused=False backlog=39.76 edge=192.48 div=0.00
21:17:14.755 CLOCK integ raw=152.61 prev=152.72 new=152.82 d=+0.102 fr=167.66 dt=0.102 rate=1.00 paused=False backlog=39.76 edge=192.58 div=0.00
21:17:14.894 CUE cx=[187.85..189.46] adv=1.60 el=4.81 fresh | off=-0.16 fr=172.26 cc=152.82 raw=152.90 lead=+36.48 | pcr=192.551 head_rel=192.55 lag_ewma=3.34 | q=football today. Oh yeah, that's / all you need. Train the bo
21:17:14.894 CUE cx=[189.46..191.69] adv=2.23 el=0.00 fresh | off=-0.16 fr=172.26 cc=152.82 raw=152.90 lead=+38.71 | pcr=192.551 head_rel=192.55 lag_ewma=3.34 | q=all you need. Train the body, / push to the limits. That's /
21:17:14.894 ANCHOR pend_end=191.69 L=2.47 pinL=0.86 target=0.00 off=-0.16
21:17:14.895 CLOCK fold raw=152.90 prev=152.82 new=152.90 d=+0.079 fr=172.26 dt=0.142 rate=1.00 paused=False backlog=39.80 edge=192.70 div=0.00
21:17:14.996 CLOCK integ raw=152.90 prev=152.90 new=153.00 d=+0.101 fr=172.26 dt=0.101 rate=1.00 paused=False backlog=39.80 edge=192.80 div=0.00
21:17:15.097 CLOCK fold raw=153.18 prev=153.00 new=153.18 d=+0.180 fr=172.26 dt=0.101 rate=1.00 paused=False backlog=39.72 edge=192.90 div=0.00
21:17:15.198 CLOCK integ raw=153.18 prev=153.18 new=153.28 d=+0.101 fr=172.26 dt=0.101 rate=1.00 paused=False backlog=39.72 edge=193.00 div=0.00
21:17:15.300 CLOCK integ raw=153.18 prev=153.28 new=153.38 d=+0.101 fr=172.57 dt=0.101 rate=1.00 paused=False backlog=39.72 edge=193.10 div=0.00
21:17:15.401 CLOCK fold raw=153.46 prev=153.38 new=153.46 d=+0.076 fr=172.57 dt=0.101 rate=1.00 paused=False backlog=39.75 edge=193.20 div=0.00
21:17:15.502 CLOCK integ raw=153.46 prev=153.46 new=153.56 d=+0.101 fr=172.57 dt=0.101 rate=1.00 paused=False backlog=39.75 edge=193.30 div=0.00
21:17:15.603 CLOCK integ raw=153.46 prev=153.56 new=153.66 d=+0.101 fr=172.57 dt=0.101 rate=1.00 paused=False backlog=39.75 edge=193.40 div=0.00
21:17:15.706 TICK fr=172.97 cc=153.66 raw=153.74 vid=153.46 playing=1 started=1 stall=0 | d_fr_cc=+19.31 d_fr_raw=+19.23 d_cc_raw=-0.08 | off=-0.08 ccx_end=191.69 since_show=0.1 since_cue=0.8 | pcr=197.329 pid=100 head_rel=197.33 ccx_lag=5.64 | credit=173.0 capped=0.0 | fsize=89160316 feed=89160316 feed_behind=0 | backlog=39.75 edge=193.40 div=0.00 lag_ewma=2.47
21:17:15.706 CLOCK fold raw=153.74 prev=153.66 new=153.74 d=+0.081 fr=172.97 dt=0.103 rate=1.00 paused=False backlog=39.77 edge=193.51 div=0.00
21:17:15.807 CLOCK integ raw=153.74 prev=153.74 new=153.84 d=+0.101 fr=172.97 dt=0.101 rate=1.00 paused=False backlog=39.77 edge=193.61 div=0.00
21:17:15.908 CLOCK integ raw=153.74 prev=153.84 new=153.94 d=+0.101 fr=172.97 dt=0.101 rate=1.00 paused=False backlog=39.77 edge=193.71 div=0.00
21:17:16.009 CLOCK fold raw=154.02 prev=153.94 new=154.02 d=+0.079 fr=172.97 dt=0.101 rate=1.00 paused=False backlog=39.79 edge=193.81 div=0.00
21:17:16.112 CLOCK integ raw=154.02 prev=154.02 new=154.12 d=+0.102 fr=172.97 dt=0.102 rate=1.00 paused=False backlog=39.79 edge=193.91 div=0.00
21:17:16.313 CLOCK fold raw=154.30 prev=154.12 new=154.30 d=+0.176 fr=172.97 dt=0.203 rate=1.00 paused=False backlog=39.82 edge=194.11 div=0.00
21:17:16.415 CLOCK integ raw=154.30 prev=154.30 new=154.40 d=+0.102 fr=172.97 dt=0.102 rate=1.00 paused=False backlog=39.82 edge=194.22 div=0.00
21:17:16.517 CLOCK fold raw=154.58 prev=154.40 new=154.58 d=+0.180 fr=172.97 dt=0.102 rate=1.00 paused=False backlog=39.74 edge=194.32 div=0.00
21:17:16.618 CLOCK integ raw=154.58 prev=154.58 new=154.68 d=+0.101 fr=172.97 dt=0.101 rate=1.00 paused=False backlog=39.74 edge=194.42 div=0.00
21:17:16.721 CLOCK integ raw=154.58 prev=154.68 new=154.78 d=+0.102 fr=172.97 dt=0.102 rate=1.00 paused=False backlog=39.74 edge=194.52 div=0.00
21:17:16.823 EDGESNAP err=+2.81 edge->197.33
21:17:16.826 CLOCK fold raw=154.86 prev=154.78 new=154.86 d=+0.077 fr=172.97 dt=0.105 rate=1.00 paused=False backlog=42.57 edge=197.43 div=0.00
21:17:16.928 CLOCK integ raw=154.86 prev=154.86 new=154.96 d=+0.103 fr=172.97 dt=0.103 rate=1.00 paused=False backlog=42.57 edge=197.54 div=0.00
21:17:17.030 CLOCK integ raw=154.86 prev=154.96 new=155.07 d=+0.101 fr=172.97 dt=0.101 rate=1.00 paused=False backlog=42.57 edge=197.64 div=0.00
21:17:17.131 CLOCK fold raw=155.15 prev=155.07 new=155.15 d=+0.084 fr=172.97 dt=0.102 rate=1.00 paused=False backlog=42.59 edge=197.74 div=0.00
21:17:17.233 CLOCK integ raw=155.15 prev=155.15 new=155.25 d=+0.102 fr=172.97 dt=0.102 rate=1.00 paused=False backlog=42.59 edge=197.84 div=0.00
21:17:17.335 CLOCK fold raw=155.42 prev=155.25 new=155.42 d=+0.173 fr=172.97 dt=0.102 rate=1.00 paused=False backlog=42.52 edge=197.94 div=0.00
21:17:17.437 CLOCK integ raw=155.42 prev=155.42 new=155.53 d=+0.101 fr=172.97 dt=0.101 rate=1.00 paused=False backlog=42.52 edge=198.04 div=0.00
21:17:17.538 CLOCK integ raw=155.42 prev=155.53 new=155.63 d=+0.101 fr=172.97 dt=0.101 rate=1.00 paused=False backlog=42.52 edge=198.15 div=0.00
21:17:17.639 CLOCK fold raw=155.70 prev=155.63 new=155.70 d=+0.077 fr=172.97 dt=0.101 rate=1.00 paused=False backlog=42.54 edge=198.25 div=0.00
21:17:17.741 CLOCK integ raw=155.70 prev=155.70 new=155.81 d=+0.102 fr=172.97 dt=0.102 rate=1.00 paused=False backlog=42.54 edge=198.35 div=0.00
21:17:17.944 CLOCK fold raw=155.99 prev=155.81 new=155.99 d=+0.179 fr=172.97 dt=0.203 rate=1.00 paused=False backlog=42.57 edge=198.55 div=0.00
21:17:18.046 CLOCK integ raw=155.99 prev=155.99 new=156.09 d=+0.101 fr=172.97 dt=0.101 rate=1.00 paused=False backlog=42.57 edge=198.65 div=0.00
21:17:18.147 CLOCK integ raw=155.99 prev=156.09 new=156.19 d=+0.101 fr=172.97 dt=0.101 rate=1.00 paused=False backlog=42.57 edge=198.76 div=0.00
21:17:18.248 CLOCK fold raw=156.26 prev=156.19 new=156.26 d=+0.077 fr=172.97 dt=0.101 rate=1.00 paused=False backlog=42.59 edge=198.86 div=0.00
21:17:18.350 CLOCK integ raw=156.26 prev=156.26 new=156.37 d=+0.102 fr=172.97 dt=0.102 rate=1.00 paused=False backlog=42.59 edge=198.96 div=0.00
21:17:18.452 CLOCK fold raw=156.54 prev=156.37 new=156.54 d=+0.178 fr=172.97 dt=0.102 rate=1.00 paused=False backlog=42.51 edge=199.06 div=0.00
21:17:18.553 CLOCK integ raw=156.54 prev=156.54 new=156.65 d=+0.101 fr=172.97 dt=0.101 rate=1.00 paused=False backlog=42.51 edge=199.16 div=0.00
21:17:18.655 CLOCK integ raw=156.54 prev=156.65 new=156.75 d=+0.101 fr=172.97 dt=0.101 rate=1.00 paused=False backlog=42.51 edge=199.26 div=0.00
21:17:18.756 CLOCK fold raw=156.83 prev=156.75 new=156.83 d=+0.080 fr=172.97 dt=0.101 rate=1.00 paused=False backlog=42.54 edge=199.36 div=0.00
21:17:18.858 CLOCK integ raw=156.83 prev=156.83 new=156.93 d=+0.102 fr=172.97 dt=0.102 rate=1.00 paused=False backlog=41.52 edge=198.45 div=0.00
21:17:18.959 CLOCK integ raw=156.83 prev=156.93 new=157.03 d=+0.101 fr=172.97 dt=0.101 rate=1.00 paused=False backlog=41.52 edge=198.55 div=0.00
21:17:19.061 CLOCK fold raw=157.11 prev=157.03 new=157.11 d=+0.080 fr=172.97 dt=0.101 rate=1.00 paused=False backlog=41.54 edge=198.65 div=0.00
21:17:19.263 CLOCK integ raw=157.11 prev=157.11 new=157.31 d=+0.202 fr=172.97 dt=0.202 rate=1.00 paused=False backlog=41.54 edge=198.85 div=0.00
21:17:19.364 CLOCK fold raw=157.39 prev=157.31 new=157.39 d=+0.076 fr=172.97 dt=0.102 rate=1.00 paused=False backlog=41.56 edge=198.95 div=0.00
21:17:19.465 CLOCK integ raw=157.39 prev=157.39 new=157.49 d=+0.101 fr=172.97 dt=0.101 rate=1.00 paused=False backlog=41.56 edge=199.06 div=0.00
21:17:19.566 CLOCK integ raw=157.39 prev=157.49 new=157.59 d=+0.101 fr=172.97 dt=0.101 rate=1.00 paused=False backlog=41.56 edge=199.16 div=0.00
21:17:19.667 CLOCK fold raw=157.67 prev=157.59 new=157.67 d=+0.079 fr=172.97 dt=0.101 rate=1.00 paused=False backlog=41.59 edge=199.26 div=0.00
21:17:19.769 CLOCK integ raw=157.67 prev=157.67 new=157.77 d=+0.102 fr=172.97 dt=0.102 rate=1.00 paused=False backlog=41.59 edge=199.36 div=0.00
21:17:19.870 CLOCK fold raw=157.96 prev=157.77 new=157.96 d=+0.184 fr=172.97 dt=0.101 rate=1.00 paused=False backlog=41.50 edge=199.46 div=0.00
21:17:19.971 CLOCK integ raw=157.96 prev=157.96 new=158.06 d=+0.101 fr=172.97 dt=0.101 rate=1.00 paused=False backlog=41.50 edge=199.56 div=0.00
21:17:20.072 CLOCK integ raw=157.96 prev=158.06 new=158.16 d=+0.101 fr=172.97 dt=0.101 rate=1.00 paused=False backlog=41.50 edge=199.66 div=0.00
21:17:20.173 CLOCK fold raw=158.24 prev=158.16 new=158.24 d=+0.078 fr=172.97 dt=0.101 rate=1.00 paused=False backlog=41.53 edge=199.76 div=0.00
21:17:20.274 CLOCK integ raw=158.24 prev=158.24 new=158.34 d=+0.101 fr=172.97 dt=0.101 rate=1.00 paused=False backlog=41.53 edge=199.86 div=0.00
21:17:20.476 CLOCK fold raw=158.52 prev=158.34 new=158.52 d=+0.181 fr=172.97 dt=0.202 rate=1.00 paused=False backlog=41.55 edge=200.07 div=0.00
21:17:20.578 CLOCK integ raw=158.52 prev=158.52 new=158.62 d=+0.102 fr=172.97 dt=0.102 rate=1.00 paused=False backlog=41.55 edge=200.17 div=0.00
21:17:20.679 CLOCK integ raw=158.52 prev=158.62 new=158.72 d=+0.101 fr=172.97 dt=0.101 rate=1.00 paused=False backlog=41.55 edge=200.27 div=0.00
21:17:20.680 TICK fr=172.97 cc=158.72 raw=158.52 vid=158.52 playing=1 started=1 stall=0 | d_fr_cc=+14.25 d_fr_raw=+14.45 d_cc_raw=+0.20 | off=-0.08 ccx_end=191.69 since_show=0.0 since_cue=5.8 | pcr=197.329 pid=100 head_rel=197.33 ccx_lag=5.64 | credit=173.0 capped=0.0 | fsize=89160316 feed=89160316 feed_behind=0 | backlog=41.55 edge=200.27 div=0.00 lag_ewma=2.47
21:17:20.782 CLOCK fold raw=158.80 prev=158.72 new=158.80 d=+0.078 fr=172.97 dt=0.103 rate=1.00 paused=False backlog=41.57 edge=200.37 div=0.00
21:17:20.783 EDGESNAP err=-3.04 edge->197.33
21:17:20.885 CLOCK integ raw=158.80 prev=158.80 new=158.90 d=+0.103 fr=172.97 dt=0.103 rate=1.00 paused=False backlog=38.53 edge=197.43 div=0.00
21:17:20.986 CLOCK fold raw=159.08 prev=158.90 new=159.08 d=+0.174 fr=172.97 dt=0.102 rate=1.00 paused=False backlog=38.46 edge=197.53 div=0.00
21:17:21.088 CLOCK integ raw=159.08 prev=159.08 new=159.18 d=+0.101 fr=172.97 dt=0.101 rate=1.00 paused=False backlog=38.46 edge=197.63 div=0.00
21:17:21.190 CLOCK integ raw=159.08 prev=159.18 new=159.28 d=+0.102 fr=172.97 dt=0.102 rate=1.00 paused=False backlog=38.46 edge=197.74 div=0.00
21:17:21.291 CLOCK fold raw=159.36 prev=159.28 new=159.36 d=+0.081 fr=172.97 dt=0.101 rate=1.00 paused=False backlog=38.48 edge=197.84 div=0.00
21:17:21.392 CLOCK integ raw=159.36 prev=159.36 new=159.46 d=+0.101 fr=172.97 dt=0.101 rate=1.00 paused=False backlog=38.48 edge=197.94 div=0.00
21:17:21.494 CLOCK integ raw=159.36 prev=159.46 new=159.56 d=+0.102 fr=172.97 dt=0.102 rate=1.00 paused=False backlog=38.48 edge=198.04 div=0.00
21:17:21.596 CLOCK fold raw=159.65 prev=159.56 new=159.65 d=+0.083 fr=172.97 dt=0.101 rate=1.00 paused=False backlog=38.49 edge=198.14 div=0.00
21:17:21.697 CLOCK integ raw=159.65 prev=159.65 new=159.75 d=+0.101 fr=172.97 dt=0.101 rate=1.00 paused=False backlog=38.49 edge=198.24 div=0.00
21:17:21.798 CLOCK integ raw=159.65 prev=159.75 new=159.85 d=+0.101 fr=172.97 dt=0.101 rate=1.00 paused=False backlog=38.49 edge=198.35 div=0.00
21:17:21.900 CLOCK fold raw=159.93 prev=159.85 new=159.93 d=+0.076 fr=172.97 dt=0.102 rate=1.00 paused=False backlog=38.52 edge=198.45 div=0.00
21:17:22.102 CLOCK integ raw=159.93 prev=159.93 new=160.13 d=+0.202 fr=172.97 dt=0.202 rate=1.00 paused=False backlog=38.52 edge=198.65 div=0.00
21:17:22.205 CLOCK fold raw=160.21 prev=160.13 new=160.21 d=+0.076 fr=172.97 dt=0.102 rate=1.00 paused=False backlog=38.55 edge=198.75 div=0.00
21:17:22.306 CLOCK integ raw=160.21 prev=160.21 new=160.31 d=+0.102 fr=172.97 dt=0.102 rate=1.00 paused=False backlog=38.55 edge=198.85 div=0.00
21:17:22.408 CLOCK fold raw=160.48 prev=160.31 new=160.48 d=+0.175 fr=172.97 dt=0.101 rate=1.00 paused=False backlog=38.47 edge=198.95 div=0.00
21:17:22.509 CLOCK integ raw=160.48 prev=160.48 new=160.58 d=+0.101 fr=172.97 dt=0.101 rate=1.00 paused=False backlog=38.47 edge=199.06 div=0.00
21:17:22.611 CLOCK integ raw=160.48 prev=160.58 new=160.68 d=+0.102 fr=172.97 dt=0.102 rate=1.00 paused=False backlog=38.47 edge=199.16 div=0.00
21:17:22.712 CLOCK fold raw=160.77 prev=160.68 new=160.77 d=+0.083 fr=172.97 dt=0.101 rate=1.00 paused=False backlog=38.49 edge=199.26 div=0.00
21:17:22.814 CLOCK integ raw=160.77 prev=160.77 new=160.87 d=+0.102 fr=172.97 dt=0.102 rate=1.00 paused=False backlog=37.53 edge=198.40 div=0.00
21:17:22.915 CLOCK integ raw=160.77 prev=160.87 new=160.97 d=+0.101 fr=172.97 dt=0.101 rate=1.00 paused=False backlog=37.53 edge=198.50 div=0.00
21:17:23.017 CLOCK fold raw=161.05 prev=160.97 new=161.05 d=+0.079 fr=172.97 dt=0.102 rate=1.00 paused=False backlog=37.55 edge=198.60 div=0.00
21:17:23.119 PHASE DELAY +2 s delay shifts the painted cue live
21:17:23.119 CLOCK integ raw=161.05 prev=161.05 new=161.15 d=+0.102 fr=172.97 dt=0.102 rate=1.00 paused=False backlog=37.55 edge=198.70 div=0.00
21:17:23.213 CLOCK integ raw=161.05 prev=161.15 new=161.25 d=+0.093 fr=172.97 dt=0.093 rate=1.00 paused=False backlog=37.55 edge=198.79 div=0.00
21:17:23.336 CLOCK fold raw=161.34 prev=161.25 new=161.34 d=+0.093 fr=172.97 dt=0.124 rate=1.00 paused=False backlog=37.58 edge=198.92 div=0.00
21:17:23.428 CLOCK integ raw=161.34 prev=161.34 new=161.43 d=+0.092 fr=172.97 dt=0.092 rate=1.00 paused=False backlog=37.58 edge=199.01 div=0.00
21:17:23.551 CLOCK fold raw=161.62 prev=161.43 new=161.62 d=+0.186 fr=172.97 dt=0.123 rate=1.00 paused=False backlog=37.52 edge=199.13 div=0.00
21:17:23.674 CLOCK integ raw=161.62 prev=161.62 new=161.74 d=+0.123 fr=172.97 dt=0.123 rate=1.00 paused=False backlog=37.52 edge=199.26 div=0.00
21:17:23.797 CLOCK fold raw=161.90 prev=161.74 new=161.90 d=+0.158 fr=172.97 dt=0.123 rate=1.00 paused=False backlog=37.52 edge=199.41 div=0.00
21:17:23.889 CLOCK integ raw=161.90 prev=161.90 new=161.99 d=+0.092 fr=172.97 dt=0.092 rate=1.00 paused=False backlog=37.52 edge=199.51 div=0.00
21:17:24.012 CLOCK integ raw=161.90 prev=161.99 new=162.11 d=+0.123 fr=172.97 dt=0.123 rate=1.00 paused=False backlog=37.52 edge=199.63 div=0.00
21:17:24.103 CLOCK fold raw=162.18 prev=162.11 new=162.18 d=+0.070 fr=172.97 dt=0.092 rate=1.00 paused=False backlog=37.52 edge=199.70 div=0.00
21:17:24.226 CLOCK integ raw=162.18 prev=162.18 new=162.30 d=+0.123 fr=172.97 dt=0.123 rate=1.00 paused=False backlog=37.52 edge=199.82 div=0.00
21:17:24.318 CLOCK integ raw=162.18 prev=162.30 new=162.40 d=+0.092 fr=172.97 dt=0.092 rate=1.00 paused=False backlog=37.52 edge=199.91 div=0.00
21:17:24.441 CLOCK fold raw=162.46 prev=162.40 new=162.46 d=+0.063 fr=172.97 dt=0.123 rate=1.00 paused=False backlog=37.52 edge=199.98 div=0.00
21:17:24.533 CLOCK integ raw=162.46 prev=162.46 new=162.55 d=+0.092 fr=172.97 dt=0.092 rate=1.00 paused=False backlog=37.52 edge=200.07 div=0.00
21:17:24.657 CLOCK fold raw=162.74 prev=162.55 new=162.74 d=+0.189 fr=172.97 dt=0.124 rate=1.00 paused=False backlog=37.52 edge=200.26 div=0.00
21:17:24.749 CLOCK integ raw=162.74 prev=162.74 new=162.83 d=+0.092 fr=172.97 dt=0.092 rate=1.00 paused=False backlog=37.52 edge=200.35 div=0.00
21:17:24.873 CLOCK integ raw=162.74 prev=162.83 new=162.96 d=+0.124 fr=172.97 dt=0.124 rate=1.00 paused=False backlog=36.43 edge=199.38 div=0.00
21:17:24.965 CLOCK fold raw=163.02 prev=162.96 new=163.02 d=+0.064 fr=182.30 dt=0.092 rate=1.00 paused=False backlog=36.46 edge=199.48 div=0.00
21:17:25.088 CLOCK integ raw=163.02 prev=163.02 new=163.14 d=+0.123 fr=182.30 dt=0.123 rate=1.00 paused=False backlog=36.46 edge=199.60 div=0.00
21:17:25.210 CLOCK fold raw=163.30 prev=163.14 new=163.30 d=+0.159 fr=182.30 dt=0.123 rate=1.00 paused=False backlog=36.42 edge=199.72 div=0.00
21:17:25.321 EDGESNAP err=+4.42 edge->204.14
21:17:25.322 CUE cx=[191.69..202.00] adv=10.31 el=10.41 fresh | off=-0.08 fr=182.30 cc=163.30 raw=163.30 lead=+38.62 | pcr=204.143 head_rel=204.14 lag_ewma=6.89 | q=push to the limits. That's / called training camp right / th
21:17:25.322 ANCHOR pend_end=202.00 L=5.23 pinL=2.14 target=0.00 off=-0.08
21:17:25.322 CLOCK integ raw=163.30 prev=163.30 new=163.41 d=+0.112 fr=182.30 dt=0.112 rate=1.00 paused=False backlog=40.84 edge=204.25 div=0.00
21:17:25.415 CLOCK integ raw=163.30 prev=163.41 new=163.51 d=+0.093 fr=182.72 dt=0.093 rate=1.00 paused=False backlog=40.84 edge=204.35 div=0.00
21:17:25.539 CLOCK fold raw=163.59 prev=163.51 new=163.59 d=+0.083 fr=182.72 dt=0.124 rate=1.00 paused=False backlog=40.88 edge=204.47 div=0.00
21:17:25.632 PHASE PAUSE 1 min paused
21:17:25.633 XPORT pause target=- raw_pre=163.59 fr=182.72 cc=163.59 vid=163.30 rate=1.00 
21:17:25.635 CLOCK hold raw=163.59 prev=163.59 new=163.59 d=+0.000 fr=182.72 dt=0.096 rate=1.00 paused=True backlog=40.98 edge=204.57 div=0.00
21:17:25.788 TICK fr=182.72 cc=163.59 raw=163.59 vid=163.30 playing=0 started=1 stall=0 | d_fr_cc=+19.13 d_fr_raw=+19.13 d_cc_raw=+0.00 | off=-0.04 ccx_end=202.00 since_show=0.1 since_cue=0.4 | pcr=207.587 pid=100 head_rel=207.59 ccx_lag=5.59 | credit=182.7 capped=0.0 | fsize=94236128 feed=94144572 feed_behind=91556 | backlog=40.98 edge=204.57 div=0.00 lag_ewma=5.23
21:17:25.790 CLOCK hold raw=163.59 prev=163.59 new=163.59 d=+0.000 fr=183.16 dt=0.155 rate=1.00 paused=True backlog=41.13 edge=204.72 div=0.00
21:17:25.792 EDGESNAP err=+2.86 edge->207.59
21:17:25.793 CUE cx=[202.00..204.87] adv=2.87 el=0.49 fresh | off=-0.04 fr=183.16 cc=163.59 raw=163.59 lead=+41.24 | pcr=207.587 head_rel=207.59 lag_ewma=8.10 | q=called training camp right / there. Wake up with Good / Morn
21:17:25.794 CUE cx=[204.87..207.04] adv=2.17 el=0.00 fresh | off=-0.04 fr=183.16 cc=163.59 raw=163.59 lead=+43.41 | pcr=207.587 head_rel=207.59 lag_ewma=8.10 | q=there. Wake up with Good / Morning Football, your daily / de
21:17:25.895 ANCHOR pend_end=207.04 L=5.45 pinL=0.55 target=0.00 off=-0.04
21:17:25.895 CLOCK hold raw=163.59 prev=163.59 new=163.59 d=+0.000 fr=183.16 dt=0.105 rate=1.00 paused=True backlog=44.10 edge=207.69 div=0.00
21:17:25.997 CLOCK hold raw=163.59 prev=163.59 new=163.59 d=+0.000 fr=183.16 dt=0.102 rate=1.00 paused=True backlog=44.20 edge=207.79 div=0.00
21:17:26.098 CLOCK hold raw=163.59 prev=163.59 new=163.59 d=+0.000 fr=183.16 dt=0.102 rate=1.00 paused=True backlog=44.30 edge=207.89 div=0.00
21:17:26.201 CLOCK hold raw=163.59 prev=163.59 new=163.59 d=+0.000 fr=183.57 dt=0.102 rate=1.00 paused=True backlog=44.41 edge=208.00 div=0.00
21:17:26.303 CLOCK hold raw=163.59 prev=163.59 new=163.59 d=+0.000 fr=183.57 dt=0.102 rate=1.00 paused=True backlog=44.51 edge=208.10 div=0.00
21:17:26.405 CLOCK hold raw=163.59 prev=163.59 new=163.59 d=+0.000 fr=183.57 dt=0.102 rate=1.00 paused=True backlog=44.61 edge=208.20 div=0.00
21:17:26.506 CLOCK hold raw=163.59 prev=163.59 new=163.59 d=+0.000 fr=183.57 dt=0.102 rate=1.00 paused=True backlog=44.71 edge=208.30 div=0.00
21:17:26.709 XPORT1s pause raw=163.59 fr=183.57 cc=163.59 vid=163.59
21:17:26.710 CLOCK hold raw=163.59 prev=163.59 new=163.59 d=+0.000 fr=183.57 dt=0.204 rate=1.00 paused=True backlog=44.92 edge=208.51 div=0.00
21:17:26.913 CLOCK hold raw=163.59 prev=163.59 new=163.59 d=+0.000 fr=183.57 dt=0.203 rate=1.00 paused=True backlog=44.87 edge=208.46 div=0.00
21:17:27.014 CLOCK hold raw=163.59 prev=163.59 new=163.59 d=+0.000 fr=183.57 dt=0.101 rate=1.00 paused=True backlog=44.97 edge=208.56 div=0.00
21:17:27.116 CLOCK hold raw=163.59 prev=163.59 new=163.59 d=+0.000 fr=183.57 dt=0.101 rate=1.00 paused=True backlog=45.07 edge=208.66 div=0.00
21:17:27.217 CLOCK hold raw=163.59 prev=163.59 new=163.59 d=+0.000 fr=183.57 dt=0.101 rate=1.00 paused=True backlog=45.17 edge=208.76 div=0.00
21:17:27.318 CLOCK hold raw=163.59 prev=163.59 new=163.59 d=+0.000 fr=183.57 dt=0.101 rate=1.00 paused=True backlog=45.27 edge=208.86 div=0.00
21:17:27.419 CLOCK hold raw=163.59 prev=163.59 new=163.59 d=+0.000 fr=183.57 dt=0.101 rate=1.00 paused=True backlog=45.37 edge=208.97 div=0.00
21:17:27.520 CLOCK hold raw=163.59 prev=163.59 new=163.59 d=+0.000 fr=183.57 dt=0.101 rate=1.00 paused=True backlog=45.48 edge=209.07 div=0.00
21:17:27.621 CLOCK hold raw=163.59 prev=163.59 new=163.59 d=+0.000 fr=183.57 dt=0.101 rate=1.00 paused=True backlog=45.58 edge=209.17 div=0.00
21:17:27.722 CLOCK hold raw=163.59 prev=163.59 new=163.59 d=+0.000 fr=183.57 dt=0.101 rate=1.00 paused=True backlog=45.68 edge=209.27 div=0.00
21:17:27.823 CLOCK hold raw=163.59 prev=163.59 new=163.59 d=+0.000 fr=183.57 dt=0.101 rate=1.00 paused=True backlog=45.78 edge=209.37 div=0.00
21:17:27.924 CLOCK hold raw=163.59 prev=163.59 new=163.59 d=+0.000 fr=183.57 dt=0.101 rate=1.00 paused=True backlog=45.88 edge=209.47 div=0.00
21:17:28.025 CLOCK hold raw=163.59 prev=163.59 new=163.59 d=+0.000 fr=183.57 dt=0.101 rate=1.00 paused=True backlog=45.98 edge=209.57 div=0.00
21:17:28.227 CLOCK hold raw=163.59 prev=163.59 new=163.59 d=+0.000 fr=183.57 dt=0.201 rate=1.00 paused=True backlog=46.18 edge=209.77 div=0.00
21:17:28.328 CLOCK hold raw=163.59 prev=163.59 new=163.59 d=+0.000 fr=183.57 dt=0.101 rate=1.00 paused=True backlog=46.28 edge=209.87 div=0.00
21:17:28.429 CLOCK hold raw=163.59 prev=163.59 new=163.59 d=+0.000 fr=183.57 dt=0.101 rate=1.00 paused=True backlog=46.38 edge=209.98 div=0.00
21:17:28.530 CLOCK hold raw=163.59 prev=163.59 new=163.59 d=+0.000 fr=183.57 dt=0.101 rate=1.00 paused=True backlog=46.49 edge=210.08 div=0.00
21:17:28.631 CLOCK hold raw=163.59 prev=163.59 new=163.59 d=+0.000 fr=183.57 dt=0.102 rate=1.00 paused=True backlog=46.59 edge=210.18 div=0.00
21:17:28.733 CLOCK hold raw=163.59 prev=163.59 new=163.59 d=+0.000 fr=183.57 dt=0.101 rate=1.00 paused=True backlog=46.69 edge=210.28 div=0.00
21:17:28.834 CLOCK hold raw=163.59 prev=163.59 new=163.59 d=+0.000 fr=183.57 dt=0.101 rate=1.00 paused=True backlog=45.65 edge=209.24 div=0.00
21:17:28.936 CLOCK hold raw=163.59 prev=163.59 new=163.59 d=+0.000 fr=183.57 dt=0.102 rate=1.00 paused=True backlog=45.75 edge=209.35 div=0.00
21:17:29.037 CLOCK hold raw=163.59 prev=163.59 new=163.59 d=+0.000 fr=183.57 dt=0.101 rate=1.00 paused=True backlog=45.86 edge=209.45 div=0.00
21:17:29.138 CLOCK hold raw=163.59 prev=163.59 new=163.59 d=+0.000 fr=183.57 dt=0.101 rate=1.00 paused=True backlog=45.96 edge=209.55 div=0.00
21:17:29.239 CLOCK hold raw=163.59 prev=163.59 new=163.59 d=+0.000 fr=183.57 dt=0.101 rate=1.00 paused=True backlog=46.06 edge=209.65 div=0.00
21:17:29.340 CLOCK hold raw=163.59 prev=163.59 new=163.59 d=+0.000 fr=183.57 dt=0.101 rate=1.00 paused=True backlog=46.16 edge=209.75 div=0.00
21:17:29.542 CLOCK hold raw=163.59 prev=163.59 new=163.59 d=+0.000 fr=183.57 dt=0.202 rate=1.00 paused=True backlog=46.36 edge=209.95 div=0.00
21:17:29.643 CLOCK hold raw=163.59 prev=163.59 new=163.59 d=+0.000 fr=183.57 dt=0.101 rate=1.00 paused=True backlog=46.46 edge=210.05 div=0.00
21:17:29.744 CLOCK hold raw=163.59 prev=163.59 new=163.59 d=+0.000 fr=183.57 dt=0.101 rate=1.00 paused=True backlog=46.56 edge=210.15 div=0.00
21:17:29.845 CLOCK hold raw=163.59 prev=163.59 new=163.59 d=+0.000 fr=183.57 dt=0.101 rate=1.00 paused=True backlog=46.66 edge=210.25 div=0.00
21:17:29.946 CLOCK hold raw=163.59 prev=163.59 new=163.59 d=+0.000 fr=187.21 dt=0.101 rate=1.00 paused=True backlog=46.77 edge=210.36 div=0.00
21:17:30.047 CLOCK hold raw=163.59 prev=163.59 new=163.59 d=+0.000 fr=187.21 dt=0.101 rate=1.00 paused=True backlog=46.87 edge=210.46 div=0.00
21:17:30.069 CUE cx=[207.04..209.17] adv=2.14 el=4.25 fresh | off=-0.02 fr=187.21 cc=163.59 raw=163.59 lead=+45.56 | pcr=211.202 head_rel=211.20 lag_ewma=5.45 | q=Morning Football, your daily / destination for all things NF
21:17:30.171 ANCHOR pend_end=209.17 L=4.25 pinL=2.03 target=-0.37 off=-0.02
21:17:30.172 CLOCK hold raw=163.59 prev=163.59 new=163.59 d=+0.000 fr=187.21 dt=0.125 rate=1.00 paused=True backlog=47.36 edge=210.95 div=0.00
21:17:30.273 CLOCK hold raw=163.59 prev=163.59 new=163.59 d=+0.000 fr=187.64 dt=0.101 rate=1.00 paused=True backlog=47.46 edge=211.06 div=0.00
21:17:30.377 CUE cx=[209.18..210.98] adv=1.80 el=0.33 fresh | off=-0.20 fr=187.64 cc=163.59 raw=163.59 lead=+47.19 | pcr=212.400 head_rel=212.40 lag_ewma=4.25 | q=destination for all things NFL. / Now on the ESPN app. A hug
21:17:30.377 ANCHOR pend_end=210.98 L=3.26 pinL=1.42 target=-0.67 off=-0.20
21:17:30.378 CLOCK hold raw=163.59 prev=163.59 new=163.59 d=+0.000 fr=187.64 dt=0.105 rate=1.00 paused=True backlog=48.24 edge=211.83 div=0.00
21:17:30.478 CLOCK hold raw=163.59 prev=163.59 new=163.59 d=+0.000 fr=187.64 dt=0.101 rate=1.00 paused=True backlog=48.34 edge=211.93 div=0.00
21:17:30.580 CLOCK hold raw=163.59 prev=163.59 new=163.59 d=+0.000 fr=187.64 dt=0.102 rate=1.00 paused=True backlog=48.44 edge=212.03 div=0.00
21:17:30.682 CLOCK hold raw=163.59 prev=163.59 new=163.59 d=+0.000 fr=187.64 dt=0.102 rate=1.00 paused=True backlog=48.55 edge=212.14 div=0.00
21:17:30.686 TICK fr=187.64 cc=163.59 raw=163.59 vid=163.59 playing=0 started=1 stall=0 | d_fr_cc=+24.05 d_fr_raw=+24.05 d_cc_raw=+0.00 | off=-0.43 ccx_end=210.98 since_show=0.0 since_cue=0.3 | pcr=212.400 pid=100 head_rel=212.40 ccx_lag=1.42 | credit=187.6 capped=0.0 | fsize=95993928 feed=95993928 feed_behind=0 | backlog=48.55 edge=212.14 div=0.00 lag_ewma=3.26
21:17:30.788 CLOCK hold raw=163.59 prev=163.59 new=163.59 d=+0.000 fr=187.64 dt=0.105 rate=1.00 paused=True backlog=48.78 edge=212.37 div=0.00
21:17:30.889 CLOCK hold raw=163.59 prev=163.59 new=163.59 d=+0.000 fr=187.64 dt=0.102 rate=1.00 paused=True backlog=48.88 edge=212.47 div=0.00
21:17:30.990 CLOCK hold raw=163.59 prev=163.59 new=163.59 d=+0.000 fr=187.64 dt=0.101 rate=1.00 paused=True backlog=48.98 edge=212.58 div=0.00
21:17:31.094 CLOCK hold raw=163.59 prev=163.59 new=163.59 d=+0.000 fr=187.64 dt=0.103 rate=1.00 paused=True backlog=49.09 edge=212.68 div=0.00
21:17:31.195 CLOCK hold raw=163.59 prev=163.59 new=163.59 d=+0.000 fr=187.64 dt=0.101 rate=1.00 paused=True backlog=49.19 edge=212.78 div=0.00
21:17:31.396 CLOCK hold raw=163.59 prev=163.59 new=163.59 d=+0.000 fr=187.64 dt=0.202 rate=1.00 paused=True backlog=49.39 edge=212.98 div=0.00
21:17:31.497 CLOCK hold raw=163.59 prev=163.59 new=163.59 d=+0.000 fr=187.64 dt=0.101 rate=1.00 paused=True backlog=49.49 edge=213.08 div=0.00
21:17:31.599 CLOCK hold raw=163.59 prev=163.59 new=163.59 d=+0.000 fr=187.64 dt=0.102 rate=1.00 paused=True backlog=49.59 edge=213.18 div=0.00
21:17:31.700 CLOCK hold raw=163.59 prev=163.59 new=163.59 d=+0.000 fr=187.64 dt=0.101 rate=1.00 paused=True backlog=49.69 edge=213.29 div=0.00
21:17:31.801 CLOCK hold raw=163.59 prev=163.59 new=163.59 d=+0.000 fr=187.64 dt=0.101 rate=1.00 paused=True backlog=49.80 edge=213.39 div=0.00
21:17:31.902 CLOCK hold raw=163.59 prev=163.59 new=163.59 d=+0.000 fr=187.64 dt=0.101 rate=1.00 paused=True backlog=49.90 edge=213.49 div=0.00
21:17:32.003 CLOCK hold raw=163.59 prev=163.59 new=163.59 d=+0.000 fr=187.64 dt=0.101 rate=1.00 paused=True backlog=50.00 edge=213.59 div=0.00
21:17:32.104 CLOCK hold raw=163.59 prev=163.59 new=163.59 d=+0.000 fr=187.64 dt=0.101 rate=1.00 paused=True backlog=50.10 edge=213.69 div=0.00
21:17:32.206 CLOCK hold raw=163.59 prev=163.59 new=163.59 d=+0.000 fr=187.64 dt=0.102 rate=1.00 paused=True backlog=50.20 edge=213.79 div=0.00
21:17:32.307 CLOCK hold raw=163.59 prev=163.59 new=163.59 d=+0.000 fr=187.64 dt=0.101 rate=1.00 paused=True backlog=50.30 edge=213.89 div=0.00
21:17:32.408 CLOCK hold raw=163.59 prev=163.59 new=163.59 d=+0.000 fr=187.64 dt=0.101 rate=1.00 paused=True backlog=50.40 edge=213.99 div=0.00
21:17:32.509 CLOCK hold raw=163.59 prev=163.59 new=163.59 d=+0.000 fr=187.64 dt=0.101 rate=1.00 paused=True backlog=50.50 edge=214.10 div=0.00
21:17:32.711 CLOCK hold raw=163.59 prev=163.59 new=163.59 d=+0.000 fr=187.64 dt=0.202 rate=1.00 paused=True backlog=50.71 edge=214.30 div=0.00
21:17:32.812 CLOCK hold raw=163.59 prev=163.59 new=163.59 d=+0.000 fr=187.64 dt=0.101 rate=1.00 paused=True backlog=50.81 edge=214.40 div=0.00
21:17:32.914 CLOCK hold raw=163.59 prev=163.59 new=163.59 d=+0.000 fr=187.64 dt=0.102 rate=1.00 paused=True backlog=49.91 edge=213.50 div=0.00
21:17:33.016 CLOCK hold raw=163.59 prev=163.59 new=163.59 d=+0.000 fr=187.64 dt=0.102 rate=1.00 paused=True backlog=50.01 edge=213.60 div=0.00
21:17:33.117 CLOCK hold raw=163.59 prev=163.59 new=163.59 d=+0.000 fr=187.64 dt=0.101 rate=1.00 paused=True backlog=50.11 edge=213.70 div=0.00
21:17:33.219 CLOCK hold raw=163.59 prev=163.59 new=163.59 d=+0.000 fr=187.64 dt=0.102 rate=1.00 paused=True backlog=50.21 edge=213.81 div=0.00
21:17:33.320 CLOCK hold raw=163.59 prev=163.59 new=163.59 d=+0.000 fr=187.64 dt=0.101 rate=1.00 paused=True backlog=50.32 edge=213.91 div=0.00
21:17:33.422 CLOCK hold raw=163.59 prev=163.59 new=163.59 d=+0.000 fr=187.64 dt=0.101 rate=1.00 paused=True backlog=50.42 edge=214.01 div=0.00
21:17:33.522 CLOCK hold raw=163.59 prev=163.59 new=163.59 d=+0.000 fr=187.64 dt=0.101 rate=1.00 paused=True backlog=50.52 edge=214.11 div=0.00
21:17:33.624 CLOCK hold raw=163.59 prev=163.59 new=163.59 d=+0.000 fr=187.64 dt=0.102 rate=1.00 paused=True backlog=50.62 edge=214.21 div=0.00
21:17:33.826 CLOCK hold raw=163.59 prev=163.59 new=163.59 d=+0.000 fr=187.64 dt=0.202 rate=1.00 paused=True backlog=50.82 edge=214.41 div=0.00
21:17:33.928 CLOCK hold raw=163.59 prev=163.59 new=163.59 d=+0.000 fr=187.64 dt=0.102 rate=1.00 paused=True backlog=50.92 edge=214.51 div=0.00
21:17:34.029 CLOCK hold raw=163.59 prev=163.59 new=163.59 d=+0.000 fr=187.64 dt=0.102 rate=1.00 paused=True backlog=51.02 edge=214.62 div=0.00
21:17:34.131 CLOCK hold raw=163.59 prev=163.59 new=163.59 d=+0.000 fr=187.64 dt=0.101 rate=1.00 paused=True backlog=51.13 edge=214.72 div=0.00
21:17:34.233 CLOCK hold raw=163.59 prev=163.59 new=163.59 d=+0.000 fr=187.64 dt=0.101 rate=1.00 paused=True backlog=51.23 edge=214.82 div=0.00
21:17:34.334 CLOCK hold raw=163.59 prev=163.59 new=163.59 d=+0.000 fr=187.64 dt=0.102 rate=1.00 paused=True backlog=51.33 edge=214.92 div=0.00
21:17:34.436 CLOCK hold raw=163.59 prev=163.59 new=163.59 d=+0.000 fr=187.64 dt=0.102 rate=1.00 paused=True backlog=51.43 edge=215.02 div=0.00
21:17:34.537 CLOCK hold raw=163.59 prev=163.59 new=163.59 d=+0.000 fr=187.64 dt=0.101 rate=1.00 paused=True backlog=51.53 edge=215.12 div=0.00
21:17:34.638 CLOCK hold raw=163.59 prev=163.59 new=163.59 d=+0.000 fr=187.64 dt=0.101 rate=1.00 paused=True backlog=51.63 edge=215.22 div=0.00
21:17:34.740 CLOCK hold raw=163.59 prev=163.59 new=163.59 d=+0.000 fr=187.64 dt=0.101 rate=1.00 paused=True backlog=51.73 edge=215.33 div=0.00
21:17:34.862 CLOCK hold raw=163.59 prev=163.59 new=163.59 d=+0.000 fr=187.64 dt=0.123 rate=1.00 paused=True backlog=50.67 edge=214.27 div=0.00
21:17:34.963 CLOCK hold raw=163.59 prev=163.59 new=163.59 d=+0.000 fr=187.64 dt=0.101 rate=1.00 paused=True backlog=50.78 edge=214.37 div=0.00
21:17:35.064 CLOCK hold raw=163.59 prev=163.59 new=163.59 d=+0.000 fr=187.64 dt=0.101 rate=1.00 paused=True backlog=50.88 edge=214.47 div=0.00
21:17:35.165 CLOCK hold raw=163.59 prev=163.59 new=163.59 d=+0.000 fr=192.53 dt=0.101 rate=1.00 paused=True backlog=50.98 edge=214.57 div=0.00
21:17:35.266 CLOCK hold raw=163.59 prev=163.59 new=163.59 d=+0.000 fr=192.53 dt=0.101 rate=1.00 paused=True backlog=51.08 edge=214.67 div=0.00
21:17:35.367 CLOCK hold raw=163.59 prev=163.59 new=163.59 d=+0.000 fr=192.53 dt=0.101 rate=1.00 paused=True backlog=51.18 edge=214.77 div=0.00
21:17:35.570 CLOCK hold raw=163.59 prev=163.59 new=163.59 d=+0.000 fr=192.53 dt=0.202 rate=1.00 paused=True backlog=51.38 edge=214.97 div=0.00
21:17:35.671 CLOCK hold raw=163.59 prev=163.59 new=163.59 d=+0.000 fr=192.53 dt=0.101 rate=1.00 paused=True backlog=51.48 edge=215.07 div=0.00
21:17:35.786 TICK fr=192.53 cc=163.59 raw=163.59 vid=163.59 playing=0 started=1 stall=0 | d_fr_cc=+28.94 d_fr_raw=+28.94 d_cc_raw=+0.00 | off=-0.43 ccx_end=210.98 since_show=0.1 since_cue=5.4 | pcr=213.384 pid=100 head_rel=213.38 ccx_lag=2.41 | credit=192.5 capped=0.0 | fsize=96460920 feed=96333080 feed_behind=127840 | backlog=51.48 edge=215.07 div=0.00 lag_ewma=3.26
21:17:35.787 CLOCK hold raw=163.59 prev=163.59 new=163.59 d=+0.000 fr=192.53 dt=0.117 rate=1.00 paused=True backlog=51.60 edge=215.19 div=0.00
21:17:35.888 CLOCK hold raw=163.59 prev=163.59 new=163.59 d=+0.000 fr=192.53 dt=0.101 rate=1.00 paused=True backlog=51.70 edge=215.29 div=0.00
21:17:35.990 CLOCK hold raw=163.59 prev=163.59 new=163.59 d=+0.000 fr=193.26 dt=0.102 rate=1.00 paused=True backlog=51.80 edge=215.39 div=0.00
21:17:36.091 CLOCK hold raw=163.59 prev=163.59 new=163.59 d=+0.000 fr=193.26 dt=0.101 rate=1.00 paused=True backlog=51.90 edge=215.50 div=0.00
21:17:36.108 CUE cx=[210.98..213.51] adv=2.54 el=5.72 fresh | off=-0.43 fr=193.26 cc=163.59 raw=163.59 lead=+49.49 | pcr=215.986 head_rel=215.99 lag_ewma=3.26 | q=Now on the ESPN app. A huge win. / I couldn't help but smile
21:17:36.209 ANCHOR pend_end=213.51 L=2.99 pinL=2.47 target=-0.25 off=-0.43
21:17:36.209 CLOCK hold raw=163.59 prev=163.59 new=163.59 d=+0.000 fr=193.26 dt=0.117 rate=1.00 paused=True backlog=52.27 edge=215.86 div=0.00
21:17:36.310 CLOCK hold raw=163.59 prev=163.59 new=163.59 d=+0.000 fr=193.26 dt=0.101 rate=1.00 paused=True backlog=52.37 edge=215.96 div=0.00
21:17:36.411 CLOCK hold raw=163.59 prev=163.59 new=163.59 d=+0.000 fr=193.68 dt=0.101 rate=1.00 paused=True backlog=52.47 edge=216.06 div=0.00
21:17:36.512 CLOCK hold raw=163.59 prev=163.59 new=163.59 d=+0.000 fr=193.68 dt=0.101 rate=1.00 paused=True backlog=52.57 edge=216.16 div=0.00
21:17:36.614 CLOCK hold raw=163.59 prev=163.59 new=163.59 d=+0.000 fr=193.68 dt=0.102 rate=1.00 paused=True backlog=52.67 edge=216.26 div=0.00
21:17:36.715 CLOCK hold raw=163.59 prev=163.59 new=163.59 d=+0.000 fr=193.68 dt=0.101 rate=1.00 paused=True backlog=52.77 edge=216.36 div=0.00
21:17:36.817 CLOCK hold raw=163.59 prev=163.59 new=163.59 d=+0.000 fr=193.68 dt=0.102 rate=1.00 paused=True backlog=52.69 edge=216.28 div=0.00
21:17:36.918 CLOCK hold raw=163.59 prev=163.59 new=163.59 d=+0.000 fr=193.68 dt=0.102 rate=1.00 paused=True backlog=52.79 edge=216.38 div=0.00
21:17:37.019 CLOCK hold raw=163.59 prev=163.59 new=163.59 d=+0.000 fr=193.68 dt=0.101 rate=1.00 paused=True backlog=52.89 edge=216.48 div=0.00
21:17:37.121 CLOCK hold raw=163.59 prev=163.59 new=163.59 d=+0.000 fr=193.68 dt=0.101 rate=1.00 paused=True backlog=52.99 edge=216.58 div=0.00
21:17:37.323 CLOCK hold raw=163.59 prev=163.59 new=163.59 d=+0.000 fr=193.68 dt=0.202 rate=1.00 paused=True backlog=53.19 edge=216.78 div=0.00
21:17:37.424 CLOCK hold raw=163.59 prev=163.59 new=163.59 d=+0.000 fr=193.68 dt=0.101 rate=1.00 paused=True backlog=53.29 edge=216.88 div=0.00
21:17:37.525 CLOCK hold raw=163.59 prev=163.59 new=163.59 d=+0.000 fr=193.68 dt=0.101 rate=1.00 paused=True backlog=53.39 edge=216.98 div=0.00
21:17:37.626 CLOCK hold raw=163.59 prev=163.59 new=163.59 d=+0.000 fr=193.68 dt=0.101 rate=1.00 paused=True backlog=53.49 edge=217.09 div=0.00
21:17:37.727 CLOCK hold raw=163.59 prev=163.59 new=163.59 d=+0.000 fr=193.68 dt=0.101 rate=1.00 paused=True backlog=53.60 edge=217.19 div=0.00
21:17:37.828 CLOCK hold raw=163.59 prev=163.59 new=163.59 d=+0.000 fr=193.68 dt=0.101 rate=1.00 paused=True backlog=53.70 edge=217.29 div=0.00
21:17:37.930 CLOCK hold raw=163.59 prev=163.59 new=163.59 d=+0.000 fr=193.68 dt=0.102 rate=1.00 paused=True backlog=53.80 edge=217.39 div=0.00
21:17:38.031 CLOCK hold raw=163.59 prev=163.59 new=163.59 d=+0.000 fr=193.68 dt=0.102 rate=1.00 paused=True backlog=53.90 edge=217.49 div=0.00
21:17:38.132 CLOCK hold raw=163.59 prev=163.59 new=163.59 d=+0.000 fr=193.68 dt=0.101 rate=1.00 paused=True backlog=54.00 edge=217.59 div=0.00
21:17:38.233 CLOCK hold raw=163.59 prev=163.59 new=163.59 d=+0.000 fr=193.68 dt=0.101 rate=1.00 paused=True backlog=54.10 edge=217.69 div=0.00
21:17:38.335 CLOCK hold raw=163.59 prev=163.59 new=163.59 d=+0.000 fr=193.68 dt=0.101 rate=1.00 paused=True backlog=54.20 edge=217.79 div=0.00
21:17:38.436 CLOCK hold raw=163.59 prev=163.59 new=163.59 d=+0.000 fr=193.68 dt=0.101 rate=1.00 paused=True backlog=54.30 edge=217.90 div=0.00
21:17:38.637 CLOCK hold raw=163.59 prev=163.59 new=163.59 d=+0.000 fr=193.68 dt=0.202 rate=1.00 paused=True backlog=54.51 edge=218.10 div=0.00
21:17:38.738 CLOCK hold raw=163.59 prev=163.59 new=163.59 d=+0.000 fr=193.68 dt=0.101 rate=1.00 paused=True backlog=54.61 edge=218.20 div=0.00
21:17:38.840 CLOCK hold raw=163.59 prev=163.59 new=163.59 d=+0.000 fr=193.68 dt=0.102 rate=1.00 paused=True backlog=53.60 edge=217.19 div=0.00
21:17:38.941 CLOCK hold raw=163.59 prev=163.59 new=163.59 d=+0.000 fr=193.68 dt=0.102 rate=1.00 paused=True backlog=53.70 edge=217.29 div=0.00
21:17:39.042 CLOCK hold raw=163.59 prev=163.59 new=163.59 d=+0.000 fr=193.68 dt=0.101 rate=1.00 paused=True backlog=53.80 edge=217.40 div=0.00
21:17:39.143 CLOCK hold raw=163.59 prev=163.59 new=163.59 d=+0.000 fr=193.68 dt=0.101 rate=1.00 paused=True backlog=53.91 edge=217.50 div=0.00
21:17:39.245 CLOCK hold raw=163.59 prev=163.59 new=163.59 d=+0.000 fr=193.68 dt=0.101 rate=1.00 paused=True backlog=54.01 edge=217.60 div=0.00
21:17:39.345 CLOCK hold raw=163.59 prev=163.59 new=163.59 d=+0.000 fr=193.68 dt=0.101 rate=1.00 paused=True backlog=54.11 edge=217.70 div=0.00
21:17:39.446 CLOCK hold raw=163.59 prev=163.59 new=163.59 d=+0.000 fr=193.68 dt=0.101 rate=1.00 paused=True backlog=54.21 edge=217.80 div=0.00
21:17:39.547 CLOCK hold raw=163.59 prev=163.59 new=163.59 d=+0.000 fr=193.68 dt=0.101 rate=1.00 paused=True backlog=54.31 edge=217.90 div=0.00
21:17:39.750 CLOCK hold raw=163.59 prev=163.59 new=163.59 d=+0.000 fr=193.68 dt=0.202 rate=1.00 paused=True backlog=54.51 edge=218.10 div=0.00
21:17:39.851 CLOCK hold raw=163.59 prev=163.59 new=163.59 d=+0.000 fr=193.68 dt=0.101 rate=1.00 paused=True backlog=54.61 edge=218.20 div=0.00
21:17:39.952 CLOCK hold raw=163.59 prev=163.59 new=163.59 d=+0.000 fr=193.68 dt=0.101 rate=1.00 paused=True backlog=54.71 edge=218.31 div=0.00
21:17:40.053 CLOCK hold raw=163.59 prev=163.59 new=163.59 d=+0.000 fr=193.68 dt=0.101 rate=1.00 paused=True backlog=54.82 edge=218.41 div=0.00
21:17:40.155 CLOCK hold raw=163.59 prev=163.59 new=163.59 d=+0.000 fr=193.68 dt=0.102 rate=1.00 paused=True backlog=54.92 edge=218.51 div=0.00
21:17:40.257 CLOCK hold raw=163.59 prev=163.59 new=163.59 d=+0.000 fr=193.68 dt=0.102 rate=1.00 paused=True backlog=55.02 edge=218.61 div=0.00
21:17:40.358 CLOCK hold raw=163.59 prev=163.59 new=163.59 d=+0.000 fr=193.68 dt=0.101 rate=1.00 paused=True backlog=55.12 edge=218.71 div=0.00
21:17:40.459 CLOCK hold raw=163.59 prev=163.59 new=163.59 d=+0.000 fr=193.68 dt=0.101 rate=1.00 paused=True backlog=55.22 edge=218.81 div=0.00
21:17:40.560 CLOCK hold raw=163.59 prev=163.59 new=163.59 d=+0.000 fr=193.68 dt=0.101 rate=1.00 paused=True backlog=55.32 edge=218.91 div=0.00
21:17:40.662 CLOCK hold raw=163.59 prev=163.59 new=163.59 d=+0.000 fr=193.68 dt=0.101 rate=1.00 paused=True backlog=55.42 edge=219.01 div=0.00
21:17:40.781 TICK fr=193.68 cc=163.59 raw=163.59 vid=163.59 playing=0 started=1 stall=0 | d_fr_cc=+30.09 d_fr_raw=+30.09 d_cc_raw=+0.00 | off=-0.34 ccx_end=213.51 since_show=0.1 since_cue=4.7 | pcr=216.335 pid=100 head_rel=216.33 ccx_lag=2.82 | credit=193.7 capped=0.0 | fsize=97836704 feed=97609600 feed_behind=227104 | backlog=55.42 edge=219.01 div=0.00 lag_ewma=2.99
21:17:40.781 CLOCK hold raw=163.59 prev=163.59 new=163.59 d=+0.000 fr=193.68 dt=0.119 rate=1.00 paused=True backlog=55.54 edge=219.13 div=0.00
21:17:40.797 EDGESNAP err=-2.59 edge->216.55
21:17:40.898 CLOCK hold raw=163.59 prev=163.59 new=163.59 d=+0.000 fr=198.16 dt=0.117 rate=1.00 paused=True backlog=53.07 edge=216.66 div=0.00
21:17:41.000 CLOCK hold raw=163.59 prev=163.59 new=163.59 d=+0.000 fr=198.16 dt=0.102 rate=1.00 paused=True backlog=53.17 edge=216.77 div=0.00
21:17:41.101 CLOCK hold raw=163.59 prev=163.59 new=163.59 d=+0.000 fr=198.16 dt=0.102 rate=1.00 paused=True backlog=53.28 edge=216.87 div=0.00
21:17:41.203 CLOCK hold raw=163.59 prev=163.59 new=163.59 d=+0.000 fr=198.57 dt=0.101 rate=1.00 paused=True backlog=53.38 edge=216.97 div=0.00
21:17:41.304 CLOCK hold raw=163.59 prev=163.59 new=163.59 d=+0.000 fr=198.57 dt=0.101 rate=1.00 paused=True backlog=53.48 edge=217.07 div=0.00
21:17:41.506 CLOCK hold raw=163.59 prev=163.59 new=163.59 d=+0.000 fr=198.57 dt=0.201 rate=1.00 paused=True backlog=53.68 edge=217.27 div=0.00
21:17:41.607 CLOCK hold raw=163.59 prev=163.59 new=163.59 d=+0.000 fr=198.57 dt=0.101 rate=1.00 paused=True backlog=53.78 edge=217.37 div=0.00
21:17:41.708 CLOCK hold raw=163.59 prev=163.59 new=163.59 d=+0.000 fr=198.57 dt=0.101 rate=1.00 paused=True backlog=53.88 edge=217.47 div=0.00
21:17:41.809 CLOCK hold raw=163.59 prev=163.59 new=163.59 d=+0.000 fr=198.57 dt=0.101 rate=1.00 paused=True backlog=53.98 edge=217.58 div=0.00
21:17:41.910 CLOCK hold raw=163.59 prev=163.59 new=163.59 d=+0.000 fr=198.57 dt=0.101 rate=1.00 paused=True backlog=54.09 edge=217.68 div=0.00
21:17:42.011 CLOCK hold raw=163.59 prev=163.59 new=163.59 d=+0.000 fr=198.57 dt=0.101 rate=1.00 paused=True backlog=54.19 edge=217.78 div=0.00
21:17:42.113 CLOCK hold raw=163.59 prev=163.59 new=163.59 d=+0.000 fr=198.57 dt=0.101 rate=1.00 paused=True backlog=54.29 edge=217.88 div=0.00
21:17:42.213 CLOCK hold raw=163.59 prev=163.59 new=163.59 d=+0.000 fr=198.57 dt=0.101 rate=1.00 paused=True backlog=54.39 edge=217.98 div=0.00
21:17:42.314 CLOCK hold raw=163.59 prev=163.59 new=163.59 d=+0.000 fr=198.57 dt=0.101 rate=1.00 paused=True backlog=54.49 edge=218.08 div=0.00
21:17:42.416 CLOCK hold raw=163.59 prev=163.59 new=163.59 d=+0.000 fr=198.57 dt=0.101 rate=1.00 paused=True backlog=54.59 edge=218.18 div=0.00
21:17:42.517 CLOCK hold raw=163.59 prev=163.59 new=163.59 d=+0.000 fr=198.57 dt=0.101 rate=1.00 paused=True backlog=54.69 edge=218.28 div=0.00
21:17:42.618 CLOCK hold raw=163.59 prev=163.59 new=163.59 d=+0.000 fr=198.57 dt=0.101 rate=1.00 paused=True backlog=54.79 edge=218.38 div=0.00
21:17:42.820 CLOCK hold raw=163.59 prev=163.59 new=163.59 d=+0.000 fr=198.57 dt=0.202 rate=1.00 paused=True backlog=55.00 edge=218.59 div=0.00
21:17:43.039 CLOCK hold raw=163.59 prev=163.59 new=163.59 d=+0.000 fr=198.57 dt=0.219 rate=1.00 paused=True backlog=55.60 edge=219.19 div=0.00
21:17:43.141 CLOCK hold raw=163.59 prev=163.59 new=163.59 d=+0.000 fr=198.57 dt=0.101 rate=1.00 paused=True backlog=55.70 edge=219.29 div=0.00
21:17:43.241 CLOCK hold raw=163.59 prev=163.59 new=163.59 d=+0.000 fr=198.57 dt=0.101 rate=1.00 paused=True backlog=55.80 edge=219.39 div=0.00
21:17:43.343 CLOCK hold raw=163.59 prev=163.59 new=163.59 d=+0.000 fr=198.57 dt=0.101 rate=1.00 paused=True backlog=55.90 edge=219.50 div=0.00
21:17:43.444 CLOCK hold raw=163.59 prev=163.59 new=163.59 d=+0.000 fr=198.57 dt=0.101 rate=1.00 paused=True backlog=56.01 edge=219.60 div=0.00
21:17:43.545 CLOCK hold raw=163.59 prev=163.59 new=163.59 d=+0.000 fr=198.57 dt=0.101 rate=1.00 paused=True backlog=56.11 edge=219.70 div=0.00
21:17:43.646 CLOCK hold raw=163.59 prev=163.59 new=163.59 d=+0.000 fr=198.57 dt=0.101 rate=1.00 paused=True backlog=56.21 edge=219.80 div=0.00
21:17:43.747 CLOCK hold raw=163.59 prev=163.59 new=163.59 d=+0.000 fr=198.57 dt=0.101 rate=1.00 paused=True backlog=56.31 edge=219.90 div=0.00
21:17:43.848 CLOCK hold raw=163.59 prev=163.59 new=163.59 d=+0.000 fr=198.57 dt=0.101 rate=1.00 paused=True backlog=56.41 edge=220.00 div=0.00
21:17:44.050 CLOCK hold raw=163.59 prev=163.59 new=163.59 d=+0.000 fr=198.57 dt=0.202 rate=1.00 paused=True backlog=56.61 edge=220.20 div=0.00
21:17:44.152 CLOCK hold raw=163.59 prev=163.59 new=163.59 d=+0.000 fr=198.57 dt=0.102 rate=1.00 paused=True backlog=56.71 edge=220.30 div=0.00
21:17:44.253 CLOCK hold raw=163.59 prev=163.59 new=163.59 d=+0.000 fr=198.57 dt=0.101 rate=1.00 paused=True backlog=56.82 edge=220.41 div=0.00
21:17:44.354 CLOCK hold raw=163.59 prev=163.59 new=163.59 d=+0.000 fr=198.57 dt=0.101 rate=1.00 paused=True backlog=56.92 edge=220.51 div=0.00
21:17:44.455 CLOCK hold raw=163.59 prev=163.59 new=163.59 d=+0.000 fr=198.57 dt=0.101 rate=1.00 paused=True backlog=57.02 edge=220.61 div=0.00
21:17:44.557 CLOCK hold raw=163.59 prev=163.59 new=163.59 d=+0.000 fr=198.57 dt=0.101 rate=1.00 paused=True backlog=57.12 edge=220.71 div=0.00
21:17:44.658 CLOCK hold raw=163.59 prev=163.59 new=163.59 d=+0.000 fr=198.57 dt=0.101 rate=1.00 paused=True backlog=57.22 edge=220.81 div=0.00
21:17:44.759 CLOCK hold raw=163.59 prev=163.59 new=163.59 d=+0.000 fr=198.57 dt=0.101 rate=1.00 paused=True backlog=57.32 edge=220.91 div=0.00
21:17:44.861 CLOCK hold raw=163.59 prev=163.59 new=163.59 d=+0.000 fr=198.57 dt=0.102 rate=1.00 paused=True backlog=56.65 edge=220.24 div=0.00
21:17:44.962 CLOCK hold raw=163.59 prev=163.59 new=163.59 d=+0.000 fr=198.57 dt=0.101 rate=1.00 paused=True backlog=56.75 edge=220.34 div=0.00
21:17:45.064 CLOCK hold raw=163.59 prev=163.59 new=163.59 d=+0.000 fr=198.57 dt=0.101 rate=1.00 paused=True backlog=56.85 edge=220.44 div=0.00
21:17:45.164 CLOCK hold raw=163.59 prev=163.59 new=163.59 d=+0.000 fr=198.57 dt=0.101 rate=1.00 paused=True backlog=56.95 edge=220.54 div=0.00
21:17:45.366 CLOCK hold raw=163.59 prev=163.59 new=163.59 d=+0.000 fr=198.57 dt=0.202 rate=1.00 paused=True backlog=57.15 edge=220.74 div=0.00
21:17:45.467 CLOCK hold raw=163.59 prev=163.59 new=163.59 d=+0.000 fr=198.57 dt=0.101 rate=1.00 paused=True backlog=57.25 edge=220.84 div=0.00
21:17:45.569 CLOCK hold raw=163.59 prev=163.59 new=163.59 d=+0.000 fr=198.57 dt=0.101 rate=1.00 paused=True backlog=57.35 edge=220.95 div=0.00
21:17:45.670 CLOCK hold raw=163.59 prev=163.59 new=163.59 d=+0.000 fr=198.57 dt=0.101 rate=1.00 paused=True backlog=57.46 edge=221.05 div=0.00
21:17:45.793 TICK fr=198.57 cc=163.59 raw=163.59 vid=163.59 playing=0 started=1 stall=0 | d_fr_cc=+34.98 d_fr_raw=+34.98 d_cc_raw=+0.00 | off=-0.34 ccx_end=213.51 since_show=0.1 since_cue=9.7 | pcr=219.994 pid=100 head_rel=219.99 ccx_lag=6.48 | credit=198.6 capped=0.0 | fsize=99401992 feed=99151764 feed_behind=250228 | backlog=57.46 edge=221.05 div=0.00 lag_ewma=2.99
21:17:45.793 CLOCK hold raw=163.59 prev=163.59 new=163.59 d=+0.000 fr=198.57 dt=0.123 rate=1.00 paused=True backlog=57.58 edge=221.17 div=0.00
21:17:45.894 CLOCK hold raw=163.59 prev=163.59 new=163.59 d=+0.000 fr=198.57 dt=0.101 rate=1.00 paused=True backlog=57.68 edge=221.27 div=0.00
21:17:45.995 CLOCK hold raw=163.59 prev=163.59 new=163.59 d=+0.000 fr=198.57 dt=0.101 rate=1.00 paused=True backlog=57.78 edge=221.37 div=0.00
21:17:46.096 CLOCK hold raw=163.59 prev=163.59 new=163.59 d=+0.000 fr=203.46 dt=0.101 rate=1.00 paused=True backlog=57.88 edge=221.47 div=0.00
21:17:46.198 CLOCK hold raw=163.59 prev=163.59 new=163.59 d=+0.000 fr=203.46 dt=0.101 rate=1.00 paused=True backlog=57.98 edge=221.57 div=0.00
21:17:46.299 CLOCK hold raw=163.59 prev=163.59 new=163.59 d=+0.000 fr=203.46 dt=0.101 rate=1.00 paused=True backlog=58.09 edge=221.68 div=0.00
21:17:46.417 EDGESNAP err=+4.08 edge->225.75
21:17:46.417 CUE cx=[213.51..221.19] adv=7.67 el=10.31 fresh | off=-0.34 fr=203.46 cc=163.59 raw=163.59 lead=+57.26 | pcr=225.755 head_rel=225.75 lag_ewma=7.07 | q=I couldn't help but smile at / all the big plays. Weekdays a
21:17:46.418 CUE cx=[221.19..222.45] adv=1.27 el=0.02 fresh | off=-0.34 fr=203.46 cc=163.59 raw=163.59 lead=+58.52 | pcr=225.755 head_rel=225.75 lag_ewma=7.07 | q=all the big plays. Weekdays at / 8 a.m. on NFL network. I'm 
21:17:46.418 ANCHOR pend_end=222.45 L=5.75 pinL=3.30 target=0.00 off=-0.34
21:17:46.418 CLOCK hold raw=163.59 prev=163.59 new=163.59 d=+0.000 fr=203.46 dt=0.119 rate=1.00 paused=True backlog=62.28 edge=225.87 div=0.00
21:17:46.518 CLOCK hold raw=163.59 prev=163.59 new=163.59 d=+0.000 fr=203.89 dt=0.101 rate=1.00 paused=True backlog=62.38 edge=225.97 div=0.00
21:17:46.620 CUE cx=[222.46..223.59] adv=1.13 el=0.20 fresh | off=-0.17 fr=203.89 cc=163.59 raw=163.59 lead=+59.83 | pcr=225.755 head_rel=225.75 lag_ewma=5.75 | q=8 a.m. on NFL network. I'm / Rhett Lewis with the NFL / netw
21:17:46.620 CUE cx=[223.59..224.99] adv=1.40 el=0.00 fresh | off=-0.17 fr=203.89 cc=163.59 raw=163.59 lead=+61.23 | pcr=225.755 head_rel=225.75 lag_ewma=5.75 | q=Rhett Lewis with the NFL / network. Up to the minute. / Upda
21:17:46.621 ANCHOR pend_end=224.99 L=4.00 pinL=0.76 target=0.05 off=-0.17
21:17:46.621 CLOCK hold raw=163.59 prev=163.59 new=163.59 d=+0.000 fr=203.89 dt=0.102 rate=1.00 paused=True backlog=62.32 edge=225.91 div=0.00
21:17:46.722 CLOCK hold raw=163.59 prev=163.59 new=163.59 d=+0.000 fr=203.89 dt=0.101 rate=1.00 paused=True backlog=62.42 edge=226.01 div=0.00
21:17:46.824 CUE cx=[224.99..226.46] adv=1.47 el=0.20 fresh | off=-0.06 fr=203.89 cc=163.59 raw=163.59 lead=+62.81 | pcr=227.019 head_rel=227.02 lag_ewma=4.00 | q=network. Up to the minute. / Update had a full day of / foot
21:17:46.824 ANCHOR pend_end=226.46 L=2.80 pinL=0.56 target=-0.25 off=-0.06
21:17:46.824 CLOCK hold raw=163.59 prev=163.59 new=163.59 d=+0.000 fr=203.89 dt=0.102 rate=1.00 paused=True backlog=63.28 edge=226.87 div=0.00
21:17:46.926 CLOCK hold raw=163.59 prev=163.59 new=163.59 d=+0.000 fr=204.29 dt=0.101 rate=1.00 paused=True backlog=63.38 edge=226.97 div=0.00
21:17:47.127 CLOCK hold raw=163.59 prev=163.59 new=163.59 d=+0.000 fr=204.29 dt=0.202 rate=1.00 paused=True backlog=63.58 edge=227.17 div=0.00
21:17:47.228 CLOCK hold raw=163.59 prev=163.59 new=163.59 d=+0.000 fr=204.29 dt=0.101 rate=1.00 paused=True backlog=63.68 edge=227.27 div=0.00
21:17:47.329 CLOCK hold raw=163.59 prev=163.59 new=163.59 d=+0.000 fr=204.29 dt=0.101 rate=1.00 paused=True backlog=63.78 edge=227.37 div=0.00
21:17:47.431 CLOCK hold raw=163.59 prev=163.59 new=163.59 d=+0.000 fr=204.29 dt=0.102 rate=1.00 paused=True backlog=63.88 edge=227.48 div=0.00
21:17:47.532 CLOCK hold raw=163.59 prev=163.59 new=163.59 d=+0.000 fr=204.29 dt=0.101 rate=1.00 paused=True backlog=63.99 edge=227.58 div=0.00
21:17:47.632 CLOCK hold raw=163.59 prev=163.59 new=163.59 d=+0.000 fr=204.29 dt=0.101 rate=1.00 paused=True backlog=64.09 edge=227.68 div=0.00
21:17:47.734 CLOCK hold raw=163.59 prev=163.59 new=163.59 d=+0.000 fr=204.29 dt=0.101 rate=1.00 paused=True backlog=64.19 edge=227.78 div=0.00
21:17:47.835 CLOCK hold raw=163.59 prev=163.59 new=163.59 d=+0.000 fr=204.29 dt=0.101 rate=1.00 paused=True backlog=64.29 edge=227.88 div=0.00
21:17:47.936 CLOCK hold raw=163.59 prev=163.59 new=163.59 d=+0.000 fr=204.29 dt=0.101 rate=1.00 paused=True backlog=64.39 edge=227.98 div=0.00
21:17:48.037 CLOCK hold raw=163.59 prev=163.59 new=163.59 d=+0.000 fr=204.29 dt=0.101 rate=1.00 paused=True backlog=64.49 edge=228.08 div=0.00
21:17:48.138 CLOCK hold raw=163.59 prev=163.59 new=163.59 d=+0.000 fr=204.29 dt=0.101 rate=1.00 paused=True backlog=64.59 edge=228.18 div=0.00
21:17:48.240 CLOCK hold raw=163.59 prev=163.59 new=163.59 d=+0.000 fr=204.29 dt=0.101 rate=1.00 paused=True backlog=64.69 edge=228.28 div=0.00
21:17:48.340 CLOCK hold raw=163.59 prev=163.59 new=163.59 d=+0.000 fr=204.29 dt=0.101 rate=1.00 paused=True backlog=64.79 edge=228.39 div=0.00
21:17:48.542 CLOCK hold raw=163.59 prev=163.59 new=163.59 d=+0.000 fr=204.29 dt=0.201 rate=1.00 paused=True backlog=65.00 edge=228.59 div=0.00
21:17:48.643 CLOCK hold raw=163.59 prev=163.59 new=163.59 d=+0.000 fr=204.29 dt=0.101 rate=1.00 paused=True backlog=65.10 edge=228.69 div=0.00
21:17:48.744 CLOCK hold raw=163.59 prev=163.59 new=163.59 d=+0.000 fr=204.29 dt=0.101 rate=1.00 paused=True backlog=65.20 edge=228.79 div=0.00
21:17:48.845 CLOCK hold raw=163.59 prev=163.59 new=163.59 d=+0.000 fr=204.29 dt=0.101 rate=1.00 paused=True backlog=64.41 edge=228.00 div=0.00
21:17:48.947 CLOCK hold raw=163.59 prev=163.59 new=163.59 d=+0.000 fr=204.29 dt=0.102 rate=1.00 paused=True backlog=64.52 edge=228.11 div=0.00
21:17:49.049 CLOCK hold raw=163.59 prev=163.59 new=163.59 d=+0.000 fr=204.29 dt=0.101 rate=1.00 paused=True backlog=64.62 edge=228.21 div=0.00
21:17:49.150 CLOCK hold raw=163.59 prev=163.59 new=163.59 d=+0.000 fr=204.29 dt=0.101 rate=1.00 paused=True backlog=64.72 edge=228.31 div=0.00
21:17:49.251 CLOCK hold raw=163.59 prev=163.59 new=163.59 d=+0.000 fr=204.29 dt=0.101 rate=1.00 paused=True backlog=64.82 edge=228.41 div=0.00
21:17:49.352 CLOCK hold raw=163.59 prev=163.59 new=163.59 d=+0.000 fr=204.29 dt=0.101 rate=1.00 paused=True backlog=64.92 edge=228.51 div=0.00
21:17:49.454 CLOCK hold raw=163.59 prev=163.59 new=163.59 d=+0.000 fr=204.29 dt=0.101 rate=1.00 paused=True backlog=65.02 edge=228.61 div=0.00
21:17:49.555 CLOCK hold raw=163.59 prev=163.59 new=163.59 d=+0.000 fr=204.29 dt=0.101 rate=1.00 paused=True backlog=65.12 edge=228.71 div=0.00
21:17:49.656 CLOCK hold raw=163.59 prev=163.59 new=163.59 d=+0.000 fr=204.29 dt=0.101 rate=1.00 paused=True backlog=65.22 edge=228.82 div=0.00
21:17:49.757 CLOCK hold raw=163.59 prev=163.59 new=163.59 d=+0.000 fr=204.29 dt=0.101 rate=1.00 paused=True backlog=65.33 edge=228.92 div=0.00
21:17:49.959 CLOCK hold raw=163.59 prev=163.59 new=163.59 d=+0.000 fr=204.29 dt=0.202 rate=1.00 paused=True backlog=65.53 edge=229.12 div=0.00
21:17:50.060 CLOCK hold raw=163.59 prev=163.59 new=163.59 d=+0.000 fr=204.29 dt=0.101 rate=1.00 paused=True backlog=65.63 edge=229.22 div=0.00
21:17:50.161 CLOCK hold raw=163.59 prev=163.59 new=163.59 d=+0.000 fr=204.29 dt=0.101 rate=1.00 paused=True backlog=65.73 edge=229.32 div=0.00
21:17:50.262 CLOCK hold raw=163.59 prev=163.59 new=163.59 d=+0.000 fr=204.29 dt=0.101 rate=1.00 paused=True backlog=65.83 edge=229.42 div=0.00
21:17:50.363 CLOCK hold raw=163.59 prev=163.59 new=163.59 d=+0.000 fr=204.29 dt=0.101 rate=1.00 paused=True backlog=65.93 edge=229.52 div=0.00
21:17:50.464 CLOCK hold raw=163.59 prev=163.59 new=163.59 d=+0.000 fr=204.29 dt=0.101 rate=1.00 paused=True backlog=66.03 edge=229.62 div=0.00
21:17:50.565 CLOCK hold raw=163.59 prev=163.59 new=163.59 d=+0.000 fr=204.29 dt=0.101 rate=1.00 paused=True backlog=66.13 edge=229.73 div=0.00
21:17:50.668 CLOCK hold raw=163.59 prev=163.59 new=163.59 d=+0.000 fr=204.29 dt=0.102 rate=1.00 paused=True backlog=66.24 edge=229.83 div=0.00
21:17:50.785 TICK fr=204.29 cc=163.59 raw=163.59 vid=163.59 playing=0 started=1 stall=0 | d_fr_cc=+40.70 d_fr_raw=+40.70 d_cc_raw=+0.00 | off=-0.15 ccx_end=226.46 since_show=0.1 since_cue=3.9 | pcr=227.370 pid=100 head_rel=227.37 ccx_lag=0.91 | credit=204.3 capped=0.0 | fsize=103159172 feed=102860440 feed_behind=298732 | backlog=66.24 edge=229.83 div=0.00 lag_ewma=2.80
21:17:50.785 CLOCK hold raw=163.59 prev=163.59 new=163.59 d=+0.000 fr=204.29 dt=0.118 rate=1.00 paused=True backlog=66.35 edge=229.94 div=0.00
21:17:50.917 CLOCK hold raw=163.59 prev=163.59 new=163.59 d=+0.000 fr=204.29 dt=0.132 rate=1.00 paused=True backlog=65.41 edge=229.00 div=0.00
21:17:51.018 CLOCK hold raw=163.59 prev=163.59 new=163.59 d=+0.000 fr=208.38 dt=0.101 rate=1.00 paused=True backlog=65.51 edge=229.10 div=0.00
21:17:51.136 CUE cx=[226.46..228.63] adv=2.17 el=4.30 fresh | off=-0.15 fr=208.38 cc=163.59 raw=163.59 lead=+64.88 | pcr=231.023 head_rel=231.02 lag_ewma=2.80 | q=Update had a full day of / football Saturday, kicking off, /
21:17:51.137 CUE cx=[228.63..229.73] adv=1.10 el=0.02 fresh | off=-0.15 fr=208.38 cc=163.59 raw=163.59 lead=+65.98 | pcr=231.023 head_rel=231.02 lag_ewma=2.80 | q=football Saturday, kicking off, / with the Browns quarterbac
21:17:51.137 ANCHOR pend_end=229.73 L=2.27 pinL=1.29 target=-0.48 off=-0.15
21:17:51.137 CLOCK hold raw=163.59 prev=163.59 new=163.59 d=+0.000 fr=208.38 dt=0.120 rate=1.00 paused=True backlog=67.07 edge=230.66 div=0.00
21:17:51.238 CLOCK hold raw=163.59 prev=163.59 new=163.59 d=+0.000 fr=208.38 dt=0.101 rate=1.00 paused=True backlog=67.17 edge=230.76 div=0.00
21:17:51.340 CLOCK hold raw=163.59 prev=163.59 new=163.59 d=+0.000 fr=208.38 dt=0.101 rate=1.00 paused=True backlog=67.27 edge=230.86 div=0.00
21:17:51.441 CLOCK hold raw=163.59 prev=163.59 new=163.59 d=+0.000 fr=208.71 dt=0.102 rate=1.00 paused=True backlog=67.37 edge=230.97 div=0.00
21:17:51.542 CLOCK hold raw=163.59 prev=163.59 new=163.59 d=+0.000 fr=208.71 dt=0.101 rate=1.00 paused=True backlog=67.48 edge=231.07 div=0.00
21:17:51.643 CLOCK hold raw=163.59 prev=163.59 new=163.59 d=+0.000 fr=208.71 dt=0.101 rate=1.00 paused=True backlog=67.58 edge=231.17 div=0.00
21:17:51.744 CLOCK hold raw=163.59 prev=163.59 new=163.59 d=+0.000 fr=208.71 dt=0.101 rate=1.00 paused=True backlog=67.68 edge=231.27 div=0.00
21:17:51.845 CLOCK hold raw=163.59 prev=163.59 new=163.59 d=+0.000 fr=208.71 dt=0.101 rate=1.00 paused=True backlog=67.78 edge=231.37 div=0.00
21:17:51.947 CLOCK hold raw=163.59 prev=163.59 new=163.59 d=+0.000 fr=208.71 dt=0.101 rate=1.00 paused=True backlog=67.88 edge=231.47 div=0.00
21:17:52.148 CLOCK hold raw=163.59 prev=163.59 new=163.59 d=+0.000 fr=208.71 dt=0.202 rate=1.00 paused=True backlog=68.08 edge=231.67 div=0.00
21:17:52.250 CLOCK hold raw=163.59 prev=163.59 new=163.59 d=+0.000 fr=208.71 dt=0.101 rate=1.00 paused=True backlog=68.18 edge=231.77 div=0.00
21:17:52.351 CLOCK hold raw=163.59 prev=163.59 new=163.59 d=+0.000 fr=208.71 dt=0.101 rate=1.00 paused=True backlog=68.28 edge=231.88 div=0.00
21:17:52.452 CLOCK hold raw=163.59 prev=163.59 new=163.59 d=+0.000 fr=208.71 dt=0.101 rate=1.00 paused=True backlog=68.39 edge=231.98 div=0.00
21:17:52.553 CLOCK hold raw=163.59 prev=163.59 new=163.59 d=+0.000 fr=208.71 dt=0.101 rate=1.00 paused=True backlog=68.49 edge=232.08 div=0.00
21:17:52.655 CLOCK hold raw=163.59 prev=163.59 new=163.59 d=+0.000 fr=208.71 dt=0.101 rate=1.00 paused=True backlog=68.59 edge=232.18 div=0.00
21:17:52.755 CLOCK hold raw=163.59 prev=163.59 new=163.59 d=+0.000 fr=208.71 dt=0.101 rate=1.00 paused=True backlog=68.69 edge=232.28 div=0.00
21:17:52.859 CLOCK hold raw=163.59 prev=163.59 new=163.59 d=+0.000 fr=208.71 dt=0.103 rate=1.00 paused=True backlog=68.16 edge=231.75 div=0.00
21:17:52.960 CLOCK hold raw=163.59 prev=163.59 new=163.59 d=+0.000 fr=208.71 dt=0.102 rate=1.00 paused=True backlog=68.27 edge=231.86 div=0.00
21:17:53.061 CLOCK hold raw=163.59 prev=163.59 new=163.59 d=+0.000 fr=208.71 dt=0.101 rate=1.00 paused=True backlog=68.37 edge=231.96 div=0.00
21:17:53.162 CLOCK hold raw=163.59 prev=163.59 new=163.59 d=+0.000 fr=208.71 dt=0.101 rate=1.00 paused=True backlog=68.47 edge=232.06 div=0.00
21:17:53.263 CLOCK hold raw=163.59 prev=163.59 new=163.59 d=+0.000 fr=208.71 dt=0.101 rate=1.00 paused=True backlog=68.57 edge=232.16 div=0.00
21:17:53.466 CLOCK hold raw=163.59 prev=163.59 new=163.59 d=+0.000 fr=208.71 dt=0.202 rate=1.00 paused=True backlog=68.77 edge=232.36 div=0.00
21:17:53.567 CLOCK hold raw=163.59 prev=163.59 new=163.59 d=+0.000 fr=208.71 dt=0.101 rate=1.00 paused=True backlog=68.87 edge=232.46 div=0.00
21:17:53.668 CLOCK hold raw=163.59 prev=163.59 new=163.59 d=+0.000 fr=208.71 dt=0.101 rate=1.00 paused=True backlog=68.97 edge=232.56 div=0.00
21:17:53.768 CLOCK hold raw=163.59 prev=163.59 new=163.59 d=+0.000 fr=208.71 dt=0.101 rate=1.00 paused=True backlog=69.07 edge=232.66 div=0.00
21:17:53.870 CLOCK hold raw=163.59 prev=163.59 new=163.59 d=+0.000 fr=208.71 dt=0.101 rate=1.00 paused=True backlog=69.17 edge=232.77 div=0.00
21:17:53.971 CLOCK hold raw=163.59 prev=163.59 new=163.59 d=+0.000 fr=208.71 dt=0.101 rate=1.00 paused=True backlog=69.28 edge=232.87 div=0.00
21:17:54.072 CLOCK hold raw=163.59 prev=163.59 new=163.59 d=+0.000 fr=208.71 dt=0.101 rate=1.00 paused=True backlog=69.38 edge=232.97 div=0.00
21:17:54.173 CLOCK hold raw=163.59 prev=163.59 new=163.59 d=+0.000 fr=208.71 dt=0.101 rate=1.00 paused=True backlog=69.48 edge=233.07 div=0.00
21:17:54.275 CLOCK hold raw=163.59 prev=163.59 new=163.59 d=+0.000 fr=208.71 dt=0.102 rate=1.00 paused=True backlog=69.58 edge=233.17 div=0.00
21:17:54.376 CLOCK hold raw=163.59 prev=163.59 new=163.59 d=+0.000 fr=208.71 dt=0.101 rate=1.00 paused=True backlog=69.68 edge=233.27 div=0.00
21:17:54.477 CLOCK hold raw=163.59 prev=163.59 new=163.59 d=+0.000 fr=208.71 dt=0.101 rate=1.00 paused=True backlog=69.78 edge=233.37 div=0.00
21:17:54.578 CLOCK hold raw=163.59 prev=163.59 new=163.59 d=+0.000 fr=208.71 dt=0.101 rate=1.00 paused=True backlog=69.88 edge=233.47 div=0.00
21:17:54.780 CLOCK hold raw=163.59 prev=163.59 new=163.59 d=+0.000 fr=208.71 dt=0.202 rate=1.00 paused=True backlog=70.08 edge=233.68 div=0.00
21:17:54.781 EDGESNAP err=-2.65 edge->231.02
21:17:54.882 CLOCK hold raw=163.59 prev=163.59 new=163.59 d=+0.000 fr=208.71 dt=0.103 rate=1.00 paused=True backlog=67.53 edge=231.13 div=0.00
21:17:54.983 CLOCK hold raw=163.59 prev=163.59 new=163.59 d=+0.000 fr=208.71 dt=0.101 rate=1.00 paused=True backlog=67.64 edge=231.23 div=0.00
21:17:55.084 CLOCK hold raw=163.59 prev=163.59 new=163.59 d=+0.000 fr=208.71 dt=0.101 rate=1.00 paused=True backlog=67.74 edge=231.33 div=0.00
21:17:55.185 CLOCK hold raw=163.59 prev=163.59 new=163.59 d=+0.000 fr=208.71 dt=0.101 rate=1.00 paused=True backlog=67.84 edge=231.43 div=0.00
21:17:55.286 CLOCK hold raw=163.59 prev=163.59 new=163.59 d=+0.000 fr=208.71 dt=0.101 rate=1.00 paused=True backlog=67.94 edge=231.53 div=0.00
21:17:55.387 CLOCK hold raw=163.59 prev=163.59 new=163.59 d=+0.000 fr=208.71 dt=0.101 rate=1.00 paused=True backlog=68.04 edge=231.63 div=0.00
21:17:55.488 CLOCK hold raw=163.59 prev=163.59 new=163.59 d=+0.000 fr=208.71 dt=0.102 rate=1.00 paused=True backlog=68.14 edge=231.73 div=0.00
21:17:55.589 CLOCK hold raw=163.59 prev=163.59 new=163.59 d=+0.000 fr=208.71 dt=0.101 rate=1.00 paused=True backlog=68.24 edge=231.83 div=0.00
21:17:55.691 TICK fr=208.71 cc=163.59 raw=163.59 vid=163.59 playing=0 started=1 stall=0 | d_fr_cc=+45.12 d_fr_raw=+45.12 d_cc_raw=+0.00 | off=-0.32 ccx_end=229.73 since_show=0.1 since_cue=4.6 | pcr=231.023 pid=100 head_rel=231.02 ccx_lag=1.29 | credit=208.7 capped=0.0 | fsize=104853992 feed=104853992 feed_behind=0 | backlog=68.24 edge=231.83 div=0.00 lag_ewma=2.27
21:17:55.691 CLOCK hold raw=163.59 prev=163.59 new=163.59 d=+0.000 fr=208.71 dt=0.102 rate=1.00 paused=True backlog=68.34 edge=231.93 div=0.00
21:17:55.792 CLOCK hold raw=163.59 prev=163.59 new=163.59 d=+0.000 fr=208.71 dt=0.101 rate=1.00 paused=True backlog=68.44 edge=232.04 div=0.00
21:17:55.913 CUE cx=[229.73..231.46] adv=1.73 el=4.76 fresh | off=-0.32 fr=213.16 cc=163.59 raw=163.59 lead=+67.55 | pcr=232.428 head_rel=232.43 lag_ewma=2.27 | q=with the Browns quarterback / competition taking center stag
21:17:55.913 ANCHOR pend_end=231.46 L=1.81 pinL=0.97 target=-0.20 off=-0.32
21:17:55.913 CLOCK hold raw=163.59 prev=163.59 new=163.59 d=+0.000 fr=213.16 dt=0.121 rate=1.00 paused=True backlog=68.76 edge=232.35 div=0.00
21:17:56.014 CLOCK hold raw=163.59 prev=163.59 new=163.59 d=+0.000 fr=213.16 dt=0.102 rate=1.00 paused=True backlog=68.86 edge=232.45 div=0.00
21:17:56.115 CLOCK hold raw=163.59 prev=163.59 new=163.59 d=+0.000 fr=213.16 dt=0.101 rate=1.00 paused=True backlog=68.96 edge=232.55 div=0.00
21:17:56.217 CLOCK hold raw=163.59 prev=163.59 new=163.59 d=+0.000 fr=213.58 dt=0.102 rate=1.00 paused=True backlog=69.07 edge=232.66 div=0.00
21:17:56.420 EDGESNAP err=+2.52 edge->235.17
21:17:56.420 CUE cx=[231.47..233.73] adv=2.27 el=0.52 fresh | off=-0.26 fr=213.58 cc=163.59 raw=163.59 lead=+69.88 | pcr=235.174 head_rel=235.17 lag_ewma=4.33 | q=competition taking center stage. / So let's go to Cleveland.
21:17:56.421 ANCHOR pend_end=233.73 L=3.32 pinL=1.44 target=0.00 off=-0.26
21:17:56.421 CLOCK hold raw=163.59 prev=163.59 new=163.59 d=+0.000 fr=213.58 dt=0.203 rate=1.00 paused=True backlog=71.79 edge=235.38 div=0.00
21:17:56.522 CLOCK hold raw=163.59 prev=163.59 new=163.59 d=+0.000 fr=213.58 dt=0.101 rate=1.00 paused=True backlog=71.89 edge=235.48 div=0.00
21:17:56.623 CLOCK hold raw=163.59 prev=163.59 new=163.59 d=+0.000 fr=213.58 dt=0.101 rate=1.00 paused=True backlog=71.99 edge=235.58 div=0.00
21:17:56.724 CLOCK hold raw=163.59 prev=163.59 new=163.59 d=+0.000 fr=213.58 dt=0.101 rate=1.00 paused=True backlog=72.09 edge=235.68 div=0.00
21:17:56.826 CLOCK hold raw=163.59 prev=163.59 new=163.59 d=+0.000 fr=213.58 dt=0.102 rate=1.00 paused=True backlog=71.94 edge=235.53 div=0.00
21:17:56.926 CLOCK hold raw=163.59 prev=163.59 new=163.59 d=+0.000 fr=213.58 dt=0.101 rate=1.00 paused=True backlog=72.04 edge=235.63 div=0.00
21:17:57.028 CLOCK hold raw=163.59 prev=163.59 new=163.59 d=+0.000 fr=213.58 dt=0.101 rate=1.00 paused=True backlog=72.14 edge=235.73 div=0.00
21:17:57.129 CLOCK hold raw=163.59 prev=163.59 new=163.59 d=+0.000 fr=213.58 dt=0.101 rate=1.00 paused=True backlog=72.24 edge=235.83 div=0.00
21:17:57.230 CLOCK hold raw=163.59 prev=163.59 new=163.59 d=+0.000 fr=213.58 dt=0.101 rate=1.00 paused=True backlog=72.34 edge=235.93 div=0.00
21:17:57.332 CLOCK hold raw=163.59 prev=163.59 new=163.59 d=+0.000 fr=213.58 dt=0.101 rate=1.00 paused=True backlog=72.44 edge=236.03 div=0.00
21:17:57.433 CLOCK hold raw=163.59 prev=163.59 new=163.59 d=+0.000 fr=213.58 dt=0.101 rate=1.00 paused=True backlog=72.54 edge=236.14 div=0.00
21:17:57.534 CLOCK hold raw=163.59 prev=163.59 new=163.59 d=+0.000 fr=213.58 dt=0.101 rate=1.00 paused=True backlog=72.65 edge=236.24 div=0.00
21:17:57.637 CLOCK hold raw=163.59 prev=163.59 new=163.59 d=+0.000 fr=213.58 dt=0.103 rate=1.00 paused=True backlog=72.75 edge=236.34 div=0.00
21:17:57.839 CLOCK hold raw=163.59 prev=163.59 new=163.59 d=+0.000 fr=213.58 dt=0.202 rate=1.00 paused=True backlog=72.95 edge=236.54 div=0.00
21:17:57.940 CLOCK hold raw=163.59 prev=163.59 new=163.59 d=+0.000 fr=213.58 dt=0.101 rate=1.00 paused=True backlog=73.05 edge=236.64 div=0.00
21:17:58.041 CLOCK hold raw=163.59 prev=163.59 new=163.59 d=+0.000 fr=213.58 dt=0.101 rate=1.00 paused=True backlog=73.15 edge=236.74 div=0.00
21:17:58.142 CLOCK hold raw=163.59 prev=163.59 new=163.59 d=+0.000 fr=213.58 dt=0.101 rate=1.00 paused=True backlog=73.25 edge=236.84 div=0.00
21:17:58.243 CLOCK hold raw=163.59 prev=163.59 new=163.59 d=+0.000 fr=213.58 dt=0.102 rate=1.00 paused=True backlog=73.36 edge=236.95 div=0.00
21:17:58.344 CLOCK hold raw=163.59 prev=163.59 new=163.59 d=+0.000 fr=213.58 dt=0.101 rate=1.00 paused=True backlog=73.46 edge=237.05 div=0.00
21:17:58.445 CLOCK hold raw=163.59 prev=163.59 new=163.59 d=+0.000 fr=213.58 dt=0.101 rate=1.00 paused=True backlog=73.56 edge=237.15 div=0.00
21:17:58.546 CLOCK hold raw=163.59 prev=163.59 new=163.59 d=+0.000 fr=213.58 dt=0.101 rate=1.00 paused=True backlog=73.66 edge=237.25 div=0.00
21:17:58.648 CLOCK hold raw=163.59 prev=163.59 new=163.59 d=+0.000 fr=213.58 dt=0.101 rate=1.00 paused=True backlog=73.76 edge=237.35 div=0.00
21:17:58.849 CLOCK hold raw=163.59 prev=163.59 new=163.59 d=+0.000 fr=213.58 dt=0.202 rate=1.00 paused=True backlog=73.96 edge=237.55 div=0.00
21:17:58.952 CLOCK hold raw=163.59 prev=163.59 new=163.59 d=+0.000 fr=213.58 dt=0.102 rate=1.00 paused=True backlog=72.87 edge=236.47 div=0.00
21:17:59.053 CLOCK hold raw=163.59 prev=163.59 new=163.59 d=+0.000 fr=213.58 dt=0.101 rate=1.00 paused=True backlog=72.98 edge=236.57 div=0.00
21:17:59.154 CLOCK hold raw=163.59 prev=163.59 new=163.59 d=+0.000 fr=213.58 dt=0.102 rate=1.00 paused=True backlog=73.08 edge=236.67 div=0.00
21:17:59.256 CLOCK hold raw=163.59 prev=163.59 new=163.59 d=+0.000 fr=213.58 dt=0.101 rate=1.00 paused=True backlog=73.18 edge=236.77 div=0.00
21:17:59.357 CLOCK hold raw=163.59 prev=163.59 new=163.59 d=+0.000 fr=213.58 dt=0.101 rate=1.00 paused=True backlog=73.28 edge=236.87 div=0.00
21:17:59.458 CLOCK hold raw=163.59 prev=163.59 new=163.59 d=+0.000 fr=213.58 dt=0.101 rate=1.00 paused=True backlog=73.38 edge=236.97 div=0.00
21:17:59.560 CLOCK hold raw=163.59 prev=163.59 new=163.59 d=+0.000 fr=213.58 dt=0.101 rate=1.00 paused=True backlog=73.48 edge=237.07 div=0.00
21:17:59.661 CLOCK hold raw=163.59 prev=163.59 new=163.59 d=+0.000 fr=213.58 dt=0.102 rate=1.00 paused=True backlog=73.58 edge=237.18 div=0.00
21:17:59.763 CLOCK hold raw=163.59 prev=163.59 new=163.59 d=+0.000 fr=213.58 dt=0.101 rate=1.00 paused=True backlog=73.69 edge=237.28 div=0.00
21:17:59.864 CLOCK hold raw=163.59 prev=163.59 new=163.59 d=+0.000 fr=213.58 dt=0.101 rate=1.00 paused=True backlog=73.79 edge=237.38 div=0.00
21:17:59.965 CLOCK hold raw=163.59 prev=163.59 new=163.59 d=+0.000 fr=213.58 dt=0.101 rate=1.00 paused=True backlog=73.89 edge=237.48 div=0.00
21:18:00.066 CLOCK hold raw=163.59 prev=163.59 new=163.59 d=+0.000 fr=213.58 dt=0.101 rate=1.00 paused=True backlog=73.99 edge=237.58 div=0.00
21:18:00.167 CLOCK hold raw=163.59 prev=163.59 new=163.59 d=+0.000 fr=213.58 dt=0.101 rate=1.00 paused=True backlog=74.09 edge=237.68 div=0.00
21:18:00.369 CLOCK hold raw=163.59 prev=163.59 new=163.59 d=+0.000 fr=213.58 dt=0.202 rate=1.00 paused=True backlog=74.29 edge=237.88 div=0.00
21:18:00.470 CLOCK hold raw=163.59 prev=163.59 new=163.59 d=+0.000 fr=213.58 dt=0.101 rate=1.00 paused=True backlog=74.39 edge=237.98 div=0.00
21:18:00.571 CLOCK hold raw=163.59 prev=163.59 new=163.59 d=+0.000 fr=213.58 dt=0.101 rate=1.00 paused=True backlog=74.49 edge=238.08 div=0.00
21:18:00.672 CLOCK hold raw=163.59 prev=163.59 new=163.59 d=+0.000 fr=213.58 dt=0.101 rate=1.00 paused=True backlog=74.59 edge=238.19 div=0.00
21:18:00.774 TICK fr=213.58 cc=163.59 raw=163.59 vid=163.59 playing=0 started=1 stall=0 | d_fr_cc=+49.99 d_fr_raw=+49.99 d_cc_raw=+0.00 | off=-0.13 ccx_end=233.73 since_show=0.1 since_cue=4.4 | pcr=235.174 pid=100 head_rel=235.17 ccx_lag=1.44 | credit=213.6 capped=0.0 | fsize=106672704 feed=106672704 feed_behind=0 | backlog=74.59 edge=238.19 div=0.00 lag_ewma=3.32
21:18:00.774 CLOCK hold raw=163.59 prev=163.59 new=163.59 d=+0.000 fr=213.58 dt=0.102 rate=1.00 paused=True backlog=74.70 edge=238.29 div=0.00
21:18:00.776 EDGESNAP err=-3.11 edge->235.17
21:18:00.877 CLOCK hold raw=163.59 prev=163.59 new=163.59 d=+0.000 fr=213.58 dt=0.102 rate=1.00 paused=True backlog=71.68 edge=235.28 div=0.00
21:18:00.978 CLOCK hold raw=163.59 prev=163.59 new=163.59 d=+0.000 fr=213.58 dt=0.101 rate=1.00 paused=True backlog=71.79 edge=235.38 div=0.00
21:18:01.079 CLOCK hold raw=163.59 prev=163.59 new=163.59 d=+0.000 fr=213.58 dt=0.101 rate=1.00 paused=True backlog=71.89 edge=235.48 div=0.00
21:18:01.202 EDGESNAP err=+2.50 edge->237.98
21:18:01.202 CUE cx=[233.73..235.23] adv=1.50 el=4.76 fresh | off=-0.13 fr=218.45 cc=163.59 raw=163.59 lead=+71.51 | pcr=237.981 head_rel=237.98 lag_ewma=5.82 | q=So let's go to Cleveland. Where / should door. Sanders got t
21:18:01.202 CUE cx=[235.24..236.87] adv=1.63 el=0.02 fresh | off=-0.13 fr=218.45 cc=163.59 raw=163.59 lead=+73.15 | pcr=237.981 head_rel=237.98 lag_ewma=5.82 | q=should door. Sanders got the / start after Deshaun Watson / 
21:18:01.203 ANCHOR pend_end=236.87 L=4.17 pinL=1.11 target=0.00 off=-0.13
21:18:01.203 CLOCK hold raw=163.59 prev=163.59 new=163.59 d=+0.000 fr=218.45 dt=0.124 rate=1.00 paused=True backlog=74.51 edge=238.10 div=0.00
21:18:01.304 CLOCK hold raw=163.59 prev=163.59 new=163.59 d=+0.000 fr=218.45 dt=0.101 rate=1.00 paused=True backlog=74.61 edge=238.21 div=0.00
21:18:01.406 CLOCK hold raw=163.59 prev=163.59 new=163.59 d=+0.000 fr=218.45 dt=0.102 rate=1.00 paused=True backlog=74.72 edge=238.31 div=0.00
21:18:01.507 CLOCK hold raw=163.59 prev=163.59 new=163.59 d=+0.000 fr=218.45 dt=0.101 rate=1.00 paused=True backlog=74.82 edge=238.41 div=0.00
21:18:01.609 CLOCK hold raw=163.59 prev=163.59 new=163.59 d=+0.000 fr=218.45 dt=0.102 rate=1.00 paused=True backlog=74.92 edge=238.51 div=0.00
21:18:01.710 CLOCK hold raw=163.59 prev=163.59 new=163.59 d=+0.000 fr=218.45 dt=0.102 rate=1.00 paused=True backlog=75.02 edge=238.61 div=0.00
21:18:01.811 CLOCK hold raw=163.59 prev=163.59 new=163.59 d=+0.000 fr=218.45 dt=0.101 rate=1.00 paused=True backlog=75.12 edge=238.71 div=0.00
21:18:02.013 CLOCK hold raw=163.59 prev=163.59 new=163.59 d=+0.000 fr=218.45 dt=0.202 rate=1.00 paused=True backlog=75.32 edge=238.91 div=0.00
21:18:02.114 CLOCK hold raw=163.59 prev=163.59 new=163.59 d=+0.000 fr=218.45 dt=0.101 rate=1.00 paused=True backlog=75.42 edge=239.02 div=0.00
21:18:02.215 CLOCK hold raw=163.59 prev=163.59 new=163.59 d=+0.000 fr=218.45 dt=0.101 rate=1.00 paused=True backlog=75.53 edge=239.12 div=0.00
21:18:02.316 CLOCK hold raw=163.59 prev=163.59 new=163.59 d=+0.000 fr=218.45 dt=0.101 rate=1.00 paused=True backlog=75.63 edge=239.22 div=0.00
21:18:02.418 CLOCK hold raw=163.59 prev=163.59 new=163.59 d=+0.000 fr=218.45 dt=0.102 rate=1.00 paused=True backlog=75.73 edge=239.32 div=0.00
21:18:02.520 CLOCK hold raw=163.59 prev=163.59 new=163.59 d=+0.000 fr=218.45 dt=0.101 rate=1.00 paused=True backlog=75.83 edge=239.42 div=0.00
21:18:02.621 CLOCK hold raw=163.59 prev=163.59 new=163.59 d=+0.000 fr=218.45 dt=0.102 rate=1.00 paused=True backlog=75.93 edge=239.52 div=0.00
21:18:02.723 CLOCK hold raw=163.59 prev=163.59 new=163.59 d=+0.000 fr=218.45 dt=0.101 rate=1.00 paused=True backlog=76.03 edge=239.62 div=0.00
21:18:02.824 CLOCK hold raw=163.59 prev=163.59 new=163.59 d=+0.000 fr=218.45 dt=0.102 rate=1.00 paused=True backlog=75.31 edge=238.90 div=0.00
21:18:02.926 CLOCK hold raw=163.59 prev=163.59 new=163.59 d=+0.000 fr=218.45 dt=0.102 rate=1.00 paused=True backlog=75.41 edge=239.01 div=0.00
21:18:03.027 CLOCK hold raw=163.59 prev=163.59 new=163.59 d=+0.000 fr=218.45 dt=0.101 rate=1.00 paused=True backlog=75.52 edge=239.11 div=0.00
21:18:03.129 CLOCK hold raw=163.59 prev=163.59 new=163.59 d=+0.000 fr=218.45 dt=0.102 rate=1.00 paused=True backlog=75.62 edge=239.21 div=0.00
21:18:03.330 CLOCK hold raw=163.59 prev=163.59 new=163.59 d=+0.000 fr=218.45 dt=0.201 rate=1.00 paused=True backlog=75.82 edge=239.41 div=0.00
21:18:03.431 CLOCK hold raw=163.59 prev=163.59 new=163.59 d=+0.000 fr=218.45 dt=0.101 rate=1.00 paused=True backlog=75.92 edge=239.51 div=0.00
21:18:03.532 CLOCK hold raw=163.59 prev=163.59 new=163.59 d=+0.000 fr=218.45 dt=0.101 rate=1.00 paused=True backlog=76.02 edge=239.61 div=0.00
21:18:03.633 CLOCK hold raw=163.59 prev=163.59 new=163.59 d=+0.000 fr=218.45 dt=0.101 rate=1.00 paused=True backlog=76.12 edge=239.71 div=0.00
21:18:03.734 CLOCK hold raw=163.59 prev=163.59 new=163.59 d=+0.000 fr=218.45 dt=0.101 rate=1.00 paused=True backlog=76.22 edge=239.81 div=0.00
21:18:03.835 CLOCK hold raw=163.59 prev=163.59 new=163.59 d=+0.000 fr=218.45 dt=0.101 rate=1.00 paused=True backlog=76.32 edge=239.91 div=0.00
21:18:03.936 CLOCK hold raw=163.59 prev=163.59 new=163.59 d=+0.000 fr=218.45 dt=0.101 rate=1.00 paused=True backlog=76.42 edge=240.02 div=0.00
21:18:04.038 CLOCK hold raw=163.59 prev=163.59 new=163.59 d=+0.000 fr=218.45 dt=0.101 rate=1.00 paused=True backlog=76.53 edge=240.12 div=0.00
21:18:04.139 CLOCK hold raw=163.59 prev=163.59 new=163.59 d=+0.000 fr=218.45 dt=0.101 rate=1.00 paused=True backlog=76.63 edge=240.22 div=0.00
21:18:04.240 CLOCK hold raw=163.59 prev=163.59 new=163.59 d=+0.000 fr=218.45 dt=0.101 rate=1.00 paused=True backlog=76.73 edge=240.32 div=0.00
21:18:04.341 CLOCK hold raw=163.59 prev=163.59 new=163.59 d=+0.000 fr=218.45 dt=0.101 rate=1.00 paused=True backlog=76.83 edge=240.42 div=0.00
21:18:04.443 CLOCK hold raw=163.59 prev=163.59 new=163.59 d=+0.000 fr=218.45 dt=0.102 rate=1.00 paused=True backlog=76.93 edge=240.52 div=0.00
21:18:04.544 CLOCK hold raw=163.59 prev=163.59 new=163.59 d=+0.000 fr=218.45 dt=0.101 rate=1.00 paused=True backlog=77.03 edge=240.62 div=0.00
21:18:04.746 CLOCK hold raw=163.59 prev=163.59 new=163.59 d=+0.000 fr=218.45 dt=0.202 rate=1.00 paused=True backlog=77.23 edge=240.83 div=0.00
21:18:04.848 EDGESNAP err=-2.85 edge->237.98
21:18:04.848 CLOCK hold raw=163.59 prev=163.59 new=163.59 d=+0.000 fr=218.45 dt=0.102 rate=1.00 paused=True backlog=74.49 edge=238.08 div=0.00
21:18:04.950 CLOCK hold raw=163.59 prev=163.59 new=163.59 d=+0.000 fr=218.45 dt=0.102 rate=1.00 paused=True backlog=74.59 edge=238.18 div=0.00
21:18:05.051 CLOCK hold raw=163.59 prev=163.59 new=163.59 d=+0.000 fr=218.45 dt=0.101 rate=1.00 paused=True backlog=74.69 edge=238.29 div=0.00
21:18:05.152 CLOCK hold raw=163.59 prev=163.59 new=163.59 d=+0.000 fr=218.45 dt=0.101 rate=1.00 paused=True backlog=74.80 edge=238.39 div=0.00
21:18:05.253 CLOCK hold raw=163.59 prev=163.59 new=163.59 d=+0.000 fr=218.45 dt=0.101 rate=1.00 paused=True backlog=74.90 edge=238.49 div=0.00
21:18:05.355 CLOCK hold raw=163.59 prev=163.59 new=163.59 d=+0.000 fr=218.45 dt=0.102 rate=1.00 paused=True backlog=75.00 edge=238.59 div=0.00
21:18:05.456 CLOCK hold raw=163.59 prev=163.59 new=163.59 d=+0.000 fr=218.45 dt=0.101 rate=1.00 paused=True backlog=75.10 edge=238.69 div=0.00
21:18:05.557 CLOCK hold raw=163.59 prev=163.59 new=163.59 d=+0.000 fr=218.45 dt=0.101 rate=1.00 paused=True backlog=75.20 edge=238.79 div=0.00
21:18:05.659 CLOCK hold raw=163.59 prev=163.59 new=163.59 d=+0.000 fr=218.45 dt=0.101 rate=1.00 paused=True backlog=75.30 edge=238.89 div=0.00
21:18:05.761 TICK fr=218.45 cc=163.59 raw=163.59 vid=163.59 playing=0 started=1 stall=0 | d_fr_cc=+54.86 d_fr_raw=+54.86 d_cc_raw=+0.00 | off=-0.06 ccx_end=236.87 since_show=0.1 since_cue=4.6 | pcr=237.981 pid=100 head_rel=237.98 ccx_lag=1.11 | credit=218.4 capped=0.0 | fsize=108051684 feed=108051684 feed_behind=0 | backlog=75.30 edge=238.89 div=0.00 lag_ewma=4.17
21:18:05.761 CLOCK hold raw=163.59 prev=163.59 new=163.59 d=+0.000 fr=218.45 dt=0.103 rate=1.00 paused=True backlog=75.40 edge=239.00 div=0.00
21:18:05.862 CLOCK hold raw=163.59 prev=163.59 new=163.59 d=+0.000 fr=218.45 dt=0.101 rate=1.00 paused=True backlog=75.51 edge=239.10 div=0.00
21:18:06.066 CLOCK hold raw=163.59 prev=163.59 new=163.59 d=+0.000 fr=223.33 dt=0.203 rate=1.00 paused=True backlog=75.71 edge=239.30 div=0.00
21:18:06.168 CLOCK hold raw=163.59 prev=163.59 new=163.59 d=+0.000 fr=223.33 dt=0.102 rate=1.00 paused=True backlog=75.81 edge=239.40 div=0.00
21:18:06.270 CLOCK hold raw=163.59 prev=163.59 new=163.59 d=+0.000 fr=223.33 dt=0.103 rate=1.00 paused=True backlog=75.91 edge=239.50 div=0.00
21:18:06.373 CLOCK hold raw=163.59 prev=163.59 new=163.59 d=+0.000 fr=223.33 dt=0.103 rate=1.00 paused=True backlog=76.02 edge=239.61 div=0.00
21:18:06.430 EDGESNAP err=+6.17 edge->245.78
21:18:06.430 CUE cx=[236.87..240.54] adv=3.67 el=5.17 fresh | off=-0.06 fr=223.33 cc=163.59 raw=163.59 lead=+76.88 | pcr=245.779 head_rel=245.78 lag_ewma=10.34 | q=start after Deshaun Watson / opened the preseason, getting /
21:18:06.431 CUE cx=[240.54..241.91] adv=1.37 el=0.06 fresh | off=-0.06 fr=223.33 cc=163.59 raw=163.59 lead=+78.25 | pcr=245.779 head_rel=245.78 lag_ewma=10.34 | q=opened the preseason, getting / the reps as QB one. So here'
21:18:06.432 CUE cx=[241.91..244.14] adv=2.24 el=0.00 fresh | off=-0.06 fr=223.33 cc=163.59 raw=163.59 lead=+80.49 | pcr=245.779 head_rel=245.78 lag_ewma=10.34 | q=the reps as QB one. So here's / your first quarter. Browns d
21:18:06.536 ANCHOR pend_end=244.14 L=7.30 pinL=1.64 target=0.00 off=-0.06
21:18:06.536 CLOCK hold raw=163.59 prev=163.59 new=163.59 d=+0.000 fr=223.80 dt=0.163 rate=1.00 paused=True backlog=82.35 edge=245.94 div=0.00
21:18:06.638 CLOCK hold raw=163.59 prev=163.59 new=163.59 d=+0.000 fr=223.80 dt=0.102 rate=1.00 paused=True backlog=82.45 edge=246.04 div=0.00
21:18:06.740 CLOCK hold raw=163.59 prev=163.59 new=163.59 d=+0.000 fr=223.80 dt=0.103 rate=1.00 paused=True backlog=82.55 edge=246.15 div=0.00
21:18:06.843 EDGESNAP err=+2.66 edge->248.80
21:18:06.945 CUE cx=[244.15..245.91] adv=1.77 el=0.51 fresh | off=-0.03 fr=224.21 cc=163.59 raw=163.59 lead=+82.29 | pcr=248.801 head_rel=248.80 lag_ewma=7.30 | q=your first quarter. Browns down / seven nothing. First serie
21:18:06.945 CUE cx=[245.91..247.65] adv=1.73 el=0.00 fresh | off=-0.03 fr=224.21 cc=163.59 raw=163.59 lead=+84.02 | pcr=248.801 head_rel=248.80 lag_ewma=7.30 | q=seven nothing. First series, / third and seven. And a strike
21:18:06.946 ANCHOR pend_end=247.65 L=5.15 pinL=1.15 target=0.00 off=-0.03
21:18:06.946 CLOCK hold raw=163.59 prev=163.59 new=163.59 d=+0.000 fr=224.21 dt=0.205 rate=1.00 paused=True backlog=85.42 edge=249.01 div=0.00
21:18:07.047 CLOCK hold raw=163.59 prev=163.59 new=163.59 d=+0.000 fr=224.21 dt=0.102 rate=1.00 paused=True backlog=85.52 edge=249.11 div=0.00
21:18:07.148 CLOCK hold raw=163.59 prev=163.59 new=163.59 d=+0.000 fr=224.21 dt=0.101 rate=1.00 paused=True backlog=85.62 edge=249.21 div=0.00
21:18:07.249 CLOCK hold raw=163.59 prev=163.59 new=163.59 d=+0.000 fr=224.21 dt=0.101 rate=1.00 paused=True backlog=85.72 edge=249.31 div=0.00
21:18:07.351 CLOCK hold raw=163.59 prev=163.59 new=163.59 d=+0.000 fr=224.21 dt=0.102 rate=1.00 paused=True backlog=85.82 edge=249.41 div=0.00
21:18:07.452 CLOCK hold raw=163.59 prev=163.59 new=163.59 d=+0.000 fr=224.21 dt=0.101 rate=1.00 paused=True backlog=85.92 edge=249.51 div=0.00
21:18:07.553 CLOCK hold raw=163.59 prev=163.59 new=163.59 d=+0.000 fr=224.21 dt=0.101 rate=1.00 paused=True backlog=86.02 edge=249.61 div=0.00
21:18:07.655 CLOCK hold raw=163.59 prev=163.59 new=163.59 d=+0.000 fr=224.21 dt=0.102 rate=1.00 paused=True backlog=86.12 edge=249.72 div=0.00
21:18:07.756 CLOCK hold raw=163.59 prev=163.59 new=163.59 d=+0.000 fr=224.21 dt=0.101 rate=1.00 paused=True backlog=86.23 edge=249.82 div=0.00
21:18:07.857 CLOCK hold raw=163.59 prev=163.59 new=163.59 d=+0.000 fr=224.21 dt=0.101 rate=1.00 paused=True backlog=86.33 edge=249.92 div=0.00
21:18:07.958 CLOCK hold raw=163.59 prev=163.59 new=163.59 d=+0.000 fr=224.21 dt=0.101 rate=1.00 paused=True backlog=86.43 edge=250.02 div=0.00
21:18:08.060 CLOCK hold raw=163.59 prev=163.59 new=163.59 d=+0.000 fr=224.21 dt=0.102 rate=1.00 paused=True backlog=86.53 edge=250.12 div=0.00
21:18:08.160 CLOCK hold raw=163.59 prev=163.59 new=163.59 d=+0.000 fr=224.21 dt=0.101 rate=1.00 paused=True backlog=86.63 edge=250.22 div=0.00
21:18:08.362 CLOCK hold raw=163.59 prev=163.59 new=163.59 d=+0.000 fr=224.21 dt=0.202 rate=1.00 paused=True backlog=86.83 edge=250.42 div=0.00
21:18:08.464 CLOCK hold raw=163.59 prev=163.59 new=163.59 d=+0.000 fr=224.21 dt=0.102 rate=1.00 paused=True backlog=86.93 edge=250.52 div=0.00
21:18:08.565 CLOCK hold raw=163.59 prev=163.59 new=163.59 d=+0.000 fr=224.21 dt=0.101 rate=1.00 paused=True backlog=87.03 edge=250.63 div=0.00
21:18:08.667 CLOCK hold raw=163.59 prev=163.59 new=163.59 d=+0.000 fr=224.21 dt=0.102 rate=1.00 paused=True backlog=87.14 edge=250.73 div=0.00
21:18:08.768 CLOCK hold raw=163.59 prev=163.59 new=163.59 d=+0.000 fr=224.21 dt=0.101 rate=1.00 paused=True backlog=87.24 edge=250.83 div=0.00
21:18:08.870 CLOCK hold raw=163.59 prev=163.59 new=163.59 d=+0.000 fr=224.21 dt=0.102 rate=1.00 paused=True backlog=86.33 edge=249.92 div=0.00
21:18:08.971 CLOCK hold raw=163.59 prev=163.59 new=163.59 d=+0.000 fr=224.21 dt=0.101 rate=1.00 paused=True backlog=86.43 edge=250.02 div=0.00
21:18:09.072 CLOCK hold raw=163.59 prev=163.59 new=163.59 d=+0.000 fr=224.21 dt=0.101 rate=1.00 paused=True backlog=86.53 edge=250.12 div=0.00
21:18:09.174 CLOCK hold raw=163.59 prev=163.59 new=163.59 d=+0.000 fr=224.21 dt=0.101 rate=1.00 paused=True backlog=86.63 edge=250.22 div=0.00
21:18:09.275 CLOCK hold raw=163.59 prev=163.59 new=163.59 d=+0.000 fr=224.21 dt=0.101 rate=1.00 paused=True backlog=86.73 edge=250.32 div=0.00
21:18:09.376 CLOCK hold raw=163.59 prev=163.59 new=163.59 d=+0.000 fr=224.21 dt=0.101 rate=1.00 paused=True backlog=86.83 edge=250.42 div=0.00
21:18:09.477 CLOCK hold raw=163.59 prev=163.59 new=163.59 d=+0.000 fr=224.21 dt=0.101 rate=1.00 paused=True backlog=86.93 edge=250.52 div=0.00
21:18:09.579 CLOCK hold raw=163.59 prev=163.59 new=163.59 d=+0.000 fr=224.21 dt=0.101 rate=1.00 paused=True backlog=87.03 edge=250.63 div=0.00
21:18:09.781 CLOCK hold raw=163.59 prev=163.59 new=163.59 d=+0.000 fr=224.21 dt=0.202 rate=1.00 paused=True backlog=87.24 edge=250.83 div=0.00
21:18:09.882 CLOCK hold raw=163.59 prev=163.59 new=163.59 d=+0.000 fr=224.21 dt=0.101 rate=1.00 paused=True backlog=87.34 edge=250.93 div=0.00
21:18:09.983 CLOCK hold raw=163.59 prev=163.59 new=163.59 d=+0.000 fr=224.21 dt=0.101 rate=1.00 paused=True backlog=87.44 edge=251.03 div=0.00
21:18:10.084 CLOCK hold raw=163.59 prev=163.59 new=163.59 d=+0.000 fr=224.21 dt=0.101 rate=1.00 paused=True backlog=87.54 edge=251.13 div=0.00
21:18:10.186 CLOCK hold raw=163.59 prev=163.59 new=163.59 d=+0.000 fr=224.21 dt=0.102 rate=1.00 paused=True backlog=87.64 edge=251.23 div=0.00
21:18:10.288 CLOCK hold raw=163.59 prev=163.59 new=163.59 d=+0.000 fr=224.21 dt=0.102 rate=1.00 paused=True backlog=87.74 edge=251.33 div=0.00
21:18:10.389 CLOCK hold raw=163.59 prev=163.59 new=163.59 d=+0.000 fr=224.21 dt=0.101 rate=1.00 paused=True backlog=87.84 edge=251.44 div=0.00
21:18:10.491 CLOCK hold raw=163.59 prev=163.59 new=163.59 d=+0.000 fr=224.21 dt=0.102 rate=1.00 paused=True backlog=87.95 edge=251.54 div=0.00
21:18:10.592 CLOCK hold raw=163.59 prev=163.59 new=163.59 d=+0.000 fr=224.21 dt=0.101 rate=1.00 paused=True backlog=88.05 edge=251.64 div=0.00
21:18:10.695 TICK fr=224.21 cc=163.59 raw=163.59 vid=163.59 playing=0 started=1 stall=0 | d_fr_cc=+60.62 d_fr_raw=+60.62 d_cc_raw=+0.00 | off=-0.02 ccx_end=247.65 since_show=0.1 since_cue=3.7 | pcr=248.801 pid=100 head_rel=248.80 ccx_lag=1.15 | credit=224.2 capped=0.0 | fsize=112831020 feed=112831020 feed_behind=0 | backlog=88.05 edge=251.64 div=0.00 lag_ewma=5.15
21:18:10.697 CLOCK hold raw=163.59 prev=163.59 new=163.59 d=+0.000 fr=224.21 dt=0.104 rate=1.00 paused=True backlog=88.15 edge=251.74 div=0.00
21:18:10.799 EDGESNAP err=-2.94 edge->248.80
21:18:10.800 CLOCK hold raw=163.59 prev=163.59 new=163.59 d=+0.000 fr=224.21 dt=0.103 rate=1.00 paused=True backlog=85.31 edge=248.90 div=0.00
21:18:10.902 CLOCK hold raw=163.59 prev=163.59 new=163.59 d=+0.000 fr=228.27 dt=0.101 rate=1.00 paused=True backlog=85.41 edge=249.01 div=0.00
21:18:11.006 CLOCK hold raw=163.59 prev=163.59 new=163.59 d=+0.000 fr=228.27 dt=0.103 rate=1.00 paused=True backlog=85.52 edge=249.11 div=0.00
21:18:11.139 EDGESNAP err=+4.68 edge->253.79
21:18:11.139 CUE cx=[247.65..248.78] adv=1.14 el=4.16 fresh | off=-0.02 fr=228.27 cc=163.59 raw=163.59 lead=+85.17 | pcr=253.793 head_rel=253.79 lag_ewma=9.83 | q=third and seven. And a strike / to Luke Flora. A back of the
21:18:11.140 CUE cx=[248.78..250.98] adv=2.20 el=0.03 fresh | off=-0.02 fr=228.27 cc=163.59 raw=163.59 lead=+87.38 | pcr=253.793 head_rel=253.79 lag_ewma=9.83 | q=to Luke Flora. A back of the / end zone. Eight yard touchdow
21:18:11.141 ANCHOR pend_end=250.98 L=7.37 pinL=2.81 target=0.00 off=-0.02
21:18:11.141 CLOCK hold raw=163.59 prev=163.59 new=163.59 d=+0.000 fr=228.27 dt=0.137 rate=1.00 paused=True backlog=90.34 edge=253.93 div=0.00
21:18:11.244 CLOCK hold raw=163.59 prev=163.59 new=163.59 d=+0.000 fr=228.27 dt=0.103 rate=1.00 paused=True backlog=90.44 edge=254.03 div=0.00
21:18:11.346 CLOCK hold raw=163.59 prev=163.59 new=163.59 d=+0.000 fr=228.61 dt=0.102 rate=1.00 paused=True backlog=90.54 edge=254.13 div=0.00
21:18:11.347 CUE cx=[250.99..252.15] adv=1.17 el=0.21 fresh | off=-0.01 fr=228.61 cc=163.59 raw=163.59 lead=+88.55 | pcr=253.793 head_rel=253.79 lag_ewma=7.37 | q=end zone. Eight yard touchdown. / Sanders for for for 43 yar
21:18:11.347 CUE cx=[252.15..253.49] adv=1.33 el=0.00 fresh | off=-0.01 fr=228.61 cc=163.59 raw=163.59 lead=+89.89 | pcr=253.793 head_rel=253.79 lag_ewma=7.37 | q=Sanders for for for 43 yards on / the opening drive. Score t
21:18:11.448 ANCHOR pend_end=253.49 L=4.90 pinL=0.31 target=0.09 off=-0.01
21:18:11.448 CLOCK hold raw=163.59 prev=163.59 new=163.59 d=+0.000 fr=228.61 dt=0.102 rate=1.00 paused=True backlog=90.39 edge=253.98 div=0.00
21:18:11.550 CLOCK hold raw=163.59 prev=163.59 new=163.59 d=+0.000 fr=228.61 dt=0.101 rate=1.00 paused=True backlog=90.49 edge=254.08 div=0.00
21:18:11.752 CLOCK hold raw=163.59 prev=163.59 new=163.59 d=+0.000 fr=229.02 dt=0.202 rate=1.00 paused=True backlog=90.69 edge=254.28 div=0.00
21:18:11.853 CLOCK hold raw=163.59 prev=163.59 new=163.59 d=+0.000 fr=229.02 dt=0.101 rate=1.00 paused=True backlog=90.79 edge=254.38 div=0.00
21:18:11.955 CLOCK hold raw=163.59 prev=163.59 new=163.59 d=+0.000 fr=229.02 dt=0.101 rate=1.00 paused=True backlog=90.90 edge=254.49 div=0.00
21:18:12.056 CLOCK hold raw=163.59 prev=163.59 new=163.59 d=+0.000 fr=229.02 dt=0.102 rate=1.00 paused=True backlog=91.00 edge=254.59 div=0.00
21:18:12.158 CLOCK hold raw=163.59 prev=163.59 new=163.59 d=+0.000 fr=229.02 dt=0.102 rate=1.00 paused=True backlog=91.10 edge=254.69 div=0.00
21:18:12.260 CLOCK hold raw=163.59 prev=163.59 new=163.59 d=+0.000 fr=229.02 dt=0.102 rate=1.00 paused=True backlog=91.20 edge=254.79 div=0.00
21:18:12.361 CLOCK hold raw=163.59 prev=163.59 new=163.59 d=+0.000 fr=229.02 dt=0.101 rate=1.00 paused=True backlog=91.30 edge=254.89 div=0.00
21:18:12.462 CLOCK hold raw=163.59 prev=163.59 new=163.59 d=+0.000 fr=229.02 dt=0.101 rate=1.00 paused=True backlog=91.40 edge=254.99 div=0.00
21:18:12.564 CLOCK hold raw=163.59 prev=163.59 new=163.59 d=+0.000 fr=229.02 dt=0.102 rate=1.00 paused=True backlog=91.50 edge=255.10 div=0.00
21:18:12.666 CLOCK hold raw=163.59 prev=163.59 new=163.59 d=+0.000 fr=229.02 dt=0.102 rate=1.00 paused=True backlog=91.61 edge=255.20 div=0.00
21:18:12.767 CLOCK hold raw=163.59 prev=163.59 new=163.59 d=+0.000 fr=229.02 dt=0.102 rate=1.00 paused=True backlog=91.71 edge=255.30 div=0.00
21:18:12.870 CLOCK hold raw=163.59 prev=163.59 new=163.59 d=+0.000 fr=229.02 dt=0.102 rate=1.00 paused=True backlog=92.28 edge=255.88 div=0.00
21:18:12.971 CLOCK hold raw=163.59 prev=163.59 new=163.59 d=+0.000 fr=229.02 dt=0.101 rate=1.00 paused=True backlog=92.39 edge=255.98 div=0.00
21:18:13.172 CLOCK hold raw=163.59 prev=163.59 new=163.59 d=+0.000 fr=229.02 dt=0.201 rate=1.00 paused=True backlog=92.59 edge=256.18 div=0.00
21:18:13.273 CLOCK hold raw=163.59 prev=163.59 new=163.59 d=+0.000 fr=229.02 dt=0.101 rate=1.00 paused=True backlog=92.69 edge=256.28 div=0.00
21:18:13.375 CLOCK hold raw=163.59 prev=163.59 new=163.59 d=+0.000 fr=229.02 dt=0.101 rate=1.00 paused=True backlog=92.79 edge=256.38 div=0.00
21:18:13.476 CLOCK hold raw=163.59 prev=163.59 new=163.59 d=+0.000 fr=229.02 dt=0.101 rate=1.00 paused=True backlog=92.89 edge=256.48 div=0.00
21:18:13.577 CLOCK hold raw=163.59 prev=163.59 new=163.59 d=+0.000 fr=229.02 dt=0.101 rate=1.00 paused=True backlog=92.99 edge=256.58 div=0.00
21:18:13.678 CLOCK hold raw=163.59 prev=163.59 new=163.59 d=+0.000 fr=229.02 dt=0.101 rate=1.00 paused=True backlog=93.09 edge=256.68 div=0.00
21:18:13.779 CLOCK hold raw=163.59 prev=163.59 new=163.59 d=+0.000 fr=229.02 dt=0.101 rate=1.00 paused=True backlog=93.19 edge=256.78 div=0.00
21:18:13.880 CLOCK hold raw=163.59 prev=163.59 new=163.59 d=+0.000 fr=229.02 dt=0.101 rate=1.00 paused=True backlog=93.29 edge=256.89 div=0.00
21:18:13.981 CLOCK hold raw=163.59 prev=163.59 new=163.59 d=+0.000 fr=229.02 dt=0.101 rate=1.00 paused=True backlog=93.40 edge=256.99 div=0.00
21:18:14.082 CLOCK hold raw=163.59 prev=163.59 new=163.59 d=+0.000 fr=229.02 dt=0.101 rate=1.00 paused=True backlog=93.50 edge=257.09 div=0.00
21:18:14.183 CLOCK hold raw=163.59 prev=163.59 new=163.59 d=+0.000 fr=229.02 dt=0.101 rate=1.00 paused=True backlog=93.60 edge=257.19 div=0.00
21:18:14.285 CLOCK hold raw=163.59 prev=163.59 new=163.59 d=+0.000 fr=229.02 dt=0.102 rate=1.00 paused=True backlog=93.70 edge=257.29 div=0.00
21:18:14.486 CLOCK hold raw=163.59 prev=163.59 new=163.59 d=+0.000 fr=229.02 dt=0.201 rate=1.00 paused=True backlog=93.90 edge=257.49 div=0.00
21:18:14.587 CLOCK hold raw=163.59 prev=163.59 new=163.59 d=+0.000 fr=229.02 dt=0.101 rate=1.00 paused=True backlog=94.00 edge=257.59 div=0.00
21:18:14.688 CLOCK hold raw=163.59 prev=163.59 new=163.59 d=+0.000 fr=229.02 dt=0.102 rate=1.00 paused=True backlog=94.10 edge=257.69 div=0.00
21:18:14.790 CLOCK hold raw=163.59 prev=163.59 new=163.59 d=+0.000 fr=229.02 dt=0.101 rate=1.00 paused=True backlog=94.20 edge=257.80 div=0.00
21:18:14.892 CLOCK hold raw=163.59 prev=163.59 new=163.59 d=+0.000 fr=229.02 dt=0.102 rate=1.00 paused=True backlog=93.53 edge=257.12 div=0.00
21:18:14.993 CLOCK hold raw=163.59 prev=163.59 new=163.59 d=+0.000 fr=229.02 dt=0.101 rate=1.00 paused=True backlog=93.63 edge=257.22 div=0.00
21:18:15.094 CLOCK hold raw=163.59 prev=163.59 new=163.59 d=+0.000 fr=229.02 dt=0.102 rate=1.00 paused=True backlog=93.74 edge=257.33 div=0.00
21:18:15.195 CLOCK hold raw=163.59 prev=163.59 new=163.59 d=+0.000 fr=229.02 dt=0.101 rate=1.00 paused=True backlog=93.84 edge=257.43 div=0.00
21:18:15.296 CLOCK hold raw=163.59 prev=163.59 new=163.59 d=+0.000 fr=229.02 dt=0.101 rate=1.00 paused=True backlog=93.94 edge=257.53 div=0.00
21:18:15.397 CLOCK hold raw=163.59 prev=163.59 new=163.59 d=+0.000 fr=229.02 dt=0.101 rate=1.00 paused=True backlog=94.04 edge=257.63 div=0.00
21:18:15.499 CLOCK hold raw=163.59 prev=163.59 new=163.59 d=+0.000 fr=229.02 dt=0.102 rate=1.00 paused=True backlog=94.14 edge=257.73 div=0.00
21:18:15.600 CLOCK hold raw=163.59 prev=163.59 new=163.59 d=+0.000 fr=229.02 dt=0.101 rate=1.00 paused=True backlog=94.24 edge=257.83 div=0.00
21:18:15.702 TICK fr=229.02 cc=163.59 raw=163.59 vid=163.59 playing=0 started=1 stall=0 | d_fr_cc=+65.43 d_fr_raw=+65.43 d_cc_raw=+0.00 | off=0.04 ccx_end=253.49 since_show=0.1 since_cue=4.4 | pcr=256.248 pid=100 head_rel=256.25 ccx_lag=2.76 | credit=229.0 capped=0.0 | fsize=116369368 feed=116369368 feed_behind=0 | backlog=94.24 edge=257.83 div=0.00 lag_ewma=4.90
21:18:15.702 CLOCK hold raw=163.59 prev=163.59 new=163.59 d=+0.000 fr=229.02 dt=0.102 rate=1.00 paused=True backlog=94.34 edge=257.93 div=0.00
21:18:15.904 CLOCK hold raw=163.59 prev=163.59 new=163.59 d=+0.000 fr=229.02 dt=0.203 rate=1.00 paused=True backlog=94.55 edge=258.14 div=0.00
21:18:16.006 CLOCK hold raw=163.59 prev=163.59 new=163.59 d=+0.000 fr=229.02 dt=0.101 rate=1.00 paused=True backlog=94.65 edge=258.24 div=0.00
21:18:16.107 CLOCK hold raw=163.59 prev=163.59 new=163.59 d=+0.000 fr=229.02 dt=0.101 rate=1.00 paused=True backlog=94.75 edge=258.34 div=0.00
21:18:16.208 CLOCK hold raw=163.59 prev=163.59 new=163.59 d=+0.000 fr=229.02 dt=0.101 rate=1.00 paused=True backlog=94.85 edge=258.44 div=0.00
21:18:16.309 CLOCK hold raw=163.59 prev=163.59 new=163.59 d=+0.000 fr=229.02 dt=0.101 rate=1.00 paused=True backlog=94.95 edge=258.54 div=0.00
21:18:16.409 CLOCK hold raw=163.59 prev=163.59 new=163.59 d=+0.000 fr=229.02 dt=0.101 rate=1.00 paused=True backlog=95.05 edge=258.64 div=0.00
21:18:16.511 CLOCK hold raw=163.59 prev=163.59 new=163.59 d=+0.000 fr=229.02 dt=0.101 rate=1.00 paused=True backlog=95.15 edge=258.74 div=0.00
21:18:16.612 CLOCK hold raw=163.59 prev=163.59 new=163.59 d=+0.000 fr=229.02 dt=0.101 rate=1.00 paused=True backlog=95.25 edge=258.84 div=0.00
21:18:16.713 CLOCK hold raw=163.59 prev=163.59 new=163.59 d=+0.000 fr=229.02 dt=0.101 rate=1.00 paused=True backlog=95.35 edge=258.94 div=0.00
21:18:16.815 EDGESNAP err=-2.70 edge->256.25
21:18:16.815 CLOCK hold raw=163.59 prev=163.59 new=163.59 d=+0.000 fr=229.02 dt=0.102 rate=1.00 paused=True backlog=92.76 edge=256.35 div=0.00
21:18:16.916 CLOCK hold raw=163.59 prev=163.59 new=163.59 d=+0.000 fr=229.02 dt=0.101 rate=1.00 paused=True backlog=92.86 edge=256.45 div=0.00
21:18:17.017 CLOCK hold raw=163.59 prev=163.59 new=163.59 d=+0.000 fr=229.02 dt=0.101 rate=1.00 paused=True backlog=92.96 edge=256.55 div=0.00
21:18:17.119 CLOCK hold raw=163.59 prev=163.59 new=163.59 d=+0.000 fr=229.02 dt=0.101 rate=1.00 paused=True backlog=93.06 edge=256.65 div=0.00
21:18:17.321 CLOCK hold raw=163.59 prev=163.59 new=163.59 d=+0.000 fr=229.02 dt=0.202 rate=1.00 paused=True backlog=93.26 edge=256.86 div=0.00
21:18:17.422 CLOCK hold raw=163.59 prev=163.59 new=163.59 d=+0.000 fr=229.02 dt=0.101 rate=1.00 paused=True backlog=93.37 edge=256.96 div=0.00
21:18:17.523 CLOCK hold raw=163.59 prev=163.59 new=163.59 d=+0.000 fr=229.02 dt=0.101 rate=1.00 paused=True backlog=93.47 edge=257.06 div=0.00
21:18:17.625 CLOCK hold raw=163.59 prev=163.59 new=163.59 d=+0.000 fr=229.02 dt=0.102 rate=1.00 paused=True backlog=93.57 edge=257.16 div=0.00
21:18:17.726 CLOCK hold raw=163.59 prev=163.59 new=163.59 d=+0.000 fr=229.02 dt=0.101 rate=1.00 paused=True backlog=93.67 edge=257.26 div=0.00
21:18:17.827 CLOCK hold raw=163.59 prev=163.59 new=163.59 d=+0.000 fr=229.02 dt=0.101 rate=1.00 paused=True backlog=93.77 edge=257.36 div=0.00
21:18:17.928 CLOCK hold raw=163.59 prev=163.59 new=163.59 d=+0.000 fr=229.02 dt=0.101 rate=1.00 paused=True backlog=93.87 edge=257.46 div=0.00
21:18:18.029 CLOCK hold raw=163.59 prev=163.59 new=163.59 d=+0.000 fr=229.02 dt=0.101 rate=1.00 paused=True backlog=93.97 edge=257.56 div=0.00
21:18:18.130 CLOCK hold raw=163.59 prev=163.59 new=163.59 d=+0.000 fr=229.02 dt=0.101 rate=1.00 paused=True backlog=94.07 edge=257.67 div=0.00
21:18:18.232 CLOCK hold raw=163.59 prev=163.59 new=163.59 d=+0.000 fr=229.02 dt=0.101 rate=1.00 paused=True backlog=94.18 edge=257.77 div=0.00
21:18:18.333 CLOCK hold raw=163.59 prev=163.59 new=163.59 d=+0.000 fr=229.02 dt=0.101 rate=1.00 paused=True backlog=94.28 edge=257.87 div=0.00
21:18:18.434 CLOCK hold raw=163.59 prev=163.59 new=163.59 d=+0.000 fr=229.02 dt=0.101 rate=1.00 paused=True backlog=94.38 edge=257.97 div=0.00
21:18:18.636 CLOCK hold raw=163.59 prev=163.59 new=163.59 d=+0.000 fr=229.02 dt=0.202 rate=1.00 paused=True backlog=94.58 edge=258.17 div=0.00
21:18:18.738 CLOCK hold raw=163.59 prev=163.59 new=163.59 d=+0.000 fr=229.02 dt=0.102 rate=1.00 paused=True backlog=94.68 edge=258.27 div=0.00
21:18:18.839 CLOCK hold raw=163.59 prev=163.59 new=163.59 d=+0.000 fr=229.02 dt=0.102 rate=1.00 paused=True backlog=93.77 edge=257.36 div=0.00
21:18:18.940 CLOCK hold raw=163.59 prev=163.59 new=163.59 d=+0.000 fr=229.02 dt=0.101 rate=1.00 paused=True backlog=93.87 edge=257.46 div=0.00
21:18:19.041 CLOCK hold raw=163.59 prev=163.59 new=163.59 d=+0.000 fr=229.02 dt=0.101 rate=1.00 paused=True backlog=93.97 edge=257.56 div=0.00
21:18:19.142 CLOCK hold raw=163.59 prev=163.59 new=163.59 d=+0.000 fr=229.02 dt=0.101 rate=1.00 paused=True backlog=94.07 edge=257.66 div=0.00
21:18:19.244 CLOCK hold raw=163.59 prev=163.59 new=163.59 d=+0.000 fr=229.02 dt=0.101 rate=1.00 paused=True backlog=94.18 edge=257.77 div=0.00
21:18:19.344 CLOCK hold raw=163.59 prev=163.59 new=163.59 d=+0.000 fr=229.02 dt=0.101 rate=1.00 paused=True backlog=94.28 edge=257.87 div=0.00
21:18:19.445 CLOCK hold raw=163.59 prev=163.59 new=163.59 d=+0.000 fr=229.02 dt=0.101 rate=1.00 paused=True backlog=94.38 edge=257.97 div=0.00
21:18:19.547 CLOCK hold raw=163.59 prev=163.59 new=163.59 d=+0.000 fr=229.02 dt=0.101 rate=1.00 paused=True backlog=94.48 edge=258.07 div=0.00
21:18:19.648 CLOCK hold raw=163.59 prev=163.59 new=163.59 d=+0.000 fr=229.02 dt=0.101 rate=1.00 paused=True backlog=94.58 edge=258.17 div=0.00
21:18:19.749 CLOCK hold raw=163.59 prev=163.59 new=163.59 d=+0.000 fr=229.02 dt=0.101 rate=1.00 paused=True backlog=94.58 edge=258.17 div=0.00
21:18:19.850 CLOCK hold raw=163.59 prev=163.59 new=163.59 d=+0.000 fr=229.02 dt=0.101 rate=1.00 paused=True backlog=94.58 edge=258.17 div=0.00
21:18:20.052 CLOCK hold raw=163.59 prev=163.59 new=163.59 d=+0.000 fr=229.02 dt=0.202 rate=1.00 paused=True backlog=94.58 edge=258.17 div=0.00
21:18:20.153 CLOCK hold raw=163.59 prev=163.59 new=163.59 d=+0.000 fr=229.02 dt=0.101 rate=1.00 paused=True backlog=94.58 edge=258.17 div=0.00
21:18:20.254 CLOCK hold raw=163.59 prev=163.59 new=163.59 d=+0.000 fr=229.02 dt=0.101 rate=1.00 paused=True backlog=94.58 edge=258.17 div=0.00
21:18:20.355 CLOCK hold raw=163.59 prev=163.59 new=163.59 d=+0.000 fr=229.02 dt=0.101 rate=1.00 paused=True backlog=94.58 edge=258.17 div=0.00
21:18:20.456 CLOCK hold raw=163.59 prev=163.59 new=163.59 d=+0.000 fr=229.02 dt=0.101 rate=1.00 paused=True backlog=94.58 edge=258.17 div=0.00
21:18:20.557 CLOCK hold raw=163.59 prev=163.59 new=163.59 d=+0.000 fr=229.02 dt=0.101 rate=1.00 paused=True backlog=94.58 edge=258.17 div=0.00
21:18:20.658 CLOCK hold raw=163.59 prev=163.59 new=163.59 d=+0.000 fr=229.02 dt=0.101 rate=1.00 paused=True backlog=94.58 edge=258.17 div=0.00
21:18:20.761 TICK fr=229.02 cc=163.59 raw=163.59 vid=163.59 playing=0 started=1 stall=0 | d_fr_cc=+65.43 d_fr_raw=+65.43 d_cc_raw=+0.00 | off=0.04 ccx_end=253.49 since_show=0.1 since_cue=9.4 | pcr=256.248 pid=100 head_rel=256.25 ccx_lag=2.76 | credit=229.0 capped=0.0 | fsize=116369368 feed=116369368 feed_behind=0 | backlog=94.58 edge=258.17 div=0.00 lag_ewma=4.90
21:18:20.761 CLOCK hold raw=163.59 prev=163.59 new=163.59 d=+0.000 fr=229.02 dt=0.102 rate=1.00 paused=True backlog=94.58 edge=258.17 div=0.00
21:18:20.863 CLOCK hold raw=163.59 prev=163.59 new=163.59 d=+0.000 fr=229.02 dt=0.102 rate=1.00 paused=True backlog=93.62 edge=257.21 div=0.00
21:18:20.863 CUE cx=[253.49..256.69] adv=3.20 el=9.52 fresh | off=0.04 fr=229.02 cc=163.59 raw=163.59 lead=+93.14 | pcr=256.248 head_rel=256.25 lag_ewma=4.90 | q=the opening drive. Score tied / it at seven. We go to the / 
21:18:20.965 ANCHOR pend_end=256.69 L=4.90 pinL=- target=-4.86 off=0.04
21:18:20.965 CLOCK hold raw=163.59 prev=163.59 new=163.59 d=+0.000 fr=229.02 dt=0.102 rate=1.00 paused=True backlog=93.14 edge=256.73 div=0.00
21:18:21.066 CLOCK hold raw=163.59 prev=163.59 new=163.59 d=+0.000 fr=238.43 dt=0.101 rate=1.00 paused=True backlog=93.24 edge=256.83 div=0.00
21:18:21.168 EDGESNAP err=+4.42 edge->261.25
21:18:21.169 CUE cx=[256.69..258.99] adv=2.30 el=0.30 fresh | off=-2.41 fr=238.43 cc=163.59 raw=163.59 lead=+92.99 | pcr=261.246 head_rel=261.25 lag_ewma=9.32 | q=it at seven. We go to the / second quarter third and 15. / S
21:18:21.169 ANCHOR pend_end=258.99 L=6.84 pinL=2.25 target=0.00 off=-2.41
21:18:21.169 CLOCK hold raw=163.59 prev=163.59 new=163.59 d=+0.000 fr=238.43 dt=0.103 rate=1.00 paused=True backlog=97.76 edge=261.35 div=0.00
21:18:21.371 CLOCK hold raw=163.59 prev=163.59 new=163.59 d=+0.000 fr=238.43 dt=0.202 rate=1.00 paused=True backlog=97.96 edge=261.55 div=0.00
21:18:21.472 CLOCK hold raw=163.59 prev=163.59 new=163.59 d=+0.000 fr=238.43 dt=0.101 rate=1.00 paused=True backlog=98.06 edge=261.65 div=0.00
21:18:21.574 CLOCK hold raw=163.59 prev=163.59 new=163.59 d=+0.000 fr=238.84 dt=0.101 rate=1.00 paused=True backlog=98.16 edge=261.75 div=0.00
21:18:21.675 CLOCK hold raw=163.59 prev=163.59 new=163.59 d=+0.000 fr=238.84 dt=0.101 rate=1.00 paused=True backlog=98.26 edge=261.85 div=0.00
21:18:21.776 CLOCK hold raw=163.59 prev=163.59 new=163.59 d=+0.000 fr=238.84 dt=0.101 rate=1.00 paused=True backlog=98.36 edge=261.95 div=0.00
21:18:21.876 CLOCK hold raw=163.59 prev=163.59 new=163.59 d=+0.000 fr=239.24 dt=0.101 rate=1.00 paused=True backlog=98.46 edge=262.06 div=0.00
21:18:21.978 CLOCK hold raw=163.59 prev=163.59 new=163.59 d=+0.000 fr=239.24 dt=0.102 rate=1.00 paused=True backlog=98.57 edge=262.16 div=0.00
21:18:22.079 CLOCK hold raw=163.59 prev=163.59 new=163.59 d=+0.000 fr=239.24 dt=0.101 rate=1.00 paused=True backlog=98.67 edge=262.26 div=0.00
21:18:22.201 EDGESNAP err=+3.97 edge->266.23
21:18:22.202 CUE cx=[258.99..262.53] adv=3.54 el=1.01 fresh | off=-1.21 fr=239.24 cc=163.59 raw=163.59 lead=+97.73 | pcr=266.232 head_rel=266.23 lag_ewma=10.82 | q=second quarter third and 15. / Sanders another strike to Flo
21:18:22.202 ANCHOR pend_end=262.53 L=8.33 pinL=3.70 target=0.00 off=-1.21
21:18:22.202 CLOCK hold raw=163.59 prev=163.59 new=163.59 d=+0.000 fr=239.24 dt=0.123 rate=1.00 paused=True backlog=102.76 edge=266.35 div=0.00
21:18:22.303 CLOCK hold raw=163.59 prev=163.59 new=163.59 d=+0.000 fr=239.67 dt=0.101 rate=1.00 paused=True backlog=102.86 edge=266.46 div=0.00
21:18:22.405 CUE cx=[262.53..264.60] adv=2.07 el=0.22 fresh | off=-0.60 fr=239.67 cc=163.59 raw=163.59 lead=+100.40 | pcr=266.232 head_rel=266.23 lag_ewma=8.33 | q=Sanders another strike to Flora. / This one goes for 23 yard
21:18:22.405 ANCHOR pend_end=264.60 L=5.99 pinL=1.64 target=0.11 off=-0.60
21:18:22.406 CLOCK hold raw=163.59 prev=163.59 new=163.59 d=+0.000 fr=239.67 dt=0.101 rate=1.00 paused=True backlog=102.85 edge=266.44 div=0.00
21:18:22.507 CLOCK hold raw=163.59 prev=163.59 new=163.59 d=+0.000 fr=239.67 dt=0.102 rate=1.00 paused=True backlog=102.96 edge=266.55 div=0.00
21:18:22.607 CLOCK hold raw=163.59 prev=163.59 new=163.59 d=+0.000 fr=239.67 dt=0.101 rate=1.00 paused=True backlog=103.06 edge=266.65 div=0.00
21:18:22.609 CUE cx=[264.60..266.43] adv=1.83 el=0.20 fresh | off=-0.25 fr=239.67 cc=163.59 raw=163.59 lead=+102.59 | pcr=267.215 head_rel=267.21 lag_ewma=5.99 | q=This one goes for 23 yards. / Shudder feeling it. Second and
21:18:22.709 ANCHOR pend_end=266.43 L=4.16 pinL=0.78 target=-0.28 off=-0.25
21:18:22.709 CLOCK hold raw=163.59 prev=163.59 new=163.59 d=+0.000 fr=239.67 dt=0.102 rate=1.00 paused=True backlog=103.44 edge=267.03 div=0.00
21:18:22.911 CLOCK hold raw=163.59 prev=163.59 new=163.59 d=+0.000 fr=239.67 dt=0.202 rate=1.00 paused=True backlog=103.73 edge=267.33 div=0.00
21:18:23.012 CLOCK hold raw=163.59 prev=163.59 new=163.59 d=+0.000 fr=239.67 dt=0.101 rate=1.00 paused=True backlog=103.84 edge=267.43 div=0.00
21:18:23.113 CLOCK hold raw=163.59 prev=163.59 new=163.59 d=+0.000 fr=239.67 dt=0.101 rate=1.00 paused=True backlog=103.94 edge=267.53 div=0.00
21:18:23.214 CLOCK hold raw=163.59 prev=163.59 new=163.59 d=+0.000 fr=239.67 dt=0.101 rate=1.00 paused=True backlog=104.04 edge=267.63 div=0.00
21:18:23.315 CLOCK hold raw=163.59 prev=163.59 new=163.59 d=+0.000 fr=239.67 dt=0.101 rate=1.00 paused=True backlog=104.14 edge=267.73 div=0.00
21:18:23.416 CLOCK hold raw=163.59 prev=163.59 new=163.59 d=+0.000 fr=239.67 dt=0.101 rate=1.00 paused=True backlog=104.24 edge=267.83 div=0.00
21:18:23.517 CLOCK hold raw=163.59 prev=163.59 new=163.59 d=+0.000 fr=239.67 dt=0.101 rate=1.00 paused=True backlog=104.34 edge=267.93 div=0.00
21:18:23.619 CLOCK hold raw=163.59 prev=163.59 new=163.59 d=+0.000 fr=239.67 dt=0.101 rate=1.00 paused=True backlog=104.44 edge=268.03 div=0.00
21:18:23.720 CLOCK hold raw=163.59 prev=163.59 new=163.59 d=+0.000 fr=239.67 dt=0.101 rate=1.00 paused=True backlog=104.54 edge=268.13 div=0.00
21:18:23.821 CLOCK hold raw=163.59 prev=163.59 new=163.59 d=+0.000 fr=239.67 dt=0.101 rate=1.00 paused=True backlog=104.64 edge=268.23 div=0.00
21:18:23.922 CLOCK hold raw=163.59 prev=163.59 new=163.59 d=+0.000 fr=239.67 dt=0.101 rate=1.00 paused=True backlog=104.74 edge=268.34 div=0.00
21:18:24.024 CLOCK hold raw=163.59 prev=163.59 new=163.59 d=+0.000 fr=239.67 dt=0.102 rate=1.00 paused=True backlog=104.85 edge=268.44 div=0.00
21:18:24.226 CLOCK hold raw=163.59 prev=163.59 new=163.59 d=+0.000 fr=239.67 dt=0.202 rate=1.00 paused=True backlog=105.05 edge=268.64 div=0.00
21:18:24.327 CLOCK hold raw=163.59 prev=163.59 new=163.59 d=+0.000 fr=239.67 dt=0.101 rate=1.00 paused=True backlog=105.15 edge=268.74 div=0.00
21:18:24.428 CLOCK hold raw=163.59 prev=163.59 new=163.59 d=+0.000 fr=239.67 dt=0.101 rate=1.00 paused=True backlog=105.25 edge=268.84 div=0.00
21:18:24.529 CLOCK hold raw=163.59 prev=163.59 new=163.59 d=+0.000 fr=239.67 dt=0.101 rate=1.00 paused=True backlog=105.35 edge=268.94 div=0.00
21:18:24.630 CLOCK hold raw=163.59 prev=163.59 new=163.59 d=+0.000 fr=239.67 dt=0.101 rate=1.00 paused=True backlog=105.45 edge=269.04 div=0.00
21:18:24.731 CLOCK hold raw=163.59 prev=163.59 new=163.59 d=+0.000 fr=239.67 dt=0.101 rate=1.00 paused=True backlog=105.55 edge=269.15 div=0.00
21:18:24.833 CLOCK hold raw=163.59 prev=163.59 new=163.59 d=+0.000 fr=239.67 dt=0.102 rate=1.00 paused=True backlog=104.69 edge=268.28 div=0.00
21:18:24.934 CLOCK hold raw=163.59 prev=163.59 new=163.59 d=+0.000 fr=239.67 dt=0.101 rate=1.00 paused=True backlog=104.79 edge=268.38 div=0.00
21:18:25.035 CLOCK hold raw=163.59 prev=163.59 new=163.59 d=+0.000 fr=239.67 dt=0.101 rate=1.00 paused=True backlog=104.89 edge=268.48 div=0.00
21:18:25.137 CLOCK hold raw=163.59 prev=163.59 new=163.59 d=+0.000 fr=239.67 dt=0.102 rate=1.00 paused=True backlog=104.99 edge=268.59 div=0.00
21:18:25.238 CLOCK hold raw=163.59 prev=163.59 new=163.59 d=+0.000 fr=239.67 dt=0.101 rate=1.00 paused=True backlog=105.10 edge=268.69 div=0.00
21:18:25.339 CLOCK hold raw=163.59 prev=163.59 new=163.59 d=+0.000 fr=239.67 dt=0.101 rate=1.00 paused=True backlog=105.20 edge=268.79 div=0.00
21:18:25.440 CLOCK hold raw=163.59 prev=163.59 new=163.59 d=+0.000 fr=239.67 dt=0.101 rate=1.00 paused=True backlog=105.30 edge=268.89 div=0.00
21:18:25.643 PHASE RESUME 2 min after resume
21:18:25.643 XPORT resume target=- raw_pre=163.59 fr=239.67 cc=163.59 vid=163.59 rate=1.00 
21:18:25.644 CLOCK fold raw=163.74 prev=163.59 new=163.74 d=+0.146 fr=239.67 dt=0.203 rate=1.00 paused=False backlog=105.36 edge=269.09 div=0.00
21:18:25.745 CLOCK integ raw=163.74 prev=163.74 new=163.84 d=+0.102 fr=239.67 dt=0.102 rate=1.00 paused=False backlog=105.36 edge=269.19 div=0.00
21:18:25.747 TICK fr=239.67 cc=163.84 raw=163.74 vid=163.59 playing=1 started=1 stall=0 | d_fr_cc=+75.83 d_fr_raw=+75.93 d_cc_raw=+0.10 | off=-0.26 ccx_end=266.43 since_show=0.0 since_cue=3.1 | pcr=267.215 pid=100 head_rel=267.21 ccx_lag=0.78 | credit=239.7 capped=0.0 | fsize=121426192 feed=121426192 feed_behind=0 | backlog=105.36 edge=269.19 div=0.00 lag_ewma=4.16
21:18:25.849 CLOCK integ raw=163.74 prev=163.84 new=163.94 d=+0.104 fr=239.67 dt=0.104 rate=1.00 paused=False backlog=105.36 edge=269.30 div=0.00
21:18:25.953 CLOCK fold raw=164.02 prev=163.94 new=164.02 d=+0.077 fr=243.32 dt=0.103 rate=1.00 paused=False backlog=105.29 edge=269.31 div=0.00
21:18:26.055 CLOCK trickle raw=164.02 prev=164.02 new=164.02 d=+0.000 fr=243.32 dt=0.101 rate=1.00 paused=False backlog=105.31 edge=269.33 div=0.00
21:18:26.156 CLOCK trickle raw=164.02 prev=164.02 new=164.02 d=+0.000 fr=243.32 dt=0.102 rate=1.00 paused=False backlog=105.32 edge=269.34 div=0.00
21:18:26.158 CUE cx=[266.43..267.50] adv=1.07 el=3.55 fresh | off=-0.26 fr=243.32 cc=164.02 raw=164.02 lead=+103.21 | pcr=268.060 head_rel=268.06 lag_ewma=4.16 | q=Shudder feeling it. Second and / nine though here in the sec
21:18:26.259 ANCHOR pend_end=267.50 L=2.90 pinL=0.56 target=0.64 off=-0.26
21:18:26.259 CLOCK fold raw=164.30 prev=164.02 new=164.30 d=+0.284 fr=243.32 dt=0.103 rate=1.00 paused=False backlog=104.41 edge=268.71 div=0.00
21:18:26.361 CLOCK trickle raw=164.30 prev=164.30 new=164.30 d=+0.000 fr=243.32 dt=0.102 rate=1.00 paused=False backlog=104.44 edge=268.74 div=0.00
21:18:26.462 CLOCK trickle raw=164.30 prev=164.30 new=164.30 d=+0.000 fr=243.32 dt=0.101 rate=1.00 paused=False backlog=104.46 edge=268.76 div=0.00
21:18:26.563 CLOCK fold raw=164.59 prev=164.30 new=164.59 d=+0.281 fr=243.32 dt=0.101 rate=1.00 paused=False backlog=104.20 edge=268.79 div=0.00
21:18:26.665 XPORT1s resume raw=164.59 fr=243.32 cc=164.59 vid=164.30
21:18:26.667 CLOCK trickle raw=164.59 prev=164.59 new=164.59 d=+0.000 fr=243.32 dt=0.104 rate=1.00 paused=False backlog=104.23 edge=268.81 div=0.00
21:18:26.768 CLOCK integ raw=164.59 prev=164.59 new=164.69 d=+0.101 fr=243.32 dt=0.101 rate=1.00 paused=False backlog=104.23 edge=268.91 div=0.00
21:18:26.897 CLOCK fold raw=164.87 prev=164.69 new=164.87 d=+0.182 fr=243.32 dt=0.129 rate=1.00 paused=False backlog=104.45 edge=269.32 div=0.00
21:18:26.999 CLOCK integ raw=164.87 prev=164.87 new=164.97 d=+0.102 fr=243.32 dt=0.102 rate=1.00 paused=False backlog=104.45 edge=269.42 div=0.00
21:18:27.101 CLOCK fold raw=165.15 prev=164.97 new=165.15 d=+0.178 fr=243.32 dt=0.102 rate=1.00 paused=False backlog=104.37 edge=269.52 div=0.00
21:18:27.229 EDGESNAP err=+2.54 edge->272.06
21:18:27.230 CUE cx=[267.50..269.10] adv=1.60 el=1.05 fresh | off=0.19 fr=244.47 cc=165.15 raw=165.15 lead=+104.14 | pcr=272.061 head_rel=272.06 lag_ewma=5.44 | q=nine though here in the second / quarter. This one a little 
21:18:27.230 CUE cx=[269.10..270.87] adv=1.77 el=0.03 fresh | off=0.19 fr=244.47 cc=165.15 raw=165.15 lead=+105.91 | pcr=272.061 head_rel=272.06 lag_ewma=5.44 | q=quarter. This one a little bit / off the mark. Tipped and pi
21:18:27.230 ANCHOR pend_end=270.87 L=3.96 pinL=1.19 target=0.00 off=0.19
21:18:27.231 CLOCK integ raw=165.15 prev=165.15 new=165.28 d=+0.131 fr=244.47 dt=0.131 rate=1.00 paused=False backlog=106.91 edge=272.19 div=0.00
21:18:27.333 CLOCK integ raw=165.15 prev=165.28 new=165.38 d=+0.101 fr=244.47 dt=0.101 rate=1.00 paused=False backlog=106.91 edge=272.29 div=0.00
21:18:27.434 CLOCK fold raw=165.43 prev=165.38 new=165.43 d=+0.052 fr=244.47 dt=0.101 rate=1.00 paused=False backlog=106.96 edge=272.39 div=0.00
21:18:27.535 CLOCK integ raw=165.43 prev=165.43 new=165.53 d=+0.101 fr=244.47 dt=0.101 rate=1.00 paused=False backlog=106.96 edge=272.50 div=0.00
21:18:27.637 CLOCK fold raw=165.71 prev=165.53 new=165.71 d=+0.177 fr=244.47 dt=0.102 rate=1.00 paused=False backlog=106.89 edge=272.60 div=0.00
21:18:27.738 CLOCK integ raw=165.71 prev=165.71 new=165.81 d=+0.101 fr=244.47 dt=0.101 rate=1.00 paused=False backlog=106.89 edge=272.70 div=0.00
21:18:27.838 CLOCK integ raw=165.71 prev=165.81 new=165.91 d=+0.101 fr=244.47 dt=0.101 rate=1.00 paused=False backlog=106.89 edge=272.80 div=0.00
21:18:28.041 CLOCK fold raw=165.99 prev=165.91 new=165.99 d=+0.081 fr=244.47 dt=0.202 rate=1.00 paused=False backlog=107.01 edge=273.00 div=0.00
21:18:28.142 CLOCK integ raw=165.99 prev=165.99 new=166.09 d=+0.101 fr=244.47 dt=0.101 rate=1.00 paused=False backlog=107.01 edge=273.10 div=0.00
21:18:28.243 CLOCK fold raw=166.27 prev=166.09 new=166.27 d=+0.178 fr=244.47 dt=0.101 rate=1.00 paused=False backlog=106.93 edge=273.20 div=0.00
21:18:28.345 CLOCK integ raw=166.27 prev=166.27 new=166.37 d=+0.102 fr=244.47 dt=0.102 rate=1.00 paused=False backlog=106.93 edge=273.31 div=0.00
21:18:28.448 CLOCK integ raw=166.27 prev=166.37 new=166.48 d=+0.103 fr=244.47 dt=0.103 rate=1.00 paused=False backlog=106.93 edge=273.41 div=0.00
21:18:28.550 CLOCK fold raw=166.55 prev=166.48 new=166.55 d=+0.077 fr=244.47 dt=0.103 rate=1.00 paused=False backlog=106.96 edge=273.51 div=0.00
21:18:28.652 CLOCK integ raw=166.55 prev=166.55 new=166.65 d=+0.102 fr=244.47 dt=0.102 rate=1.00 paused=False backlog=106.96 edge=273.61 div=0.00
21:18:28.754 CLOCK fold raw=166.83 prev=166.65 new=166.83 d=+0.179 fr=244.47 dt=0.102 rate=1.00 paused=False backlog=106.88 edge=273.71 div=0.00
21:18:28.856 CLOCK integ raw=166.83 prev=166.83 new=166.94 d=+0.103 fr=244.47 dt=0.103 rate=1.00 paused=False backlog=106.05 edge=272.99 div=0.00
21:18:28.958 CLOCK integ raw=166.83 prev=166.94 new=167.04 d=+0.101 fr=244.47 dt=0.101 rate=1.00 paused=False backlog=106.05 edge=273.09 div=0.00
21:18:29.059 CLOCK fold raw=167.11 prev=167.04 new=167.11 d=+0.075 fr=244.47 dt=0.101 rate=1.00 paused=False backlog=106.08 edge=273.19 div=0.00
21:18:29.161 CLOCK integ raw=167.11 prev=167.11 new=167.21 d=+0.101 fr=244.47 dt=0.101 rate=1.00 paused=False backlog=106.08 edge=273.29 div=0.00
21:18:29.262 CLOCK integ raw=167.11 prev=167.21 new=167.32 d=+0.102 fr=244.47 dt=0.102 rate=1.00 paused=False backlog=106.08 edge=273.40 div=0.00
21:18:29.366 CLOCK fold raw=167.40 prev=167.32 new=167.40 d=+0.079 fr=244.47 dt=0.104 rate=1.00 paused=False backlog=106.10 edge=273.50 div=0.00
21:18:29.569 CLOCK integ raw=167.40 prev=167.40 new=167.60 d=+0.203 fr=244.47 dt=0.203 rate=1.00 paused=False backlog=106.10 edge=273.70 div=0.00
21:18:29.672 CLOCK fold raw=167.68 prev=167.60 new=167.68 d=+0.077 fr=244.47 dt=0.103 rate=1.00 paused=False backlog=106.13 edge=273.81 div=0.00
21:18:29.774 CLOCK integ raw=167.68 prev=167.68 new=167.78 d=+0.102 fr=244.47 dt=0.102 rate=1.00 paused=False backlog=106.13 edge=273.91 div=0.00
21:18:29.875 CLOCK fold raw=167.96 prev=167.78 new=167.96 d=+0.178 fr=244.47 dt=0.101 rate=1.00 paused=False backlog=106.05 edge=274.01 div=0.00
21:18:29.976 CLOCK integ raw=167.96 prev=167.96 new=168.06 d=+0.102 fr=244.47 dt=0.102 rate=1.00 paused=False backlog=106.05 edge=274.11 div=0.00
21:18:30.078 CLOCK integ raw=167.96 prev=168.06 new=168.16 d=+0.102 fr=244.47 dt=0.102 rate=1.00 paused=False backlog=106.05 edge=274.21 div=0.00
21:18:30.179 CLOCK fold raw=168.24 prev=168.16 new=168.24 d=+0.078 fr=244.47 dt=0.101 rate=1.00 paused=False backlog=106.08 edge=274.31 div=0.00
21:18:30.280 CLOCK integ raw=168.24 prev=168.24 new=168.34 d=+0.101 fr=244.47 dt=0.101 rate=1.00 paused=False backlog=106.08 edge=274.41 div=0.00
21:18:30.382 CLOCK integ raw=168.24 prev=168.34 new=168.44 d=+0.102 fr=244.47 dt=0.102 rate=1.00 paused=False backlog=106.08 edge=274.52 div=0.00
21:18:30.482 CLOCK fold raw=168.52 prev=168.44 new=168.52 d=+0.082 fr=244.47 dt=0.101 rate=1.00 paused=False backlog=106.10 edge=274.62 div=0.00
21:18:30.583 CLOCK integ raw=168.52 prev=168.52 new=168.62 d=+0.101 fr=244.47 dt=0.101 rate=1.00 paused=False backlog=106.10 edge=274.72 div=0.00
21:18:30.686 TICK fr=244.47 cc=168.62 raw=168.52 vid=168.24 playing=1 started=1 stall=0 | d_fr_cc=+75.85 d_fr_raw=+75.95 d_cc_raw=+0.10 | off=0.09 ccx_end=270.87 since_show=0.1 since_cue=3.5 | pcr=272.061 pid=100 head_rel=272.06 ccx_lag=1.19 | credit=244.5 capped=0.0 | fsize=123358268 feed=123358268 feed_behind=0 | backlog=106.10 edge=274.72 div=0.00 lag_ewma=3.96
21:18:30.686 CLOCK integ raw=168.52 prev=168.62 new=168.72 d=+0.103 fr=244.47 dt=0.103 rate=1.00 paused=False backlog=106.10 edge=274.82 div=0.00
21:18:30.791 EDGESNAP err=-2.76 edge->272.06
21:18:30.791 CLOCK fold raw=168.80 prev=168.72 new=168.80 d=+0.077 fr=244.47 dt=0.104 rate=1.00 paused=False backlog=103.36 edge=272.17 div=0.00
21:18:30.992 CLOCK fold raw=169.08 prev=168.80 new=169.08 d=+0.281 fr=244.47 dt=0.202 rate=1.00 paused=False backlog=103.28 edge=272.37 div=0.00
21:18:31.093 CLOCK integ raw=169.08 prev=169.08 new=169.18 d=+0.101 fr=244.47 dt=0.101 rate=1.00 paused=False backlog=103.28 edge=272.47 div=0.00
21:18:31.194 CLOCK integ raw=169.08 prev=169.18 new=169.29 d=+0.101 fr=244.47 dt=0.101 rate=1.00 paused=False backlog=103.28 edge=272.57 div=0.00
21:18:31.296 CLOCK fold raw=169.36 prev=169.29 new=169.36 d=+0.078 fr=244.47 dt=0.102 rate=1.00 paused=False backlog=103.31 edge=272.67 div=0.00
21:18:31.398 CLOCK integ raw=169.36 prev=169.36 new=169.46 d=+0.101 fr=244.47 dt=0.101 rate=1.00 paused=False backlog=103.31 edge=272.77 div=0.00
21:18:31.499 CLOCK integ raw=169.36 prev=169.46 new=169.57 d=+0.101 fr=244.47 dt=0.101 rate=1.00 paused=False backlog=103.31 edge=272.87 div=0.00
21:18:31.600 CLOCK fold raw=169.65 prev=169.57 new=169.65 d=+0.080 fr=244.47 dt=0.101 rate=1.00 paused=False backlog=103.33 edge=272.97 div=0.00
21:18:31.702 CLOCK integ raw=169.65 prev=169.65 new=169.75 d=+0.102 fr=244.47 dt=0.102 rate=1.00 paused=False backlog=103.33 edge=273.08 div=0.00
21:18:31.803 CLOCK integ raw=169.65 prev=169.75 new=169.85 d=+0.101 fr=244.47 dt=0.101 rate=1.00 paused=False backlog=103.33 edge=273.18 div=0.00
21:18:31.904 CLOCK fold raw=169.93 prev=169.85 new=169.93 d=+0.078 fr=244.47 dt=0.101 rate=1.00 paused=False backlog=103.35 edge=273.28 div=0.00
21:18:32.006 CLOCK integ raw=169.93 prev=169.93 new=170.03 d=+0.101 fr=249.37 dt=0.101 rate=1.00 paused=False backlog=103.35 edge=273.38 div=0.00
21:18:32.108 CLOCK integ raw=169.93 prev=170.03 new=170.13 d=+0.102 fr=249.37 dt=0.102 rate=1.00 paused=False backlog=103.35 edge=273.48 div=0.00
21:18:32.209 CUE cx=[270.87..272.14] adv=1.27 el=4.98 fresh | off=0.09 fr=249.37 cc=170.13 raw=170.21 lead=+102.10 | pcr=275.227 head_rel=275.23 lag_ewma=3.96 | q=off the mark. Tipped and picked / by Damar Hamlin. Sanders p
21:18:32.210 CUE cx=[272.14..274.27] adv=2.14 el=0.00 fresh | off=0.09 fr=249.37 cc=170.13 raw=170.21 lead=+104.24 | pcr=275.227 head_rel=275.23 lag_ewma=3.96 | q=by Damar Hamlin. Sanders played / the entire first half. He 
21:18:32.311 ANCHOR pend_end=274.27 L=2.90 pinL=0.95 target=-0.44 off=0.09
21:18:32.311 CLOCK fold raw=170.21 prev=170.13 new=170.21 d=+0.081 fr=249.37 dt=0.204 rate=1.00 paused=False backlog=104.78 edge=274.99 div=0.00
21:18:32.412 CLOCK fold raw=170.49 prev=170.21 new=170.49 d=+0.278 fr=249.37 dt=0.101 rate=1.00 paused=False backlog=104.61 edge=275.10 div=0.00
21:18:32.514 CLOCK integ raw=170.49 prev=170.49 new=170.59 d=+0.102 fr=249.78 dt=0.102 rate=1.00 paused=False backlog=104.61 edge=275.20 div=0.00
21:18:32.615 CLOCK integ raw=170.49 prev=170.59 new=170.69 d=+0.101 fr=249.78 dt=0.101 rate=1.00 paused=False backlog=104.61 edge=275.30 div=0.00
21:18:32.716 CLOCK fold raw=170.77 prev=170.69 new=170.77 d=+0.077 fr=249.78 dt=0.101 rate=1.00 paused=False backlog=104.63 edge=275.40 div=0.00
21:18:32.818 CLOCK integ raw=170.77 prev=170.77 new=170.87 d=+0.101 fr=249.78 dt=0.101 rate=1.00 paused=False backlog=104.63 edge=275.50 div=0.00
21:18:32.922 CLOCK integ raw=170.77 prev=170.87 new=170.97 d=+0.104 fr=249.78 dt=0.104 rate=1.00 paused=False backlog=104.49 edge=275.47 div=0.00
21:18:33.023 CLOCK fold raw=171.05 prev=170.97 new=171.05 d=+0.078 fr=249.78 dt=0.101 rate=1.00 paused=False backlog=104.52 edge=275.57 div=0.00
21:18:33.124 CLOCK integ raw=171.05 prev=171.05 new=171.15 d=+0.101 fr=249.78 dt=0.101 rate=1.00 paused=False backlog=104.52 edge=275.67 div=0.00
21:18:33.225 CLOCK integ raw=171.05 prev=171.15 new=171.25 d=+0.101 fr=249.78 dt=0.101 rate=1.00 paused=False backlog=104.52 edge=275.77 div=0.00
21:18:33.427 CLOCK fold raw=171.33 prev=171.25 new=171.33 d=+0.078 fr=249.78 dt=0.202 rate=1.00 paused=False backlog=104.64 edge=275.97 div=0.00
21:18:33.528 CLOCK fold raw=171.62 prev=171.33 new=171.62 d=+0.283 fr=249.78 dt=0.102 rate=1.00 paused=False backlog=104.46 edge=276.07 div=0.00
21:18:33.630 CLOCK integ raw=171.62 prev=171.62 new=171.72 d=+0.102 fr=249.78 dt=0.102 rate=1.00 paused=False backlog=104.46 edge=276.18 div=0.00
21:18:33.732 CLOCK integ raw=171.62 prev=171.72 new=171.82 d=+0.101 fr=249.78 dt=0.101 rate=1.00 paused=False backlog=104.46 edge=276.28 div=0.00
21:18:33.833 CLOCK fold raw=171.90 prev=171.82 new=171.90 d=+0.078 fr=249.78 dt=0.101 rate=1.00 paused=False backlog=104.48 edge=276.38 div=0.00
21:18:33.934 CLOCK integ raw=171.90 prev=171.90 new=172.00 d=+0.101 fr=249.78 dt=0.101 rate=1.00 paused=False backlog=104.48 edge=276.48 div=0.00
21:18:34.035 CLOCK integ raw=171.90 prev=172.00 new=172.10 d=+0.101 fr=249.78 dt=0.101 rate=1.00 paused=False backlog=104.48 edge=276.58 div=0.00
21:18:34.137 CLOCK fold raw=172.18 prev=172.10 new=172.18 d=+0.080 fr=249.78 dt=0.102 rate=1.00 paused=False backlog=104.51 edge=276.68 div=0.00
21:18:34.238 CLOCK integ raw=172.18 prev=172.18 new=172.28 d=+0.101 fr=249.78 dt=0.101 rate=1.00 paused=False backlog=104.51 edge=276.78 div=0.00
21:18:34.340 CLOCK integ raw=172.18 prev=172.28 new=172.38 d=+0.102 fr=249.78 dt=0.102 rate=1.00 paused=False backlog=104.51 edge=276.89 div=0.00
21:18:34.442 CLOCK fold raw=172.46 prev=172.38 new=172.46 d=+0.078 fr=249.78 dt=0.102 rate=1.00 paused=False backlog=104.53 edge=276.99 div=0.00
21:18:34.543 CLOCK integ raw=172.46 prev=172.46 new=172.56 d=+0.101 fr=249.78 dt=0.101 rate=1.00 paused=False backlog=104.53 edge=277.09 div=0.00
21:18:34.644 CLOCK integ raw=172.46 prev=172.56 new=172.66 d=+0.101 fr=249.78 dt=0.101 rate=1.00 paused=False backlog=104.53 edge=277.19 div=0.00
21:18:34.745 CLOCK fold raw=172.74 prev=172.66 new=172.74 d=+0.077 fr=249.78 dt=0.101 rate=1.00 paused=False backlog=104.55 edge=277.29 div=0.00
21:18:34.950 CLOCK fold raw=173.02 prev=172.74 new=173.02 d=+0.284 fr=249.78 dt=0.204 rate=1.00 paused=False backlog=103.44 edge=276.46 div=0.00
21:18:35.051 CLOCK integ raw=173.02 prev=173.02 new=173.12 d=+0.101 fr=249.78 dt=0.101 rate=1.00 paused=False backlog=103.44 edge=276.56 div=0.00
21:18:35.152 CLOCK integ raw=173.02 prev=173.12 new=173.23 d=+0.101 fr=249.78 dt=0.101 rate=1.00 paused=False backlog=103.44 edge=276.67 div=0.00
21:18:35.253 CLOCK fold raw=173.30 prev=173.23 new=173.30 d=+0.076 fr=249.78 dt=0.101 rate=1.00 paused=False backlog=103.47 edge=276.77 div=0.00
21:18:35.356 CLOCK integ raw=173.30 prev=173.30 new=173.40 d=+0.103 fr=249.78 dt=0.103 rate=1.00 paused=False backlog=103.47 edge=276.87 div=0.00
21:18:35.457 CLOCK integ raw=173.30 prev=173.40 new=173.50 d=+0.101 fr=249.78 dt=0.101 rate=1.00 paused=False backlog=103.47 edge=276.97 div=0.00
21:18:35.558 CLOCK fold raw=173.58 prev=173.50 new=173.58 d=+0.079 fr=249.78 dt=0.101 rate=1.00 paused=False backlog=103.49 edge=277.07 div=0.00
21:18:35.659 CLOCK integ raw=173.58 prev=173.58 new=173.69 d=+0.101 fr=249.78 dt=0.101 rate=1.00 paused=False backlog=103.49 edge=277.17 div=0.00
21:18:35.764 TICK fr=249.78 cc=173.69 raw=173.58 vid=173.58 playing=1 started=1 stall=0 | d_fr_cc=+76.09 d_fr_raw=+76.20 d_cc_raw=+0.10 | off=-0.17 ccx_end=274.27 since_show=0.1 since_cue=3.6 | pcr=275.227 pid=100 head_rel=275.23 ccx_lag=0.95 | credit=249.8 capped=0.0 | fsize=124797220 feed=124797220 feed_behind=0 | backlog=103.49 edge=277.17 div=0.00 lag_ewma=2.90
21:18:35.765 CLOCK integ raw=173.58 prev=173.69 new=173.79 d=+0.105 fr=249.78 dt=0.105 rate=1.00 paused=False backlog=103.49 edge=277.28 div=0.00
21:18:35.866 CLOCK fold raw=173.87 prev=173.79 new=173.87 d=+0.079 fr=249.78 dt=0.102 rate=1.00 paused=False backlog=103.51 edge=277.38 div=0.00
21:18:35.969 CLOCK integ raw=173.87 prev=173.87 new=173.97 d=+0.102 fr=249.78 dt=0.102 rate=1.00 paused=False backlog=103.51 edge=277.48 div=0.00
21:18:36.070 CLOCK fold raw=174.15 prev=173.97 new=174.15 d=+0.177 fr=249.78 dt=0.102 rate=1.00 paused=False backlog=103.44 edge=277.58 div=0.00
21:18:36.172 CLOCK integ raw=174.15 prev=174.15 new=174.25 d=+0.102 fr=249.78 dt=0.102 rate=1.00 paused=False backlog=103.44 edge=277.69 div=0.00
21:18:36.374 CLOCK fold raw=174.43 prev=174.25 new=174.43 d=+0.178 fr=249.78 dt=0.202 rate=1.00 paused=False backlog=103.46 edge=277.89 div=0.00
21:18:36.476 CLOCK integ raw=174.43 prev=174.43 new=174.53 d=+0.102 fr=249.78 dt=0.102 rate=1.00 paused=False backlog=103.46 edge=277.99 div=0.00
21:18:36.578 CLOCK integ raw=174.43 prev=174.53 new=174.63 d=+0.102 fr=249.78 dt=0.102 rate=1.00 paused=False backlog=103.46 edge=278.09 div=0.00
21:18:36.679 CLOCK fold raw=174.71 prev=174.63 new=174.71 d=+0.082 fr=249.78 dt=0.102 rate=1.00 paused=False backlog=103.48 edge=278.19 div=0.00
21:18:36.780 CLOCK integ raw=174.71 prev=174.71 new=174.82 d=+0.101 fr=249.78 dt=0.101 rate=1.00 paused=False backlog=103.48 edge=278.29 div=0.00
21:18:36.783 EDGESNAP err=-3.07 edge->275.23
21:18:36.883 CLOCK integ raw=174.71 prev=174.82 new=174.92 d=+0.103 fr=249.78 dt=0.103 rate=1.00 paused=False backlog=100.41 edge=275.33 div=0.00
21:18:36.985 CLOCK fold raw=174.99 prev=174.92 new=174.99 d=+0.073 fr=254.25 dt=0.102 rate=1.00 paused=False backlog=100.44 edge=275.43 div=0.00
21:18:37.086 CLOCK integ raw=174.99 prev=174.99 new=175.09 d=+0.101 fr=254.25 dt=0.101 rate=1.00 paused=False backlog=100.44 edge=275.53 div=0.00
21:18:37.189 EDGESNAP err=+3.70 edge->279.23
21:18:37.189 CUE cx=[274.27..276.07] adv=1.80 el=4.98 fresh | off=-0.17 fr=254.25 cc=175.09 raw=175.27 lead=+100.81 | pcr=279.231 head_rel=279.23 lag_ewma=6.60 | q=the entire first half. He / finished nine of 1174 yards / to
21:18:37.189 CUE cx=[276.08..278.34] adv=2.27 el=0.00 fresh | off=-0.17 fr=254.25 cc=175.09 raw=175.27 lead=+103.08 | pcr=279.231 head_rel=279.23 lag_ewma=6.60 | q=finished nine of 1174 yards / touchdown in that interception
21:18:37.191 ANCHOR pend_end=278.34 L=4.60 pinL=0.89 target=0.00 off=-0.17
21:18:37.191 CLOCK fold raw=175.27 prev=175.09 new=175.27 d=+0.179 fr=254.25 dt=0.104 rate=1.00 paused=False backlog=104.06 edge=279.33 div=0.00
21:18:37.292 CLOCK integ raw=175.27 prev=175.27 new=175.37 d=+0.102 fr=254.25 dt=0.102 rate=1.00 paused=False backlog=104.06 edge=279.44 div=0.00
21:18:37.394 CLOCK integ raw=175.27 prev=175.37 new=175.47 d=+0.102 fr=254.66 dt=0.102 rate=1.00 paused=False backlog=104.06 edge=279.54 div=0.00
21:18:37.496 CLOCK fold raw=175.56 prev=175.47 new=175.56 d=+0.082 fr=254.66 dt=0.101 rate=1.00 paused=False backlog=104.08 edge=279.64 div=0.00
21:18:37.597 CLOCK integ raw=175.56 prev=175.56 new=175.66 d=+0.101 fr=254.66 dt=0.101 rate=1.00 paused=False backlog=104.08 edge=279.74 div=0.00
21:18:37.799 CLOCK fold raw=175.83 prev=175.66 new=175.83 d=+0.176 fr=254.66 dt=0.202 rate=1.00 paused=False backlog=104.11 edge=279.94 div=0.00
21:18:37.900 CLOCK integ raw=175.83 prev=175.83 new=175.93 d=+0.101 fr=254.66 dt=0.101 rate=1.00 paused=False backlog=104.11 edge=280.04 div=0.00
21:18:38.002 CLOCK integ raw=175.83 prev=175.93 new=176.04 d=+0.102 fr=254.66 dt=0.102 rate=1.00 paused=False backlog=104.11 edge=280.15 div=0.00
21:18:38.103 CLOCK fold raw=176.12 prev=176.04 new=176.12 d=+0.083 fr=254.66 dt=0.102 rate=1.00 paused=False backlog=104.13 edge=280.25 div=0.00
21:18:38.205 CLOCK integ raw=176.12 prev=176.12 new=176.22 d=+0.102 fr=254.66 dt=0.102 rate=1.00 paused=False backlog=104.13 edge=280.35 div=0.00
21:18:38.306 CLOCK fold raw=176.40 prev=176.22 new=176.40 d=+0.175 fr=254.66 dt=0.101 rate=1.00 paused=False backlog=104.05 edge=280.45 div=0.00
21:18:38.408 CLOCK integ raw=176.40 prev=176.40 new=176.50 d=+0.102 fr=254.66 dt=0.102 rate=1.00 paused=False backlog=104.05 edge=280.55 div=0.00
21:18:38.510 CLOCK integ raw=176.40 prev=176.50 new=176.60 d=+0.101 fr=254.66 dt=0.101 rate=1.00 paused=False backlog=104.05 edge=280.65 div=0.00
21:18:38.611 CLOCK fold raw=176.68 prev=176.60 new=176.68 d=+0.079 fr=254.66 dt=0.101 rate=1.00 paused=False backlog=104.08 edge=280.76 div=0.00
21:18:38.712 CLOCK integ raw=176.68 prev=176.68 new=176.78 d=+0.101 fr=254.66 dt=0.101 rate=1.00 paused=False backlog=104.08 edge=280.86 div=0.00
21:18:38.814 CLOCK integ raw=176.68 prev=176.78 new=176.88 d=+0.102 fr=254.66 dt=0.102 rate=1.00 paused=False backlog=103.26 edge=280.15 div=0.00
21:18:38.915 CLOCK fold raw=176.96 prev=176.88 new=176.96 d=+0.081 fr=254.66 dt=0.101 rate=1.00 paused=False backlog=103.28 edge=280.25 div=0.00
21:18:39.017 CLOCK integ raw=176.96 prev=176.96 new=177.06 d=+0.101 fr=254.66 dt=0.101 rate=1.00 paused=False backlog=103.28 edge=280.35 div=0.00
21:18:39.219 CLOCK fold raw=177.24 prev=177.06 new=177.24 d=+0.180 fr=254.66 dt=0.202 rate=1.00 paused=False backlog=103.31 edge=280.55 div=0.00
21:18:39.322 CLOCK integ raw=177.24 prev=177.24 new=177.34 d=+0.102 fr=254.66 dt=0.102 rate=1.00 paused=False backlog=103.31 edge=280.65 div=0.00
21:18:39.423 CLOCK integ raw=177.24 prev=177.34 new=177.45 d=+0.102 fr=254.66 dt=0.102 rate=1.00 paused=False backlog=103.31 edge=280.75 div=0.00
21:18:39.524 CLOCK fold raw=177.52 prev=177.45 new=177.52 d=+0.075 fr=254.66 dt=0.102 rate=1.00 paused=False backlog=103.33 edge=280.86 div=0.00
21:18:39.626 CLOCK integ raw=177.52 prev=177.52 new=177.62 d=+0.101 fr=254.66 dt=0.101 rate=1.00 paused=False backlog=103.33 edge=280.96 div=0.00
21:18:39.727 CLOCK fold raw=177.80 prev=177.62 new=177.80 d=+0.180 fr=254.66 dt=0.102 rate=1.00 paused=False backlog=103.26 edge=281.06 div=0.00
21:18:39.829 CLOCK integ raw=177.80 prev=177.80 new=177.91 d=+0.102 fr=254.66 dt=0.102 rate=1.00 paused=False backlog=103.26 edge=281.16 div=0.00
21:18:39.931 CLOCK integ raw=177.80 prev=177.91 new=178.01 d=+0.102 fr=254.66 dt=0.102 rate=1.00 paused=False backlog=103.26 edge=281.26 div=0.00
21:18:40.033 CLOCK fold raw=178.08 prev=178.01 new=178.08 d=+0.077 fr=254.66 dt=0.102 rate=1.00 paused=False backlog=103.28 edge=281.36 div=0.00
21:18:40.134 CLOCK integ raw=178.08 prev=178.08 new=178.19 d=+0.101 fr=254.66 dt=0.101 rate=1.00 paused=False backlog=103.28 edge=281.47 div=0.00
21:18:40.236 CLOCK integ raw=178.08 prev=178.19 new=178.29 d=+0.102 fr=254.66 dt=0.102 rate=1.00 paused=False backlog=103.28 edge=281.57 div=0.00
21:18:40.337 CLOCK fold raw=178.36 prev=178.29 new=178.36 d=+0.077 fr=254.66 dt=0.101 rate=1.00 paused=False backlog=103.30 edge=281.67 div=0.00
21:18:40.438 CLOCK integ raw=178.36 prev=178.36 new=178.46 d=+0.101 fr=254.66 dt=0.101 rate=1.00 paused=False backlog=103.30 edge=281.77 div=0.00
21:18:40.539 CLOCK integ raw=178.36 prev=178.46 new=178.57 d=+0.101 fr=254.66 dt=0.101 rate=1.00 paused=False backlog=103.30 edge=281.87 div=0.00
21:18:40.741 CLOCK fold raw=178.65 prev=178.57 new=178.65 d=+0.080 fr=254.66 dt=0.202 rate=1.00 paused=False backlog=103.43 edge=282.07 div=0.00
21:18:40.744 TICK fr=254.66 cc=178.65 raw=178.65 vid=178.36 playing=1 started=1 stall=0 | d_fr_cc=+76.01 d_fr_raw=+76.01 d_cc_raw=+0.00 | off=-0.09 ccx_end=278.34 since_show=0.0 since_cue=3.6 | pcr=279.231 pid=100 head_rel=279.23 ccx_lag=0.89 | credit=254.7 capped=0.0 | fsize=126412892 feed=126412892 feed_behind=0 | backlog=103.43 edge=282.07 div=0.00 lag_ewma=4.60
21:18:40.844 CLOCK fold raw=178.93 prev=178.65 new=178.93 d=+0.281 fr=254.66 dt=0.103 rate=1.00 paused=False backlog=103.25 edge=282.18 div=0.00
21:18:40.845 EDGESNAP err=-2.95 edge->279.23
21:18:40.947 CLOCK integ raw=178.93 prev=178.93 new=179.03 d=+0.103 fr=254.66 dt=0.103 rate=1.00 paused=False backlog=100.30 edge=279.33 div=0.00
21:18:41.050 CLOCK integ raw=178.93 prev=179.03 new=179.13 d=+0.102 fr=254.66 dt=0.102 rate=1.00 paused=False backlog=100.30 edge=279.44 div=0.00
21:18:41.151 CLOCK fold raw=179.21 prev=179.13 new=179.21 d=+0.076 fr=254.66 dt=0.102 rate=1.00 paused=False backlog=100.33 edge=279.54 div=0.00
21:18:41.252 CLOCK integ raw=179.21 prev=179.21 new=179.31 d=+0.101 fr=254.66 dt=0.101 rate=1.00 paused=False backlog=100.33 edge=279.64 div=0.00
21:18:41.354 CLOCK integ raw=179.21 prev=179.31 new=179.41 d=+0.101 fr=254.66 dt=0.101 rate=1.00 paused=False backlog=100.33 edge=279.74 div=0.00
21:18:41.455 CLOCK fold raw=179.49 prev=179.41 new=179.49 d=+0.079 fr=254.66 dt=0.102 rate=1.00 paused=False backlog=100.35 edge=279.84 div=0.00
21:18:41.556 CLOCK integ raw=179.49 prev=179.49 new=179.59 d=+0.101 fr=254.66 dt=0.101 rate=1.00 paused=False backlog=100.35 edge=279.94 div=0.00
21:18:41.658 CLOCK integ raw=179.49 prev=179.59 new=179.69 d=+0.101 fr=254.66 dt=0.101 rate=1.00 paused=False backlog=100.35 edge=280.04 div=0.00
21:18:41.759 CLOCK fold raw=179.77 prev=179.69 new=179.77 d=+0.078 fr=254.66 dt=0.101 rate=1.00 paused=False backlog=100.38 edge=280.15 div=0.00
21:18:41.861 CLOCK integ raw=179.77 prev=179.77 new=179.87 d=+0.102 fr=254.66 dt=0.102 rate=1.00 paused=False backlog=100.38 edge=280.25 div=0.00
21:18:41.962 CLOCK fold raw=180.05 prev=179.87 new=180.05 d=+0.181 fr=254.66 dt=0.101 rate=1.00 paused=False backlog=100.30 edge=280.35 div=0.00
21:18:42.163 CLOCK integ raw=180.05 prev=180.05 new=180.25 d=+0.202 fr=254.66 dt=0.202 rate=1.00 paused=False backlog=100.30 edge=280.55 div=0.00
21:18:42.265 CLOCK fold raw=180.33 prev=180.25 new=180.33 d=+0.078 fr=259.53 dt=0.102 rate=1.00 paused=False backlog=100.32 edge=280.65 div=0.00
21:18:42.367 CLOCK integ raw=180.33 prev=180.33 new=180.43 d=+0.101 fr=259.53 dt=0.101 rate=1.00 paused=False backlog=100.32 edge=280.75 div=0.00
21:18:42.486 EDGESNAP err=+5.08 edge->285.83
21:18:42.487 CUE cx=[278.35..280.41] adv=2.07 el=5.28 fresh | off=-0.09 fr=259.53 cc=180.43 raw=180.33 lead=+99.89 | pcr=285.832 head_rel=285.83 lag_ewma=9.68 | q=touchdown in that interception. / Second half Deshaun Watson
21:18:42.487 CUE cx=[280.41..282.75] adv=2.34 el=0.02 fresh | off=-0.09 fr=259.53 cc=180.43 raw=180.33 lead=+102.23 | pcr=285.832 head_rel=285.83 lag_ewma=9.68 | q=Second half Deshaun Watson / coming on third quarter third /
21:18:42.487 ANCHOR pend_end=282.75 L=7.37 pinL=3.08 target=0.00 off=-0.09
21:18:42.487 CLOCK integ raw=180.33 prev=180.43 new=180.55 d=+0.121 fr=259.53 dt=0.121 rate=1.00 paused=False backlog=105.40 edge=285.95 div=0.00
21:18:42.589 CLOCK fold raw=180.61 prev=180.55 new=180.61 d=+0.060 fr=259.53 dt=0.102 rate=1.00 paused=False backlog=105.44 edge=286.05 div=0.00
21:18:42.691 CUE cx=[282.75..284.48] adv=1.74 el=0.20 fresh | off=-0.04 fr=259.96 cc=180.61 raw=180.61 lead=+103.83 | pcr=285.832 head_rel=285.83 lag_ewma=7.37 | q=coming on third quarter third / and six. This one not pretty
21:18:42.691 ANCHOR pend_end=284.48 L=5.26 pinL=1.35 target=0.11 off=-0.04
21:18:42.692 CLOCK integ raw=180.61 prev=180.61 new=180.72 d=+0.103 fr=259.96 dt=0.103 rate=1.00 paused=False backlog=105.33 edge=286.04 div=0.00
21:18:42.792 CLOCK integ raw=180.61 prev=180.72 new=180.82 d=+0.101 fr=259.96 dt=0.101 rate=1.00 paused=False backlog=105.33 edge=286.15 div=0.00
21:18:42.894 CLOCK fold raw=180.90 prev=180.82 new=180.90 d=+0.081 fr=259.96 dt=0.102 rate=1.00 paused=False backlog=105.19 edge=286.09 div=0.00
21:18:42.995 CLOCK integ raw=180.90 prev=180.90 new=181.00 d=+0.101 fr=259.96 dt=0.101 rate=1.00 paused=False backlog=105.19 edge=286.19 div=0.00
21:18:43.097 CLOCK fold raw=181.18 prev=181.00 new=181.18 d=+0.183 fr=259.96 dt=0.101 rate=1.00 paused=False backlog=105.11 edge=286.29 div=0.00
21:18:43.198 CLOCK integ raw=181.18 prev=181.18 new=181.28 d=+0.101 fr=259.96 dt=0.101 rate=1.00 paused=False backlog=105.11 edge=286.39 div=0.00
21:18:43.300 CLOCK integ raw=181.18 prev=181.28 new=181.39 d=+0.102 fr=259.96 dt=0.102 rate=1.00 paused=False backlog=105.11 edge=286.50 div=0.00
21:18:43.401 CLOCK fold raw=181.46 prev=181.39 new=181.46 d=+0.075 fr=259.96 dt=0.101 rate=1.00 paused=False backlog=105.14 edge=286.60 div=0.00
21:18:43.503 CLOCK integ raw=181.46 prev=181.46 new=181.56 d=+0.102 fr=259.96 dt=0.102 rate=1.00 paused=False backlog=105.14 edge=286.70 div=0.00
21:18:43.705 CLOCK fold raw=181.74 prev=181.56 new=181.74 d=+0.180 fr=259.96 dt=0.202 rate=1.00 paused=False backlog=105.16 edge=286.90 div=0.00
21:18:43.807 CLOCK integ raw=181.74 prev=181.74 new=181.84 d=+0.102 fr=259.96 dt=0.102 rate=1.00 paused=False backlog=105.16 edge=287.00 div=0.00
21:18:43.909 CLOCK integ raw=181.74 prev=181.84 new=181.95 d=+0.101 fr=259.96 dt=0.101 rate=1.00 paused=False backlog=105.16 edge=287.10 div=0.00
21:18:44.012 CLOCK fold raw=182.02 prev=181.95 new=182.02 d=+0.078 fr=259.96 dt=0.103 rate=1.00 paused=False backlog=105.18 edge=287.21 div=0.00
21:18:44.113 CLOCK integ raw=182.02 prev=182.02 new=182.12 d=+0.101 fr=259.96 dt=0.101 rate=1.00 paused=False backlog=105.18 edge=287.31 div=0.00
21:18:44.215 CLOCK fold raw=182.30 prev=182.12 new=182.30 d=+0.178 fr=259.96 dt=0.102 rate=1.00 paused=False backlog=105.11 edge=287.41 div=0.00
21:18:44.318 CLOCK integ raw=182.30 prev=182.30 new=182.41 d=+0.103 fr=259.96 dt=0.103 rate=1.00 paused=False backlog=105.11 edge=287.51 div=0.00
21:18:44.420 CLOCK integ raw=182.30 prev=182.41 new=182.51 d=+0.102 fr=259.96 dt=0.102 rate=1.00 paused=False backlog=105.11 edge=287.62 div=0.00
21:18:44.522 CLOCK fold raw=182.58 prev=182.51 new=182.58 d=+0.075 fr=259.96 dt=0.102 rate=1.00 paused=False backlog=105.14 edge=287.72 div=0.00
21:18:44.624 CLOCK integ raw=182.58 prev=182.58 new=182.68 d=+0.102 fr=259.96 dt=0.102 rate=1.00 paused=False backlog=105.14 edge=287.82 div=0.00
21:18:44.727 CLOCK integ raw=182.58 prev=182.68 new=182.79 d=+0.103 fr=259.96 dt=0.103 rate=1.00 paused=False backlog=105.14 edge=287.92 div=0.00
21:18:44.829 CLOCK fold raw=182.86 prev=182.79 new=182.86 d=+0.077 fr=259.96 dt=0.102 rate=1.00 paused=False backlog=104.12 edge=286.98 div=0.00
21:18:44.932 CLOCK integ raw=182.86 prev=182.86 new=182.97 d=+0.103 fr=259.96 dt=0.103 rate=1.00 paused=False backlog=104.12 edge=287.08 div=0.00
21:18:45.033 CLOCK integ raw=182.86 prev=182.97 new=183.07 d=+0.101 fr=259.96 dt=0.101 rate=1.00 paused=False backlog=104.12 edge=287.18 div=0.00
21:18:45.236 CLOCK fold raw=183.15 prev=183.07 new=183.15 d=+0.078 fr=259.96 dt=0.203 rate=1.00 paused=False backlog=104.24 edge=287.39 div=0.00
21:18:45.338 CLOCK integ raw=183.15 prev=183.15 new=183.25 d=+0.102 fr=259.96 dt=0.102 rate=1.00 paused=False backlog=104.24 edge=287.49 div=0.00
21:18:45.439 CLOCK fold raw=183.43 prev=183.25 new=183.43 d=+0.184 fr=259.96 dt=0.102 rate=1.00 paused=False backlog=104.16 edge=287.59 div=0.00
21:18:45.541 CLOCK integ raw=183.43 prev=183.43 new=183.53 d=+0.102 fr=259.96 dt=0.102 rate=1.00 paused=False backlog=104.16 edge=287.69 div=0.00
21:18:45.642 CLOCK fold raw=183.71 prev=183.53 new=183.71 d=+0.173 fr=259.96 dt=0.101 rate=1.00 paused=False backlog=104.09 edge=287.79 div=0.00
21:18:45.749 TICK fr=259.96 cc=183.71 raw=183.71 vid=183.43 playing=1 started=1 stall=0 | d_fr_cc=+76.25 d_fr_raw=+76.25 d_cc_raw=+0.00 | off=0.03 ccx_end=284.48 since_show=0.1 since_cue=3.1 | pcr=285.832 pid=100 head_rel=285.83 ccx_lag=1.35 | credit=260.0 capped=0.0 | fsize=129741808 feed=129741808 feed_behind=0 | backlog=104.09 edge=287.79 div=0.00 lag_ewma=5.26
21:18:45.749 CLOCK integ raw=183.71 prev=183.71 new=183.81 d=+0.107 fr=259.96 dt=0.107 rate=1.00 paused=False backlog=104.09 edge=287.90 div=0.00
21:18:45.851 CLOCK integ raw=183.71 prev=183.81 new=183.91 d=+0.102 fr=259.96 dt=0.102 rate=1.00 paused=False backlog=104.09 edge=288.00 div=0.00
21:18:45.954 CLOCK fold raw=183.99 prev=183.91 new=183.99 d=+0.073 fr=259.96 dt=0.103 rate=1.00 paused=False backlog=104.12 edge=288.10 div=0.00
21:18:46.056 CLOCK integ raw=183.99 prev=183.99 new=184.09 d=+0.102 fr=259.96 dt=0.102 rate=1.00 paused=False backlog=104.12 edge=288.21 div=0.00
21:18:46.159 CLOCK integ raw=183.99 prev=184.09 new=184.19 d=+0.103 fr=259.96 dt=0.103 rate=1.00 paused=False backlog=104.12 edge=288.31 div=0.00
21:18:46.262 CLOCK fold raw=184.27 prev=184.19 new=184.27 d=+0.078 fr=259.96 dt=0.104 rate=1.00 paused=False backlog=104.14 edge=288.41 div=0.00
21:18:46.364 CLOCK integ raw=184.27 prev=184.27 new=184.37 d=+0.102 fr=259.96 dt=0.102 rate=1.00 paused=False backlog=104.14 edge=288.51 div=0.00
21:18:46.466 CLOCK fold raw=184.55 prev=184.37 new=184.55 d=+0.178 fr=259.96 dt=0.102 rate=1.00 paused=False backlog=104.07 edge=288.62 div=0.00
21:18:46.567 CLOCK integ raw=184.55 prev=184.55 new=184.65 d=+0.102 fr=259.96 dt=0.102 rate=1.00 paused=False backlog=104.07 edge=288.72 div=0.00
21:18:46.670 CLOCK integ raw=184.55 prev=184.65 new=184.75 d=+0.102 fr=259.96 dt=0.102 rate=1.00 paused=False backlog=104.07 edge=288.82 div=0.00
21:18:46.921 CLOCK fold raw=184.83 prev=184.75 new=184.83 d=+0.080 fr=259.96 dt=0.252 rate=1.00 paused=False backlog=103.55 edge=288.39 div=0.00
21:18:47.024 CLOCK fold raw=185.11 prev=184.83 new=185.11 d=+0.280 fr=259.96 dt=0.103 rate=1.00 paused=False backlog=103.38 edge=288.49 div=0.00
21:18:47.127 CLOCK integ raw=185.11 prev=185.11 new=185.22 d=+0.103 fr=264.39 dt=0.103 rate=1.00 paused=False backlog=103.38 edge=288.59 div=0.00
21:18:47.174 CUE cx=[284.49..286.92] adv=2.44 el=4.44 fresh | off=0.03 fr=264.39 cc=185.22 raw=185.11 lead=+101.74 | pcr=290.052 head_rel=290.05 lag_ewma=5.26 | q=and six. This one not pretty / off the mark intended for Gag
21:18:47.175 CUE cx=[286.92..289.52] adv=2.60 el=0.04 fresh | off=0.03 fr=264.39 cc=185.22 raw=185.11 lead=+104.34 | pcr=290.052 head_rel=290.05 lag_ewma=5.26 | q=off the mark intended for Gage / and intercepted by Corey Co
21:18:47.275 ANCHOR pend_end=289.52 L=3.61 pinL=0.53 target=-0.36 off=0.03
21:18:47.277 CLOCK integ raw=185.11 prev=185.22 new=185.37 d=+0.149 fr=264.39 dt=0.149 rate=1.00 paused=False backlog=104.47 edge=289.84 div=0.00
21:18:47.379 CLOCK fold raw=185.39 prev=185.37 new=185.39 d=+0.026 fr=264.39 dt=0.103 rate=1.00 paused=False backlog=104.55 edge=289.94 div=0.00
21:18:47.481 CLOCK integ raw=185.39 prev=185.39 new=185.49 d=+0.102 fr=264.85 dt=0.102 rate=1.00 paused=False backlog=104.55 edge=290.04 div=0.00
21:18:47.583 CLOCK fold raw=185.67 prev=185.49 new=185.67 d=+0.180 fr=264.85 dt=0.101 rate=1.00 paused=False backlog=104.47 edge=290.14 div=0.00
21:18:47.685 CLOCK integ raw=185.67 prev=185.67 new=185.78 d=+0.102 fr=264.85 dt=0.102 rate=1.00 paused=False backlog=104.47 edge=290.24 div=0.00
21:18:47.786 CLOCK integ raw=185.67 prev=185.78 new=185.88 d=+0.101 fr=264.85 dt=0.101 rate=1.00 paused=False backlog=104.47 edge=290.35 div=0.00
21:18:47.889 CLOCK fold raw=185.95 prev=185.88 new=185.95 d=+0.075 fr=264.85 dt=0.103 rate=1.00 paused=False backlog=104.50 edge=290.45 div=0.00
21:18:47.990 CLOCK integ raw=185.95 prev=185.95 new=186.05 d=+0.101 fr=264.85 dt=0.101 rate=1.00 paused=False backlog=104.50 edge=290.55 div=0.00
21:18:48.193 CLOCK fold raw=186.24 prev=186.05 new=186.24 d=+0.182 fr=264.85 dt=0.203 rate=1.00 paused=False backlog=104.52 edge=290.75 div=0.00
21:18:48.295 CLOCK integ raw=186.24 prev=186.24 new=186.34 d=+0.102 fr=264.85 dt=0.102 rate=1.00 paused=False backlog=104.52 edge=290.85 div=0.00
21:18:48.401 CLOCK integ raw=186.24 prev=186.34 new=186.44 d=+0.106 fr=264.85 dt=0.106 rate=1.00 paused=False backlog=104.52 edge=290.96 div=0.00
21:18:48.504 CLOCK fold raw=186.52 prev=186.44 new=186.52 d=+0.072 fr=264.85 dt=0.103 rate=1.00 paused=False backlog=104.55 edge=291.06 div=0.00
21:18:48.607 CLOCK integ raw=186.52 prev=186.52 new=186.62 d=+0.103 fr=264.85 dt=0.103 rate=1.00 paused=False backlog=104.55 edge=291.17 div=0.00
21:18:48.709 CLOCK fold raw=186.80 prev=186.62 new=186.80 d=+0.179 fr=264.85 dt=0.102 rate=1.00 paused=False backlog=104.47 edge=291.27 div=0.00
21:18:48.812 CLOCK integ raw=186.80 prev=186.80 new=186.90 d=+0.102 fr=264.85 dt=0.102 rate=1.00 paused=False backlog=104.47 edge=291.37 div=0.00
21:18:48.916 CLOCK integ raw=186.80 prev=186.90 new=187.01 d=+0.105 fr=264.85 dt=0.105 rate=1.00 paused=False backlog=103.81 edge=290.82 div=0.00
21:18:49.020 CLOCK fold raw=187.08 prev=187.01 new=187.08 d=+0.075 fr=264.85 dt=0.104 rate=1.00 paused=False backlog=103.84 edge=290.92 div=0.00
21:18:49.122 CLOCK integ raw=187.08 prev=187.08 new=187.18 d=+0.102 fr=264.85 dt=0.102 rate=1.00 paused=False backlog=103.84 edge=291.02 div=0.00
21:18:49.224 CLOCK integ raw=187.08 prev=187.18 new=187.28 d=+0.102 fr=264.85 dt=0.102 rate=1.00 paused=False backlog=103.84 edge=291.12 div=0.00
21:18:49.327 CLOCK fold raw=187.36 prev=187.28 new=187.36 d=+0.077 fr=264.85 dt=0.103 rate=1.00 paused=False backlog=103.87 edge=291.23 div=0.00
21:18:49.430 CLOCK integ raw=187.36 prev=187.36 new=187.46 d=+0.104 fr=264.85 dt=0.104 rate=1.00 paused=False backlog=103.87 edge=291.33 div=0.00
21:18:49.533 CLOCK integ raw=187.36 prev=187.46 new=187.57 d=+0.102 fr=264.85 dt=0.102 rate=1.00 paused=False backlog=103.87 edge=291.43 div=0.00
21:18:49.635 CLOCK fold raw=187.65 prev=187.57 new=187.65 d=+0.082 fr=264.85 dt=0.104 rate=1.00 paused=False backlog=103.89 edge=291.54 div=0.00
21:18:49.739 CLOCK integ raw=187.65 prev=187.65 new=187.75 d=+0.104 fr=264.85 dt=0.104 rate=1.00 paused=False backlog=103.89 edge=291.64 div=0.00
21:18:49.942 CLOCK fold raw=187.92 prev=187.75 new=187.92 d=+0.170 fr=264.85 dt=0.203 rate=1.00 paused=False backlog=103.92 edge=291.84 div=0.00
21:18:50.044 CLOCK integ raw=187.92 prev=187.92 new=188.02 d=+0.102 fr=264.85 dt=0.102 rate=1.00 paused=False backlog=103.92 edge=291.94 div=0.00
21:18:50.146 CLOCK fold raw=188.21 prev=188.02 new=188.21 d=+0.184 fr=264.85 dt=0.102 rate=1.00 paused=False backlog=103.84 edge=292.05 div=0.00
21:18:50.248 CLOCK integ raw=188.21 prev=188.21 new=188.31 d=+0.102 fr=264.85 dt=0.102 rate=1.00 paused=False backlog=103.84 edge=292.15 div=0.00
21:18:50.350 CLOCK integ raw=188.21 prev=188.31 new=188.41 d=+0.102 fr=264.85 dt=0.102 rate=1.00 paused=False backlog=103.84 edge=292.25 div=0.00
21:18:50.452 CLOCK fold raw=188.48 prev=188.41 new=188.48 d=+0.072 fr=264.85 dt=0.102 rate=1.00 paused=False backlog=103.87 edge=292.35 div=0.00
21:18:50.555 CLOCK integ raw=188.48 prev=188.48 new=188.59 d=+0.103 fr=264.85 dt=0.103 rate=1.00 paused=False backlog=103.87 edge=292.45 div=0.00
21:18:50.656 CLOCK integ raw=188.48 prev=188.59 new=188.69 d=+0.102 fr=264.85 dt=0.102 rate=1.00 paused=False backlog=103.87 edge=292.56 div=0.00
21:18:50.760 TICK fr=264.85 cc=188.69 raw=188.76 vid=188.21 playing=1 started=1 stall=0 | d_fr_cc=+76.16 d_fr_raw=+76.08 d_cc_raw=-0.08 | off=-0.17 ccx_end=289.52 since_show=0.1 since_cue=3.6 | pcr=290.052 pid=100 head_rel=290.05 ccx_lag=0.53 | credit=264.8 capped=0.0 | fsize=131416700 feed=131416700 feed_behind=0 | backlog=103.87 edge=292.56 div=0.00 lag_ewma=3.61
21:18:50.763 CLOCK fold raw=188.76 prev=188.69 new=188.76 d=+0.076 fr=264.85 dt=0.106 rate=1.00 paused=False backlog=103.90 edge=292.66 div=0.00
21:18:50.866 EDGESNAP err=-2.61 edge->290.05
21:18:50.866 CLOCK integ raw=188.76 prev=188.76 new=188.87 d=+0.103 fr=264.85 dt=0.103 rate=1.00 paused=False backlog=101.29 edge=290.15 div=0.00
21:18:50.968 CLOCK fold raw=189.05 prev=188.87 new=189.05 d=+0.180 fr=264.85 dt=0.102 rate=1.00 paused=False backlog=101.21 edge=290.26 div=0.00
21:18:51.070 CLOCK integ raw=189.05 prev=189.05 new=189.15 d=+0.102 fr=264.85 dt=0.102 rate=1.00 paused=False backlog=101.21 edge=290.36 div=0.00
21:18:51.173 CLOCK integ raw=189.05 prev=189.15 new=189.25 d=+0.103 fr=264.85 dt=0.103 rate=1.00 paused=False backlog=101.21 edge=290.46 div=0.00
21:18:51.275 CLOCK fold raw=189.33 prev=189.25 new=189.33 d=+0.076 fr=264.85 dt=0.101 rate=1.00 paused=False backlog=101.24 edge=290.56 div=0.00
21:18:51.376 CLOCK integ raw=189.33 prev=189.33 new=189.43 d=+0.102 fr=264.85 dt=0.102 rate=1.00 paused=False backlog=101.24 edge=290.66 div=0.00
21:18:51.479 CLOCK integ raw=189.33 prev=189.43 new=189.53 d=+0.102 fr=264.85 dt=0.102 rate=1.00 paused=False backlog=101.24 edge=290.77 div=0.00
21:18:51.683 CLOCK fold raw=189.61 prev=189.53 new=189.61 d=+0.078 fr=264.85 dt=0.204 rate=1.00 paused=False backlog=101.36 edge=290.97 div=0.00
21:18:51.785 CLOCK integ raw=189.61 prev=189.61 new=189.71 d=+0.103 fr=264.85 dt=0.103 rate=1.00 paused=False backlog=101.36 edge=291.07 div=0.00
21:18:51.888 CLOCK fold raw=189.89 prev=189.71 new=189.89 d=+0.180 fr=264.85 dt=0.103 rate=1.00 paused=False backlog=101.28 edge=291.18 div=0.00
21:18:51.991 CLOCK integ raw=189.89 prev=189.89 new=190.00 d=+0.103 fr=269.36 dt=0.103 rate=1.00 paused=False backlog=101.28 edge=291.28 div=0.00
21:18:52.093 CLOCK fold raw=190.18 prev=190.00 new=190.18 d=+0.179 fr=269.36 dt=0.102 rate=1.00 paused=False backlog=101.21 edge=291.38 div=0.00
21:18:52.260 EDGESNAP err=+4.92 edge->296.30
21:18:52.260 CUE cx=[289.52..291.62] adv=2.10 el=5.02 fresh | off=-0.17 fr=269.36 cc=190.18 raw=190.18 lead=+101.28 | pcr=296.300 head_rel=296.30 lag_ewma=8.52 | q=and intercepted by Corey Couch. / Watson five of 1235 yards 
21:18:52.261 ANCHOR pend_end=291.62 L=7.18 pinL=4.68 target=0.00 off=-0.17
21:18:52.262 CLOCK integ raw=190.18 prev=190.18 new=190.34 d=+0.169 fr=269.36 dt=0.169 rate=1.00 paused=False backlog=106.12 edge=296.47 div=0.00
21:18:52.364 CLOCK integ raw=190.18 prev=190.34 new=190.45 d=+0.103 fr=269.73 dt=0.103 rate=1.00 paused=False backlog=106.12 edge=296.57 div=0.00
21:18:52.466 CLOCK fold raw=190.46 prev=190.45 new=190.46 d=+0.016 fr=269.73 dt=0.102 rate=1.00 paused=False backlog=106.21 edge=296.67 div=0.00
21:18:52.669 CLOCK fold raw=190.74 prev=190.46 new=190.74 d=+0.280 fr=269.73 dt=0.202 rate=1.00 paused=False backlog=106.13 edge=296.87 div=0.00
21:18:52.673 CUE cx=[291.62..296.03] adv=4.41 el=0.47 fresh | off=-0.08 fr=269.73 cc=190.74 raw=190.74 lead=+105.20 | pcr=297.640 head_rel=297.64 lag_ewma=7.18 | q=Watson five of 1235 yards and / an interception in the Brown
21:18:52.774 ANCHOR pend_end=296.03 L=5.23 pinL=1.61 target=-0.38 off=-0.08
21:18:52.774 CLOCK integ raw=190.74 prev=190.74 new=190.85 d=+0.106 fr=269.73 dt=0.106 rate=1.00 paused=False backlog=106.51 edge=297.36 div=0.00
21:18:52.877 CLOCK integ raw=190.74 prev=190.85 new=190.95 d=+0.103 fr=269.73 dt=0.103 rate=1.00 paused=False backlog=106.65 edge=297.60 div=0.00
21:18:52.979 CLOCK fold raw=191.02 prev=190.95 new=191.02 d=+0.073 fr=269.73 dt=0.102 rate=1.00 paused=False backlog=106.68 edge=297.71 div=0.00
21:18:53.082 CLOCK integ raw=191.02 prev=191.02 new=191.13 d=+0.103 fr=269.73 dt=0.103 rate=1.00 paused=False backlog=106.68 edge=297.81 div=0.00
21:18:53.183 CLOCK integ raw=191.02 prev=191.13 new=191.23 d=+0.102 fr=269.73 dt=0.102 rate=1.00 paused=False backlog=106.68 edge=297.91 div=0.00
21:18:53.286 CLOCK fold raw=191.31 prev=191.23 new=191.31 d=+0.082 fr=269.73 dt=0.102 rate=1.00 paused=False backlog=106.70 edge=298.01 div=0.00
21:18:53.387 CLOCK integ raw=191.31 prev=191.31 new=191.41 d=+0.102 fr=269.73 dt=0.102 rate=1.00 paused=False backlog=106.70 edge=298.11 div=0.00
21:18:53.489 CLOCK integ raw=191.31 prev=191.41 new=191.51 d=+0.102 fr=269.73 dt=0.102 rate=1.00 paused=False backlog=106.70 edge=298.22 div=0.00
21:18:53.590 CLOCK fold raw=191.59 prev=191.51 new=191.59 d=+0.073 fr=269.73 dt=0.102 rate=1.00 paused=False backlog=106.73 edge=298.32 div=0.00
21:18:53.692 CLOCK integ raw=191.59 prev=191.59 new=191.69 d=+0.102 fr=269.73 dt=0.102 rate=1.00 paused=False backlog=106.73 edge=298.42 div=0.00
21:18:53.793 CLOCK fold raw=191.87 prev=191.69 new=191.87 d=+0.181 fr=269.73 dt=0.101 rate=1.00 paused=False backlog=106.65 edge=298.52 div=0.00
21:18:53.894 CLOCK integ raw=191.87 prev=191.87 new=191.97 d=+0.101 fr=269.73 dt=0.101 rate=1.00 paused=False backlog=106.65 edge=298.62 div=0.00
21:18:54.097 CLOCK fold raw=192.15 prev=191.97 new=192.15 d=+0.182 fr=269.73 dt=0.202 rate=1.00 paused=False backlog=106.67 edge=298.82 div=0.00
21:18:54.198 CLOCK integ raw=192.15 prev=192.15 new=192.25 d=+0.101 fr=269.73 dt=0.101 rate=1.00 paused=False backlog=106.67 edge=298.92 div=0.00
21:18:54.300 CLOCK integ raw=192.15 prev=192.25 new=192.35 d=+0.102 fr=269.73 dt=0.102 rate=1.00 paused=False backlog=106.67 edge=299.03 div=0.00
21:18:54.401 CLOCK fold raw=192.44 prev=192.35 new=192.44 d=+0.088 fr=269.73 dt=0.102 rate=1.00 paused=False backlog=106.68 edge=299.13 div=0.00
21:18:54.503 CLOCK integ raw=192.44 prev=192.44 new=192.54 d=+0.102 fr=269.73 dt=0.102 rate=1.00 paused=False backlog=106.68 edge=299.23 div=0.00
21:18:54.604 CLOCK integ raw=192.44 prev=192.54 new=192.65 d=+0.101 fr=269.73 dt=0.101 rate=1.00 paused=False backlog=106.68 edge=299.33 div=0.00
21:18:54.706 CLOCK fold raw=192.72 prev=192.65 new=192.72 d=+0.072 fr=269.73 dt=0.101 rate=1.00 paused=False backlog=106.71 edge=299.43 div=0.00
21:18:54.807 CLOCK integ raw=192.72 prev=192.72 new=192.82 d=+0.101 fr=269.73 dt=0.101 rate=1.00 paused=False backlog=106.71 edge=299.53 div=0.00
21:18:54.909 CLOCK fold raw=193.00 prev=192.82 new=193.00 d=+0.180 fr=269.73 dt=0.102 rate=1.00 paused=False backlog=105.69 edge=298.69 div=0.00
21:18:55.010 CLOCK integ raw=193.00 prev=193.00 new=193.10 d=+0.101 fr=269.73 dt=0.101 rate=1.00 paused=False backlog=105.69 edge=298.79 div=0.00
21:18:55.112 CLOCK integ raw=193.00 prev=193.10 new=193.20 d=+0.102 fr=269.73 dt=0.102 rate=1.00 paused=False backlog=105.69 edge=298.89 div=0.00
21:18:55.214 CLOCK fold raw=193.28 prev=193.20 new=193.28 d=+0.079 fr=269.73 dt=0.102 rate=1.00 paused=False backlog=105.71 edge=298.99 div=0.00
21:18:55.315 CLOCK integ raw=193.28 prev=193.28 new=193.38 d=+0.101 fr=269.73 dt=0.101 rate=1.00 paused=False backlog=105.71 edge=299.09 div=0.00
21:18:55.418 CLOCK integ raw=193.28 prev=193.38 new=193.48 d=+0.102 fr=269.73 dt=0.102 rate=1.00 paused=False backlog=105.71 edge=299.20 div=0.00
21:18:55.619 CLOCK fold raw=193.56 prev=193.48 new=193.56 d=+0.077 fr=269.73 dt=0.203 rate=1.00 paused=False backlog=105.84 edge=299.40 div=0.00
21:18:55.721 CLOCK integ raw=193.56 prev=193.56 new=193.66 d=+0.102 fr=269.73 dt=0.102 rate=1.00 paused=False backlog=105.84 edge=299.50 div=0.00
21:18:55.724 TICK fr=269.73 cc=193.66 raw=193.56 vid=193.56 playing=1 started=1 stall=0 | d_fr_cc=+76.07 d_fr_raw=+76.17 d_cc_raw=+0.10 | off=-0.23 ccx_end=296.03 since_show=0.0 since_cue=3.1 | pcr=297.640 pid=100 head_rel=297.64 ccx_lag=1.61 | credit=269.7 capped=0.0 | fsize=135053748 feed=135053748 feed_behind=0 | backlog=105.84 edge=299.50 div=0.00 lag_ewma=5.23
21:18:55.824 CLOCK fold raw=193.84 prev=193.66 new=193.84 d=+0.180 fr=269.73 dt=0.103 rate=1.00 paused=False backlog=105.76 edge=299.60 div=0.00
21:18:55.925 CLOCK integ raw=193.84 prev=193.84 new=193.94 d=+0.101 fr=269.73 dt=0.101 rate=1.00 paused=False backlog=105.76 edge=299.70 div=0.00
21:18:56.027 CLOCK integ raw=193.84 prev=193.94 new=194.05 d=+0.102 fr=269.73 dt=0.102 rate=1.00 paused=False backlog=105.76 edge=299.81 div=0.00
21:18:56.128 CLOCK fold raw=194.12 prev=194.05 new=194.12 d=+0.076 fr=269.73 dt=0.101 rate=1.00 paused=False backlog=105.79 edge=299.91 div=0.00
21:18:56.230 CLOCK integ raw=194.12 prev=194.12 new=194.22 d=+0.101 fr=269.73 dt=0.101 rate=1.00 paused=False backlog=105.79 edge=300.01 div=0.00
21:18:56.331 CLOCK fold raw=194.40 prev=194.22 new=194.40 d=+0.181 fr=269.73 dt=0.101 rate=1.00 paused=False backlog=105.71 edge=300.11 div=0.00
21:18:56.433 CLOCK integ raw=194.40 prev=194.40 new=194.51 d=+0.102 fr=269.73 dt=0.102 rate=1.00 paused=False backlog=105.71 edge=300.21 div=0.00
21:18:56.534 CLOCK integ raw=194.40 prev=194.51 new=194.61 d=+0.101 fr=269.73 dt=0.101 rate=1.00 paused=False backlog=105.71 edge=300.31 div=0.00
21:18:56.636 CLOCK fold raw=194.69 prev=194.61 new=194.69 d=+0.078 fr=269.73 dt=0.101 rate=1.00 paused=False backlog=105.73 edge=300.42 div=0.00
21:18:56.739 CLOCK integ raw=194.69 prev=194.69 new=194.79 d=+0.102 fr=269.73 dt=0.102 rate=1.00 paused=False backlog=105.73 edge=300.52 div=0.00
21:18:56.840 EDGESNAP err=-2.88 edge->297.64
21:18:56.943 CLOCK fold raw=194.97 prev=194.79 new=194.97 d=+0.178 fr=269.73 dt=0.205 rate=1.00 paused=False backlog=102.88 edge=297.84 div=0.00
21:18:57.145 CLOCK integ raw=194.97 prev=194.97 new=195.17 d=+0.202 fr=269.73 dt=0.202 rate=1.00 paused=False backlog=102.88 edge=298.05 div=0.00
21:18:57.246 CLOCK fold raw=195.25 prev=195.17 new=195.25 d=+0.079 fr=269.73 dt=0.102 rate=1.00 paused=False backlog=102.90 edge=298.15 div=0.00
21:18:57.348 CLOCK integ raw=195.25 prev=195.25 new=195.35 d=+0.101 fr=269.73 dt=0.101 rate=1.00 paused=False backlog=102.90 edge=298.25 div=0.00
21:18:57.449 CLOCK fold raw=195.53 prev=195.35 new=195.53 d=+0.178 fr=269.73 dt=0.101 rate=1.00 paused=False backlog=102.83 edge=298.35 div=0.00
21:18:57.550 CLOCK integ raw=195.53 prev=195.53 new=195.63 d=+0.102 fr=269.73 dt=0.102 rate=1.00 paused=False backlog=102.83 edge=298.45 div=0.00
21:18:57.652 CLOCK integ raw=195.53 prev=195.63 new=195.73 d=+0.102 fr=269.73 dt=0.102 rate=1.00 paused=False backlog=102.83 edge=298.55 div=0.00
21:18:57.754 CLOCK fold raw=195.81 prev=195.73 new=195.81 d=+0.080 fr=269.73 dt=0.102 rate=1.00 paused=False backlog=102.85 edge=298.65 div=0.00
21:18:57.855 CLOCK integ raw=195.81 prev=195.81 new=195.91 d=+0.101 fr=269.73 dt=0.101 rate=1.00 paused=False backlog=102.85 edge=298.76 div=0.00
21:18:57.956 CLOCK integ raw=195.81 prev=195.91 new=196.01 d=+0.101 fr=269.73 dt=0.101 rate=1.00 paused=False backlog=102.85 edge=298.86 div=0.00
21:18:58.058 CLOCK fold raw=196.09 prev=196.01 new=196.09 d=+0.081 fr=269.73 dt=0.102 rate=1.00 paused=False backlog=102.87 edge=298.96 div=0.00
21:18:58.160 CLOCK integ raw=196.09 prev=196.09 new=196.19 d=+0.101 fr=269.73 dt=0.101 rate=1.00 paused=False backlog=102.87 edge=299.06 div=0.00
21:18:58.261 CLOCK integ raw=196.09 prev=196.19 new=196.29 d=+0.101 fr=269.73 dt=0.101 rate=1.00 paused=False backlog=102.87 edge=299.16 div=0.00
21:18:58.462 CLOCK fold raw=196.37 prev=196.29 new=196.37 d=+0.076 fr=269.73 dt=0.202 rate=1.00 paused=False backlog=102.99 edge=299.36 div=0.00
21:18:58.564 CLOCK fold raw=196.65 prev=196.37 new=196.65 d=+0.280 fr=269.73 dt=0.101 rate=1.00 paused=False backlog=102.82 edge=299.47 div=0.00
21:18:58.665 CLOCK integ raw=196.65 prev=196.65 new=196.75 d=+0.101 fr=269.73 dt=0.101 rate=1.00 paused=False backlog=102.82 edge=299.57 div=0.00
21:18:58.768 CLOCK integ raw=196.65 prev=196.75 new=196.85 d=+0.103 fr=269.73 dt=0.103 rate=1.00 paused=False backlog=102.82 edge=299.67 div=0.00
21:18:58.871 CLOCK fold raw=196.93 prev=196.85 new=196.93 d=+0.079 fr=269.73 dt=0.103 rate=1.00 paused=False backlog=101.83 edge=298.76 div=0.00
21:18:58.973 CLOCK integ raw=196.93 prev=196.93 new=197.03 d=+0.102 fr=269.73 dt=0.102 rate=1.00 paused=False backlog=101.83 edge=298.86 div=0.00
21:18:59.075 CLOCK integ raw=196.93 prev=197.03 new=197.14 d=+0.102 fr=269.73 dt=0.102 rate=1.00 paused=False backlog=101.83 edge=298.96 div=0.00
21:18:59.176 CLOCK fold raw=197.21 prev=197.14 new=197.21 d=+0.077 fr=269.73 dt=0.102 rate=1.00 paused=False backlog=101.85 edge=299.06 div=0.00
21:18:59.279 CLOCK integ raw=197.21 prev=197.21 new=197.31 d=+0.101 fr=269.73 dt=0.101 rate=1.00 paused=False backlog=101.85 edge=299.16 div=0.00
21:18:59.380 CLOCK integ raw=197.21 prev=197.31 new=197.42 d=+0.103 fr=269.73 dt=0.103 rate=1.00 paused=False backlog=101.85 edge=299.27 div=0.00
21:18:59.483 CLOCK fold raw=197.49 prev=197.42 new=197.49 d=+0.078 fr=269.73 dt=0.102 rate=1.00 paused=False backlog=101.87 edge=299.37 div=0.00
21:18:59.584 CLOCK integ raw=197.49 prev=197.49 new=197.60 d=+0.102 fr=269.73 dt=0.102 rate=1.00 paused=False backlog=101.87 edge=299.47 div=0.00
21:18:59.686 CLOCK fold raw=197.78 prev=197.60 new=197.78 d=+0.179 fr=269.73 dt=0.101 rate=1.00 paused=False backlog=101.80 edge=299.57 div=0.00
21:18:59.888 CLOCK integ raw=197.78 prev=197.78 new=197.98 d=+0.203 fr=269.73 dt=0.203 rate=1.00 paused=False backlog=101.80 edge=299.77 div=0.00
21:18:59.990 CLOCK fold raw=198.06 prev=197.98 new=198.06 d=+0.077 fr=269.73 dt=0.101 rate=1.00 paused=False backlog=101.82 edge=299.88 div=0.00
21:19:00.091 CLOCK integ raw=198.06 prev=198.06 new=198.16 d=+0.101 fr=269.73 dt=0.101 rate=1.00 paused=False backlog=101.82 edge=299.98 div=0.00
21:19:00.193 CLOCK integ raw=198.06 prev=198.16 new=198.26 d=+0.102 fr=269.73 dt=0.102 rate=1.00 paused=False backlog=101.82 edge=300.08 div=0.00
21:19:00.294 CLOCK fold raw=198.34 prev=198.26 new=198.34 d=+0.081 fr=269.73 dt=0.101 rate=1.00 paused=False backlog=101.84 edge=300.18 div=0.00
21:19:00.396 CLOCK integ raw=198.34 prev=198.34 new=198.44 d=+0.102 fr=269.73 dt=0.102 rate=1.00 paused=False backlog=101.84 edge=300.28 div=0.00
21:19:00.500 CLOCK integ raw=198.34 prev=198.44 new=198.54 d=+0.103 fr=269.73 dt=0.103 rate=1.00 paused=False backlog=101.84 edge=300.39 div=0.00
21:19:00.601 CLOCK fold raw=198.62 prev=198.54 new=198.62 d=+0.078 fr=269.73 dt=0.102 rate=1.00 paused=False backlog=101.84 edge=300.46 div=0.00
21:19:00.703 TICK fr=269.73 cc=198.62 raw=198.62 vid=198.34 playing=1 started=1 stall=0 | d_fr_cc=+71.11 d_fr_raw=+71.11 d_cc_raw=+0.00 | off=-0.23 ccx_end=296.03 since_show=0.1 since_cue=8.0 | pcr=297.640 pid=100 head_rel=297.64 ccx_lag=1.61 | credit=269.7 capped=0.0 | fsize=135053748 feed=135053748 feed_behind=0 | backlog=101.84 edge=300.46 div=0.00 lag_ewma=5.23
21:19:00.704 CLOCK integ raw=198.62 prev=198.62 new=198.73 d=+0.103 fr=269.73 dt=0.103 rate=1.00 paused=False backlog=101.84 edge=300.57 div=0.00
21:19:00.805 CLOCK integ raw=198.62 prev=198.73 new=198.83 d=+0.101 fr=269.73 dt=0.101 rate=1.00 paused=False backlog=101.84 edge=300.67 div=0.00
21:19:00.807 EDGESNAP err=-3.03 edge->297.64
21:19:00.909 CLOCK fold raw=198.90 prev=198.83 new=198.90 d=+0.075 fr=269.73 dt=0.103 rate=1.00 paused=False backlog=98.81 edge=297.71 div=0.00
21:19:01.010 CLOCK integ raw=198.90 prev=198.90 new=199.00 d=+0.102 fr=269.73 dt=0.102 rate=1.00 paused=False backlog=98.81 edge=297.82 div=0.00
21:19:01.112 CLOCK fold raw=199.18 prev=199.00 new=199.18 d=+0.177 fr=269.73 dt=0.102 rate=1.00 paused=False backlog=98.81 edge=297.99 div=0.00
21:19:01.213 CLOCK integ raw=199.18 prev=199.18 new=199.28 d=+0.102 fr=269.73 dt=0.102 rate=1.00 paused=False backlog=98.81 edge=298.09 div=0.00
21:19:01.417 CLOCK fold raw=199.46 prev=199.28 new=199.46 d=+0.180 fr=269.73 dt=0.203 rate=1.00 paused=False backlog=98.81 edge=298.28 div=0.00
21:19:01.519 CLOCK integ raw=199.46 prev=199.46 new=199.56 d=+0.103 fr=269.73 dt=0.103 rate=1.00 paused=False backlog=98.81 edge=298.38 div=0.00
21:19:01.620 CLOCK integ raw=199.46 prev=199.56 new=199.67 d=+0.101 fr=269.73 dt=0.101 rate=1.00 paused=False backlog=98.81 edge=298.48 div=0.00
21:19:01.722 CLOCK fold raw=199.74 prev=199.67 new=199.74 d=+0.077 fr=269.73 dt=0.102 rate=1.00 paused=False backlog=98.81 edge=298.56 div=0.00
21:19:01.823 CLOCK integ raw=199.74 prev=199.74 new=199.84 d=+0.102 fr=269.73 dt=0.102 rate=1.00 paused=False backlog=98.81 edge=298.66 div=0.00
21:19:01.925 CLOCK integ raw=199.74 prev=199.84 new=199.95 d=+0.101 fr=269.73 dt=0.101 rate=1.00 paused=False backlog=98.81 edge=298.76 div=0.00
21:19:02.027 CLOCK fold raw=200.02 prev=199.95 new=200.02 d=+0.077 fr=269.73 dt=0.102 rate=1.00 paused=False backlog=98.81 edge=298.84 div=0.00
21:19:02.129 CLOCK integ raw=200.02 prev=200.02 new=200.12 d=+0.102 fr=279.49 dt=0.102 rate=1.00 paused=False backlog=98.81 edge=298.94 div=0.00
21:19:02.259 EDGESNAP err=+5.72 edge->304.66
21:19:02.260 CUE cx=[296.03..297.33] adv=1.30 el=9.56 fresh | off=-0.23 fr=279.49 cc=200.12 raw=200.30 lead=+96.97 | pcr=304.658 head_rel=304.66 lag_ewma=10.95 | q=an interception in the Browns / fall 31 to 7 in Tampa. Chief
21:19:02.260 CUE cx=[297.33..299.13] adv=1.80 el=0.03 fresh | off=-0.23 fr=279.49 cc=200.12 raw=200.30 lead=+98.77 | pcr=304.658 head_rel=304.66 lag_ewma=10.95 | q=fall 31 to 7 in Tampa. Chiefs / taking on the Bucs a couple 
21:19:02.261 CUE cx=[299.13..300.53] adv=1.40 el=0.00 fresh | off=-0.23 fr=279.49 cc=200.12 raw=200.30 lead=+100.17 | pcr=304.658 head_rel=304.66 lag_ewma=10.95 | q=taking on the Bucs a couple of / preseason debuts. Baker / M
21:19:02.262 ANCHOR pend_end=300.53 L=8.56 pinL=4.13 target=0.00 off=-0.23
21:19:02.262 CLOCK fold raw=200.30 prev=200.12 new=200.30 d=+0.179 fr=279.49 dt=0.133 rate=1.00 paused=False backlog=104.49 edge=304.79 div=0.00
21:19:02.363 CLOCK integ raw=200.30 prev=200.30 new=200.40 d=+0.101 fr=279.49 dt=0.101 rate=1.00 paused=False backlog=104.49 edge=304.89 div=0.00
21:19:02.465 CUE cx=[300.53..301.67] adv=1.13 el=0.20 fresh | off=-0.12 fr=279.49 cc=200.40 raw=200.30 lead=+101.15 | pcr=304.658 head_rel=304.66 lag_ewma=8.56 | q=preseason debuts. Baker / Mayfield getting some action / for
21:19:02.466 CUE cx=[301.67..303.10] adv=1.43 el=0.00 fresh | off=-0.12 fr=279.49 cc=200.40 raw=200.30 lead=+102.58 | pcr=304.658 head_rel=304.66 lag_ewma=8.56 | q=Mayfield getting some action / for the first time. Patrick /
21:19:02.466 CUE cx=[303.10..304.87] adv=1.77 el=0.00 fresh | off=-0.12 fr=279.49 cc=200.40 raw=200.30 lead=+104.35 | pcr=304.658 head_rel=304.66 lag_ewma=8.56 | q=for the first time. Patrick / Mahomes also watching his new 
21:19:02.466 CUE cx=[304.87..306.34] adv=1.47 el=0.00 fresh | off=-0.12 fr=279.49 cc=200.40 raw=200.30 lead=+105.82 | pcr=304.658 head_rel=304.66 lag_ewma=8.56 | q=Mahomes also watching his new / running back. Kenneth Walker
21:19:02.467 ANCHOR pend_end=306.34 L=8.56 pinL=- target=-10.23 off=-0.12
21:19:02.467 REBASE why=anchor-snap shift=-10.11 off=-10.23
21:19:02.467 CLOCK integ raw=200.30 prev=200.40 new=200.51 d=+0.104 fr=279.49 dt=0.104 rate=1.00 paused=False backlog=104.27 edge=304.78 div=0.00
21:19:02.568 CLOCK fold raw=200.59 prev=200.51 new=200.59 d=+0.078 fr=279.83 dt=0.102 rate=1.00 paused=False backlog=104.29 edge=304.88 div=0.00
21:19:02.670 CLOCK integ raw=200.59 prev=200.59 new=200.69 d=+0.102 fr=279.83 dt=0.102 rate=1.00 paused=False backlog=104.29 edge=304.98 div=0.00
21:19:02.771 CLOCK integ raw=200.59 prev=200.69 new=200.79 d=+0.101 fr=279.83 dt=0.101 rate=1.00 paused=False backlog=104.29 edge=305.08 div=0.00
21:19:02.874 CLOCK fold raw=200.87 prev=200.79 new=200.87 d=+0.076 fr=279.83 dt=0.103 rate=1.00 paused=False backlog=105.51 edge=306.38 div=0.00
21:19:02.976 CLOCK integ raw=200.87 prev=200.87 new=200.97 d=+0.102 fr=279.83 dt=0.102 rate=1.00 paused=False backlog=105.51 edge=306.48 div=0.00
21:19:03.178 CLOCK fold raw=201.15 prev=200.97 new=201.15 d=+0.179 fr=279.83 dt=0.202 rate=1.00 paused=False backlog=105.53 edge=306.68 div=0.00
21:19:03.279 CLOCK integ raw=201.15 prev=201.15 new=201.25 d=+0.101 fr=279.83 dt=0.101 rate=1.00 paused=False backlog=105.53 edge=306.78 div=0.00
21:19:03.380 CLOCK fold raw=201.43 prev=201.25 new=201.43 d=+0.182 fr=279.83 dt=0.101 rate=1.00 paused=False backlog=105.45 edge=306.88 div=0.00
21:19:03.481 CLOCK integ raw=201.43 prev=201.43 new=201.53 d=+0.101 fr=279.83 dt=0.101 rate=1.00 paused=False backlog=105.45 edge=306.98 div=0.00
21:19:03.582 CLOCK integ raw=201.43 prev=201.53 new=201.63 d=+0.101 fr=279.83 dt=0.101 rate=1.00 paused=False backlog=105.45 edge=307.08 div=0.00
21:19:03.684 CLOCK fold raw=201.71 prev=201.63 new=201.71 d=+0.078 fr=279.83 dt=0.101 rate=1.00 paused=False backlog=105.48 edge=307.19 div=0.00
21:19:03.785 CLOCK integ raw=201.71 prev=201.71 new=201.81 d=+0.102 fr=279.83 dt=0.102 rate=1.00 paused=False backlog=105.48 edge=307.29 div=0.00
21:19:03.887 CLOCK integ raw=201.71 prev=201.81 new=201.91 d=+0.102 fr=279.83 dt=0.102 rate=1.00 paused=False backlog=105.48 edge=307.39 div=0.00
21:19:03.988 CLOCK fold raw=201.99 prev=201.91 new=201.99 d=+0.080 fr=279.83 dt=0.101 rate=1.00 paused=False backlog=105.50 edge=307.49 div=0.00
21:19:04.089 CLOCK integ raw=201.99 prev=201.99 new=202.09 d=+0.101 fr=279.83 dt=0.101 rate=1.00 paused=False backlog=105.50 edge=307.59 div=0.00
21:19:04.191 CLOCK fold raw=202.27 prev=202.09 new=202.27 d=+0.179 fr=279.83 dt=0.101 rate=1.00 paused=False backlog=105.42 edge=307.69 div=0.00
21:19:04.292 CLOCK integ raw=202.27 prev=202.27 new=202.37 d=+0.102 fr=279.83 dt=0.102 rate=1.00 paused=False backlog=105.42 edge=307.79 div=0.00
21:19:04.394 CLOCK integ raw=202.27 prev=202.37 new=202.48 d=+0.102 fr=279.83 dt=0.102 rate=1.00 paused=False backlog=105.42 edge=307.90 div=0.00
21:19:04.496 CLOCK fold raw=202.55 prev=202.48 new=202.55 d=+0.076 fr=279.83 dt=0.102 rate=1.00 paused=False backlog=105.45 edge=308.00 div=0.00
21:19:04.698 CLOCK integ raw=202.55 prev=202.55 new=202.75 d=+0.202 fr=279.83 dt=0.202 rate=1.00 paused=False backlog=105.45 edge=308.20 div=0.00
21:19:04.800 CLOCK fold raw=202.83 prev=202.75 new=202.83 d=+0.079 fr=279.83 dt=0.102 rate=1.00 paused=False backlog=105.47 edge=308.30 div=0.00
21:19:04.903 CLOCK integ raw=202.83 prev=202.83 new=202.94 d=+0.103 fr=279.83 dt=0.103 rate=1.00 paused=False backlog=105.05 edge=307.99 div=0.00
21:19:05.005 CLOCK integ raw=202.83 prev=202.94 new=203.04 d=+0.102 fr=279.83 dt=0.102 rate=1.00 paused=False backlog=105.05 edge=308.09 div=0.00
21:19:05.106 CLOCK fold raw=203.12 prev=203.04 new=203.12 d=+0.077 fr=279.83 dt=0.102 rate=1.00 paused=False backlog=105.08 edge=308.19 div=0.00
21:19:05.209 CLOCK integ raw=203.12 prev=203.12 new=203.22 d=+0.102 fr=279.83 dt=0.102 rate=1.00 paused=False backlog=105.08 edge=308.29 div=0.00
21:19:05.310 CLOCK fold raw=203.40 prev=203.22 new=203.40 d=+0.181 fr=279.83 dt=0.101 rate=1.00 paused=False backlog=105.00 edge=308.39 div=0.00
21:19:05.412 CLOCK integ raw=203.40 prev=203.40 new=203.50 d=+0.102 fr=279.83 dt=0.102 rate=1.00 paused=False backlog=105.00 edge=308.50 div=0.00
21:19:05.513 CLOCK integ raw=203.40 prev=203.50 new=203.60 d=+0.101 fr=279.83 dt=0.101 rate=1.00 paused=False backlog=105.00 edge=308.60 div=0.00
21:19:05.614 CLOCK fold raw=203.68 prev=203.60 new=203.68 d=+0.081 fr=279.83 dt=0.101 rate=1.00 paused=False backlog=105.02 edge=308.70 div=0.00
21:19:05.716 TICK fr=279.83 cc=203.68 raw=203.68 vid=203.40 playing=1 started=1 stall=0 | d_fr_cc=+76.15 d_fr_raw=+76.15 d_cc_raw=+0.00 | off=-10.23 ccx_end=306.34 since_show=0.1 since_cue=3.2 | pcr=307.467 pid=100 head_rel=307.47 ccx_lag=1.13 | credit=279.8 capped=0.0 | fsize=139702424 feed=139702424 feed_behind=0 | backlog=105.02 edge=308.70 div=0.00 lag_ewma=8.56
21:19:05.717 CLOCK integ raw=203.68 prev=203.68 new=203.79 d=+0.103 fr=279.83 dt=0.103 rate=1.00 paused=False backlog=105.02 edge=308.80 div=0.00
21:19:05.820 CLOCK integ raw=203.68 prev=203.79 new=203.89 d=+0.102 fr=279.83 dt=0.102 rate=1.00 paused=False backlog=105.02 edge=308.90 div=0.00
21:19:05.921 CLOCK fold raw=203.96 prev=203.89 new=203.96 d=+0.075 fr=279.83 dt=0.101 rate=1.00 paused=False backlog=105.04 edge=309.01 div=0.00
21:19:06.123 CLOCK integ raw=203.96 prev=203.96 new=204.16 d=+0.202 fr=279.83 dt=0.202 rate=1.00 paused=False backlog=105.04 edge=309.21 div=0.00
21:19:06.224 CLOCK fold raw=204.24 prev=204.16 new=204.24 d=+0.076 fr=279.83 dt=0.101 rate=1.00 paused=False backlog=105.07 edge=309.31 div=0.00
21:19:06.325 CLOCK integ raw=204.24 prev=204.24 new=204.34 d=+0.101 fr=279.83 dt=0.101 rate=1.00 paused=False backlog=105.07 edge=309.41 div=0.00
21:19:06.427 CLOCK integ raw=204.24 prev=204.34 new=204.44 d=+0.101 fr=279.83 dt=0.101 rate=1.00 paused=False backlog=105.07 edge=309.51 div=0.00
21:19:06.528 CLOCK fold raw=204.52 prev=204.44 new=204.52 d=+0.081 fr=279.83 dt=0.101 rate=1.00 paused=False backlog=105.09 edge=309.61 div=0.00
21:19:06.630 CLOCK integ raw=204.52 prev=204.52 new=204.63 d=+0.102 fr=279.83 dt=0.102 rate=1.00 paused=False backlog=105.09 edge=309.71 div=0.00
21:19:06.731 CLOCK fold raw=204.81 prev=204.63 new=204.81 d=+0.180 fr=279.83 dt=0.101 rate=1.00 paused=False backlog=105.01 edge=309.82 div=0.00
21:19:06.833 CLOCK integ raw=204.81 prev=204.81 new=204.91 d=+0.102 fr=279.83 dt=0.102 rate=1.00 paused=False backlog=103.84 edge=308.74 div=0.00
21:19:06.934 CLOCK integ raw=204.81 prev=204.91 new=205.01 d=+0.101 fr=279.83 dt=0.101 rate=1.00 paused=False backlog=103.84 edge=308.84 div=0.00
21:19:07.037 CLOCK fold raw=205.08 prev=205.01 new=205.08 d=+0.074 fr=284.40 dt=0.103 rate=1.00 paused=False backlog=103.86 edge=308.95 div=0.00
21:19:07.141 CLOCK integ raw=205.08 prev=205.08 new=205.19 d=+0.103 fr=284.40 dt=0.103 rate=1.00 paused=False backlog=103.86 edge=309.05 div=0.00
21:19:07.245 EDGESNAP err=+3.20 edge->312.25
21:19:07.245 CUE cx=[306.34..307.77] adv=1.44 el=4.78 fresh | off=-10.23 fr=284.40 cc=205.19 raw=205.08 lead=+92.36 | pcr=312.251 head_rel=312.25 lag_ewma=11.76 | q=running back. Kenneth Walker, / Super Bowl MVP with the / Se
21:19:07.347 ANCHOR pend_end=307.77 L=9.21 pinL=4.48 target=0.00 off=-10.23
21:19:07.349 REBASE why=anchor-snap shift=+10.23 off=0.00
21:19:07.349 CLOCK fold raw=205.36 prev=205.19 new=205.36 d=+0.177 fr=284.40 dt=0.208 rate=1.00 paused=False backlog=107.09 edge=312.46 div=0.00
21:19:07.451 CLOCK integ raw=205.36 prev=205.36 new=205.47 d=+0.102 fr=284.72 dt=0.102 rate=1.00 paused=False backlog=107.09 edge=312.56 div=0.00
21:19:07.452 CUE cx=[307.77..309.64] adv=1.87 el=0.21 fresh | off=0.00 fr=284.72 cc=205.47 raw=205.36 lead=+104.17 | pcr=312.251 head_rel=312.25 lag_ewma=9.21 | q=Super Bowl MVP with the / Seahawks getting his first / touch
21:19:07.453 CUE cx=[309.64..311.51] adv=1.87 el=0.00 fresh | off=0.00 fr=284.72 cc=205.47 raw=205.36 lead=+106.04 | pcr=312.251 head_rel=312.25 lag_ewma=9.21 | q=Seahawks getting his first / touches in a Chiefs uniform. / 
21:19:07.554 ANCHOR pend_end=311.51 L=6.25 pinL=0.74 target=0.08 off=0.00
21:19:07.554 CLOCK fold raw=205.65 prev=205.47 new=205.65 d=+0.179 fr=284.72 dt=0.103 rate=1.00 paused=False backlog=106.79 edge=312.43 div=0.00
21:19:07.656 CLOCK integ raw=205.65 prev=205.65 new=205.75 d=+0.102 fr=284.72 dt=0.102 rate=1.00 paused=False backlog=106.79 edge=312.53 div=0.00
21:19:07.758 CLOCK integ raw=205.65 prev=205.75 new=205.85 d=+0.102 fr=284.72 dt=0.102 rate=1.00 paused=False backlog=106.79 edge=312.63 div=0.00
21:19:07.861 CLOCK fold raw=205.92 prev=205.85 new=205.92 d=+0.075 fr=284.72 dt=0.103 rate=1.00 paused=False backlog=106.81 edge=312.74 div=0.00
21:19:07.962 CLOCK integ raw=205.92 prev=205.92 new=206.03 d=+0.101 fr=284.72 dt=0.101 rate=1.00 paused=False backlog=106.81 edge=312.84 div=0.00
21:19:08.064 CLOCK integ raw=205.92 prev=206.03 new=206.13 d=+0.102 fr=284.72 dt=0.102 rate=1.00 paused=False backlog=106.81 edge=312.94 div=0.00
21:19:08.166 CLOCK fold raw=206.21 prev=206.13 new=206.21 d=+0.078 fr=284.72 dt=0.102 rate=1.00 paused=False backlog=106.84 edge=313.04 div=0.00
21:19:08.268 CLOCK integ raw=206.21 prev=206.21 new=206.31 d=+0.102 fr=284.72 dt=0.102 rate=1.00 paused=False backlog=106.84 edge=313.14 div=0.00
21:19:08.369 CLOCK integ raw=206.21 prev=206.31 new=206.41 d=+0.101 fr=284.72 dt=0.101 rate=1.00 paused=False backlog=106.84 edge=313.25 div=0.00
21:19:08.470 CLOCK fold raw=206.49 prev=206.41 new=206.49 d=+0.079 fr=284.72 dt=0.101 rate=1.00 paused=False backlog=106.86 edge=313.35 div=0.00
21:19:08.571 CLOCK integ raw=206.49 prev=206.49 new=206.59 d=+0.101 fr=284.72 dt=0.101 rate=1.00 paused=False backlog=106.86 edge=313.45 div=0.00
21:19:08.773 CLOCK fold raw=206.77 prev=206.59 new=206.77 d=+0.179 fr=284.72 dt=0.202 rate=1.00 paused=False backlog=106.88 edge=313.65 div=0.00
21:19:08.874 CLOCK integ raw=206.77 prev=206.77 new=206.87 d=+0.101 fr=284.72 dt=0.101 rate=1.00 paused=False backlog=106.88 edge=313.75 div=0.00
21:19:08.977 CLOCK fold raw=207.05 prev=206.87 new=207.05 d=+0.180 fr=284.72 dt=0.103 rate=1.00 paused=False backlog=106.06 edge=313.10 div=0.00
21:19:09.080 CLOCK integ raw=207.05 prev=207.05 new=207.15 d=+0.102 fr=284.72 dt=0.102 rate=1.00 paused=False backlog=106.06 edge=313.21 div=0.00
21:19:09.182 CLOCK integ raw=207.05 prev=207.15 new=207.25 d=+0.102 fr=284.72 dt=0.102 rate=1.00 paused=False backlog=106.06 edge=313.31 div=0.00
21:19:09.283 CLOCK fold raw=207.34 prev=207.25 new=207.34 d=+0.084 fr=284.72 dt=0.102 rate=1.00 paused=False backlog=106.07 edge=313.41 div=0.00
21:19:09.385 CLOCK integ raw=207.34 prev=207.34 new=207.44 d=+0.102 fr=284.72 dt=0.102 rate=1.00 paused=False backlog=106.07 edge=313.51 div=0.00
21:19:09.487 CLOCK integ raw=207.34 prev=207.44 new=207.54 d=+0.102 fr=284.72 dt=0.102 rate=1.00 paused=False backlog=106.07 edge=313.61 div=0.00
21:19:09.589 CLOCK fold raw=207.61 prev=207.54 new=207.61 d=+0.070 fr=284.72 dt=0.101 rate=1.00 paused=False backlog=106.10 edge=313.71 div=0.00
21:19:09.690 CLOCK integ raw=207.61 prev=207.61 new=207.71 d=+0.101 fr=284.72 dt=0.101 rate=1.00 paused=False backlog=106.10 edge=313.82 div=0.00
21:19:09.791 CLOCK integ raw=207.61 prev=207.71 new=207.81 d=+0.101 fr=284.72 dt=0.101 rate=1.00 paused=False backlog=106.10 edge=313.92 div=0.00
21:19:09.893 CLOCK fold raw=207.89 prev=207.81 new=207.89 d=+0.080 fr=284.72 dt=0.102 rate=1.00 paused=False backlog=106.13 edge=314.02 div=0.00
21:19:09.994 CLOCK integ raw=207.89 prev=207.89 new=207.99 d=+0.101 fr=284.72 dt=0.101 rate=1.00 paused=False backlog=106.13 edge=314.12 div=0.00
21:19:10.096 CLOCK fold raw=208.18 prev=207.99 new=208.18 d=+0.185 fr=284.72 dt=0.101 rate=1.00 paused=False backlog=106.04 edge=314.22 div=0.00
21:19:10.198 CLOCK integ raw=208.18 prev=208.18 new=208.28 d=+0.101 fr=284.72 dt=0.101 rate=1.00 paused=False backlog=106.04 edge=314.32 div=0.00
21:19:10.399 CLOCK fold raw=208.47 prev=208.28 new=208.47 d=+0.193 fr=284.72 dt=0.203 rate=1.00 paused=False backlog=106.05 edge=314.53 div=0.00
21:19:10.501 CLOCK integ raw=208.47 prev=208.47 new=208.57 d=+0.101 fr=284.72 dt=0.101 rate=1.00 paused=False backlog=106.05 edge=314.63 div=0.00
21:19:10.602 CLOCK integ raw=208.47 prev=208.57 new=208.67 d=+0.101 fr=284.72 dt=0.101 rate=1.00 paused=False backlog=106.05 edge=314.73 div=0.00
21:19:10.704 CLOCK fold raw=208.76 prev=208.67 new=208.76 d=+0.084 fr=284.72 dt=0.102 rate=1.00 paused=False backlog=106.07 edge=314.83 div=0.00
21:19:10.705 TICK fr=284.72 cc=208.76 raw=208.76 vid=208.47 playing=1 started=1 stall=0 | d_fr_cc=+75.96 d_fr_raw=+75.96 d_cc_raw=+0.00 | off=0.04 ccx_end=311.51 since_show=0.0 since_cue=3.3 | pcr=312.251 pid=100 head_rel=312.25 ccx_lag=0.74 | credit=284.7 capped=0.0 | fsize=141526212 feed=141526212 feed_behind=0 | backlog=106.07 edge=314.83 div=0.00 lag_ewma=6.25
21:19:10.806 CLOCK integ raw=208.76 prev=208.76 new=208.86 d=+0.102 fr=284.72 dt=0.102 rate=1.00 paused=False backlog=106.07 edge=314.93 div=0.00
21:19:10.807 EDGESNAP err=-2.68 edge->312.25
21:19:10.909 CLOCK integ raw=208.76 prev=208.86 new=208.96 d=+0.103 fr=284.72 dt=0.103 rate=1.00 paused=False backlog=103.39 edge=312.35 div=0.00
21:19:11.010 CLOCK fold raw=209.05 prev=208.96 new=209.05 d=+0.088 fr=284.72 dt=0.101 rate=1.00 paused=False backlog=103.40 edge=312.45 div=0.00
21:19:11.112 CLOCK integ raw=209.05 prev=209.05 new=209.15 d=+0.102 fr=284.72 dt=0.102 rate=1.00 paused=False backlog=103.40 edge=312.56 div=0.00
21:19:11.213 CLOCK integ raw=209.05 prev=209.15 new=209.25 d=+0.101 fr=284.72 dt=0.101 rate=1.00 paused=False backlog=103.40 edge=312.66 div=0.00
21:19:11.314 CLOCK fold raw=209.33 prev=209.25 new=209.33 d=+0.072 fr=284.72 dt=0.101 rate=1.00 paused=False backlog=103.43 edge=312.76 div=0.00
21:19:11.415 CLOCK integ raw=209.33 prev=209.33 new=209.43 d=+0.101 fr=284.72 dt=0.101 rate=1.00 paused=False backlog=103.43 edge=312.86 div=0.00
21:19:11.517 CLOCK fold raw=209.60 prev=209.43 new=209.60 d=+0.177 fr=284.72 dt=0.102 rate=1.00 paused=False backlog=103.36 edge=312.96 div=0.00
21:19:11.619 CLOCK integ raw=209.60 prev=209.60 new=209.71 d=+0.101 fr=284.72 dt=0.101 rate=1.00 paused=False backlog=103.36 edge=313.06 div=0.00
21:19:11.821 CLOCK fold raw=209.90 prev=209.71 new=209.90 d=+0.198 fr=284.72 dt=0.203 rate=1.00 paused=False backlog=103.36 edge=313.27 div=0.00
21:19:11.923 CLOCK integ raw=209.90 prev=209.90 new=210.01 d=+0.102 fr=284.72 dt=0.102 rate=1.00 paused=False backlog=103.36 edge=313.37 div=0.00
21:19:12.025 CLOCK integ raw=209.90 prev=210.01 new=210.11 d=+0.102 fr=284.72 dt=0.102 rate=1.00 paused=False backlog=103.36 edge=313.47 div=0.00
21:19:12.126 CLOCK fold raw=210.17 prev=210.11 new=210.17 d=+0.065 fr=284.72 dt=0.101 rate=1.00 paused=False backlog=103.40 edge=313.57 div=0.00
21:19:12.228 CLOCK integ raw=210.17 prev=210.17 new=210.27 d=+0.102 fr=284.72 dt=0.102 rate=1.00 paused=False backlog=103.40 edge=313.67 div=0.00
21:19:12.329 CLOCK integ raw=210.17 prev=210.27 new=210.38 d=+0.102 fr=289.60 dt=0.102 rate=1.00 paused=False backlog=103.40 edge=313.77 div=0.00
21:19:12.430 CLOCK fold raw=210.45 prev=210.38 new=210.45 d=+0.078 fr=289.60 dt=0.101 rate=1.00 paused=False backlog=103.42 edge=313.87 div=0.00
21:19:12.531 CLOCK integ raw=210.45 prev=210.45 new=210.55 d=+0.101 fr=289.60 dt=0.101 rate=1.00 paused=False backlog=103.42 edge=313.98 div=0.00
21:19:12.633 CLOCK integ raw=210.45 prev=210.55 new=210.66 d=+0.102 fr=289.60 dt=0.102 rate=1.00 paused=False backlog=103.42 edge=314.08 div=0.00
21:19:12.735 CLOCK fold raw=210.74 prev=210.66 new=210.74 d=+0.079 fr=289.60 dt=0.101 rate=1.00 paused=False backlog=103.44 edge=314.18 div=0.00
21:19:12.837 CLOCK integ raw=210.74 prev=210.74 new=210.84 d=+0.103 fr=289.60 dt=0.103 rate=1.00 paused=False backlog=102.69 edge=313.53 div=0.00
21:19:12.939 CLOCK fold raw=211.02 prev=210.84 new=211.02 d=+0.179 fr=289.60 dt=0.101 rate=1.00 paused=False backlog=102.61 edge=313.63 div=0.00
21:19:13.141 CLOCK integ raw=211.02 prev=211.02 new=211.22 d=+0.202 fr=290.41 dt=0.202 rate=1.00 paused=False backlog=102.61 edge=313.83 div=0.00
21:19:13.243 CLOCK fold raw=211.30 prev=211.22 new=211.30 d=+0.083 fr=290.41 dt=0.102 rate=1.00 paused=False backlog=102.63 edge=313.93 div=0.00
21:19:13.266 CUE cx=[311.51..312.81] adv=1.30 el=5.79 fresh | off=0.04 fr=290.41 cc=211.30 raw=211.30 lead=+101.55 | pcr=315.901 head_rel=315.90 lag_ewma=6.25 | q=touches in a Chiefs uniform. / Limited action bottled up, ge
21:19:13.369 ANCHOR pend_end=312.81 L=5.14 pinL=3.09 target=-0.98 off=0.04
21:19:13.370 CLOCK integ raw=211.30 prev=211.30 new=211.43 d=+0.127 fr=290.41 dt=0.127 rate=1.00 paused=False backlog=103.61 edge=315.04 div=0.00
21:19:13.572 CLOCK fold raw=211.58 prev=211.43 new=211.58 d=+0.149 fr=290.84 dt=0.202 rate=1.00 paused=False backlog=103.67 edge=315.25 div=0.00
21:19:13.673 CLOCK integ raw=211.58 prev=211.58 new=211.68 d=+0.101 fr=290.84 dt=0.101 rate=1.00 paused=False backlog=103.67 edge=315.35 div=0.00
21:19:13.774 CLOCK fold raw=211.86 prev=211.68 new=211.86 d=+0.182 fr=290.84 dt=0.101 rate=1.00 paused=False backlog=103.59 edge=315.45 div=0.00
21:19:13.875 CLOCK integ raw=211.86 prev=211.86 new=211.96 d=+0.101 fr=290.84 dt=0.101 rate=1.00 paused=False backlog=103.59 edge=315.55 div=0.00
21:19:13.977 CLOCK integ raw=211.86 prev=211.96 new=212.06 d=+0.102 fr=290.84 dt=0.102 rate=1.00 paused=False backlog=103.59 edge=315.65 div=0.00
21:19:14.078 CLOCK fold raw=212.14 prev=212.06 new=212.14 d=+0.079 fr=290.84 dt=0.101 rate=1.00 paused=False backlog=103.61 edge=315.75 div=0.00
21:19:14.179 CLOCK integ raw=212.14 prev=212.14 new=212.24 d=+0.101 fr=290.84 dt=0.101 rate=1.00 paused=False backlog=103.61 edge=315.85 div=0.00
21:19:14.280 CLOCK integ raw=212.14 prev=212.24 new=212.34 d=+0.101 fr=290.84 dt=0.101 rate=1.00 paused=False backlog=103.61 edge=315.95 div=0.00
21:19:14.382 CLOCK fold raw=212.42 prev=212.34 new=212.42 d=+0.078 fr=290.84 dt=0.102 rate=1.00 paused=False backlog=103.63 edge=316.06 div=0.00
21:19:14.483 CLOCK integ raw=212.42 prev=212.42 new=212.52 d=+0.101 fr=290.84 dt=0.101 rate=1.00 paused=False backlog=103.63 edge=316.16 div=0.00
21:19:14.585 CLOCK integ raw=212.42 prev=212.52 new=212.63 d=+0.102 fr=290.84 dt=0.102 rate=1.00 paused=False backlog=103.63 edge=316.26 div=0.00
21:19:14.787 CLOCK fold raw=212.70 prev=212.63 new=212.70 d=+0.077 fr=290.84 dt=0.202 rate=1.00 paused=False backlog=103.76 edge=316.46 div=0.00
21:19:14.888 CLOCK integ raw=212.70 prev=212.70 new=212.80 d=+0.101 fr=290.84 dt=0.101 rate=1.00 paused=False backlog=103.76 edge=316.56 div=0.00
21:19:14.991 CLOCK fold raw=212.99 prev=212.80 new=212.99 d=+0.182 fr=290.84 dt=0.102 rate=1.00 paused=False backlog=103.35 edge=316.33 div=0.00
21:19:15.093 CLOCK integ raw=212.99 prev=212.99 new=213.09 d=+0.102 fr=290.84 dt=0.102 rate=1.00 paused=False backlog=103.35 edge=316.44 div=0.00
21:19:15.195 CLOCK fold raw=213.27 prev=213.09 new=213.27 d=+0.179 fr=290.84 dt=0.101 rate=1.00 paused=False backlog=103.27 edge=316.54 div=0.00
21:19:15.296 CLOCK integ raw=213.27 prev=213.27 new=213.37 d=+0.101 fr=290.84 dt=0.101 rate=1.00 paused=False backlog=103.27 edge=316.64 div=0.00
21:19:15.397 CLOCK integ raw=213.27 prev=213.37 new=213.47 d=+0.101 fr=290.84 dt=0.101 rate=1.00 paused=False backlog=103.27 edge=316.74 div=0.00
21:19:15.498 CLOCK fold raw=213.55 prev=213.47 new=213.55 d=+0.079 fr=290.84 dt=0.101 rate=1.00 paused=False backlog=103.29 edge=316.84 div=0.00
21:19:15.600 CLOCK integ raw=213.55 prev=213.55 new=213.65 d=+0.102 fr=290.84 dt=0.102 rate=1.00 paused=False backlog=103.29 edge=316.94 div=0.00
21:19:15.702 TICK fr=290.84 cc=213.65 raw=213.55 vid=213.55 playing=1 started=1 stall=0 | d_fr_cc=+77.19 d_fr_raw=+77.29 d_cc_raw=+0.10 | off=-0.47 ccx_end=312.81 since_show=0.1 since_cue=2.5 | pcr=315.901 pid=100 head_rel=315.90 ccx_lag=3.09 | credit=290.8 capped=0.0 | fsize=143435916 feed=143435916 feed_behind=0 | backlog=103.29 edge=316.94 div=0.00 lag_ewma=5.14
21:19:15.702 CLOCK integ raw=213.55 prev=213.65 new=213.75 d=+0.102 fr=290.84 dt=0.102 rate=1.00 paused=False backlog=103.29 edge=317.05 div=0.00
21:19:15.804 CLOCK fold raw=213.83 prev=213.75 new=213.83 d=+0.082 fr=290.84 dt=0.102 rate=1.00 paused=False backlog=103.31 edge=317.15 div=0.00
21:19:15.906 CLOCK integ raw=213.83 prev=213.83 new=213.94 d=+0.102 fr=290.84 dt=0.102 rate=1.00 paused=False backlog=103.31 edge=317.25 div=0.00
21:19:16.007 CLOCK integ raw=213.83 prev=213.94 new=214.04 d=+0.101 fr=290.84 dt=0.101 rate=1.00 paused=False backlog=103.31 edge=317.35 div=0.00
21:19:16.108 CLOCK fold raw=214.11 prev=214.04 new=214.11 d=+0.075 fr=290.84 dt=0.101 rate=1.00 paused=False backlog=103.34 edge=317.45 div=0.00
21:19:16.210 CLOCK integ raw=214.11 prev=214.11 new=214.21 d=+0.101 fr=290.84 dt=0.101 rate=1.00 paused=False backlog=103.34 edge=317.55 div=0.00
21:19:16.412 CLOCK fold raw=214.39 prev=214.21 new=214.39 d=+0.180 fr=290.84 dt=0.203 rate=1.00 paused=False backlog=103.36 edge=317.76 div=0.00
21:19:16.514 CLOCK integ raw=214.39 prev=214.39 new=214.49 d=+0.102 fr=290.84 dt=0.102 rate=1.00 paused=False backlog=103.36 edge=317.86 div=0.00
21:19:16.616 CLOCK fold raw=214.67 prev=214.49 new=214.67 d=+0.179 fr=290.84 dt=0.102 rate=1.00 paused=False backlog=103.29 edge=317.96 div=0.00
21:19:16.718 CLOCK integ raw=214.67 prev=214.67 new=214.78 d=+0.102 fr=290.84 dt=0.102 rate=1.00 paused=False backlog=103.29 edge=318.06 div=0.00
21:19:16.821 CLOCK integ raw=214.67 prev=214.78 new=214.88 d=+0.103 fr=290.84 dt=0.103 rate=1.00 paused=False backlog=103.29 edge=318.16 div=0.00
21:19:16.923 CLOCK fold raw=214.96 prev=214.88 new=214.96 d=+0.076 fr=290.84 dt=0.103 rate=1.00 paused=False backlog=102.18 edge=317.13 div=0.00
21:19:17.025 CLOCK integ raw=214.96 prev=214.96 new=215.06 d=+0.102 fr=290.84 dt=0.102 rate=1.00 paused=False backlog=102.18 edge=317.24 div=0.00
21:19:17.127 CLOCK integ raw=214.96 prev=215.06 new=215.16 d=+0.102 fr=294.49 dt=0.102 rate=1.00 paused=False backlog=102.18 edge=317.34 div=0.00
21:19:17.257 EDGESNAP err=+2.77 edge->320.11
21:19:17.257 CUE cx=[312.81..315.35] adv=2.54 el=3.99 fresh | off=-0.47 fr=294.49 cc=215.16 raw=215.24 lead=+99.72 | pcr=320.113 head_rel=320.11 lag_ewma=7.92 | q=Limited action bottled up, gets / three yards on that carry 
21:19:17.258 CUE cx=[315.35..316.55] adv=1.20 el=0.03 fresh | off=-0.47 fr=294.49 cc=215.16 raw=215.24 lead=+100.92 | pcr=320.113 head_rel=320.11 lag_ewma=7.92 | q=three yards on that carry just / two for four and played two
21:19:17.258 CUE cx=[316.55..317.88] adv=1.33 el=0.00 fresh | off=-0.47 fr=294.49 cc=215.16 raw=215.24 lead=+102.25 | pcr=320.113 head_rel=320.11 lag_ewma=7.92 | q=two for four and played two / series. Let's go to the next /
21:19:17.259 ANCHOR pend_end=317.88 L=5.93 pinL=2.23 target=0.00 off=-0.47
21:19:17.259 CLOCK fold raw=215.24 prev=215.16 new=215.24 d=+0.078 fr=294.49 dt=0.132 rate=1.00 paused=False backlog=105.01 edge=320.24 div=0.00
21:19:17.361 CLOCK integ raw=215.24 prev=215.24 new=215.34 d=+0.102 fr=294.49 dt=0.102 rate=1.00 paused=False backlog=105.01 edge=320.35 div=0.00
21:19:17.462 CLOCK fold raw=215.52 prev=215.34 new=215.52 d=+0.182 fr=294.49 dt=0.101 rate=1.00 paused=False backlog=104.93 edge=320.45 div=0.00
21:19:17.565 CLOCK integ raw=215.52 prev=215.52 new=215.62 d=+0.102 fr=294.49 dt=0.102 rate=1.00 paused=False backlog=104.93 edge=320.55 div=0.00
21:19:17.667 CLOCK integ raw=215.52 prev=215.62 new=215.72 d=+0.102 fr=294.49 dt=0.102 rate=1.00 paused=False backlog=104.93 edge=320.65 div=0.00
21:19:17.769 CLOCK fold raw=215.80 prev=215.72 new=215.80 d=+0.075 fr=294.49 dt=0.103 rate=1.00 paused=False backlog=104.95 edge=320.75 div=0.00
21:19:17.871 CLOCK integ raw=215.80 prev=215.80 new=215.90 d=+0.101 fr=294.49 dt=0.101 rate=1.00 paused=False backlog=104.95 edge=320.86 div=0.00
21:19:17.972 CLOCK integ raw=215.80 prev=215.90 new=216.00 d=+0.101 fr=294.49 dt=0.101 rate=1.00 paused=False backlog=104.95 edge=320.96 div=0.00
21:19:18.174 CLOCK fold raw=216.08 prev=216.00 new=216.08 d=+0.079 fr=294.49 dt=0.202 rate=1.00 paused=False backlog=105.08 edge=321.16 div=0.00
21:19:18.275 CLOCK fold raw=216.36 prev=216.08 new=216.36 d=+0.282 fr=294.49 dt=0.101 rate=1.00 paused=False backlog=104.90 edge=321.26 div=0.00
21:19:18.376 CLOCK integ raw=216.36 prev=216.36 new=216.46 d=+0.101 fr=294.49 dt=0.101 rate=1.00 paused=False backlog=104.90 edge=321.36 div=0.00
21:19:18.478 CLOCK integ raw=216.36 prev=216.46 new=216.57 d=+0.102 fr=294.49 dt=0.102 rate=1.00 paused=False backlog=104.90 edge=321.46 div=0.00
21:19:18.579 CLOCK fold raw=216.64 prev=216.57 new=216.64 d=+0.077 fr=294.49 dt=0.101 rate=1.00 paused=False backlog=104.92 edge=321.56 div=0.00
21:19:18.681 CLOCK integ raw=216.64 prev=216.64 new=216.74 d=+0.102 fr=294.49 dt=0.102 rate=1.00 paused=False backlog=104.92 edge=321.67 div=0.00
21:19:18.782 CLOCK integ raw=216.64 prev=216.74 new=216.85 d=+0.101 fr=294.49 dt=0.101 rate=1.00 paused=False backlog=104.92 edge=321.77 div=0.00
21:19:18.885 CLOCK fold raw=216.93 prev=216.85 new=216.93 d=+0.079 fr=294.49 dt=0.103 rate=1.00 paused=False backlog=104.12 edge=321.04 div=0.00
21:19:18.987 CLOCK integ raw=216.93 prev=216.93 new=217.03 d=+0.102 fr=294.49 dt=0.102 rate=1.00 paused=False backlog=104.12 edge=321.14 div=0.00
21:19:19.089 CLOCK integ raw=216.93 prev=217.03 new=217.13 d=+0.102 fr=294.49 dt=0.102 rate=1.00 paused=False backlog=104.12 edge=321.25 div=0.00
21:19:19.190 CLOCK fold raw=217.21 prev=217.13 new=217.21 d=+0.077 fr=294.49 dt=0.101 rate=1.00 paused=False backlog=104.14 edge=321.35 div=0.00
21:19:19.291 CLOCK integ raw=217.21 prev=217.21 new=217.31 d=+0.102 fr=294.49 dt=0.102 rate=1.00 paused=False backlog=104.14 edge=321.45 div=0.00
21:19:19.393 CLOCK integ raw=217.21 prev=217.31 new=217.41 d=+0.101 fr=294.49 dt=0.101 rate=1.00 paused=False backlog=104.14 edge=321.55 div=0.00
21:19:19.595 CLOCK fold raw=217.49 prev=217.41 new=217.49 d=+0.079 fr=294.49 dt=0.203 rate=1.00 paused=False backlog=104.27 edge=321.75 div=0.00
21:19:19.697 CLOCK fold raw=217.77 prev=217.49 new=217.77 d=+0.284 fr=294.49 dt=0.101 rate=1.00 paused=False backlog=104.08 edge=321.85 div=0.00
21:19:19.798 CLOCK integ raw=217.77 prev=217.77 new=217.87 d=+0.102 fr=294.49 dt=0.102 rate=1.00 paused=False backlog=104.08 edge=321.96 div=0.00
21:19:19.900 CLOCK integ raw=217.77 prev=217.87 new=217.97 d=+0.101 fr=294.49 dt=0.101 rate=1.00 paused=False backlog=104.08 edge=322.06 div=0.00
21:19:20.001 CLOCK fold raw=218.05 prev=217.97 new=218.05 d=+0.075 fr=294.49 dt=0.101 rate=1.00 paused=False backlog=104.11 edge=322.16 div=0.00
21:19:20.103 CLOCK integ raw=218.05 prev=218.05 new=218.15 d=+0.102 fr=294.49 dt=0.102 rate=1.00 paused=False backlog=104.11 edge=322.26 div=0.00
21:19:20.204 CLOCK integ raw=218.05 prev=218.15 new=218.25 d=+0.101 fr=294.49 dt=0.101 rate=1.00 paused=False backlog=104.11 edge=322.36 div=0.00
21:19:20.306 CLOCK fold raw=218.33 prev=218.25 new=218.33 d=+0.079 fr=294.49 dt=0.102 rate=1.00 paused=False backlog=104.13 edge=322.46 div=0.00
21:19:20.407 CLOCK integ raw=218.33 prev=218.33 new=218.43 d=+0.101 fr=294.49 dt=0.101 rate=1.00 paused=False backlog=104.13 edge=322.56 div=0.00
21:19:20.509 CLOCK integ raw=218.33 prev=218.43 new=218.53 d=+0.102 fr=294.49 dt=0.102 rate=1.00 paused=False backlog=104.13 edge=322.67 div=0.00
21:19:20.610 CLOCK fold raw=218.62 prev=218.53 new=218.62 d=+0.082 fr=294.49 dt=0.101 rate=1.00 paused=False backlog=104.15 edge=322.77 div=0.00
21:19:20.712 TICK fr=294.49 cc=218.62 raw=218.62 vid=218.33 playing=1 started=1 stall=0 | d_fr_cc=+75.88 d_fr_raw=+75.88 d_cc_raw=+0.00 | off=-0.24 ccx_end=317.88 since_show=0.1 since_cue=3.5 | pcr=320.113 pid=100 head_rel=320.11 ccx_lag=2.23 | credit=294.5 capped=0.0 | fsize=145500156 feed=145500156 feed_behind=0 | backlog=104.15 edge=322.77 div=0.00 lag_ewma=5.93
21:19:20.712 CLOCK integ raw=218.62 prev=218.62 new=218.72 d=+0.103 fr=294.49 dt=0.103 rate=1.00 paused=False backlog=104.15 edge=322.87 div=0.00
21:19:20.815 EDGESNAP err=-2.76 edge->320.11
21:19:20.815 CLOCK fold raw=218.90 prev=218.72 new=218.90 d=+0.178 fr=294.49 dt=0.103 rate=1.00 paused=False backlog=101.32 edge=320.22 div=0.00
21:19:20.918 CLOCK integ raw=218.90 prev=218.90 new=219.00 d=+0.103 fr=294.49 dt=0.103 rate=1.00 paused=False backlog=101.32 edge=320.32 div=0.00
21:19:21.121 CLOCK fold raw=219.17 prev=219.00 new=219.17 d=+0.173 fr=294.49 dt=0.202 rate=1.00 paused=False backlog=101.35 edge=320.52 div=0.00
21:19:21.222 CLOCK integ raw=219.17 prev=219.17 new=219.28 d=+0.101 fr=294.49 dt=0.101 rate=1.00 paused=False backlog=101.35 edge=320.62 div=0.00
21:19:21.323 CLOCK integ raw=219.17 prev=219.28 new=219.38 d=+0.102 fr=294.49 dt=0.102 rate=1.00 paused=False backlog=101.35 edge=320.72 div=0.00
21:19:21.425 CLOCK fold raw=219.46 prev=219.38 new=219.46 d=+0.078 fr=294.49 dt=0.101 rate=1.00 paused=False backlog=101.37 edge=320.82 div=0.00
21:19:21.526 CLOCK integ raw=219.46 prev=219.46 new=219.56 d=+0.102 fr=294.49 dt=0.102 rate=1.00 paused=False backlog=101.37 edge=320.93 div=0.00
21:19:21.628 CLOCK integ raw=219.46 prev=219.56 new=219.66 d=+0.102 fr=294.49 dt=0.102 rate=1.00 paused=False backlog=101.37 edge=321.03 div=0.00
21:19:21.729 CLOCK fold raw=219.74 prev=219.66 new=219.74 d=+0.079 fr=294.49 dt=0.101 rate=1.00 paused=False backlog=101.39 edge=321.13 div=0.00
21:19:21.830 CLOCK integ raw=219.74 prev=219.74 new=219.84 d=+0.101 fr=294.49 dt=0.101 rate=1.00 paused=False backlog=101.39 edge=321.23 div=0.00
21:19:21.932 CLOCK fold raw=220.02 prev=219.84 new=220.02 d=+0.181 fr=294.49 dt=0.101 rate=1.00 paused=False backlog=101.31 edge=321.33 div=0.00
21:19:22.057 EDGESNAP err=+2.79 edge->324.12
21:19:22.057 CUE cx=[317.88..320.02] adv=2.13 el=4.77 fresh | off=-0.24 fr=294.49 cc=220.02 raw=220.02 lead=+99.76 | pcr=324.121 head_rel=324.12 lag_ewma=8.71 | q=series. Let's go to the next / Chiefs possession a third and
21:19:22.057 ANCHOR pend_end=320.02 L=7.10 pinL=4.10 target=0.00 off=-0.24
21:19:22.058 CLOCK integ raw=220.02 prev=220.02 new=220.14 d=+0.125 fr=299.42 dt=0.125 rate=1.00 paused=False backlog=104.10 edge=324.25 div=0.00
21:19:22.159 CLOCK integ raw=220.02 prev=220.14 new=220.25 d=+0.103 fr=299.42 dt=0.103 rate=1.00 paused=False backlog=104.10 edge=324.35 div=0.00
21:19:22.261 CUE cx=[320.02..321.99] adv=1.97 el=0.23 fresh | off=-0.12 fr=299.42 cc=220.25 raw=220.30 lead=+101.62 | pcr=324.121 head_rel=324.12 lag_ewma=7.10 | q=Chiefs possession a third and / four here. Say hello to Reub
21:19:22.262 CUE cx=[321.99..324.36] adv=2.37 el=0.00 fresh | off=-0.12 fr=299.42 cc=220.25 raw=220.30 lead=+103.99 | pcr=324.121 head_rel=324.12 lag_ewma=7.10 | q=four here. Say hello to Reuben / Bayne. First round pick get
21:19:22.262 CUE cx=[324.36..325.86] adv=1.50 el=0.00 fresh | off=-0.12 fr=299.42 cc=220.25 raw=220.30 lead=+105.49 | pcr=324.121 head_rel=324.12 lag_ewma=7.10 | q=Bayne. First round pick gets in / on Justin Fields forces th
21:19:22.262 ANCHOR pend_end=325.86 L=7.10 pinL=- target=-8.81 off=-0.12
21:19:22.263 REBASE why=anchor-snap shift=-8.69 off=-8.81
21:19:22.263 CLOCK fold raw=220.30 prev=220.25 new=220.30 d=+0.053 fr=299.42 dt=0.104 rate=1.00 paused=False backlog=103.95 edge=324.25 div=0.00
21:19:22.365 CLOCK integ raw=220.30 prev=220.30 new=220.40 d=+0.101 fr=299.42 dt=0.101 rate=1.00 paused=False backlog=103.95 edge=324.35 div=0.00
21:19:22.466 CLOCK integ raw=220.30 prev=220.40 new=220.50 d=+0.102 fr=299.83 dt=0.102 rate=1.00 paused=False backlog=103.95 edge=324.46 div=0.00
21:19:22.568 CLOCK fold raw=220.58 prev=220.50 new=220.58 d=+0.078 fr=299.83 dt=0.102 rate=1.00 paused=False backlog=103.98 edge=324.56 div=0.00
21:19:22.670 CLOCK integ raw=220.58 prev=220.58 new=220.68 d=+0.101 fr=299.83 dt=0.101 rate=1.00 paused=False backlog=103.98 edge=324.66 div=0.00
21:19:22.872 CLOCK fold raw=220.86 prev=220.68 new=220.86 d=+0.180 fr=299.83 dt=0.203 rate=1.00 paused=False backlog=104.00 edge=324.86 div=0.00
21:19:22.900 EDGESNAP err=+2.84 edge->327.70
21:19:23.001 CLOCK integ raw=220.86 prev=220.86 new=220.99 d=+0.129 fr=299.83 dt=0.129 rate=1.00 paused=False backlog=106.84 edge=327.83 div=0.00
21:19:23.203 CLOCK fold raw=221.14 prev=220.99 new=221.14 d=+0.153 fr=299.83 dt=0.202 rate=1.00 paused=False backlog=106.89 edge=328.04 div=0.00
21:19:23.306 CLOCK integ raw=221.14 prev=221.14 new=221.25 d=+0.103 fr=299.83 dt=0.103 rate=1.00 paused=False backlog=106.89 edge=328.14 div=0.00
21:19:23.409 CLOCK fold raw=221.43 prev=221.25 new=221.43 d=+0.179 fr=299.83 dt=0.102 rate=1.00 paused=False backlog=106.82 edge=328.24 div=0.00
21:19:23.512 CLOCK integ raw=221.43 prev=221.43 new=221.53 d=+0.103 fr=299.83 dt=0.103 rate=1.00 paused=False backlog=106.82 edge=328.34 div=0.00
21:19:23.614 CLOCK fold raw=221.71 prev=221.53 new=221.71 d=+0.176 fr=299.83 dt=0.102 rate=1.00 paused=False backlog=106.74 edge=328.45 div=0.00
21:19:23.716 CLOCK integ raw=221.71 prev=221.71 new=221.81 d=+0.102 fr=299.83 dt=0.102 rate=1.00 paused=False backlog=106.74 edge=328.55 div=0.00
21:19:23.818 CLOCK integ raw=221.71 prev=221.81 new=221.91 d=+0.102 fr=299.83 dt=0.102 rate=1.00 paused=False backlog=106.74 edge=328.65 div=0.00
21:19:23.920 CLOCK fold raw=221.99 prev=221.91 new=221.99 d=+0.078 fr=299.83 dt=0.102 rate=1.00 paused=False backlog=106.77 edge=328.75 div=0.00
21:19:24.022 CLOCK integ raw=221.99 prev=221.99 new=222.09 d=+0.101 fr=299.83 dt=0.101 rate=1.00 paused=False backlog=106.77 edge=328.85 div=0.00
21:19:24.125 CLOCK integ raw=221.99 prev=222.09 new=222.19 d=+0.103 fr=299.83 dt=0.103 rate=1.00 paused=False backlog=106.77 edge=328.96 div=0.00
21:19:24.227 CLOCK fold raw=222.27 prev=222.19 new=222.27 d=+0.077 fr=299.83 dt=0.102 rate=1.00 paused=False backlog=106.79 edge=329.06 div=0.00
21:19:24.329 CLOCK integ raw=222.27 prev=222.27 new=222.37 d=+0.102 fr=299.83 dt=0.102 rate=1.00 paused=False backlog=106.79 edge=329.16 div=0.00
21:19:24.432 CLOCK integ raw=222.27 prev=222.37 new=222.47 d=+0.103 fr=299.83 dt=0.103 rate=1.00 paused=False backlog=106.79 edge=329.26 div=0.00
21:19:24.533 CLOCK fold raw=222.55 prev=222.47 new=222.55 d=+0.075 fr=299.83 dt=0.101 rate=1.00 paused=False backlog=106.82 edge=329.37 div=0.00
21:19:24.734 CLOCK integ raw=222.55 prev=222.55 new=222.75 d=+0.202 fr=299.83 dt=0.202 rate=1.00 paused=False backlog=106.82 edge=329.57 div=0.00
21:19:24.836 CLOCK fold raw=222.83 prev=222.75 new=222.83 d=+0.078 fr=299.83 dt=0.102 rate=1.00 paused=False backlog=106.84 edge=329.67 div=0.00
21:19:24.939 CLOCK integ raw=222.83 prev=222.83 new=222.93 d=+0.103 fr=299.83 dt=0.103 rate=1.00 paused=False backlog=105.86 edge=328.79 div=0.00
21:19:25.041 CLOCK fold raw=223.11 prev=222.93 new=223.11 d=+0.178 fr=299.83 dt=0.101 rate=1.00 paused=False backlog=105.78 edge=328.89 div=0.00
21:19:25.142 CLOCK integ raw=223.11 prev=223.11 new=223.21 d=+0.101 fr=299.83 dt=0.101 rate=1.00 paused=False backlog=105.78 edge=328.99 div=0.00
21:19:25.243 CLOCK integ raw=223.11 prev=223.21 new=223.31 d=+0.101 fr=299.83 dt=0.101 rate=1.00 paused=False backlog=105.78 edge=329.09 div=0.00
21:19:25.345 CLOCK fold raw=223.39 prev=223.31 new=223.39 d=+0.078 fr=299.83 dt=0.102 rate=1.00 paused=False backlog=105.81 edge=329.20 div=0.00
21:19:25.446 CLOCK integ raw=223.39 prev=223.39 new=223.49 d=+0.101 fr=299.83 dt=0.101 rate=1.00 paused=False backlog=105.81 edge=329.30 div=0.00
21:19:25.547 CLOCK integ raw=223.39 prev=223.49 new=223.59 d=+0.101 fr=299.83 dt=0.101 rate=1.00 paused=False backlog=105.81 edge=329.40 div=0.00
21:19:25.648 CLOCK fold raw=223.67 prev=223.59 new=223.67 d=+0.081 fr=299.83 dt=0.101 rate=1.00 paused=False backlog=105.83 edge=329.50 div=0.00
21:19:25.751 TICK fr=299.83 cc=223.67 raw=223.67 vid=223.67 playing=1 started=1 stall=0 | d_fr_cc=+76.16 d_fr_raw=+76.16 d_cc_raw=+0.00 | off=-8.81 ccx_end=325.86 since_show=0.1 since_cue=3.5 | pcr=327.705 pid=100 head_rel=327.70 ccx_lag=1.85 | credit=299.8 capped=0.0 | fsize=148573016 feed=148573016 feed_behind=0 | backlog=105.83 edge=329.50 div=0.00 lag_ewma=7.10
21:19:25.752 CLOCK integ raw=223.67 prev=223.67 new=223.78 d=+0.104 fr=299.83 dt=0.104 rate=1.00 paused=False backlog=105.83 edge=329.60 div=0.00
21:19:25.854 CLOCK integ raw=223.67 prev=223.78 new=223.88 d=+0.102 fr=299.83 dt=0.102 rate=1.00 paused=False backlog=105.83 edge=329.70 div=0.00
21:19:25.955 CLOCK fold raw=223.95 prev=223.88 new=223.95 d=+0.074 fr=299.83 dt=0.101 rate=1.00 paused=False backlog=105.85 edge=329.81 div=0.00
21:19:26.157 CLOCK fold raw=224.23 prev=223.95 new=224.23 d=+0.281 fr=299.83 dt=0.202 rate=1.00 paused=False backlog=105.77 edge=330.01 div=0.00
21:19:26.259 CLOCK integ raw=224.23 prev=224.23 new=224.34 d=+0.102 fr=299.83 dt=0.102 rate=1.00 paused=False backlog=105.77 edge=330.11 div=0.00
21:19:26.360 CLOCK integ raw=224.23 prev=224.34 new=224.44 d=+0.101 fr=299.83 dt=0.101 rate=1.00 paused=False backlog=105.77 edge=330.21 div=0.00
21:19:26.461 CLOCK fold raw=224.51 prev=224.44 new=224.51 d=+0.077 fr=299.83 dt=0.101 rate=1.00 paused=False backlog=105.80 edge=330.31 div=0.00
21:19:26.563 CLOCK integ raw=224.51 prev=224.51 new=224.62 d=+0.102 fr=299.83 dt=0.102 rate=1.00 paused=False backlog=105.80 edge=330.41 div=0.00
21:19:26.665 CLOCK integ raw=224.51 prev=224.62 new=224.72 d=+0.102 fr=299.83 dt=0.102 rate=1.00 paused=False backlog=105.80 edge=330.52 div=0.00
21:19:26.767 CLOCK fold raw=224.80 prev=224.72 new=224.80 d=+0.081 fr=299.83 dt=0.101 rate=1.00 paused=False backlog=105.82 edge=330.62 div=0.00
21:19:26.870 EDGESNAP err=-2.91 edge->327.70
21:19:26.870 CLOCK integ raw=224.80 prev=224.80 new=224.90 d=+0.103 fr=299.83 dt=0.103 rate=1.00 paused=False backlog=102.91 edge=327.81 div=0.00
21:19:26.971 CLOCK integ raw=224.80 prev=224.90 new=225.00 d=+0.102 fr=299.83 dt=0.102 rate=1.00 paused=False backlog=102.91 edge=327.91 div=0.00
21:19:27.072 CLOCK fold raw=225.08 prev=225.00 new=225.08 d=+0.075 fr=299.83 dt=0.101 rate=1.00 paused=False backlog=102.93 edge=328.01 div=0.00
21:19:27.174 CLOCK integ raw=225.08 prev=225.08 new=225.18 d=+0.101 fr=299.83 dt=0.101 rate=1.00 paused=False backlog=102.93 edge=328.11 div=0.00
21:19:27.275 CLOCK fold raw=225.36 prev=225.18 new=225.36 d=+0.178 fr=299.83 dt=0.101 rate=1.00 paused=False backlog=102.86 edge=328.21 div=0.00
21:19:27.476 CLOCK integ raw=225.36 prev=225.36 new=225.56 d=+0.202 fr=299.83 dt=0.202 rate=1.00 paused=False backlog=102.86 edge=328.41 div=0.00
21:19:27.577 CLOCK fold raw=225.64 prev=225.56 new=225.64 d=+0.078 fr=299.83 dt=0.101 rate=1.00 paused=False backlog=102.88 edge=328.52 div=0.00
21:19:27.678 CLOCK integ raw=225.64 prev=225.64 new=225.74 d=+0.101 fr=299.83 dt=0.101 rate=1.00 paused=False backlog=102.88 edge=328.62 div=0.00
21:19:27.780 CLOCK integ raw=225.64 prev=225.74 new=225.84 d=+0.102 fr=299.83 dt=0.102 rate=1.00 paused=False backlog=102.88 edge=328.72 div=0.00
21:19:27.881 CLOCK fold raw=225.92 prev=225.84 new=225.92 d=+0.078 fr=299.83 dt=0.101 rate=1.00 paused=False backlog=102.90 edge=328.82 div=0.00
21:19:27.982 CLOCK integ raw=225.92 prev=225.92 new=226.02 d=+0.101 fr=299.83 dt=0.101 rate=1.00 paused=False backlog=102.90 edge=328.92 div=0.00
21:19:28.083 CLOCK integ raw=225.92 prev=226.02 new=226.12 d=+0.101 fr=299.83 dt=0.101 rate=1.00 paused=False backlog=102.90 edge=329.02 div=0.00
21:19:28.185 CLOCK fold raw=226.20 prev=226.12 new=226.20 d=+0.078 fr=305.45 dt=0.102 rate=1.00 paused=False backlog=102.92 edge=329.12 div=0.00
21:19:28.208 EDGESNAP err=+2.80 edge->331.92
21:19:28.210 CUE cx=[325.86..327.89] adv=2.03 el=5.92 fresh | off=-8.81 fr=305.45 cc=226.20 raw=226.20 lead=+92.88 | pcr=331.920 head_rel=331.92 lag_ewma=9.90 | q=on Justin Fields forces the / incompletion. Nice pass rush /
21:19:28.210 CUE cx=[327.89..329.03] adv=1.13 el=0.02 fresh | off=-8.81 fr=305.45 cc=226.20 raw=226.20 lead=+94.02 | pcr=331.920 head_rel=331.92 lag_ewma=9.90 | q=incompletion. Nice pass rush / move to get free. Another thr
21:19:28.311 ANCHOR pend_end=329.03 L=7.45 pinL=2.89 target=0.00 off=-8.81
21:19:28.312 REBASE why=anchor-snap shift=+8.81 off=0.00
21:19:28.312 CLOCK integ raw=226.20 prev=226.20 new=226.33 d=+0.127 fr=305.45 dt=0.127 rate=1.00 paused=False backlog=105.72 edge=332.05 div=0.00
21:19:28.414 CLOCK fold raw=226.48 prev=226.33 new=226.48 d=+0.157 fr=305.45 dt=0.101 rate=1.00 paused=False backlog=105.67 edge=332.15 div=0.00
21:19:28.516 CLOCK integ raw=226.48 prev=226.48 new=226.59 d=+0.102 fr=305.88 dt=0.102 rate=1.00 paused=False backlog=105.67 edge=332.25 div=0.00
21:19:28.618 CLOCK integ raw=226.48 prev=226.59 new=226.69 d=+0.102 fr=305.88 dt=0.102 rate=1.00 paused=False backlog=105.67 edge=332.35 div=0.00
21:19:28.720 CLOCK fold raw=226.76 prev=226.69 new=226.76 d=+0.076 fr=305.88 dt=0.101 rate=1.00 paused=False backlog=105.69 edge=332.45 div=0.00
21:19:28.821 CLOCK integ raw=226.76 prev=226.76 new=226.86 d=+0.102 fr=305.88 dt=0.102 rate=1.00 paused=False backlog=105.69 edge=332.56 div=0.00
21:19:28.925 CLOCK integ raw=226.76 prev=226.86 new=226.97 d=+0.102 fr=305.88 dt=0.102 rate=1.00 paused=False backlog=105.37 edge=332.34 div=0.00
21:19:29.026 CLOCK fold raw=227.04 prev=226.97 new=227.04 d=+0.076 fr=305.88 dt=0.102 rate=1.00 paused=False backlog=105.40 edge=332.44 div=0.00
21:19:29.127 CLOCK integ raw=227.04 prev=227.04 new=227.14 d=+0.101 fr=305.88 dt=0.101 rate=1.00 paused=False backlog=105.40 edge=332.54 div=0.00
21:19:29.331 CLOCK fold raw=227.32 prev=227.14 new=227.32 d=+0.179 fr=305.88 dt=0.204 rate=1.00 paused=False backlog=105.42 edge=332.75 div=0.00
21:19:29.433 CLOCK integ raw=227.32 prev=227.32 new=227.42 d=+0.102 fr=305.88 dt=0.102 rate=1.00 paused=False backlog=105.42 edge=332.85 div=0.00
21:19:29.535 CLOCK fold raw=227.61 prev=227.42 new=227.61 d=+0.181 fr=305.88 dt=0.102 rate=1.00 paused=False backlog=105.35 edge=332.95 div=0.00
21:19:29.637 CLOCK integ raw=227.61 prev=227.61 new=227.71 d=+0.102 fr=305.88 dt=0.102 rate=1.00 paused=False backlog=105.35 edge=333.05 div=0.00
21:19:29.738 CLOCK integ raw=227.61 prev=227.71 new=227.81 d=+0.101 fr=305.88 dt=0.101 rate=1.00 paused=False backlog=105.35 edge=333.15 div=0.00
21:19:29.841 CLOCK fold raw=227.89 prev=227.81 new=227.89 d=+0.078 fr=305.88 dt=0.103 rate=1.00 paused=False backlog=105.37 edge=333.26 div=0.00
21:19:29.943 CLOCK integ raw=227.89 prev=227.89 new=227.99 d=+0.102 fr=305.88 dt=0.102 rate=1.00 paused=False backlog=105.37 edge=333.36 div=0.00
21:19:30.044 CLOCK integ raw=227.89 prev=227.99 new=228.09 d=+0.102 fr=305.88 dt=0.102 rate=1.00 paused=False backlog=105.37 edge=333.46 div=0.00
21:19:30.146 CLOCK fold raw=228.17 prev=228.09 new=228.17 d=+0.077 fr=305.88 dt=0.101 rate=1.00 paused=False backlog=105.40 edge=333.56 div=0.00
21:19:30.248 CLOCK integ raw=228.17 prev=228.17 new=228.27 d=+0.103 fr=305.88 dt=0.103 rate=1.00 paused=False backlog=105.40 edge=333.66 div=0.00
21:19:30.350 CLOCK integ raw=228.17 prev=228.27 new=228.37 d=+0.101 fr=305.88 dt=0.101 rate=1.00 paused=False backlog=105.40 edge=333.77 div=0.00
21:19:30.451 CLOCK fold raw=228.45 prev=228.37 new=228.45 d=+0.078 fr=305.88 dt=0.101 rate=1.00 paused=False backlog=105.42 edge=333.87 div=0.00
21:19:30.552 CLOCK integ raw=228.45 prev=228.45 new=228.55 d=+0.102 fr=305.88 dt=0.102 rate=1.00 paused=False backlog=105.42 edge=333.97 div=0.00
21:19:30.653 CLOCK fold raw=228.73 prev=228.55 new=228.73 d=+0.180 fr=305.88 dt=0.101 rate=1.00 paused=False backlog=105.34 edge=334.07 div=0.00
21:19:30.756 TICK fr=305.88 cc=228.73 raw=228.73 vid=228.45 playing=1 started=1 stall=0 | d_fr_cc=+77.15 d_fr_raw=+77.15 d_cc_raw=+0.00 | off=0.00 ccx_end=329.03 since_show=0.1 since_cue=2.5 | pcr=331.920 pid=100 head_rel=331.92 ccx_lag=2.89 | credit=305.9 capped=0.0 | fsize=150671284 feed=150671284 feed_behind=0 | backlog=105.34 edge=334.07 div=0.00 lag_ewma=7.45
21:19:30.857 CLOCK integ raw=228.73 prev=228.73 new=228.93 d=+0.203 fr=305.88 dt=0.203 rate=1.00 paused=False backlog=105.34 edge=334.27 div=0.00
21:19:30.959 CLOCK fold raw=229.01 prev=228.93 new=229.01 d=+0.078 fr=305.88 dt=0.102 rate=1.00 paused=False backlog=104.19 edge=333.20 div=0.00
21:19:31.060 CLOCK integ raw=229.01 prev=229.01 new=229.11 d=+0.101 fr=305.88 dt=0.101 rate=1.00 paused=False backlog=104.19 edge=333.30 div=0.00
21:19:31.161 CLOCK integ raw=229.01 prev=229.11 new=229.21 d=+0.101 fr=305.88 dt=0.101 rate=1.00 paused=False backlog=104.19 edge=333.40 div=0.00
21:19:31.263 CLOCK fold raw=229.29 prev=229.21 new=229.29 d=+0.076 fr=305.88 dt=0.101 rate=1.00 paused=False backlog=104.21 edge=333.50 div=0.00
21:19:31.365 CLOCK integ raw=229.29 prev=229.29 new=229.39 d=+0.102 fr=305.88 dt=0.102 rate=1.00 paused=False backlog=104.21 edge=333.60 div=0.00
21:19:31.466 CLOCK integ raw=229.29 prev=229.39 new=229.49 d=+0.101 fr=305.88 dt=0.101 rate=1.00 paused=False backlog=104.21 edge=333.71 div=0.00
21:19:31.568 CLOCK fold raw=229.57 prev=229.49 new=229.57 d=+0.077 fr=305.88 dt=0.103 rate=1.00 paused=False backlog=104.24 edge=333.81 div=0.00
21:19:31.670 CLOCK integ raw=229.57 prev=229.57 new=229.67 d=+0.101 fr=305.88 dt=0.101 rate=1.00 paused=False backlog=104.24 edge=333.91 div=0.00
21:19:31.772 CLOCK fold raw=229.85 prev=229.67 new=229.85 d=+0.182 fr=305.88 dt=0.102 rate=1.00 paused=False backlog=104.16 edge=334.01 div=0.00
21:19:31.873 CLOCK integ raw=229.85 prev=229.85 new=229.96 d=+0.101 fr=305.88 dt=0.101 rate=1.00 paused=False backlog=104.16 edge=334.11 div=0.00
21:19:31.974 CLOCK integ raw=229.85 prev=229.96 new=230.06 d=+0.101 fr=305.88 dt=0.101 rate=1.00 paused=False backlog=104.16 edge=334.21 div=0.00
21:19:32.175 CLOCK fold raw=230.13 prev=230.06 new=230.13 d=+0.076 fr=305.88 dt=0.202 rate=1.00 paused=False backlog=104.28 edge=334.42 div=0.00
21:19:32.277 CLOCK integ raw=230.13 prev=230.13 new=230.23 d=+0.102 fr=305.88 dt=0.102 rate=1.00 paused=False backlog=104.28 edge=334.52 div=0.00
21:19:32.379 CLOCK fold raw=230.41 prev=230.23 new=230.41 d=+0.181 fr=305.88 dt=0.102 rate=1.00 paused=False backlog=104.20 edge=334.62 div=0.00
21:19:32.481 CLOCK integ raw=230.41 prev=230.41 new=230.52 d=+0.101 fr=305.88 dt=0.101 rate=1.00 paused=False backlog=104.20 edge=334.72 div=0.00
21:19:32.582 CLOCK integ raw=230.41 prev=230.52 new=230.62 d=+0.102 fr=305.88 dt=0.102 rate=1.00 paused=False backlog=104.20 edge=334.82 div=0.00
21:19:32.684 CLOCK fold raw=230.70 prev=230.62 new=230.70 d=+0.079 fr=305.88 dt=0.102 rate=1.00 paused=False backlog=104.23 edge=334.92 div=0.00
21:19:32.786 CLOCK integ raw=230.70 prev=230.70 new=230.80 d=+0.101 fr=305.88 dt=0.101 rate=1.00 paused=False backlog=104.23 edge=335.03 div=0.00
21:19:32.887 EDGESNAP err=-3.11 edge->331.92
21:19:32.889 CLOCK fold raw=230.98 prev=230.80 new=230.98 d=+0.180 fr=305.88 dt=0.103 rate=1.00 paused=False backlog=101.05 edge=332.02 div=0.00
21:19:32.991 CLOCK integ raw=230.98 prev=230.98 new=231.08 d=+0.102 fr=310.36 dt=0.102 rate=1.00 paused=False backlog=101.05 edge=332.13 div=0.00
21:19:33.092 CLOCK integ raw=230.98 prev=231.08 new=231.18 d=+0.101 fr=310.36 dt=0.101 rate=1.00 paused=False backlog=101.05 edge=332.23 div=0.00
21:19:33.193 CLOCK fold raw=231.26 prev=231.18 new=231.26 d=+0.078 fr=310.36 dt=0.101 rate=1.00 paused=False backlog=101.07 edge=332.33 div=0.00
21:19:33.296 CUE cx=[329.03..331.26] adv=2.24 el=5.09 fresh | off=0.00 fr=310.36 cc=231.26 raw=231.26 lead=+100.00 | pcr=333.887 head_rel=333.89 lag_ewma=7.45 | q=move to get free. Another three / and out for the Chiefs. Go
21:19:33.296 CUE cx=[331.26..332.66] adv=1.40 el=0.00 fresh | off=0.00 fr=310.36 cc=231.26 raw=231.26 lead=+101.41 | pcr=333.887 head_rel=333.89 lag_ewma=7.45 | q=and out for the Chiefs. Go to / the next Bucs possession. St
21:19:33.297 ANCHOR pend_end=332.66 L=5.27 pinL=1.22 target=-0.39 off=0.00
21:19:33.297 CLOCK integ raw=231.26 prev=231.26 new=231.36 d=+0.104 fr=310.36 dt=0.104 rate=1.00 paused=False backlog=102.24 edge=333.60 div=0.00
21:19:33.398 CLOCK integ raw=231.26 prev=231.36 new=231.46 d=+0.101 fr=310.76 dt=0.101 rate=1.00 paused=False backlog=102.24 edge=333.70 div=0.00
21:19:33.501 CLOCK fold raw=231.54 prev=231.46 new=231.54 d=+0.074 fr=310.76 dt=0.103 rate=1.00 paused=False backlog=102.27 edge=333.80 div=0.00
21:19:33.703 CLOCK integ raw=231.54 prev=231.54 new=231.74 d=+0.202 fr=310.76 dt=0.202 rate=1.00 paused=False backlog=102.27 edge=334.01 div=0.00
21:19:33.805 CLOCK fold raw=231.82 prev=231.74 new=231.82 d=+0.080 fr=310.76 dt=0.102 rate=1.00 paused=False backlog=102.29 edge=334.11 div=0.00
21:19:33.906 CLOCK integ raw=231.82 prev=231.82 new=231.92 d=+0.102 fr=310.76 dt=0.102 rate=1.00 paused=False backlog=102.29 edge=334.21 div=0.00
21:19:34.007 CLOCK integ raw=231.82 prev=231.92 new=232.02 d=+0.101 fr=310.76 dt=0.101 rate=1.00 paused=False backlog=102.29 edge=334.31 div=0.00
21:19:34.109 CLOCK fold raw=232.10 prev=232.02 new=232.10 d=+0.079 fr=310.76 dt=0.101 rate=1.00 paused=False backlog=102.31 edge=334.41 div=0.00
21:19:34.210 CLOCK integ raw=232.10 prev=232.10 new=232.20 d=+0.102 fr=310.76 dt=0.102 rate=1.00 paused=False backlog=102.31 edge=334.51 div=0.00
21:19:34.314 CLOCK fold raw=232.38 prev=232.20 new=232.38 d=+0.178 fr=310.76 dt=0.103 rate=1.00 paused=False backlog=102.24 edge=334.62 div=0.00
21:19:34.415 CLOCK integ raw=232.38 prev=232.38 new=232.48 d=+0.101 fr=310.76 dt=0.101 rate=1.00 paused=False backlog=102.24 edge=334.72 div=0.00
21:19:34.516 CLOCK integ raw=232.38 prev=232.48 new=232.58 d=+0.101 fr=310.76 dt=0.101 rate=1.00 paused=False backlog=102.24 edge=334.82 div=0.00
21:19:34.618 CLOCK fold raw=232.66 prev=232.58 new=232.66 d=+0.079 fr=310.76 dt=0.102 rate=1.00 paused=False backlog=102.26 edge=334.92 div=0.00
21:19:34.720 CLOCK integ raw=232.66 prev=232.66 new=232.77 d=+0.102 fr=310.76 dt=0.102 rate=1.00 paused=False backlog=102.26 edge=335.02 div=0.00
21:19:34.824 CLOCK integ raw=232.66 prev=232.77 new=232.87 d=+0.104 fr=310.76 dt=0.104 rate=1.00 paused=False backlog=101.69 edge=334.56 div=0.00
21:19:34.926 CLOCK fold raw=232.94 prev=232.87 new=232.94 d=+0.076 fr=310.76 dt=0.101 rate=1.00 paused=False backlog=101.71 edge=334.66 div=0.00
21:19:35.027 CLOCK integ raw=232.94 prev=232.94 new=233.05 d=+0.102 fr=310.76 dt=0.102 rate=1.00 paused=False backlog=101.71 edge=334.76 div=0.00
21:19:35.230 CLOCK fold raw=233.23 prev=233.05 new=233.23 d=+0.179 fr=310.76 dt=0.203 rate=1.00 paused=False backlog=101.74 edge=334.96 div=0.00
21:19:35.331 CLOCK integ raw=233.23 prev=233.23 new=233.33 d=+0.101 fr=310.76 dt=0.101 rate=1.00 paused=False backlog=101.74 edge=335.07 div=0.00
21:19:35.433 CLOCK fold raw=233.51 prev=233.33 new=233.51 d=+0.183 fr=310.76 dt=0.101 rate=1.00 paused=False backlog=101.66 edge=335.17 div=0.00
21:19:35.534 CLOCK integ raw=233.51 prev=233.51 new=233.61 d=+0.101 fr=310.76 dt=0.101 rate=1.00 paused=False backlog=101.66 edge=335.27 div=0.00
21:19:35.636 CLOCK integ raw=233.51 prev=233.61 new=233.71 d=+0.102 fr=310.76 dt=0.102 rate=1.00 paused=False backlog=101.66 edge=335.37 div=0.00
21:19:35.738 TICK fr=310.76 cc=233.71 raw=233.79 vid=233.51 playing=1 started=1 stall=0 | d_fr_cc=+77.05 d_fr_raw=+76.97 d_cc_raw=-0.08 | off=-0.19 ccx_end=332.66 since_show=0.1 since_cue=2.4 | pcr=333.887 pid=100 head_rel=333.89 ccx_lag=1.22 | credit=310.8 capped=0.0 | fsize=151713744 feed=151713744 feed_behind=0 | backlog=101.66 edge=335.37 div=0.00 lag_ewma=5.27
21:19:35.738 CLOCK fold raw=233.79 prev=233.71 new=233.79 d=+0.079 fr=310.76 dt=0.103 rate=1.00 paused=False backlog=101.68 edge=335.47 div=0.00
21:19:35.840 CLOCK integ raw=233.79 prev=233.79 new=233.89 d=+0.102 fr=310.76 dt=0.102 rate=1.00 paused=False backlog=101.68 edge=335.57 div=0.00
21:19:35.942 CLOCK integ raw=233.79 prev=233.89 new=234.00 d=+0.101 fr=310.76 dt=0.101 rate=1.00 paused=False backlog=101.68 edge=335.68 div=0.00
21:19:36.043 CLOCK fold raw=234.07 prev=234.00 new=234.07 d=+0.080 fr=310.76 dt=0.101 rate=1.00 paused=False backlog=101.70 edge=335.78 div=0.00
21:19:36.144 CLOCK integ raw=234.07 prev=234.07 new=234.18 d=+0.101 fr=310.76 dt=0.101 rate=1.00 paused=False backlog=101.70 edge=335.88 div=0.00
21:19:36.246 CLOCK integ raw=234.07 prev=234.18 new=234.28 d=+0.101 fr=310.76 dt=0.101 rate=1.00 paused=False backlog=101.70 edge=335.98 div=0.00
21:19:36.348 CLOCK fold raw=234.35 prev=234.28 new=234.35 d=+0.076 fr=310.76 dt=0.101 rate=1.00 paused=False backlog=101.73 edge=336.08 div=0.00
21:19:36.449 CLOCK integ raw=234.35 prev=234.35 new=234.46 d=+0.101 fr=310.76 dt=0.101 rate=1.00 paused=False backlog=101.73 edge=336.18 div=0.00
21:19:36.650 CLOCK fold raw=234.64 prev=234.46 new=234.64 d=+0.181 fr=310.76 dt=0.202 rate=1.00 paused=False backlog=101.75 edge=336.39 div=0.00
21:19:36.752 CLOCK integ raw=234.64 prev=234.64 new=234.74 d=+0.101 fr=310.76 dt=0.101 rate=1.00 paused=False backlog=101.75 edge=336.49 div=0.00
21:19:36.853 CLOCK fold raw=234.91 prev=234.74 new=234.91 d=+0.177 fr=310.76 dt=0.101 rate=1.00 paused=False backlog=101.67 edge=336.59 div=0.00
21:19:36.854 EDGESNAP err=-2.70 edge->333.89
21:19:36.955 CLOCK integ raw=234.91 prev=234.91 new=235.02 d=+0.102 fr=310.76 dt=0.102 rate=1.00 paused=False backlog=98.97 edge=333.99 div=0.00
21:19:37.056 CLOCK integ raw=234.91 prev=235.02 new=235.12 d=+0.101 fr=314.42 dt=0.101 rate=1.00 paused=False backlog=98.97 edge=334.09 div=0.00
21:19:37.158 CLOCK fold raw=235.20 prev=235.12 new=235.20 d=+0.079 fr=314.42 dt=0.102 rate=1.00 paused=False backlog=99.00 edge=334.19 div=0.00
21:19:37.292 EDGESNAP err=+7.28 edge->341.48
21:19:37.292 CUE cx=[332.67..334.47] adv=1.80 el=3.96 fresh | off=-0.19 fr=314.42 cc=235.20 raw=235.20 lead=+99.08 | pcr=341.476 head_rel=341.48 lag_ewma=12.55 | q=the next Bucs possession. Still / no score. Third and 11. Ba
21:19:37.293 CUE cx=[334.47..336.60] adv=2.14 el=0.03 fresh | off=-0.19 fr=314.42 cc=235.20 raw=235.20 lead=+101.21 | pcr=341.476 head_rel=341.48 lag_ewma=12.55 | q=no score. Third and 11. Baker / Mayfield nearly has that pic
21:19:37.293 CUE cx=[336.60..338.37] adv=1.77 el=0.00 fresh | off=-0.19 fr=314.42 cc=235.20 raw=235.20 lead=+102.98 | pcr=341.476 head_rel=341.48 lag_ewma=12.55 | q=Mayfield nearly has that picked / off by a fellow Oklahoma s
21:19:37.293 ANCHOR pend_end=338.37 L=9.24 pinL=3.11 target=0.00 off=-0.19
21:19:37.294 CLOCK integ raw=235.20 prev=235.20 new=235.33 d=+0.134 fr=314.42 dt=0.134 rate=1.00 paused=False backlog=106.28 edge=341.61 div=0.00
21:19:37.394 CLOCK fold raw=235.48 prev=235.33 new=235.48 d=+0.146 fr=314.42 dt=0.102 rate=1.00 paused=False backlog=106.24 edge=341.71 div=0.00
21:19:37.497 CLOCK integ raw=235.48 prev=235.48 new=235.58 d=+0.101 fr=314.86 dt=0.101 rate=1.00 paused=False backlog=106.24 edge=341.81 div=0.00
21:19:37.497 CUE cx=[338.37..340.17] adv=1.80 el=0.20 fresh | off=-0.10 fr=314.86 cc=235.58 raw=235.48 lead=+104.50 | pcr=341.476 head_rel=341.48 lag_ewma=9.24 | q=off by a fellow Oklahoma sooner. / The second round pick roo
21:19:37.598 ANCHOR pend_end=340.17 L=6.47 pinL=1.30 target=0.17 off=-0.10
21:19:37.598 CLOCK integ raw=235.48 prev=235.58 new=235.68 d=+0.103 fr=314.86 dt=0.103 rate=1.00 paused=False backlog=106.07 edge=341.75 div=0.00
21:19:37.699 CLOCK fold raw=235.76 prev=235.68 new=235.76 d=+0.077 fr=314.86 dt=0.101 rate=1.00 paused=False backlog=106.09 edge=341.85 div=0.00
21:19:37.800 CLOCK integ raw=235.76 prev=235.76 new=235.86 d=+0.101 fr=314.86 dt=0.101 rate=1.00 paused=False backlog=106.09 edge=341.95 div=0.00
21:19:37.901 CLOCK integ raw=235.76 prev=235.86 new=235.96 d=+0.102 fr=314.86 dt=0.102 rate=1.00 paused=False backlog=106.09 edge=342.05 div=0.00
21:19:38.003 CLOCK fold raw=236.04 prev=235.96 new=236.04 d=+0.077 fr=314.86 dt=0.102 rate=1.00 paused=False backlog=106.11 edge=342.15 div=0.00
21:19:38.104 CLOCK integ raw=236.04 prev=236.04 new=236.14 d=+0.101 fr=314.86 dt=0.101 rate=1.00 paused=False backlog=106.11 edge=342.25 div=0.00
21:19:38.205 CLOCK integ raw=236.04 prev=236.14 new=236.24 d=+0.101 fr=314.86 dt=0.101 rate=1.00 paused=False backlog=106.11 edge=342.35 div=0.00
21:19:38.407 CLOCK fold raw=236.32 prev=236.24 new=236.32 d=+0.079 fr=314.86 dt=0.202 rate=1.00 paused=False backlog=106.24 edge=342.56 div=0.00
21:19:38.508 CLOCK fold raw=236.60 prev=236.32 new=236.60 d=+0.281 fr=314.86 dt=0.101 rate=1.00 paused=False backlog=106.06 edge=342.66 div=0.00
21:19:38.610 CLOCK integ raw=236.60 prev=236.60 new=236.70 d=+0.101 fr=314.86 dt=0.101 rate=1.00 paused=False backlog=106.06 edge=342.76 div=0.00
21:19:38.711 CLOCK integ raw=236.60 prev=236.70 new=236.80 d=+0.101 fr=314.86 dt=0.101 rate=1.00 paused=False backlog=106.06 edge=342.86 div=0.00
21:19:38.813 CLOCK fold raw=236.88 prev=236.80 new=236.88 d=+0.080 fr=314.86 dt=0.102 rate=1.00 paused=False backlog=106.08 edge=342.96 div=0.00
21:19:38.915 CLOCK integ raw=236.88 prev=236.88 new=236.98 d=+0.102 fr=314.86 dt=0.102 rate=1.00 paused=False backlog=105.76 edge=342.74 div=0.00
21:19:39.017 CLOCK integ raw=236.88 prev=236.98 new=237.09 d=+0.102 fr=314.86 dt=0.102 rate=1.00 paused=False backlog=105.76 edge=342.84 div=0.00
21:19:39.119 CLOCK fold raw=237.16 prev=237.09 new=237.16 d=+0.076 fr=314.86 dt=0.102 rate=1.00 paused=False backlog=105.78 edge=342.95 div=0.00
21:19:39.221 CLOCK integ raw=237.16 prev=237.16 new=237.26 d=+0.102 fr=314.86 dt=0.102 rate=1.00 paused=False backlog=105.78 edge=343.05 div=0.00
21:19:39.323 CLOCK integ raw=237.16 prev=237.26 new=237.37 d=+0.102 fr=314.86 dt=0.102 rate=1.00 paused=False backlog=105.78 edge=343.15 div=0.00
21:19:39.424 CLOCK fold raw=237.44 prev=237.37 new=237.44 d=+0.076 fr=314.86 dt=0.101 rate=1.00 paused=False backlog=105.81 edge=343.25 div=0.00
21:19:39.525 CLOCK integ raw=237.44 prev=237.44 new=237.54 d=+0.101 fr=314.86 dt=0.101 rate=1.00 paused=False backlog=105.81 edge=343.35 div=0.00
21:19:39.627 CLOCK integ raw=237.44 prev=237.54 new=237.65 d=+0.102 fr=314.86 dt=0.102 rate=1.00 paused=False backlog=105.81 edge=343.45 div=0.00
21:19:39.728 CLOCK fold raw=237.72 prev=237.65 new=237.72 d=+0.078 fr=314.86 dt=0.101 rate=1.00 paused=False backlog=105.83 edge=343.56 div=0.00
21:19:39.930 CLOCK fold raw=238.00 prev=237.72 new=238.00 d=+0.281 fr=314.86 dt=0.202 rate=1.00 paused=False backlog=105.75 edge=343.76 div=0.00
21:19:40.032 CLOCK integ raw=238.00 prev=238.00 new=238.11 d=+0.102 fr=314.86 dt=0.102 rate=1.00 paused=False backlog=105.75 edge=343.86 div=0.00
21:19:40.133 CLOCK integ raw=238.00 prev=238.11 new=238.21 d=+0.101 fr=314.86 dt=0.101 rate=1.00 paused=False backlog=105.75 edge=343.96 div=0.00
21:19:40.234 CLOCK fold raw=238.28 prev=238.21 new=238.28 d=+0.078 fr=314.86 dt=0.101 rate=1.00 paused=False backlog=105.78 edge=344.06 div=0.00
21:19:40.337 CLOCK integ raw=238.28 prev=238.28 new=238.39 d=+0.102 fr=314.86 dt=0.102 rate=1.00 paused=False backlog=105.78 edge=344.16 div=0.00
21:19:40.438 CLOCK integ raw=238.28 prev=238.39 new=238.49 d=+0.101 fr=314.86 dt=0.101 rate=1.00 paused=False backlog=105.78 edge=344.26 div=0.00
21:19:40.539 CLOCK fold raw=238.57 prev=238.49 new=238.57 d=+0.078 fr=314.86 dt=0.101 rate=1.00 paused=False backlog=105.80 edge=344.37 div=0.00
21:19:40.640 CLOCK integ raw=238.57 prev=238.57 new=238.67 d=+0.101 fr=314.86 dt=0.101 rate=1.00 paused=False backlog=105.80 edge=344.47 div=0.00
21:19:40.742 TICK fr=314.86 cc=238.67 raw=238.57 vid=238.57 playing=1 started=1 stall=0 | d_fr_cc=+76.20 d_fr_raw=+76.30 d_cc_raw=+0.10 | off=0.04 ccx_end=340.17 since_show=0.1 since_cue=3.2 | pcr=342.320 pid=100 head_rel=342.32 ccx_lag=2.15 | credit=314.9 capped=0.0 | fsize=155652156 feed=155652156 feed_behind=0 | backlog=105.80 edge=344.47 div=0.00 lag_ewma=6.47
21:19:40.742 CLOCK integ raw=238.57 prev=238.67 new=238.77 d=+0.102 fr=314.86 dt=0.102 rate=1.00 paused=False backlog=105.80 edge=344.57 div=0.00
21:19:40.845 CLOCK fold raw=238.85 prev=238.77 new=238.85 d=+0.081 fr=314.86 dt=0.103 rate=1.00 paused=False backlog=104.70 edge=343.55 div=0.00
21:19:40.946 CLOCK integ raw=238.85 prev=238.85 new=238.95 d=+0.101 fr=314.86 dt=0.101 rate=1.00 paused=False backlog=104.70 edge=343.65 div=0.00
21:19:41.048 CLOCK fold raw=239.13 prev=238.95 new=239.13 d=+0.175 fr=314.86 dt=0.102 rate=1.00 paused=False backlog=104.62 edge=343.75 div=0.00
21:19:41.250 CLOCK integ raw=239.13 prev=239.13 new=239.33 d=+0.202 fr=314.86 dt=0.202 rate=1.00 paused=False backlog=104.62 edge=343.95 div=0.00
21:19:41.351 CLOCK fold raw=239.41 prev=239.33 new=239.41 d=+0.079 fr=314.86 dt=0.101 rate=1.00 paused=False backlog=104.65 edge=344.05 div=0.00
21:19:41.452 CLOCK integ raw=239.41 prev=239.41 new=239.51 d=+0.101 fr=314.86 dt=0.101 rate=1.00 paused=False backlog=104.65 edge=344.15 div=0.00
21:19:41.553 CLOCK integ raw=239.41 prev=239.51 new=239.61 d=+0.101 fr=314.86 dt=0.101 rate=1.00 paused=False backlog=104.65 edge=344.26 div=0.00
21:19:41.655 CLOCK fold raw=239.69 prev=239.61 new=239.69 d=+0.080 fr=314.86 dt=0.102 rate=1.00 paused=False backlog=104.67 edge=344.36 div=0.00
21:19:41.756 CLOCK integ raw=239.69 prev=239.69 new=239.79 d=+0.101 fr=314.86 dt=0.101 rate=1.00 paused=False backlog=104.67 edge=344.46 div=0.00
21:19:41.858 CLOCK integ raw=239.69 prev=239.79 new=239.89 d=+0.101 fr=314.86 dt=0.101 rate=1.00 paused=False backlog=104.67 edge=344.56 div=0.00
21:19:41.959 CLOCK fold raw=239.97 prev=239.89 new=239.97 d=+0.078 fr=314.86 dt=0.102 rate=1.00 paused=False backlog=104.69 edge=344.66 div=0.00
21:19:42.061 CLOCK integ raw=239.97 prev=239.97 new=240.07 d=+0.102 fr=314.86 dt=0.102 rate=1.00 paused=False backlog=104.69 edge=344.76 div=0.00
21:19:42.162 CLOCK fold raw=240.25 prev=240.07 new=240.25 d=+0.180 fr=314.86 dt=0.101 rate=1.00 paused=False backlog=104.61 edge=344.86 div=0.00
21:19:42.264 CLOCK integ raw=240.25 prev=240.25 new=240.35 d=+0.102 fr=314.86 dt=0.102 rate=1.00 paused=False backlog=104.61 edge=344.97 div=0.00
21:19:42.366 CLOCK integ raw=240.25 prev=240.35 new=240.46 d=+0.103 fr=314.86 dt=0.103 rate=1.00 paused=False backlog=104.61 edge=345.07 div=0.00
21:19:42.568 CLOCK fold raw=240.53 prev=240.46 new=240.53 d=+0.079 fr=314.86 dt=0.202 rate=1.00 paused=False backlog=104.74 edge=345.27 div=0.00
21:19:42.669 CLOCK integ raw=240.53 prev=240.53 new=240.64 d=+0.101 fr=314.86 dt=0.101 rate=1.00 paused=False backlog=104.74 edge=345.37 div=0.00
21:19:42.770 CLOCK fold raw=240.82 prev=240.64 new=240.82 d=+0.181 fr=314.86 dt=0.101 rate=1.00 paused=False backlog=104.66 edge=345.47 div=0.00
21:19:42.872 CLOCK integ raw=240.82 prev=240.82 new=240.92 d=+0.101 fr=314.86 dt=0.101 rate=1.00 paused=False backlog=104.66 edge=345.57 div=0.00
21:19:42.874 EDGESNAP err=-3.25 edge->342.32
21:19:42.975 CLOCK integ raw=240.82 prev=240.92 new=241.02 d=+0.103 fr=314.86 dt=0.103 rate=1.00 paused=False backlog=101.40 edge=342.42 div=0.00
21:19:43.077 CLOCK fold raw=241.09 prev=241.02 new=241.09 d=+0.073 fr=314.86 dt=0.102 rate=1.00 paused=False backlog=101.43 edge=342.52 div=0.00
21:19:43.178 CLOCK integ raw=241.09 prev=241.09 new=241.20 d=+0.101 fr=314.86 dt=0.101 rate=1.00 paused=False backlog=101.43 edge=342.63 div=0.00
21:19:43.280 CLOCK integ raw=241.09 prev=241.20 new=241.30 d=+0.102 fr=314.86 dt=0.102 rate=1.00 paused=False backlog=101.43 edge=342.73 div=0.00
21:19:43.381 CLOCK fold raw=241.38 prev=241.30 new=241.38 d=+0.079 fr=314.86 dt=0.101 rate=1.00 paused=False backlog=101.45 edge=342.83 div=0.00
21:19:43.482 CLOCK integ raw=241.38 prev=241.38 new=241.48 d=+0.101 fr=314.86 dt=0.101 rate=1.00 paused=False backlog=101.45 edge=342.93 div=0.00
21:19:43.583 CLOCK fold raw=241.66 prev=241.48 new=241.66 d=+0.179 fr=314.86 dt=0.101 rate=1.00 paused=False backlog=101.37 edge=343.03 div=0.00
21:19:43.685 CLOCK integ raw=241.66 prev=241.66 new=241.76 d=+0.102 fr=314.86 dt=0.102 rate=1.00 paused=False backlog=101.37 edge=343.13 div=0.00
21:19:43.786 CLOCK integ raw=241.66 prev=241.76 new=241.86 d=+0.101 fr=314.86 dt=0.101 rate=1.00 paused=False backlog=101.37 edge=343.23 div=0.00
21:19:43.887 CLOCK fold raw=241.94 prev=241.86 new=241.94 d=+0.080 fr=314.86 dt=0.101 rate=1.00 paused=False backlog=101.40 edge=343.33 div=0.00
21:19:44.013 CUE cx=[340.17..342.34] adv=2.17 el=6.49 fresh | off=0.04 fr=321.36 cc=241.94 raw=241.94 lead=+100.44 | pcr=344.075 head_rel=344.07 lag_ewma=6.47 | q=The second round pick rookie R / Mason Thomas makes a nice p
21:19:44.014 ANCHOR pend_end=342.34 L=4.81 pinL=1.73 target=-0.37 off=0.04
21:19:44.014 CLOCK integ raw=241.94 prev=241.94 new=242.07 d=+0.127 fr=321.36 dt=0.127 rate=1.00 paused=False backlog=101.77 edge=343.83 div=0.00
21:19:44.116 CLOCK integ raw=241.94 prev=242.07 new=242.17 d=+0.101 fr=321.36 dt=0.101 rate=1.00 paused=False backlog=101.77 edge=343.93 div=0.00
21:19:44.317 CLOCK fold raw=242.22 prev=242.17 new=242.22 d=+0.054 fr=321.36 dt=0.202 rate=1.00 paused=False backlog=101.91 edge=344.13 div=0.00
21:19:44.420 CLOCK fold raw=242.50 prev=242.22 new=242.50 d=+0.277 fr=321.69 dt=0.103 rate=1.00 paused=False backlog=101.74 edge=344.24 div=0.00
21:19:44.521 CLOCK integ raw=242.50 prev=242.50 new=242.60 d=+0.102 fr=321.69 dt=0.102 rate=1.00 paused=False backlog=101.74 edge=344.34 div=0.00
21:19:44.623 CLOCK integ raw=242.50 prev=242.60 new=242.70 d=+0.102 fr=321.69 dt=0.102 rate=1.00 paused=False backlog=101.74 edge=344.44 div=0.00
21:19:44.724 CLOCK fold raw=242.78 prev=242.70 new=242.78 d=+0.079 fr=321.69 dt=0.101 rate=1.00 paused=False backlog=101.76 edge=344.54 div=0.00
21:19:44.826 CLOCK integ raw=242.78 prev=242.78 new=242.88 d=+0.102 fr=321.69 dt=0.102 rate=1.00 paused=False backlog=101.76 edge=344.64 div=0.00
21:19:44.930 CLOCK integ raw=242.78 prev=242.88 new=242.99 d=+0.104 fr=321.69 dt=0.104 rate=1.00 paused=False backlog=102.00 edge=344.99 div=0.00
21:19:45.033 CLOCK fold raw=243.06 prev=242.99 new=243.06 d=+0.076 fr=321.69 dt=0.102 rate=1.00 paused=False backlog=102.03 edge=345.09 div=0.00
21:19:45.134 CLOCK integ raw=243.06 prev=243.06 new=243.16 d=+0.101 fr=321.69 dt=0.101 rate=1.00 paused=False backlog=102.03 edge=345.19 div=0.00
21:19:45.236 CLOCK integ raw=243.06 prev=243.16 new=243.27 d=+0.102 fr=321.69 dt=0.102 rate=1.00 paused=False backlog=102.03 edge=345.30 div=0.00
21:19:45.337 CLOCK fold raw=243.34 prev=243.27 new=243.34 d=+0.076 fr=321.69 dt=0.101 rate=1.00 paused=False backlog=102.05 edge=345.40 div=0.00
21:19:45.438 CLOCK integ raw=243.34 prev=243.34 new=243.44 d=+0.101 fr=321.69 dt=0.101 rate=1.00 paused=False backlog=102.05 edge=345.50 div=0.00
21:19:45.540 CLOCK fold raw=243.62 prev=243.44 new=243.62 d=+0.182 fr=321.69 dt=0.102 rate=1.00 paused=False backlog=101.97 edge=345.60 div=0.00
21:19:45.642 CLOCK integ raw=243.62 prev=243.62 new=243.73 d=+0.102 fr=321.69 dt=0.102 rate=1.00 paused=False backlog=101.97 edge=345.70 div=0.00
21:19:45.746 TICK fr=321.69 cc=243.73 raw=243.62 vid=243.62 playing=1 started=1 stall=0 | d_fr_cc=+77.96 d_fr_raw=+78.06 d_cc_raw=+0.10 | off=-0.17 ccx_end=342.34 since_show=0.1 since_cue=1.8 | pcr=345.129 pid=100 head_rel=345.13 ccx_lag=2.79 | credit=321.7 capped=0.0 | fsize=156886564 feed=156886564 feed_behind=0 | backlog=101.97 edge=345.70 div=0.00 lag_ewma=4.81
21:19:45.747 CLOCK integ raw=243.62 prev=243.73 new=243.83 d=+0.105 fr=321.69 dt=0.105 rate=1.00 paused=False backlog=101.97 edge=345.81 div=0.00
21:19:45.949 CLOCK fold raw=243.91 prev=243.83 new=243.91 d=+0.075 fr=321.69 dt=0.202 rate=1.00 paused=False backlog=102.10 edge=346.01 div=0.00
21:19:46.070 CUE cx=[342.34..344.58] adv=2.24 el=2.06 fresh | off=-0.17 fr=323.32 cc=243.91 raw=243.91 lead=+100.50 | pcr=348.078 head_rel=348.08 lag_ewma=4.81 | q=Mason Thomas makes a nice play. / Baker just two drives two 
21:19:46.070 CUE cx=[344.58..347.41] adv=2.84 el=0.02 fresh | off=-0.17 fr=323.32 cc=243.91 raw=243.91 lead=+103.34 | pcr=348.078 head_rel=348.08 lag_ewma=4.81 | q=Baker just two drives two for / ten yards. Maybe the story o
21:19:46.071 ANCHOR pend_end=347.41 L=3.36 pinL=0.67 target=-0.52 off=-0.17
21:19:46.071 CLOCK integ raw=243.91 prev=243.91 new=244.03 d=+0.123 fr=323.32 dt=0.123 rate=1.00 paused=False backlog=103.65 edge=347.68 div=0.00
21:19:46.273 CLOCK fold raw=244.19 prev=244.03 new=244.19 d=+0.156 fr=323.32 dt=0.201 rate=1.00 paused=False backlog=103.70 edge=347.88 div=0.00
21:19:46.375 CLOCK fold raw=244.47 prev=244.19 new=244.47 d=+0.281 fr=323.32 dt=0.103 rate=1.00 paused=False backlog=103.52 edge=347.99 div=0.00
21:19:46.477 CLOCK integ raw=244.47 prev=244.47 new=244.57 d=+0.101 fr=323.74 dt=0.101 rate=1.00 paused=False backlog=103.52 edge=348.09 div=0.00
21:19:46.578 CLOCK integ raw=244.47 prev=244.57 new=244.67 d=+0.101 fr=323.74 dt=0.101 rate=1.00 paused=False backlog=103.52 edge=348.19 div=0.00
21:19:46.679 CLOCK fold raw=244.75 prev=244.67 new=244.75 d=+0.083 fr=323.74 dt=0.101 rate=1.00 paused=False backlog=103.54 edge=348.29 div=0.00
21:19:46.780 CLOCK integ raw=244.75 prev=244.75 new=244.85 d=+0.101 fr=323.74 dt=0.101 rate=1.00 paused=False backlog=103.54 edge=348.39 div=0.00
21:19:46.882 CLOCK integ raw=244.75 prev=244.85 new=244.96 d=+0.103 fr=323.74 dt=0.103 rate=1.00 paused=False backlog=103.80 edge=348.76 div=0.00
21:19:46.984 CLOCK fold raw=245.03 prev=244.96 new=245.03 d=+0.074 fr=323.74 dt=0.101 rate=1.00 paused=False backlog=103.83 edge=348.86 div=0.00
21:19:47.085 CLOCK integ raw=245.03 prev=245.03 new=245.13 d=+0.101 fr=323.74 dt=0.101 rate=1.00 paused=False backlog=103.83 edge=348.96 div=0.00
21:19:47.188 CLOCK integ raw=245.03 prev=245.13 new=245.23 d=+0.102 fr=323.74 dt=0.102 rate=1.00 paused=False backlog=103.83 edge=349.06 div=0.00
21:19:47.289 CLOCK fold raw=245.32 prev=245.23 new=245.32 d=+0.083 fr=323.74 dt=0.102 rate=1.00 paused=False backlog=103.85 edge=349.17 div=0.00
21:19:47.390 CLOCK integ raw=245.32 prev=245.32 new=245.42 d=+0.101 fr=323.74 dt=0.101 rate=1.00 paused=False backlog=103.85 edge=349.27 div=0.00
21:19:47.491 CLOCK integ raw=245.32 prev=245.42 new=245.52 d=+0.101 fr=323.74 dt=0.101 rate=1.00 paused=False backlog=103.85 edge=349.37 div=0.00
21:19:47.694 CLOCK fold raw=245.60 prev=245.52 new=245.60 d=+0.079 fr=323.74 dt=0.203 rate=1.00 paused=False backlog=103.97 edge=349.57 div=0.00
21:19:47.796 CLOCK fold raw=245.88 prev=245.60 new=245.88 d=+0.279 fr=323.74 dt=0.102 rate=1.00 paused=False backlog=103.80 edge=349.67 div=0.00
21:19:47.897 CLOCK integ raw=245.88 prev=245.88 new=245.98 d=+0.101 fr=323.74 dt=0.101 rate=1.00 paused=False backlog=103.80 edge=349.77 div=0.00
21:19:47.998 CLOCK integ raw=245.88 prev=245.98 new=246.08 d=+0.101 fr=323.74 dt=0.101 rate=1.00 paused=False backlog=103.80 edge=349.88 div=0.00
21:19:48.100 CLOCK fold raw=246.16 prev=246.08 new=246.16 d=+0.081 fr=323.74 dt=0.101 rate=1.00 paused=False backlog=103.82 edge=349.98 div=0.00
21:19:48.201 CLOCK integ raw=246.16 prev=246.16 new=246.26 d=+0.101 fr=323.74 dt=0.101 rate=1.00 paused=False backlog=103.82 edge=350.08 div=0.00
21:19:48.302 CLOCK integ raw=246.16 prev=246.26 new=246.36 d=+0.101 fr=323.74 dt=0.101 rate=1.00 paused=False backlog=103.82 edge=350.18 div=0.00
21:19:48.404 CLOCK fold raw=246.44 prev=246.36 new=246.44 d=+0.078 fr=323.74 dt=0.102 rate=1.00 paused=False backlog=103.84 edge=350.28 div=0.00
21:19:48.506 CLOCK integ raw=246.44 prev=246.44 new=246.54 d=+0.102 fr=323.74 dt=0.102 rate=1.00 paused=False backlog=103.84 edge=350.38 div=0.00
21:19:48.608 CLOCK integ raw=246.44 prev=246.54 new=246.64 d=+0.102 fr=323.74 dt=0.102 rate=1.00 paused=False backlog=103.84 edge=350.48 div=0.00
21:19:48.709 CLOCK fold raw=246.72 prev=246.64 new=246.72 d=+0.072 fr=323.74 dt=0.101 rate=1.00 paused=False backlog=103.87 edge=350.59 div=0.00
21:19:48.913 CLOCK fold raw=247.00 prev=246.72 new=247.00 d=+0.287 fr=323.74 dt=0.203 rate=1.00 paused=False backlog=102.95 edge=349.96 div=0.00
21:19:49.013 CLOCK integ raw=247.00 prev=247.00 new=247.10 d=+0.102 fr=323.74 dt=0.102 rate=1.00 paused=False backlog=102.95 edge=350.06 div=0.00
21:19:49.114 CLOCK integ raw=247.00 prev=247.10 new=247.21 d=+0.101 fr=323.74 dt=0.101 rate=1.00 paused=False backlog=102.95 edge=350.16 div=0.00
21:19:49.215 CLOCK fold raw=247.28 prev=247.21 new=247.28 d=+0.074 fr=323.74 dt=0.101 rate=1.00 paused=False backlog=102.98 edge=350.26 div=0.00
21:19:49.316 CLOCK integ raw=247.28 prev=247.28 new=247.38 d=+0.101 fr=323.74 dt=0.101 rate=1.00 paused=False backlog=102.98 edge=350.36 div=0.00
21:19:49.418 CLOCK integ raw=247.28 prev=247.38 new=247.48 d=+0.102 fr=323.74 dt=0.102 rate=1.00 paused=False backlog=102.98 edge=350.46 div=0.00
21:19:49.519 CLOCK fold raw=247.56 prev=247.48 new=247.56 d=+0.082 fr=323.74 dt=0.101 rate=1.00 paused=False backlog=103.00 edge=350.56 div=0.00
21:19:49.621 CLOCK integ raw=247.56 prev=247.56 new=247.67 d=+0.102 fr=323.74 dt=0.102 rate=1.00 paused=False backlog=103.00 edge=350.67 div=0.00
21:19:49.723 CLOCK integ raw=247.56 prev=247.67 new=247.77 d=+0.101 fr=323.74 dt=0.101 rate=1.00 paused=False backlog=103.00 edge=350.77 div=0.00
21:19:49.823 CLOCK fold raw=247.84 prev=247.77 new=247.84 d=+0.074 fr=323.74 dt=0.101 rate=1.00 paused=False backlog=103.03 edge=350.87 div=0.00
21:19:49.925 CLOCK integ raw=247.84 prev=247.84 new=247.94 d=+0.101 fr=323.74 dt=0.101 rate=1.00 paused=False backlog=103.03 edge=350.97 div=0.00
21:19:50.027 CLOCK integ raw=247.84 prev=247.94 new=248.05 d=+0.102 fr=323.74 dt=0.102 rate=1.00 paused=False backlog=103.03 edge=351.07 div=0.00
21:19:50.128 CLOCK fold raw=248.12 prev=248.05 new=248.12 d=+0.078 fr=323.74 dt=0.101 rate=1.00 paused=False backlog=103.05 edge=351.17 div=0.00
21:19:50.330 CLOCK fold raw=248.41 prev=248.12 new=248.41 d=+0.282 fr=323.74 dt=0.202 rate=1.00 paused=False backlog=102.97 edge=351.38 div=0.00
21:19:50.432 CLOCK integ raw=248.41 prev=248.41 new=248.51 d=+0.101 fr=323.74 dt=0.101 rate=1.00 paused=False backlog=102.97 edge=351.48 div=0.00
21:19:50.534 CLOCK integ raw=248.41 prev=248.51 new=248.61 d=+0.102 fr=323.74 dt=0.102 rate=1.00 paused=False backlog=102.97 edge=351.58 div=0.00
21:19:50.635 CLOCK fold raw=248.69 prev=248.61 new=248.69 d=+0.077 fr=323.74 dt=0.101 rate=1.00 paused=False backlog=102.99 edge=351.68 div=0.00
21:19:50.738 TICK fr=323.74 cc=248.69 raw=248.69 vid=248.41 playing=1 started=1 stall=0 | d_fr_cc=+75.06 d_fr_raw=+75.06 d_cc_raw=+0.00 | off=-0.34 ccx_end=347.41 since_show=0.1 since_cue=4.7 | pcr=348.923 pid=100 head_rel=348.92 ccx_lag=1.51 | credit=323.7 capped=0.0 | fsize=158495280 feed=158495280 feed_behind=0 | backlog=102.99 edge=351.68 div=0.00 lag_ewma=3.36
21:19:50.739 CLOCK integ raw=248.69 prev=248.69 new=248.79 d=+0.104 fr=323.74 dt=0.104 rate=1.00 paused=False backlog=102.99 edge=351.78 div=0.00
21:19:50.840 CLOCK integ raw=248.69 prev=248.79 new=248.89 d=+0.101 fr=323.74 dt=0.101 rate=1.00 paused=False backlog=102.99 edge=351.89 div=0.00
21:19:50.841 EDGESNAP err=-2.96 edge->348.92
21:19:50.943 CLOCK fold raw=248.97 prev=248.89 new=248.97 d=+0.077 fr=323.74 dt=0.103 rate=1.00 paused=False backlog=100.06 edge=349.03 div=0.00
21:19:51.045 CLOCK integ raw=248.97 prev=248.97 new=249.07 d=+0.101 fr=323.74 dt=0.101 rate=1.00 paused=False backlog=100.06 edge=349.13 div=0.00
21:19:51.146 CLOCK integ raw=248.97 prev=249.07 new=249.17 d=+0.101 fr=323.74 dt=0.101 rate=1.00 paused=False backlog=100.06 edge=349.23 div=0.00
21:19:51.247 CLOCK fold raw=249.25 prev=249.17 new=249.25 d=+0.077 fr=323.74 dt=0.101 rate=1.00 paused=False backlog=100.08 edge=349.33 div=0.00
21:19:51.349 CLOCK integ raw=249.25 prev=249.25 new=249.35 d=+0.102 fr=323.74 dt=0.102 rate=1.00 paused=False backlog=100.08 edge=349.43 div=0.00
21:19:51.451 CLOCK fold raw=249.53 prev=249.35 new=249.53 d=+0.182 fr=323.74 dt=0.102 rate=1.00 paused=False backlog=100.00 edge=349.53 div=0.00
21:19:51.552 CLOCK integ raw=249.53 prev=249.53 new=249.63 d=+0.101 fr=323.74 dt=0.101 rate=1.00 paused=False backlog=100.00 edge=349.63 div=0.00
21:19:51.754 CLOCK fold raw=249.81 prev=249.63 new=249.81 d=+0.180 fr=323.74 dt=0.202 rate=1.00 paused=False backlog=100.02 edge=349.84 div=0.00
21:19:51.855 CLOCK integ raw=249.81 prev=249.81 new=249.91 d=+0.101 fr=323.74 dt=0.101 rate=1.00 paused=False backlog=100.02 edge=349.94 div=0.00
21:19:51.957 CLOCK integ raw=249.81 prev=249.91 new=250.02 d=+0.101 fr=323.74 dt=0.101 rate=1.00 paused=False backlog=100.02 edge=350.04 div=0.00
21:19:52.058 CLOCK fold raw=250.09 prev=250.02 new=250.09 d=+0.079 fr=323.74 dt=0.101 rate=1.00 paused=False backlog=100.05 edge=350.14 div=0.00
21:19:52.160 CLOCK integ raw=250.09 prev=250.09 new=250.20 d=+0.102 fr=323.74 dt=0.102 rate=1.00 paused=False backlog=100.05 edge=350.24 div=0.00
21:19:52.262 CLOCK integ raw=250.09 prev=250.20 new=250.30 d=+0.101 fr=323.74 dt=0.101 rate=1.00 paused=False backlog=100.05 edge=350.34 div=0.00
21:19:52.363 CLOCK fold raw=250.38 prev=250.30 new=250.38 d=+0.077 fr=323.74 dt=0.101 rate=1.00 paused=False backlog=100.07 edge=350.45 div=0.00
21:19:52.465 CLOCK integ raw=250.38 prev=250.38 new=250.48 d=+0.102 fr=323.74 dt=0.102 rate=1.00 paused=False backlog=100.07 edge=350.55 div=0.00
21:19:52.566 CLOCK fold raw=250.66 prev=250.48 new=250.66 d=+0.181 fr=323.74 dt=0.102 rate=1.00 paused=False backlog=99.99 edge=350.65 div=0.00
21:19:52.668 CLOCK integ raw=250.66 prev=250.66 new=250.76 d=+0.102 fr=323.74 dt=0.102 rate=1.00 paused=False backlog=99.99 edge=350.75 div=0.00
21:19:52.769 CLOCK integ raw=250.66 prev=250.76 new=250.86 d=+0.101 fr=323.74 dt=0.101 rate=1.00 paused=False backlog=99.99 edge=350.85 div=0.00
21:19:52.873 CLOCK fold raw=250.94 prev=250.86 new=250.94 d=+0.077 fr=323.74 dt=0.103 rate=1.00 paused=False backlog=99.05 edge=349.99 div=0.00
21:19:52.974 CLOCK integ raw=250.94 prev=250.94 new=251.04 d=+0.101 fr=323.74 dt=0.101 rate=1.00 paused=False backlog=99.05 edge=350.09 div=0.00
21:19:53.075 CLOCK integ raw=250.94 prev=251.04 new=251.14 d=+0.101 fr=323.74 dt=0.101 rate=1.00 paused=False backlog=99.05 edge=350.19 div=0.00
21:19:53.177 CLOCK fold raw=251.22 prev=251.14 new=251.22 d=+0.078 fr=323.74 dt=0.101 rate=1.00 paused=False backlog=99.08 edge=350.29 div=0.00
21:19:53.305 EDGESNAP err=+6.71 edge->357.01
21:19:53.305 CUE cx=[347.41..348.81] adv=1.40 el=7.21 fresh | off=-0.34 fr=323.74 cc=251.22 raw=251.22 lead=+97.25 | pcr=357.008 head_rel=357.01 lag_ewma=10.07 | q=ten yards. Maybe the story of / the weekend in the preseason
21:19:53.306 CUE cx=[348.82..350.01] adv=1.20 el=0.03 fresh | off=-0.34 fr=323.74 cc=251.22 raw=251.22 lead=+98.45 | pcr=357.008 head_rel=357.01 lag_ewma=10.07 | q=the weekend in the preseason 69 / yard field goal from Harri
21:19:53.306 CUE cx=[350.02..351.78] adv=1.77 el=0.00 fresh | off=-0.34 fr=323.74 cc=251.22 raw=251.22 lead=+100.22 | pcr=357.008 head_rel=357.01 lag_ewma=10.07 | q=yard field goal from Harrison / Butker to close out the firs
21:19:53.307 ANCHOR pend_end=351.78 L=8.38 pinL=5.22 target=0.00 off=-0.34
21:19:53.307 CLOCK integ raw=251.22 prev=251.22 new=251.35 d=+0.131 fr=330.67 dt=0.131 rate=1.00 paused=False backlog=105.79 edge=357.14 div=0.00
21:19:53.509 CLOCK fold raw=251.50 prev=251.35 new=251.50 d=+0.151 fr=330.67 dt=0.202 rate=1.00 paused=False backlog=105.84 edge=357.34 div=0.00
21:19:53.510 CUE cx=[351.79..353.89] adv=2.10 el=0.20 fresh | off=-0.17 fr=330.67 cc=251.50 raw=251.50 lead=+102.21 | pcr=357.008 head_rel=357.01 lag_ewma=8.38 | q=Butker to close out the first / half. One of three first hal
21:19:53.611 ANCHOR pend_end=353.89 L=6.54 pinL=3.12 target=0.17 off=-0.17
21:19:53.612 CLOCK integ raw=251.50 prev=251.50 new=251.60 d=+0.103 fr=330.67 dt=0.103 rate=1.00 paused=False backlog=105.67 edge=357.28 div=0.00
21:19:53.712 CLOCK fold raw=251.78 prev=251.60 new=251.78 d=+0.176 fr=330.67 dt=0.101 rate=1.00 paused=False backlog=105.60 edge=357.38 div=0.00
21:19:53.814 CLOCK integ raw=251.78 prev=251.78 new=251.88 d=+0.101 fr=331.08 dt=0.101 rate=1.00 paused=False backlog=105.60 edge=357.48 div=0.00
21:19:53.915 CLOCK integ raw=251.78 prev=251.88 new=251.98 d=+0.101 fr=331.08 dt=0.101 rate=1.00 paused=False backlog=105.60 edge=357.58 div=0.00
21:19:54.017 CLOCK fold raw=252.06 prev=251.98 new=252.06 d=+0.083 fr=331.08 dt=0.102 rate=1.00 paused=False backlog=105.62 edge=357.68 div=0.00
21:19:54.119 CLOCK integ raw=252.06 prev=252.06 new=252.17 d=+0.102 fr=331.08 dt=0.102 rate=1.00 paused=False backlog=105.62 edge=357.78 div=0.00
21:19:54.220 CLOCK integ raw=252.06 prev=252.17 new=252.27 d=+0.101 fr=331.08 dt=0.101 rate=1.00 paused=False backlog=105.62 edge=357.88 div=0.00
21:19:54.321 CLOCK fold raw=252.34 prev=252.27 new=252.34 d=+0.076 fr=331.08 dt=0.101 rate=1.00 paused=False backlog=105.64 edge=357.99 div=0.00
21:19:54.423 CLOCK integ raw=252.34 prev=252.34 new=252.45 d=+0.102 fr=331.08 dt=0.102 rate=1.00 paused=False backlog=105.64 edge=358.09 div=0.00
21:19:54.524 CLOCK integ raw=252.34 prev=252.45 new=252.55 d=+0.102 fr=331.08 dt=0.102 rate=1.00 paused=False backlog=105.64 edge=358.19 div=0.00
21:19:54.626 CLOCK fold raw=252.62 prev=252.55 new=252.62 d=+0.075 fr=331.08 dt=0.101 rate=1.00 paused=False backlog=105.67 edge=358.29 div=0.00
21:19:54.728 CLOCK integ raw=252.62 prev=252.62 new=252.72 d=+0.102 fr=331.08 dt=0.102 rate=1.00 paused=False backlog=105.67 edge=358.39 div=0.00
21:19:54.830 CLOCK fold raw=252.90 prev=252.72 new=252.90 d=+0.180 fr=331.08 dt=0.102 rate=1.00 paused=False backlog=105.04 edge=357.94 div=0.00
21:19:55.032 CLOCK integ raw=252.90 prev=252.90 new=253.11 d=+0.202 fr=331.08 dt=0.202 rate=1.00 paused=False backlog=105.04 edge=358.14 div=0.00
21:19:55.134 CLOCK fold raw=253.18 prev=253.11 new=253.18 d=+0.078 fr=331.08 dt=0.102 rate=1.00 paused=False backlog=105.06 edge=358.25 div=0.00
21:19:55.235 CLOCK integ raw=253.18 prev=253.18 new=253.28 d=+0.101 fr=331.08 dt=0.101 rate=1.00 paused=False backlog=105.06 edge=358.35 div=0.00
21:19:55.336 CLOCK integ raw=253.18 prev=253.28 new=253.39 d=+0.101 fr=331.08 dt=0.101 rate=1.00 paused=False backlog=105.06 edge=358.45 div=0.00
21:19:55.438 CLOCK fold raw=253.46 prev=253.39 new=253.46 d=+0.078 fr=331.08 dt=0.102 rate=1.00 paused=False backlog=105.09 edge=358.55 div=0.00
21:19:55.539 CLOCK integ raw=253.46 prev=253.46 new=253.57 d=+0.101 fr=331.08 dt=0.101 rate=1.00 paused=False backlog=105.09 edge=358.65 div=0.00
21:19:55.640 CLOCK integ raw=253.46 prev=253.57 new=253.67 d=+0.101 fr=331.08 dt=0.101 rate=1.00 paused=False backlog=105.09 edge=358.75 div=0.00
21:19:55.743 TICK fr=331.08 cc=253.67 raw=253.75 vid=253.18 playing=1 started=1 stall=0 | d_fr_cc=+77.41 d_fr_raw=+77.33 d_cc_raw=-0.08 | off=-0.00 ccx_end=353.89 since_show=0.1 since_cue=2.2 | pcr=357.289 pid=100 head_rel=357.29 ccx_lag=3.40 | credit=331.1 capped=0.0 | fsize=162308484 feed=162308484 feed_behind=0 | backlog=105.09 edge=358.75 div=0.00 lag_ewma=6.54
21:19:55.744 CLOCK fold raw=253.75 prev=253.67 new=253.75 d=+0.079 fr=331.08 dt=0.103 rate=1.00 paused=False backlog=105.11 edge=358.86 div=0.00
21:19:55.845 CLOCK integ raw=253.75 prev=253.75 new=253.85 d=+0.101 fr=331.08 dt=0.101 rate=1.00 paused=False backlog=105.11 edge=358.96 div=0.00
21:19:55.946 CLOCK fold raw=254.02 prev=253.85 new=254.02 d=+0.178 fr=331.08 dt=0.101 rate=1.00 paused=False backlog=105.03 edge=359.06 div=0.00
21:19:56.048 CLOCK integ raw=254.02 prev=254.02 new=254.13 d=+0.101 fr=331.08 dt=0.101 rate=1.00 paused=False backlog=105.03 edge=359.16 div=0.00
21:19:56.149 CLOCK integ raw=254.02 prev=254.13 new=254.23 d=+0.101 fr=331.08 dt=0.101 rate=1.00 paused=False backlog=105.03 edge=359.26 div=0.00
21:19:56.351 CLOCK fold raw=254.31 prev=254.23 new=254.31 d=+0.079 fr=331.08 dt=0.202 rate=1.00 paused=False backlog=105.16 edge=359.46 div=0.00
21:19:56.453 CLOCK integ raw=254.31 prev=254.31 new=254.41 d=+0.102 fr=331.08 dt=0.102 rate=1.00 paused=False backlog=105.16 edge=359.57 div=0.00
21:19:56.554 CLOCK fold raw=254.59 prev=254.41 new=254.59 d=+0.179 fr=331.08 dt=0.101 rate=1.00 paused=False backlog=105.08 edge=359.67 div=0.00
21:19:56.656 CLOCK integ raw=254.59 prev=254.59 new=254.69 d=+0.102 fr=331.08 dt=0.102 rate=1.00 paused=False backlog=105.08 edge=359.77 div=0.00
21:19:56.757 CLOCK integ raw=254.59 prev=254.69 new=254.79 d=+0.101 fr=331.08 dt=0.101 rate=1.00 paused=False backlog=105.08 edge=359.87 div=0.00
21:19:56.858 CLOCK fold raw=254.87 prev=254.79 new=254.87 d=+0.078 fr=331.08 dt=0.101 rate=1.00 paused=False backlog=105.10 edge=359.97 div=0.00
21:19:56.859 EDGESNAP err=-2.68 edge->357.29
21:19:56.961 CLOCK integ raw=254.87 prev=254.87 new=254.97 d=+0.103 fr=331.08 dt=0.103 rate=1.00 paused=False backlog=102.42 edge=357.39 div=0.00
21:19:57.062 CLOCK fold raw=255.15 prev=254.97 new=255.15 d=+0.180 fr=331.08 dt=0.101 rate=1.00 paused=False backlog=102.34 edge=357.49 div=0.00
21:19:57.163 CLOCK integ raw=255.15 prev=255.15 new=255.25 d=+0.101 fr=331.08 dt=0.101 rate=1.00 paused=False backlog=102.34 edge=357.59 div=0.00
21:19:57.264 CLOCK integ raw=255.15 prev=255.25 new=255.35 d=+0.101 fr=331.08 dt=0.101 rate=1.00 paused=False backlog=102.34 edge=357.69 div=0.00
21:19:57.366 CLOCK fold raw=255.43 prev=255.35 new=255.43 d=+0.077 fr=331.08 dt=0.101 rate=1.00 paused=False backlog=102.37 edge=357.80 div=0.00
21:19:57.468 CLOCK integ raw=255.43 prev=255.43 new=255.53 d=+0.102 fr=331.08 dt=0.102 rate=1.00 paused=False backlog=102.37 edge=357.90 div=0.00
21:19:57.569 CLOCK integ raw=255.43 prev=255.53 new=255.63 d=+0.102 fr=331.08 dt=0.102 rate=1.00 paused=False backlog=102.37 edge=358.00 div=0.00
21:19:57.670 CLOCK fold raw=255.71 prev=255.63 new=255.71 d=+0.078 fr=331.08 dt=0.101 rate=1.00 paused=False backlog=102.39 edge=358.10 div=0.00
21:19:57.872 CLOCK integ raw=255.71 prev=255.71 new=255.91 d=+0.202 fr=331.08 dt=0.202 rate=1.00 paused=False backlog=102.39 edge=358.30 div=0.00
21:19:57.974 CLOCK fold raw=256.00 prev=255.91 new=256.00 d=+0.082 fr=331.08 dt=0.101 rate=1.00 paused=False backlog=102.41 edge=358.40 div=0.00
21:19:58.075 CLOCK integ raw=256.00 prev=256.00 new=256.10 d=+0.101 fr=331.08 dt=0.101 rate=1.00 paused=False backlog=102.41 edge=358.50 div=0.00
21:19:58.176 CLOCK integ raw=256.00 prev=256.10 new=256.20 d=+0.101 fr=331.08 dt=0.101 rate=1.00 paused=False backlog=102.41 edge=358.61 div=0.00
21:19:58.278 CLOCK fold raw=256.28 prev=256.20 new=256.28 d=+0.084 fr=331.08 dt=0.102 rate=1.00 paused=False backlog=102.43 edge=358.71 div=0.00
21:19:58.379 CLOCK integ raw=256.28 prev=256.28 new=256.38 d=+0.102 fr=331.08 dt=0.102 rate=1.00 paused=False backlog=102.43 edge=358.81 div=0.00
21:19:58.480 CLOCK fold raw=256.56 prev=256.38 new=256.56 d=+0.177 fr=331.08 dt=0.101 rate=1.00 paused=False backlog=102.35 edge=358.91 div=0.00
21:19:58.582 CLOCK integ raw=256.56 prev=256.56 new=256.66 d=+0.101 fr=331.08 dt=0.101 rate=1.00 paused=False backlog=102.35 edge=359.01 div=0.00
21:19:58.683 CLOCK integ raw=256.56 prev=256.66 new=256.76 d=+0.101 fr=331.08 dt=0.101 rate=1.00 paused=False backlog=102.35 edge=359.11 div=0.00
21:19:58.785 CLOCK fold raw=256.84 prev=256.76 new=256.84 d=+0.079 fr=331.08 dt=0.102 rate=1.00 paused=False backlog=102.37 edge=359.22 div=0.00
21:19:58.888 CLOCK integ raw=256.84 prev=256.84 new=256.94 d=+0.103 fr=331.08 dt=0.103 rate=1.00 paused=False backlog=101.41 edge=358.35 div=0.00
21:19:58.991 CLOCK integ raw=256.84 prev=256.94 new=257.05 d=+0.103 fr=331.08 dt=0.103 rate=1.00 paused=False backlog=101.41 edge=358.46 div=0.00
21:19:59.093 CLOCK fold raw=257.12 prev=257.05 new=257.12 d=+0.077 fr=331.08 dt=0.102 rate=1.00 paused=False backlog=101.43 edge=358.56 div=0.00
21:19:59.295 CLOCK integ raw=257.12 prev=257.12 new=257.33 d=+0.202 fr=331.08 dt=0.202 rate=1.00 paused=False backlog=101.43 edge=358.76 div=0.00
21:19:59.396 CLOCK fold raw=257.40 prev=257.33 new=257.40 d=+0.077 fr=331.08 dt=0.101 rate=1.00 paused=False backlog=101.46 edge=358.86 div=0.00
21:19:59.497 CLOCK integ raw=257.40 prev=257.40 new=257.51 d=+0.101 fr=331.08 dt=0.101 rate=1.00 paused=False backlog=101.46 edge=358.96 div=0.00
21:19:59.600 CLOCK fold raw=257.69 prev=257.51 new=257.69 d=+0.181 fr=331.08 dt=0.101 rate=1.00 paused=False backlog=101.38 edge=359.07 div=0.00
21:19:59.700 CLOCK integ raw=257.69 prev=257.69 new=257.79 d=+0.102 fr=331.08 dt=0.102 rate=1.00 paused=False backlog=101.38 edge=359.17 div=0.00
21:19:59.804 CLOCK integ raw=257.69 prev=257.79 new=257.89 d=+0.104 fr=331.08 dt=0.104 rate=1.00 paused=False backlog=101.38 edge=359.27 div=0.00
21:19:59.906 CLOCK fold raw=257.97 prev=257.89 new=257.97 d=+0.080 fr=331.08 dt=0.102 rate=1.00 paused=False backlog=101.40 edge=359.37 div=0.00
21:20:00.008 CLOCK integ raw=257.97 prev=257.97 new=258.07 d=+0.102 fr=331.08 dt=0.102 rate=1.00 paused=False backlog=101.40 edge=359.47 div=0.00
21:20:00.109 CLOCK integ raw=257.97 prev=258.07 new=258.17 d=+0.102 fr=331.08 dt=0.102 rate=1.00 paused=False backlog=101.40 edge=359.58 div=0.00
21:20:00.211 CLOCK fold raw=258.25 prev=258.17 new=258.25 d=+0.073 fr=331.08 dt=0.102 rate=1.00 paused=False backlog=101.43 edge=359.68 div=0.00
21:20:00.315 CLOCK integ raw=258.25 prev=258.25 new=258.35 d=+0.104 fr=331.08 dt=0.104 rate=1.00 paused=False backlog=101.43 edge=359.78 div=0.00
21:20:00.417 CLOCK integ raw=258.25 prev=258.35 new=258.45 d=+0.102 fr=331.08 dt=0.102 rate=1.00 paused=False backlog=101.43 edge=359.88 div=0.00
21:20:00.518 CLOCK fold raw=258.53 prev=258.45 new=258.53 d=+0.077 fr=331.08 dt=0.102 rate=1.00 paused=False backlog=101.46 edge=359.98 div=0.00
21:20:00.720 CLOCK fold raw=258.81 prev=258.53 new=258.81 d=+0.279 fr=331.08 dt=0.202 rate=1.00 paused=False backlog=101.38 edge=360.19 div=0.00
21:20:00.723 TICK fr=331.08 cc=258.81 raw=258.81 vid=258.53 playing=1 started=1 stall=0 | d_fr_cc=+72.27 d_fr_raw=+72.27 d_cc_raw=+0.00 | off=-0.00 ccx_end=353.89 since_show=0.0 since_cue=7.2 | pcr=357.289 pid=100 head_rel=357.29 ccx_lag=3.40 | credit=331.1 capped=0.0 | fsize=162308484 feed=162308484 feed_behind=0 | backlog=101.38 edge=360.19 div=0.00 lag_ewma=6.54
21:20:00.823 CLOCK integ raw=258.81 prev=258.81 new=258.91 d=+0.103 fr=331.08 dt=0.103 rate=1.00 paused=False backlog=101.38 edge=360.29 div=0.00
21:20:00.826 EDGESNAP err=-3.00 edge->357.29
21:20:00.926 CLOCK integ raw=258.81 prev=258.91 new=259.01 d=+0.103 fr=331.08 dt=0.103 rate=1.00 paused=False backlog=98.38 edge=357.39 div=0.00
21:20:01.028 CLOCK fold raw=259.10 prev=259.01 new=259.10 d=+0.083 fr=331.08 dt=0.102 rate=1.00 paused=False backlog=98.40 edge=357.49 div=0.00
21:20:01.130 CLOCK integ raw=259.10 prev=259.10 new=259.20 d=+0.102 fr=331.08 dt=0.102 rate=1.00 paused=False backlog=98.40 edge=357.60 div=0.00
21:20:01.232 CLOCK integ raw=259.10 prev=259.20 new=259.30 d=+0.101 fr=331.08 dt=0.101 rate=1.00 paused=False backlog=98.40 edge=357.70 div=0.00
21:20:01.333 CLOCK fold raw=259.37 prev=259.30 new=259.37 d=+0.072 fr=331.08 dt=0.101 rate=1.00 paused=False backlog=98.42 edge=357.80 div=0.00
21:20:01.434 CLOCK integ raw=259.37 prev=259.37 new=259.47 d=+0.101 fr=331.08 dt=0.101 rate=1.00 paused=False backlog=98.42 edge=357.90 div=0.00
21:20:01.536 CLOCK integ raw=259.37 prev=259.47 new=259.58 d=+0.102 fr=331.08 dt=0.102 rate=1.00 paused=False backlog=98.42 edge=358.00 div=0.00
21:20:01.637 CLOCK fold raw=259.65 prev=259.58 new=259.65 d=+0.079 fr=331.08 dt=0.101 rate=1.00 paused=False backlog=98.45 edge=358.10 div=0.00
21:20:01.738 CLOCK integ raw=259.65 prev=259.65 new=259.76 d=+0.101 fr=331.08 dt=0.101 rate=1.00 paused=False backlog=98.45 edge=358.20 div=0.00
21:20:01.839 CLOCK integ raw=259.65 prev=259.76 new=259.86 d=+0.101 fr=331.08 dt=0.101 rate=1.00 paused=False backlog=98.45 edge=358.30 div=0.00
21:20:01.941 CLOCK fold raw=259.94 prev=259.86 new=259.94 d=+0.078 fr=331.08 dt=0.102 rate=1.00 paused=False backlog=98.45 edge=358.38 div=0.00
21:20:02.042 CLOCK integ raw=259.94 prev=259.94 new=260.04 d=+0.101 fr=331.08 dt=0.101 rate=1.00 paused=False backlog=98.45 edge=358.48 div=0.00
21:20:02.243 CLOCK fold raw=260.22 prev=260.04 new=260.22 d=+0.180 fr=331.08 dt=0.201 rate=1.00 paused=False backlog=98.45 edge=358.66 div=0.00
21:20:02.345 CLOCK integ raw=260.22 prev=260.22 new=260.32 d=+0.102 fr=331.08 dt=0.102 rate=1.00 paused=False backlog=98.45 edge=358.76 div=0.00
21:20:02.446 CLOCK fold raw=260.50 prev=260.32 new=260.50 d=+0.179 fr=331.08 dt=0.101 rate=1.00 paused=False backlog=98.45 edge=358.94 div=0.00
21:20:02.548 CLOCK integ raw=260.50 prev=260.50 new=260.60 d=+0.102 fr=331.08 dt=0.102 rate=1.00 paused=False backlog=98.45 edge=359.05 div=0.00
21:20:02.649 CLOCK integ raw=260.50 prev=260.60 new=260.70 d=+0.102 fr=331.08 dt=0.102 rate=1.00 paused=False backlog=98.45 edge=359.15 div=0.00
21:20:02.750 CLOCK fold raw=260.78 prev=260.70 new=260.78 d=+0.077 fr=331.08 dt=0.101 rate=1.00 paused=False backlog=98.45 edge=359.22 div=0.00
21:20:02.854 CLOCK integ raw=260.78 prev=260.78 new=260.88 d=+0.104 fr=331.08 dt=0.104 rate=1.00 paused=False backlog=97.48 edge=358.36 div=0.00
21:20:02.955 CLOCK integ raw=260.78 prev=260.88 new=260.98 d=+0.101 fr=331.08 dt=0.101 rate=1.00 paused=False backlog=97.48 edge=358.46 div=0.00
21:20:03.056 CLOCK fold raw=261.06 prev=260.98 new=261.06 d=+0.077 fr=340.42 dt=0.101 rate=1.00 paused=False backlog=97.50 edge=358.56 div=0.00
21:20:03.158 CLOCK integ raw=261.06 prev=261.06 new=261.16 d=+0.102 fr=340.42 dt=0.102 rate=1.00 paused=False backlog=97.50 edge=358.66 div=0.00
21:20:03.285 EDGESNAP err=+5.72 edge->364.38
21:20:03.285 CUE cx=[353.89..357.86] adv=3.97 el=9.75 fresh | off=-0.00 fr=340.42 cc=261.16 raw=261.34 lead=+96.69 | pcr=364.380 head_rel=364.38 lag_ewma=12.25 | q=half. One of three first half / field goals. Mahomes fired u
21:20:03.285 CUE cx=[357.86..359.99] adv=2.14 el=0.03 fresh | off=-0.00 fr=340.42 cc=261.16 raw=261.34 lead=+98.83 | pcr=364.380 head_rel=364.38 lag_ewma=12.25 | q=field goals. Mahomes fired up, / but it's the Bucs who win i
21:20:03.286 CUE cx=[359.99..361.56] adv=1.57 el=0.00 fresh | off=-0.00 fr=340.42 cc=261.16 raw=261.34 lead=+100.40 | pcr=364.380 head_rel=364.38 lag_ewma=12.25 | q=but it's the Bucs who win it / 1615. Caleb Williams in the /
21:20:03.286 ANCHOR pend_end=361.56 L=8.95 pinL=2.82 target=0.00 off=-0.00
21:20:03.286 CLOCK fold raw=261.34 prev=261.16 new=261.34 d=+0.180 fr=340.42 dt=0.128 rate=1.00 paused=False backlog=103.17 edge=364.51 div=0.00
21:20:03.388 CLOCK integ raw=261.34 prev=261.34 new=261.44 d=+0.102 fr=340.42 dt=0.102 rate=1.00 paused=False backlog=103.17 edge=364.61 div=0.00
21:20:03.490 CLOCK integ raw=261.34 prev=261.44 new=261.54 d=+0.102 fr=340.86 dt=0.102 rate=1.00 paused=False backlog=103.17 edge=364.71 div=0.00
21:20:03.592 CLOCK fold raw=261.62 prev=261.54 new=261.62 d=+0.076 fr=340.86 dt=0.101 rate=1.00 paused=False backlog=103.19 edge=364.81 div=0.00
21:20:03.693 CLOCK integ raw=261.62 prev=261.62 new=261.72 d=+0.102 fr=340.86 dt=0.102 rate=1.00 paused=False backlog=103.19 edge=364.91 div=0.00
21:20:03.795 EDGESNAP err=+3.05 edge->367.96
21:20:03.795 CUE cx=[361.56..363.63] adv=2.07 el=0.51 fresh | off=-0.00 fr=340.86 cc=261.72 raw=261.62 lead=+101.91 | pcr=367.964 head_rel=367.96 lag_ewma=12.00 | q=1615. Caleb Williams in the / Chicago Bears in Cincinnati to
21:20:03.795 CUE cx=[363.63..365.40] adv=1.77 el=0.00 fresh | off=-0.00 fr=340.86 cc=261.72 raw=261.62 lead=+103.67 | pcr=367.964 head_rel=367.96 lag_ewma=12.00 | q=Chicago Bears in Cincinnati to / take on the Bengals. Caleb 
21:20:03.795 CUE cx=[365.40..366.50] adv=1.10 el=0.00 fresh | off=-0.00 fr=340.86 cc=261.72 raw=261.62 lead=+104.77 | pcr=367.964 head_rel=367.96 lag_ewma=12.00 | q=take on the Bengals. Caleb / limited duty two of 528 yards. 
21:20:03.796 CUE cx=[366.50..367.57] adv=1.07 el=0.00 fresh | off=-0.00 fr=340.86 cc=261.72 raw=261.62 lead=+105.84 | pcr=367.964 head_rel=367.96 lag_ewma=12.00 | q=limited duty two of 528 yards. / But you love to see a / con
21:20:03.796 ANCHOR pend_end=367.57 L=7.94 pinL=0.40 target=0.00 off=-0.00
21:20:03.796 CLOCK integ raw=261.62 prev=261.72 new=261.83 d=+0.103 fr=340.86 dt=0.103 rate=1.00 paused=False backlog=106.24 edge=368.07 div=0.00
21:20:03.998 CLOCK fold raw=261.90 prev=261.83 new=261.90 d=+0.077 fr=340.86 dt=0.202 rate=1.00 paused=False backlog=106.36 edge=368.27 div=0.00
21:20:04.099 CLOCK fold raw=262.18 prev=261.90 new=262.18 d=+0.280 fr=340.86 dt=0.101 rate=1.00 paused=False backlog=106.19 edge=368.37 div=0.00
21:20:04.200 CLOCK integ raw=262.18 prev=262.18 new=262.28 d=+0.101 fr=340.86 dt=0.101 rate=1.00 paused=False backlog=106.19 edge=368.47 div=0.00
21:20:04.303 CLOCK integ raw=262.18 prev=262.28 new=262.39 d=+0.103 fr=340.86 dt=0.103 rate=1.00 paused=False backlog=106.19 edge=368.57 div=0.00
21:20:04.406 CLOCK fold raw=262.46 prev=262.39 new=262.46 d=+0.077 fr=340.86 dt=0.102 rate=1.00 paused=False backlog=106.21 edge=368.68 div=0.00
21:20:04.507 CLOCK integ raw=262.46 prev=262.46 new=262.57 d=+0.101 fr=340.86 dt=0.101 rate=1.00 paused=False backlog=106.21 edge=368.78 div=0.00
21:20:04.608 CLOCK integ raw=262.46 prev=262.57 new=262.67 d=+0.101 fr=340.86 dt=0.101 rate=1.00 paused=False backlog=106.21 edge=368.88 div=0.00
21:20:04.712 CLOCK fold raw=262.75 prev=262.67 new=262.75 d=+0.084 fr=340.86 dt=0.103 rate=1.00 paused=False backlog=106.23 edge=368.98 div=0.00
21:20:04.813 CLOCK integ raw=262.75 prev=262.75 new=262.85 d=+0.101 fr=340.86 dt=0.101 rate=1.00 paused=False backlog=106.23 edge=369.08 div=0.00
21:20:04.915 CLOCK integ raw=262.75 prev=262.85 new=262.95 d=+0.103 fr=340.86 dt=0.103 rate=1.00 paused=False backlog=105.67 edge=368.63 div=0.00
21:20:05.017 CLOCK fold raw=263.03 prev=262.95 new=263.03 d=+0.073 fr=340.86 dt=0.101 rate=1.00 paused=False backlog=105.70 edge=368.73 div=0.00
21:20:05.120 CLOCK integ raw=263.03 prev=263.03 new=263.13 d=+0.103 fr=340.86 dt=0.103 rate=1.00 paused=False backlog=105.70 edge=368.83 div=0.00
21:20:05.221 CLOCK fold raw=263.31 prev=263.13 new=263.31 d=+0.177 fr=340.86 dt=0.101 rate=1.00 paused=False backlog=105.62 edge=368.93 div=0.00
21:20:05.423 CLOCK integ raw=263.31 prev=263.31 new=263.51 d=+0.202 fr=340.86 dt=0.202 rate=1.00 paused=False backlog=105.62 edge=369.13 div=0.00
21:20:05.525 CLOCK fold raw=263.59 prev=263.51 new=263.59 d=+0.078 fr=340.86 dt=0.102 rate=1.00 paused=False backlog=105.65 edge=369.24 div=0.00
21:20:05.627 CLOCK integ raw=263.59 prev=263.59 new=263.69 d=+0.102 fr=340.86 dt=0.102 rate=1.00 paused=False backlog=105.65 edge=369.34 div=0.00
21:20:05.729 CLOCK integ raw=263.59 prev=263.69 new=263.79 d=+0.102 fr=340.86 dt=0.102 rate=1.00 paused=False backlog=105.65 edge=369.44 div=0.00
21:20:05.732 TICK fr=340.86 cc=263.79 raw=263.59 vid=263.59 playing=1 started=1 stall=0 | d_fr_cc=+77.06 d_fr_raw=+77.27 d_cc_raw=+0.20 | off=-0.00 ccx_end=367.57 since_show=0.0 since_cue=1.9 | pcr=367.964 pid=100 head_rel=367.96 ccx_lag=0.40 | credit=340.9 capped=0.0 | fsize=167320376 feed=167320376 feed_behind=0 | backlog=105.65 edge=369.44 div=0.00 lag_ewma=7.94
21:20:05.834 CLOCK fold raw=263.87 prev=263.79 new=263.87 d=+0.078 fr=340.86 dt=0.105 rate=1.00 paused=False backlog=105.67 edge=369.54 div=0.00
21:20:05.936 CLOCK integ raw=263.87 prev=263.87 new=263.97 d=+0.102 fr=340.86 dt=0.102 rate=1.00 paused=False backlog=105.67 edge=369.65 div=0.00
21:20:06.038 CLOCK integ raw=263.87 prev=263.97 new=264.07 d=+0.102 fr=340.86 dt=0.102 rate=1.00 paused=False backlog=105.67 edge=369.75 div=0.00
21:20:06.139 CLOCK fold raw=264.15 prev=264.07 new=264.15 d=+0.077 fr=340.86 dt=0.101 rate=1.00 paused=False backlog=105.70 edge=369.85 div=0.00
21:20:06.240 CLOCK integ raw=264.15 prev=264.15 new=264.25 d=+0.101 fr=340.86 dt=0.101 rate=1.00 paused=False backlog=105.70 edge=369.95 div=0.00
21:20:06.341 CLOCK fold raw=264.43 prev=264.25 new=264.43 d=+0.179 fr=340.86 dt=0.101 rate=1.00 paused=False backlog=105.62 edge=370.05 div=0.00
21:20:06.444 CLOCK integ raw=264.43 prev=264.43 new=264.53 d=+0.102 fr=340.86 dt=0.102 rate=1.00 paused=False backlog=105.62 edge=370.15 div=0.00
21:20:06.545 CLOCK integ raw=264.43 prev=264.53 new=264.63 d=+0.101 fr=340.86 dt=0.101 rate=1.00 paused=False backlog=105.62 edge=370.25 div=0.00
21:20:06.646 CLOCK fold raw=264.71 prev=264.63 new=264.71 d=+0.078 fr=340.86 dt=0.101 rate=1.00 paused=False backlog=105.64 edge=370.36 div=0.00
21:20:06.847 CLOCK integ raw=264.71 prev=264.71 new=264.91 d=+0.202 fr=340.86 dt=0.202 rate=1.00 paused=False backlog=105.64 edge=370.56 div=0.00
21:20:06.849 EDGESNAP err=-2.59 edge->367.96
21:20:06.950 CLOCK fold raw=264.99 prev=264.91 new=264.99 d=+0.079 fr=340.86 dt=0.103 rate=1.00 paused=False backlog=103.07 edge=368.07 div=0.00
21:20:07.051 CLOCK integ raw=264.99 prev=264.99 new=265.09 d=+0.101 fr=340.86 dt=0.101 rate=1.00 paused=False backlog=103.07 edge=368.17 div=0.00
21:20:07.153 CLOCK integ raw=264.99 prev=265.09 new=265.20 d=+0.101 fr=344.52 dt=0.101 rate=1.00 paused=False backlog=103.07 edge=368.27 div=0.00
21:20:07.254 CLOCK fold raw=265.27 prev=265.20 new=265.27 d=+0.076 fr=344.52 dt=0.101 rate=1.00 paused=False backlog=103.10 edge=368.37 div=0.00
21:20:07.355 CLOCK integ raw=265.27 prev=265.27 new=265.37 d=+0.101 fr=344.52 dt=0.101 rate=1.00 paused=False backlog=103.10 edge=368.47 div=0.00
21:20:07.457 CLOCK integ raw=265.27 prev=265.37 new=265.47 d=+0.101 fr=344.52 dt=0.101 rate=1.00 paused=False backlog=103.10 edge=368.57 div=0.00
21:20:07.559 EDGESNAP err=+3.40 edge->371.97
21:20:07.559 CUE cx=[367.57..370.47] adv=2.90 el=3.76 fresh | off=-0.00 fr=344.52 cc=265.47 raw=265.56 lead=+104.99 | pcr=371.971 head_rel=371.97 lag_ewma=11.34 | q=But you love to see a / connection right here with the / Rus
21:20:07.560 ANCHOR pend_end=370.47 L=7.89 pinL=1.50 target=0.00 off=-0.00
21:20:07.560 CLOCK fold raw=265.56 prev=265.47 new=265.56 d=+0.081 fr=344.52 dt=0.103 rate=1.00 paused=False backlog=106.52 edge=372.07 div=0.00
21:20:07.662 CLOCK integ raw=265.56 prev=265.56 new=265.66 d=+0.102 fr=344.52 dt=0.102 rate=1.00 paused=False backlog=106.52 edge=372.18 div=0.00
21:20:07.763 CLOCK fold raw=265.83 prev=265.66 new=265.83 d=+0.177 fr=344.52 dt=0.101 rate=1.00 paused=False backlog=106.44 edge=372.28 div=0.00
21:20:07.864 CLOCK integ raw=265.83 prev=265.83 new=265.94 d=+0.101 fr=344.52 dt=0.101 rate=1.00 paused=False backlog=106.44 edge=372.38 div=0.00
21:20:07.966 CLOCK integ raw=265.83 prev=265.94 new=266.04 d=+0.102 fr=344.52 dt=0.102 rate=1.00 paused=False backlog=106.44 edge=372.48 div=0.00
21:20:08.169 CLOCK fold raw=266.12 prev=266.04 new=266.12 d=+0.078 fr=344.52 dt=0.203 rate=1.00 paused=False backlog=106.57 edge=372.68 div=0.00
21:20:08.272 CLOCK integ raw=266.12 prev=266.12 new=266.22 d=+0.103 fr=344.52 dt=0.103 rate=1.00 paused=False backlog=106.57 edge=372.79 div=0.00
21:20:08.373 CLOCK fold raw=266.40 prev=266.22 new=266.40 d=+0.179 fr=344.52 dt=0.102 rate=1.00 paused=False backlog=106.49 edge=372.89 div=0.00
21:20:08.475 CLOCK integ raw=266.40 prev=266.40 new=266.50 d=+0.102 fr=344.52 dt=0.102 rate=1.00 paused=False backlog=106.49 edge=372.99 div=0.00
21:20:08.578 CLOCK integ raw=266.40 prev=266.50 new=266.60 d=+0.102 fr=344.52 dt=0.102 rate=1.00 paused=False backlog=106.49 edge=373.09 div=0.00
21:20:08.680 CLOCK fold raw=266.68 prev=266.60 new=266.68 d=+0.076 fr=344.52 dt=0.102 rate=1.00 paused=False backlog=106.52 edge=373.19 div=0.00
21:20:08.784 CLOCK integ raw=266.68 prev=266.68 new=266.78 d=+0.104 fr=344.52 dt=0.104 rate=1.00 paused=False backlog=106.52 edge=373.30 div=0.00
21:20:08.887 CLOCK fold raw=266.96 prev=266.78 new=266.96 d=+0.180 fr=344.52 dt=0.103 rate=1.00 paused=False backlog=105.78 edge=372.74 div=0.00
21:20:08.989 CLOCK integ raw=266.96 prev=266.96 new=267.06 d=+0.102 fr=344.52 dt=0.102 rate=1.00 paused=False backlog=105.78 edge=372.84 div=0.00
21:20:09.090 CLOCK integ raw=266.96 prev=267.06 new=267.16 d=+0.102 fr=344.52 dt=0.102 rate=1.00 paused=False backlog=105.78 edge=372.94 div=0.00
21:20:09.191 CLOCK fold raw=267.24 prev=267.16 new=267.24 d=+0.077 fr=344.52 dt=0.101 rate=1.00 paused=False backlog=105.80 edge=373.04 div=0.00
21:20:09.293 CLOCK integ raw=267.24 prev=267.24 new=267.34 d=+0.101 fr=344.52 dt=0.101 rate=1.00 paused=False backlog=105.80 edge=373.14 div=0.00
21:20:09.394 CLOCK integ raw=267.24 prev=267.34 new=267.44 d=+0.101 fr=344.52 dt=0.101 rate=1.00 paused=False backlog=105.80 edge=373.24 div=0.00
21:20:09.596 CLOCK fold raw=267.52 prev=267.44 new=267.52 d=+0.078 fr=344.52 dt=0.202 rate=1.00 paused=False backlog=105.92 edge=373.45 div=0.00
21:20:09.697 CLOCK integ raw=267.52 prev=267.52 new=267.62 d=+0.102 fr=344.52 dt=0.102 rate=1.00 paused=False backlog=105.92 edge=373.55 div=0.00
21:20:09.799 CLOCK fold raw=267.80 prev=267.62 new=267.80 d=+0.178 fr=344.52 dt=0.101 rate=1.00 paused=False backlog=105.85 edge=373.65 div=0.00
21:20:09.899 CLOCK integ raw=267.80 prev=267.80 new=267.90 d=+0.101 fr=344.52 dt=0.101 rate=1.00 paused=False backlog=105.85 edge=373.75 div=0.00
21:20:10.001 CLOCK fold raw=268.08 prev=267.90 new=268.08 d=+0.181 fr=344.52 dt=0.101 rate=1.00 paused=False backlog=105.77 edge=373.85 div=0.00
21:20:10.103 CLOCK integ raw=268.08 prev=268.08 new=268.19 d=+0.102 fr=344.52 dt=0.102 rate=1.00 paused=False backlog=105.77 edge=373.95 div=0.00
21:20:10.204 CLOCK integ raw=268.08 prev=268.19 new=268.29 d=+0.101 fr=344.52 dt=0.101 rate=1.00 paused=False backlog=105.77 edge=374.05 div=0.00
21:20:10.305 CLOCK fold raw=268.36 prev=268.29 new=268.36 d=+0.077 fr=344.52 dt=0.101 rate=1.00 paused=False backlog=105.79 edge=374.16 div=0.00
21:20:10.407 CLOCK integ raw=268.36 prev=268.36 new=268.47 d=+0.101 fr=344.52 dt=0.101 rate=1.00 paused=False backlog=105.79 edge=374.26 div=0.00
21:20:10.508 CLOCK integ raw=268.36 prev=268.47 new=268.57 d=+0.102 fr=344.52 dt=0.102 rate=1.00 paused=False backlog=105.79 edge=374.36 div=0.00
21:20:10.609 CLOCK fold raw=268.64 prev=268.57 new=268.64 d=+0.077 fr=344.52 dt=0.101 rate=1.00 paused=False backlog=105.82 edge=374.46 div=0.00
21:20:10.711 TICK fr=344.52 cc=268.64 raw=268.64 vid=268.36 playing=1 started=1 stall=0 | d_fr_cc=+75.88 d_fr_raw=+75.88 d_cc_raw=+0.00 | off=-0.00 ccx_end=370.47 since_show=0.1 since_cue=3.2 | pcr=371.971 pid=100 head_rel=371.97 ccx_lag=1.50 | credit=344.5 capped=0.0 | fsize=168923452 feed=168923452 feed_behind=0 | backlog=105.82 edge=374.46 div=0.00 lag_ewma=7.89
21:20:10.711 CLOCK integ raw=268.64 prev=268.64 new=268.75 d=+0.102 fr=344.52 dt=0.102 rate=1.00 paused=False backlog=105.82 edge=374.56 div=0.00
21:20:10.814 EDGESNAP err=-2.59 edge->371.97
21:20:10.814 CLOCK integ raw=268.64 prev=268.75 new=268.85 d=+0.103 fr=344.52 dt=0.103 rate=1.00 paused=False backlog=103.22 edge=372.07 div=0.00
21:20:11.016 CLOCK fold raw=268.93 prev=268.85 new=268.93 d=+0.078 fr=344.52 dt=0.202 rate=1.00 paused=False backlog=103.35 edge=372.27 div=0.00
21:20:11.117 CLOCK fold raw=269.20 prev=268.93 new=269.20 d=+0.279 fr=344.52 dt=0.101 rate=1.00 paused=False backlog=103.17 edge=372.38 div=0.00
21:20:11.219 CLOCK integ raw=269.20 prev=269.20 new=269.31 d=+0.102 fr=344.52 dt=0.102 rate=1.00 paused=False backlog=103.17 edge=372.48 div=0.00
21:20:11.320 CLOCK integ raw=269.20 prev=269.31 new=269.41 d=+0.101 fr=344.52 dt=0.101 rate=1.00 paused=False backlog=103.17 edge=372.58 div=0.00
21:20:11.421 CLOCK fold raw=269.49 prev=269.41 new=269.49 d=+0.079 fr=344.52 dt=0.101 rate=1.00 paused=False backlog=103.19 edge=372.68 div=0.00
21:20:11.522 CLOCK integ raw=269.49 prev=269.49 new=269.59 d=+0.101 fr=344.52 dt=0.101 rate=1.00 paused=False backlog=103.19 edge=372.78 div=0.00
21:20:11.623 CLOCK integ raw=269.49 prev=269.59 new=269.69 d=+0.101 fr=344.52 dt=0.101 rate=1.00 paused=False backlog=103.19 edge=372.88 div=0.00
21:20:11.725 CLOCK fold raw=269.77 prev=269.69 new=269.77 d=+0.082 fr=344.52 dt=0.101 rate=1.00 paused=False backlog=103.21 edge=372.98 div=0.00
21:20:11.826 CLOCK integ raw=269.77 prev=269.77 new=269.87 d=+0.101 fr=344.52 dt=0.101 rate=1.00 paused=False backlog=103.21 edge=373.09 div=0.00
21:20:11.928 CLOCK integ raw=269.77 prev=269.87 new=269.97 d=+0.101 fr=344.52 dt=0.101 rate=1.00 paused=False backlog=103.21 edge=373.19 div=0.00
21:20:12.029 CLOCK fold raw=270.05 prev=269.97 new=270.05 d=+0.076 fr=344.52 dt=0.101 rate=1.00 paused=False backlog=103.24 edge=373.29 div=0.00
21:20:12.130 CLOCK integ raw=270.05 prev=270.05 new=270.15 d=+0.102 fr=344.52 dt=0.102 rate=1.00 paused=False backlog=103.24 edge=373.39 div=0.00
21:20:12.233 CLOCK integ raw=270.05 prev=270.15 new=270.25 d=+0.102 fr=344.52 dt=0.102 rate=1.00 paused=False backlog=103.24 edge=373.49 div=0.00
21:20:12.435 CLOCK fold raw=270.33 prev=270.25 new=270.33 d=+0.080 fr=344.52 dt=0.203 rate=1.00 paused=False backlog=103.36 edge=373.69 div=0.00
21:20:12.538 CLOCK fold raw=270.61 prev=270.33 new=270.61 d=+0.280 fr=344.52 dt=0.103 rate=1.00 paused=False backlog=103.18 edge=373.80 div=0.00
21:20:12.639 CLOCK integ raw=270.61 prev=270.61 new=270.71 d=+0.101 fr=344.52 dt=0.101 rate=1.00 paused=False backlog=103.18 edge=373.90 div=0.00
21:20:12.741 CLOCK integ raw=270.61 prev=270.71 new=270.81 d=+0.102 fr=344.52 dt=0.102 rate=1.00 paused=False backlog=103.18 edge=374.00 div=0.00
21:20:12.842 CLOCK fold raw=270.89 prev=270.81 new=270.89 d=+0.076 fr=344.52 dt=0.102 rate=1.00 paused=False backlog=103.21 edge=374.10 div=0.00
21:20:12.945 CLOCK integ raw=270.89 prev=270.89 new=270.99 d=+0.102 fr=344.52 dt=0.102 rate=1.00 paused=False backlog=102.14 edge=373.14 div=0.00
21:20:13.046 CLOCK integ raw=270.89 prev=270.99 new=271.09 d=+0.101 fr=344.52 dt=0.101 rate=1.00 paused=False backlog=102.14 edge=373.24 div=0.00
21:20:13.147 CLOCK fold raw=271.17 prev=271.09 new=271.17 d=+0.079 fr=344.52 dt=0.101 rate=1.00 paused=False backlog=102.17 edge=373.34 div=0.00
21:20:13.249 CLOCK integ raw=271.17 prev=271.17 new=271.28 d=+0.102 fr=350.62 dt=0.102 rate=1.00 paused=False backlog=102.17 edge=373.44 div=0.00
21:20:13.272 CUE cx=[370.47..372.07] adv=1.60 el=5.69 fresh | off=-0.00 fr=350.62 cc=271.28 raw=271.17 lead=+100.79 | pcr=375.765 head_rel=375.76 lag_ewma=7.89 | q=connection right here with the / Russian has faced aroma dun
21:20:13.273 CUE cx=[372.07..373.70] adv=1.63 el=0.02 fresh | off=-0.00 fr=350.62 cc=271.28 raw=271.17 lead=+102.43 | pcr=375.765 head_rel=375.76 lag_ewma=7.89 | q=Russian has faced aroma dunes a / dunes with his only catch 
21:20:13.374 ANCHOR pend_end=373.70 L=5.85 pinL=2.06 target=-0.58 off=-0.00
21:20:13.374 CLOCK fold raw=271.45 prev=271.28 new=271.45 d=+0.179 fr=350.62 dt=0.125 rate=1.00 paused=False backlog=103.85 edge=375.31 div=0.00
21:20:13.475 CLOCK integ raw=271.45 prev=271.45 new=271.56 d=+0.102 fr=350.62 dt=0.102 rate=1.00 paused=False backlog=103.85 edge=375.41 div=0.00
21:20:13.576 CLOCK integ raw=271.45 prev=271.56 new=271.66 d=+0.101 fr=350.62 dt=0.101 rate=1.00 paused=False backlog=103.85 edge=375.51 div=0.00
21:20:13.677 CLOCK fold raw=271.74 prev=271.66 new=271.74 d=+0.078 fr=350.62 dt=0.101 rate=1.00 paused=False backlog=103.88 edge=375.61 div=0.00
21:20:13.880 CLOCK integ raw=271.74 prev=271.74 new=271.94 d=+0.202 fr=350.62 dt=0.202 rate=1.00 paused=False backlog=103.88 edge=375.81 div=0.00
21:20:13.982 CLOCK fold raw=272.02 prev=271.94 new=272.02 d=+0.079 fr=350.62 dt=0.102 rate=1.00 paused=False backlog=103.90 edge=375.92 div=0.00
21:20:14.084 CLOCK integ raw=272.02 prev=272.02 new=272.12 d=+0.102 fr=350.62 dt=0.102 rate=1.00 paused=False backlog=103.90 edge=376.02 div=0.00
21:20:14.185 CLOCK integ raw=272.02 prev=272.12 new=272.22 d=+0.101 fr=350.62 dt=0.101 rate=1.00 paused=False backlog=103.90 edge=376.12 div=0.00
21:20:14.286 CLOCK fold raw=272.30 prev=272.22 new=272.30 d=+0.079 fr=350.62 dt=0.102 rate=1.00 paused=False backlog=103.92 edge=376.22 div=0.00
21:20:14.388 CLOCK integ raw=272.30 prev=272.30 new=272.40 d=+0.101 fr=350.62 dt=0.101 rate=1.00 paused=False backlog=103.92 edge=376.32 div=0.00
21:20:14.489 CLOCK fold raw=272.58 prev=272.40 new=272.58 d=+0.177 fr=350.62 dt=0.101 rate=1.00 paused=False backlog=103.85 edge=376.42 div=0.00
21:20:14.590 CLOCK integ raw=272.58 prev=272.58 new=272.68 d=+0.101 fr=350.62 dt=0.101 rate=1.00 paused=False backlog=103.85 edge=376.53 div=0.00
21:20:14.692 CLOCK integ raw=272.58 prev=272.68 new=272.78 d=+0.102 fr=350.62 dt=0.102 rate=1.00 paused=False backlog=103.85 edge=376.63 div=0.00
21:20:14.793 CLOCK fold raw=272.86 prev=272.78 new=272.86 d=+0.080 fr=350.62 dt=0.101 rate=1.00 paused=False backlog=103.87 edge=376.73 div=0.00
21:20:14.897 CLOCK integ raw=272.86 prev=272.86 new=272.96 d=+0.103 fr=350.62 dt=0.103 rate=1.00 paused=False backlog=103.39 edge=376.35 div=0.00
21:20:14.998 CLOCK integ raw=272.86 prev=272.96 new=273.06 d=+0.102 fr=350.62 dt=0.102 rate=1.00 paused=False backlog=103.39 edge=376.45 div=0.00
21:20:15.099 CLOCK fold raw=273.14 prev=273.06 new=273.14 d=+0.078 fr=350.62 dt=0.101 rate=1.00 paused=False backlog=103.41 edge=376.55 div=0.00
21:20:15.201 CLOCK integ raw=273.14 prev=273.14 new=273.24 d=+0.102 fr=350.62 dt=0.102 rate=1.00 paused=False backlog=103.41 edge=376.65 div=0.00
21:20:15.403 CLOCK fold raw=273.42 prev=273.24 new=273.42 d=+0.179 fr=350.62 dt=0.202 rate=1.00 paused=False backlog=103.43 edge=376.86 div=0.00
21:20:15.504 CLOCK integ raw=273.42 prev=273.42 new=273.53 d=+0.101 fr=350.62 dt=0.101 rate=1.00 paused=False backlog=103.43 edge=376.96 div=0.00
21:20:15.606 CLOCK integ raw=273.42 prev=273.53 new=273.63 d=+0.101 fr=350.62 dt=0.101 rate=1.00 paused=False backlog=103.43 edge=377.06 div=0.00
21:20:15.707 CLOCK fold raw=273.70 prev=273.63 new=273.70 d=+0.078 fr=350.62 dt=0.102 rate=1.00 paused=False backlog=103.46 edge=377.16 div=0.00
21:20:15.709 TICK fr=350.62 cc=273.70 raw=273.70 vid=273.42 playing=1 started=1 stall=0 | d_fr_cc=+76.91 d_fr_raw=+76.91 d_cc_raw=+0.00 | off=-0.29 ccx_end=373.70 since_show=0.0 since_cue=2.4 | pcr=375.765 pid=100 head_rel=375.76 ccx_lag=2.06 | credit=350.6 capped=0.0 | fsize=170525776 feed=170525776 feed_behind=0 | backlog=103.46 edge=377.16 div=0.00 lag_ewma=5.85
21:20:15.810 CLOCK integ raw=273.70 prev=273.70 new=273.81 d=+0.102 fr=350.62 dt=0.102 rate=1.00 paused=False backlog=103.46 edge=377.26 div=0.00
21:20:15.911 CLOCK fold raw=273.99 prev=273.81 new=273.99 d=+0.180 fr=350.62 dt=0.101 rate=1.00 paused=False backlog=103.38 edge=377.36 div=0.00
21:20:16.012 CLOCK integ raw=273.99 prev=273.99 new=274.09 d=+0.101 fr=350.62 dt=0.101 rate=1.00 paused=False backlog=103.38 edge=377.47 div=0.00
21:20:16.114 CLOCK integ raw=273.99 prev=274.09 new=274.19 d=+0.102 fr=353.38 dt=0.102 rate=1.00 paused=False backlog=103.38 edge=377.57 div=0.00
21:20:16.215 CLOCK fold raw=274.27 prev=274.19 new=274.27 d=+0.077 fr=353.38 dt=0.101 rate=1.00 paused=False backlog=103.40 edge=377.67 div=0.00
21:20:16.350 EDGESNAP err=+3.37 edge->381.04
21:20:16.350 CUE cx=[373.71..376.17] adv=2.47 el=3.05 fresh | off=-0.29 fr=353.38 cc=274.27 raw=274.27 lead=+101.62 | pcr=381.038 head_rel=381.04 lag_ewma=9.22 | q=dunes with his only catch of / the day. But it goes for 18 /
21:20:16.351 ANCHOR pend_end=376.17 L=7.70 pinL=4.86 target=0.00 off=-0.29
21:20:16.351 CLOCK integ raw=274.27 prev=274.27 new=274.40 d=+0.136 fr=353.38 dt=0.136 rate=1.00 paused=False backlog=106.77 edge=381.17 div=0.00
21:20:16.454 CLOCK integ raw=274.27 prev=274.40 new=274.51 d=+0.103 fr=353.82 dt=0.103 rate=1.00 paused=False backlog=106.77 edge=381.28 div=0.00
21:20:16.556 CUE cx=[376.18..378.04] adv=1.87 el=0.24 fresh | off=-0.15 fr=353.82 cc=274.51 raw=274.55 lead=+103.39 | pcr=381.038 head_rel=381.04 lag_ewma=7.70 | q=the day. But it goes for 18 / yards. Caleb two of 528 yards 
21:20:16.556 ANCHOR pend_end=378.04 L=6.05 pinL=2.99 target=0.12 off=-0.15
21:20:16.557 CLOCK fold raw=274.55 prev=274.51 new=274.55 d=+0.043 fr=353.82 dt=0.103 rate=1.00 paused=False backlog=106.71 edge=381.26 div=0.00
21:20:16.659 CLOCK integ raw=274.55 prev=274.55 new=274.65 d=+0.101 fr=353.82 dt=0.101 rate=1.00 paused=False backlog=106.71 edge=381.36 div=0.00
21:20:16.760 CLOCK fold raw=274.83 prev=274.65 new=274.83 d=+0.179 fr=353.82 dt=0.102 rate=1.00 paused=False backlog=106.63 edge=381.46 div=0.00
21:20:16.885 CLOCK integ raw=274.83 prev=274.83 new=274.95 d=+0.125 fr=354.25 dt=0.125 rate=1.00 paused=False backlog=107.27 edge=382.22 div=0.00
21:20:16.987 CLOCK integ raw=274.83 prev=274.95 new=275.06 d=+0.102 fr=354.25 dt=0.102 rate=1.00 paused=False backlog=107.27 edge=382.32 div=0.00
21:20:17.088 CLOCK fold raw=275.11 prev=275.06 new=275.11 d=+0.054 fr=354.25 dt=0.101 rate=1.00 paused=False backlog=107.31 edge=382.42 div=0.00
21:20:17.189 CLOCK integ raw=275.11 prev=275.11 new=275.21 d=+0.101 fr=354.25 dt=0.101 rate=1.00 paused=False backlog=107.31 edge=382.52 div=0.00
21:20:17.290 CLOCK integ raw=275.11 prev=275.21 new=275.31 d=+0.102 fr=354.25 dt=0.102 rate=1.00 paused=False backlog=107.31 edge=382.63 div=0.00
21:20:17.392 CLOCK fold raw=275.39 prev=275.31 new=275.39 d=+0.079 fr=354.25 dt=0.101 rate=1.00 paused=False backlog=107.33 edge=382.73 div=0.00
21:20:17.594 CLOCK fold raw=275.67 prev=275.39 new=275.67 d=+0.280 fr=354.25 dt=0.202 rate=1.00 paused=False backlog=107.26 edge=382.93 div=0.00
21:20:17.695 CLOCK integ raw=275.67 prev=275.67 new=275.77 d=+0.101 fr=354.25 dt=0.101 rate=1.00 paused=False backlog=107.26 edge=383.03 div=0.00
21:20:17.796 CLOCK integ raw=275.67 prev=275.77 new=275.87 d=+0.101 fr=354.25 dt=0.101 rate=1.00 paused=False backlog=107.26 edge=383.13 div=0.00
21:20:17.897 CLOCK fold raw=275.95 prev=275.87 new=275.95 d=+0.079 fr=354.25 dt=0.101 rate=1.00 paused=False backlog=107.28 edge=383.23 div=0.00
21:20:17.999 CLOCK integ raw=275.95 prev=275.95 new=276.06 d=+0.101 fr=354.25 dt=0.101 rate=1.00 paused=False backlog=107.28 edge=383.33 div=0.00
21:20:18.101 CLOCK integ raw=275.95 prev=276.06 new=276.16 d=+0.102 fr=354.25 dt=0.102 rate=1.00 paused=False backlog=107.28 edge=383.44 div=0.00
21:20:18.203 CLOCK fold raw=276.24 prev=276.16 new=276.24 d=+0.077 fr=354.25 dt=0.102 rate=1.00 paused=False backlog=107.30 edge=383.54 div=0.00
21:20:18.304 CLOCK integ raw=276.24 prev=276.24 new=276.34 d=+0.101 fr=354.25 dt=0.101 rate=1.00 paused=False backlog=107.30 edge=383.64 div=0.00
21:20:18.405 CLOCK integ raw=276.24 prev=276.34 new=276.44 d=+0.101 fr=354.25 dt=0.101 rate=1.00 paused=False backlog=107.30 edge=383.74 div=0.00
21:20:18.506 CLOCK fold raw=276.52 prev=276.44 new=276.52 d=+0.078 fr=354.25 dt=0.101 rate=1.00 paused=False backlog=107.33 edge=383.84 div=0.00
21:20:18.608 CLOCK integ raw=276.52 prev=276.52 new=276.62 d=+0.101 fr=354.25 dt=0.101 rate=1.00 paused=False backlog=107.33 edge=383.94 div=0.00
21:20:18.709 CLOCK fold raw=276.80 prev=276.62 new=276.80 d=+0.184 fr=354.25 dt=0.102 rate=1.00 paused=False backlog=107.24 edge=384.04 div=0.00
21:20:18.813 CLOCK integ raw=276.80 prev=276.80 new=276.90 d=+0.104 fr=354.25 dt=0.104 rate=1.00 paused=False backlog=106.58 edge=383.49 div=0.00
21:20:19.017 CLOCK fold raw=277.08 prev=276.90 new=277.08 d=+0.176 fr=354.25 dt=0.204 rate=1.00 paused=False backlog=106.61 edge=383.69 div=0.00
21:20:19.119 CLOCK integ raw=277.08 prev=277.08 new=277.18 d=+0.102 fr=354.25 dt=0.102 rate=1.00 paused=False backlog=106.61 edge=383.79 div=0.00
21:20:19.220 CLOCK integ raw=277.08 prev=277.18 new=277.28 d=+0.102 fr=354.25 dt=0.102 rate=1.00 paused=False backlog=106.61 edge=383.90 div=0.00
21:20:19.322 CLOCK fold raw=277.36 prev=277.28 new=277.36 d=+0.074 fr=354.25 dt=0.101 rate=1.00 paused=False backlog=106.64 edge=384.00 div=0.00
21:20:19.423 CLOCK integ raw=277.36 prev=277.36 new=277.46 d=+0.102 fr=354.25 dt=0.102 rate=1.00 paused=False backlog=106.64 edge=384.10 div=0.00
21:20:19.524 CLOCK integ raw=277.36 prev=277.46 new=277.56 d=+0.101 fr=354.25 dt=0.101 rate=1.00 paused=False backlog=106.64 edge=384.20 div=0.00
21:20:19.625 CLOCK fold raw=277.64 prev=277.56 new=277.64 d=+0.077 fr=354.25 dt=0.101 rate=1.00 paused=False backlog=106.66 edge=384.30 div=0.00
21:20:19.727 CLOCK integ raw=277.64 prev=277.64 new=277.74 d=+0.101 fr=354.25 dt=0.101 rate=1.00 paused=False backlog=106.66 edge=384.40 div=0.00
21:20:19.828 CLOCK integ raw=277.64 prev=277.74 new=277.84 d=+0.101 fr=354.25 dt=0.101 rate=1.00 paused=False backlog=106.66 edge=384.50 div=0.00
21:20:19.929 CLOCK fold raw=277.92 prev=277.84 new=277.92 d=+0.080 fr=354.25 dt=0.101 rate=1.00 paused=False backlog=106.68 edge=384.61 div=0.00
21:20:20.030 CLOCK integ raw=277.92 prev=277.92 new=278.02 d=+0.101 fr=354.25 dt=0.101 rate=1.00 paused=False backlog=106.68 edge=384.71 div=0.00
21:20:20.132 CLOCK fold raw=278.20 prev=278.02 new=278.20 d=+0.178 fr=354.25 dt=0.102 rate=1.00 paused=False backlog=106.61 edge=384.81 div=0.00
21:20:20.235 CLOCK integ raw=278.20 prev=278.20 new=278.30 d=+0.103 fr=354.25 dt=0.103 rate=1.00 paused=False backlog=106.61 edge=384.91 div=0.00
21:20:20.437 CLOCK fold raw=278.48 prev=278.30 new=278.48 d=+0.180 fr=354.25 dt=0.202 rate=1.00 paused=False backlog=106.63 edge=385.11 div=0.00
21:20:20.538 CLOCK integ raw=278.48 prev=278.48 new=278.59 d=+0.102 fr=354.25 dt=0.102 rate=1.00 paused=False backlog=106.63 edge=385.21 div=0.00
21:20:20.640 CLOCK integ raw=278.48 prev=278.59 new=278.69 d=+0.102 fr=354.25 dt=0.102 rate=1.00 paused=False backlog=106.63 edge=385.32 div=0.00
21:20:20.742 TICK fr=354.25 cc=278.69 raw=278.76 vid=278.48 playing=1 started=1 stall=0 | d_fr_cc=+75.56 d_fr_raw=+75.49 d_cc_raw=-0.08 | off=-0.01 ccx_end=378.04 since_show=0.1 since_cue=4.2 | pcr=382.727 pid=100 head_rel=382.73 ccx_lag=4.68 | credit=354.3 capped=0.0 | fsize=173594312 feed=173594312 feed_behind=0 | backlog=106.63 edge=385.32 div=0.00 lag_ewma=6.05
21:20:20.742 CLOCK fold raw=278.76 prev=278.69 new=278.76 d=+0.078 fr=354.25 dt=0.102 rate=1.00 paused=False backlog=106.65 edge=385.42 div=0.00
21:20:20.844 CLOCK integ raw=278.76 prev=278.76 new=278.87 d=+0.102 fr=354.25 dt=0.102 rate=1.00 paused=False backlog=106.65 edge=385.52 div=0.00
21:20:20.845 EDGESNAP err=-2.79 edge->382.73
21:20:20.946 CLOCK integ raw=278.76 prev=278.87 new=278.97 d=+0.102 fr=354.25 dt=0.102 rate=1.00 paused=False backlog=103.86 edge=382.83 div=0.00
21:20:21.048 CLOCK fold raw=279.05 prev=278.97 new=279.05 d=+0.077 fr=354.25 dt=0.101 rate=1.00 paused=False backlog=103.88 edge=382.93 div=0.00
21:20:21.149 CLOCK integ raw=279.05 prev=279.05 new=279.15 d=+0.101 fr=354.25 dt=0.101 rate=1.00 paused=False backlog=103.88 edge=383.03 div=0.00
21:20:21.252 CLOCK fold raw=279.33 prev=279.15 new=279.33 d=+0.179 fr=354.25 dt=0.103 rate=1.00 paused=False backlog=103.81 edge=383.13 div=0.00
21:20:21.353 CLOCK integ raw=279.33 prev=279.33 new=279.43 d=+0.102 fr=354.25 dt=0.102 rate=1.00 paused=False backlog=103.81 edge=383.24 div=0.00
21:20:21.455 CLOCK integ raw=279.33 prev=279.43 new=279.53 d=+0.101 fr=354.25 dt=0.101 rate=1.00 paused=False backlog=103.81 edge=383.34 div=0.00
21:20:21.556 CLOCK fold raw=279.61 prev=279.53 new=279.61 d=+0.078 fr=354.25 dt=0.101 rate=1.00 paused=False backlog=103.83 edge=383.44 div=0.00
21:20:21.659 CLOCK integ raw=279.61 prev=279.61 new=279.71 d=+0.103 fr=354.25 dt=0.103 rate=1.00 paused=False backlog=103.83 edge=383.54 div=0.00
21:20:21.861 CLOCK fold raw=279.89 prev=279.71 new=279.89 d=+0.177 fr=354.25 dt=0.202 rate=1.00 paused=False backlog=103.86 edge=383.74 div=0.00
21:20:21.963 CLOCK integ raw=279.89 prev=279.89 new=279.99 d=+0.102 fr=354.25 dt=0.102 rate=1.00 paused=False backlog=103.86 edge=383.85 div=0.00
21:20:22.064 CLOCK integ raw=279.89 prev=279.99 new=280.09 d=+0.101 fr=354.25 dt=0.101 rate=1.00 paused=False backlog=103.86 edge=383.95 div=0.00
21:20:22.165 CLOCK fold raw=280.17 prev=280.09 new=280.17 d=+0.078 fr=359.53 dt=0.101 rate=1.00 paused=False backlog=103.88 edge=384.05 div=0.00
21:20:22.267 CLOCK integ raw=280.17 prev=280.17 new=280.27 d=+0.102 fr=359.53 dt=0.102 rate=1.00 paused=False backlog=103.88 edge=384.15 div=0.00
21:20:22.369 CLOCK fold raw=280.45 prev=280.27 new=280.45 d=+0.179 fr=359.53 dt=0.102 rate=1.00 paused=False backlog=103.80 edge=384.25 div=0.00
21:20:22.471 CLOCK integ raw=280.45 prev=280.45 new=280.55 d=+0.102 fr=359.53 dt=0.102 rate=1.00 paused=False backlog=103.80 edge=384.35 div=0.00
21:20:22.573 CUE cx=[378.05..383.75] adv=5.71 el=6.02 fresh | off=-0.01 fr=359.53 cc=280.55 raw=280.45 lead=+103.19 | pcr=386.381 head_rel=386.38 lag_ewma=6.05 | q=yards. Caleb two of 528 yards / through the air. Bengals get
21:20:22.573 CUE cx=[383.75..385.48] adv=1.73 el=0.00 fresh | off=-0.01 fr=359.53 cc=280.55 raw=280.45 lead=+104.92 | pcr=386.381 head_rel=386.38 lag_ewma=6.05 | q=through the air. Bengals get / the win 27 to 9. Here's what 
21:20:22.574 ANCHOR pend_end=385.48 L=4.25 pinL=0.90 target=-0.51 off=-0.01
21:20:22.574 CLOCK integ raw=280.45 prev=280.55 new=280.65 d=+0.103 fr=359.94 dt=0.103 rate=1.00 paused=False backlog=105.32 edge=385.98 div=0.00
21:20:22.675 CLOCK fold raw=280.73 prev=280.65 new=280.73 d=+0.079 fr=359.94 dt=0.101 rate=1.00 paused=False backlog=105.35 edge=386.08 div=0.00
21:20:22.776 CLOCK integ raw=280.73 prev=280.73 new=280.83 d=+0.101 fr=359.94 dt=0.101 rate=1.00 paused=False backlog=105.35 edge=386.18 div=0.00
21:20:22.879 CLOCK integ raw=280.73 prev=280.83 new=280.94 d=+0.103 fr=359.94 dt=0.103 rate=1.00 paused=False backlog=105.45 edge=386.38 div=0.00
21:20:22.980 CLOCK fold raw=281.01 prev=280.94 new=281.01 d=+0.076 fr=359.94 dt=0.101 rate=1.00 paused=False backlog=105.47 edge=386.48 div=0.00
21:20:23.081 CLOCK integ raw=281.01 prev=281.01 new=281.11 d=+0.101 fr=359.94 dt=0.101 rate=1.00 paused=False backlog=105.47 edge=386.58 div=0.00
21:20:23.283 CLOCK fold raw=281.29 prev=281.11 new=281.29 d=+0.180 fr=359.94 dt=0.202 rate=1.00 paused=False backlog=105.49 edge=386.79 div=0.00
21:20:23.385 CLOCK integ raw=281.29 prev=281.29 new=281.40 d=+0.102 fr=359.94 dt=0.102 rate=1.00 paused=False backlog=105.49 edge=386.89 div=0.00
21:20:23.488 CLOCK fold raw=281.58 prev=281.40 new=281.58 d=+0.183 fr=359.94 dt=0.103 rate=1.00 paused=False backlog=105.41 edge=386.99 div=0.00
21:20:23.589 CLOCK integ raw=281.58 prev=281.58 new=281.68 d=+0.101 fr=359.94 dt=0.101 rate=1.00 paused=False backlog=105.41 edge=387.09 div=0.00
21:20:23.691 CLOCK integ raw=281.58 prev=281.68 new=281.78 d=+0.102 fr=359.94 dt=0.102 rate=1.00 paused=False backlog=105.41 edge=387.19 div=0.00
21:20:23.792 CLOCK fold raw=281.85 prev=281.78 new=281.85 d=+0.073 fr=359.94 dt=0.101 rate=1.00 paused=False backlog=105.44 edge=387.30 div=0.00
21:20:23.893 CLOCK integ raw=281.85 prev=281.85 new=281.96 d=+0.101 fr=359.94 dt=0.101 rate=1.00 paused=False backlog=105.44 edge=387.40 div=0.00
21:20:23.994 CLOCK integ raw=281.85 prev=281.96 new=282.06 d=+0.101 fr=359.94 dt=0.101 rate=1.00 paused=False backlog=105.44 edge=387.50 div=0.00
21:20:24.095 CLOCK fold raw=282.14 prev=282.06 new=282.14 d=+0.081 fr=359.94 dt=0.101 rate=1.00 paused=False backlog=105.46 edge=387.60 div=0.00
21:20:24.198 CLOCK integ raw=282.14 prev=282.14 new=282.24 d=+0.102 fr=359.94 dt=0.102 rate=1.00 paused=False backlog=105.46 edge=387.70 div=0.00
21:20:24.300 CLOCK integ raw=282.14 prev=282.24 new=282.34 d=+0.102 fr=359.94 dt=0.102 rate=1.00 paused=False backlog=105.46 edge=387.80 div=0.00
21:20:24.401 CLOCK fold raw=282.42 prev=282.34 new=282.42 d=+0.076 fr=359.94 dt=0.101 rate=1.00 paused=False backlog=105.49 edge=387.90 div=0.00
21:20:24.502 CLOCK integ raw=282.42 prev=282.42 new=282.52 d=+0.101 fr=359.94 dt=0.101 rate=1.00 paused=False backlog=105.49 edge=388.01 div=0.00
21:20:24.704 CLOCK fold raw=282.70 prev=282.52 new=282.70 d=+0.179 fr=359.94 dt=0.202 rate=1.00 paused=False backlog=105.51 edge=388.21 div=0.00
21:20:24.805 CLOCK integ raw=282.70 prev=282.70 new=282.80 d=+0.101 fr=359.94 dt=0.101 rate=1.00 paused=False backlog=105.51 edge=388.31 div=0.00
21:20:24.908 CLOCK fold raw=282.98 prev=282.80 new=282.98 d=+0.181 fr=359.94 dt=0.103 rate=1.00 paused=False backlog=104.47 edge=387.45 div=0.00
21:20:25.012 CLOCK integ raw=282.98 prev=282.98 new=283.08 d=+0.102 fr=359.94 dt=0.102 rate=1.00 paused=False backlog=104.47 edge=387.55 div=0.00
21:20:25.114 CLOCK integ raw=282.98 prev=283.08 new=283.19 d=+0.104 fr=359.94 dt=0.104 rate=1.00 paused=False backlog=104.47 edge=387.65 div=0.00
21:20:25.215 CLOCK fold raw=283.26 prev=283.19 new=283.26 d=+0.075 fr=359.94 dt=0.101 rate=1.00 paused=False backlog=104.49 edge=387.75 div=0.00
21:20:25.316 CLOCK integ raw=283.26 prev=283.26 new=283.36 d=+0.101 fr=359.94 dt=0.101 rate=1.00 paused=False backlog=104.49 edge=387.86 div=0.00
21:20:25.417 CLOCK integ raw=283.26 prev=283.36 new=283.46 d=+0.101 fr=359.94 dt=0.101 rate=1.00 paused=False backlog=104.49 edge=387.96 div=0.00
21:20:25.520 CLOCK fold raw=283.54 prev=283.46 new=283.54 d=+0.078 fr=359.94 dt=0.102 rate=1.00 paused=False backlog=104.52 edge=388.06 div=0.00
21:20:25.621 CLOCK integ raw=283.54 prev=283.54 new=283.64 d=+0.101 fr=359.94 dt=0.101 rate=1.00 paused=False backlog=104.52 edge=388.16 div=0.00
21:20:25.722 PHASE JUMPLIVE jump to live + 2.5 min
21:20:25.723 XPORT rate target=- raw_pre=283.54 fr=359.94 cc=283.64 vid=283.26 rate=1.00 rate=1
21:20:25.723 XPORT jump_live target=388.16 raw_pre=283.54 fr=359.94 cc=283.64 vid=283.26 rate=1.00 
21:20:25.723 XPORT jump_edge target=388.16 raw_pre=283.54 fr=359.94 cc=283.64 vid=283.26 rate=1.00 safe=383.16 vlc=383.16 resume=True
21:20:25.724 SEED target=383.16 jump=True backlog=5.00 edge=388.16
21:20:25.726 TICK fr=359.94 cc=383.16 raw=383.16 vid=383.16 playing=1 started=1 stall=0 | d_fr_cc=-23.22 d_fr_raw=-23.22 d_cc_raw=+0.00 | off=-0.26 ccx_end=385.48 since_show=0.1 since_cue=3.2 | pcr=386.381 pid=100 head_rel=386.38 ccx_lag=0.90 | credit=359.9 capped=0.0 | fsize=175257924 feed=175257924 feed_behind=0 | backlog=5.00 edge=388.16 div=0.00 lag_ewma=4.25
21:20:25.727 CLOCK base raw=383.16 prev=383.16 new=383.16 d=+0.001 fr=359.94 dt=0.001 rate=1.00 paused=False backlog=5.00 edge=388.16 div=0.00
21:20:25.818 CLOCK integ raw=383.16 prev=383.16 new=383.25 d=+0.093 fr=359.94 dt=0.093 rate=1.00 paused=False backlog=5.00 edge=388.25 div=0.00
21:20:25.942 CLOCK integ raw=383.16 prev=383.25 new=383.38 d=+0.123 fr=359.94 dt=0.123 rate=1.00 paused=False backlog=5.00 edge=388.38 div=0.00
21:20:26.035 CLOCK integ raw=383.16 prev=383.38 new=383.47 d=+0.094 fr=359.94 dt=0.094 rate=1.00 paused=False backlog=5.00 edge=388.47 div=0.00
21:20:26.158 CLOCK integ raw=383.16 prev=383.47 new=383.59 d=+0.122 fr=359.94 dt=0.122 rate=1.00 paused=False backlog=5.00 edge=388.59 div=0.00
21:20:26.250 CLOCK integ raw=383.16 prev=383.59 new=383.69 d=+0.092 fr=359.94 dt=0.092 rate=1.00 paused=False backlog=5.00 edge=388.69 div=0.00
21:20:26.372 CLOCK integ raw=383.16 prev=383.69 new=383.81 d=+0.122 fr=359.94 dt=0.122 rate=1.00 paused=False backlog=5.00 edge=388.81 div=0.00
21:20:26.464 CLOCK integ raw=383.16 prev=383.81 new=383.90 d=+0.092 fr=359.94 dt=0.092 rate=1.00 paused=False backlog=5.00 edge=388.90 div=0.00
21:20:26.588 CLOCK integ raw=383.16 prev=383.90 new=384.02 d=+0.124 fr=359.94 dt=0.124 rate=1.00 paused=False backlog=5.00 edge=389.02 div=0.00
21:20:26.680 CLOCK integ raw=383.16 prev=384.02 new=384.12 d=+0.092 fr=359.94 dt=0.092 rate=1.00 paused=False backlog=5.00 edge=389.12 div=0.00
21:20:26.743 XPORT1s jump_edge raw=383.16 fr=359.94 cc=384.12 vid=383.96
21:20:26.743 XPORT1s rate raw=383.16 fr=359.94 cc=384.12 vid=383.96
21:20:26.744 XPORT1s jump_live raw=383.16 fr=359.94 cc=384.12 vid=383.96
21:20:26.805 CLOCK integ raw=383.16 prev=384.12 new=384.16 d=+0.044 fr=359.94 dt=0.124 rate=1.00 paused=False backlog=5.08 edge=389.24 div=0.00
21:20:26.806 EDGESNAP err=-2.86 edge->386.38
21:20:26.898 CLOCK integ raw=383.16 prev=384.16 new=384.16 d=+0.000 fr=359.94 dt=0.094 rate=1.00 paused=False backlog=2.31 edge=386.47 div=0.00
21:20:27.022 CLOCK integ raw=383.16 prev=384.16 new=384.16 d=+0.000 fr=359.94 dt=0.124 rate=1.00 paused=False backlog=2.44 edge=386.60 div=0.00
21:20:27.145 CLOCK integ raw=383.16 prev=384.16 new=384.16 d=+0.000 fr=359.94 dt=0.122 rate=1.00 paused=False backlog=2.56 edge=386.72 div=0.00
21:20:27.257 EDGESNAP err=+3.46 edge->390.18
21:20:27.258 CUE cx=[385.49..386.42] adv=0.93 el=4.66 fresh | off=-0.26 fr=359.94 cc=384.16 raw=383.16 lead=+2.00 | pcr=390.180 head_rel=390.18 lag_ewma=7.71 | q=the win 27 to 9. Here's what we / got coming up for you as w
21:20:27.258 ANCHOR pend_end=386.42 L=6.32 pinL=3.76 target=0.00 off=-0.26
21:20:27.258 CLOCK integ raw=383.16 prev=384.16 new=384.16 d=+0.000 fr=359.94 dt=0.113 rate=1.00 paused=False backlog=6.13 edge=390.29 div=0.00
21:20:27.350 CLOCK integ raw=383.16 prev=384.16 new=384.16 d=+0.000 fr=359.94 dt=0.093 rate=1.00 paused=False backlog=6.22 edge=390.38 div=0.00
21:20:27.473 CLOCK integ raw=383.16 prev=384.16 new=384.16 d=+0.000 fr=364.75 dt=0.123 rate=1.00 paused=False backlog=6.35 edge=390.51 div=0.00
21:20:27.505 CUE cx=[386.42..388.79] adv=2.37 el=0.27 fresh | off=-0.13 fr=364.75 cc=384.16 raw=383.16 lead=+4.50 | pcr=390.180 head_rel=390.18 lag_ewma=6.32 | q=got coming up for you as we get / ready to kick off preseaso
21:20:27.568 ANCHOR pend_end=388.79 L=4.60 pinL=1.39 target=0.16 off=-0.13
21:20:27.568 CLOCK integ raw=383.16 prev=384.16 new=384.16 d=+0.000 fr=364.75 dt=0.094 rate=1.00 paused=False backlog=6.28 edge=390.44 div=0.00
21:20:27.690 CLOCK integ raw=383.16 prev=384.16 new=384.16 d=+0.000 fr=364.75 dt=0.123 rate=1.00 paused=False backlog=6.40 edge=390.56 div=0.00
21:20:27.784 CLOCK integ raw=383.16 prev=384.16 new=384.16 d=+0.000 fr=364.75 dt=0.094 rate=1.00 paused=False backlog=6.49 edge=390.65 div=0.00
21:20:27.906 CLOCK integ raw=383.16 prev=384.16 new=384.16 d=+0.000 fr=364.75 dt=0.122 rate=1.00 paused=False backlog=6.62 edge=390.78 div=0.00
21:20:28.000 CLOCK integ raw=383.16 prev=384.16 new=384.16 d=+0.000 fr=364.75 dt=0.094 rate=1.00 paused=False backlog=6.71 edge=390.87 div=0.00
21:20:28.125 CLOCK fold raw=383.16 prev=384.16 new=383.16 d=-0.998 fr=364.75 dt=0.124 rate=1.00 paused=False backlog=7.83 edge=390.99 div=-0.00
21:20:28.220 CLOCK integ raw=383.16 prev=383.16 new=383.26 d=+0.095 fr=364.75 dt=0.095 rate=1.00 paused=False backlog=7.83 edge=391.09 div=-0.00
21:20:28.343 CLOCK integ raw=383.16 prev=383.26 new=383.38 d=+0.123 fr=364.75 dt=0.123 rate=1.00 paused=False backlog=7.83 edge=391.21 div=-0.00
21:20:28.437 CLOCK fold raw=383.45 prev=383.38 new=383.46 d=+0.075 fr=364.75 dt=0.095 rate=1.00 paused=False backlog=7.85 edge=391.31 div=-0.00
21:20:28.561 CLOCK integ raw=383.45 prev=383.46 new=383.58 d=+0.123 fr=364.75 dt=0.123 rate=1.00 paused=False backlog=7.85 edge=391.43 div=-0.00
21:20:28.684 CLOCK fold raw=383.73 prev=383.58 new=383.74 d=+0.157 fr=364.75 dt=0.124 rate=1.00 paused=False backlog=7.71 edge=391.44 div=-0.00
21:20:28.847 CLOCK trickle raw=383.73 prev=383.74 new=383.74 d=+0.000 fr=364.75 dt=0.163 rate=1.00 paused=False backlog=7.72 edge=391.46 div=-0.00
21:20:28.951 CLOCK trickle raw=383.73 prev=383.74 new=383.74 d=+0.000 fr=364.75 dt=0.104 rate=1.00 paused=False backlog=7.09 edge=390.83 div=-0.00
21:20:29.053 CLOCK fold raw=384.01 prev=383.74 new=384.02 d=+0.281 fr=364.75 dt=0.101 rate=1.00 paused=False backlog=6.82 edge=390.84 div=-0.00
21:20:29.155 CLOCK trickle raw=384.01 prev=384.02 new=384.02 d=+0.000 fr=364.75 dt=0.102 rate=1.00 paused=False backlog=6.85 edge=390.87 div=-0.00
21:20:29.255 CLOCK fold raw=384.30 prev=384.02 new=384.30 d=+0.282 fr=364.75 dt=0.101 rate=1.00 paused=False backlog=6.60 edge=390.89 div=-0.00
21:20:29.357 CLOCK trickle raw=384.30 prev=384.30 new=384.30 d=+0.000 fr=364.75 dt=0.101 rate=1.00 paused=False backlog=6.62 edge=390.92 div=-0.00
21:20:29.458 CLOCK integ raw=384.30 prev=384.30 new=384.40 d=+0.101 fr=364.75 dt=0.101 rate=1.00 paused=False backlog=6.62 edge=391.02 div=-0.00
21:20:29.560 CLOCK fold raw=384.58 prev=384.40 new=384.59 d=+0.187 fr=364.75 dt=0.102 rate=1.00 paused=False backlog=6.54 edge=391.13 div=-0.00
21:20:29.662 CLOCK integ raw=384.58 prev=384.59 new=384.69 d=+0.102 fr=364.75 dt=0.102 rate=1.00 paused=False backlog=6.54 edge=391.23 div=-0.00
21:20:29.763 CLOCK integ raw=384.58 prev=384.69 new=384.79 d=+0.101 fr=364.75 dt=0.101 rate=1.00 paused=False backlog=6.54 edge=391.33 div=-0.00
21:20:29.865 CLOCK fold raw=384.86 prev=384.79 new=384.86 d=+0.074 fr=364.75 dt=0.103 rate=1.00 paused=False backlog=6.57 edge=391.43 div=-0.00
21:20:29.966 CLOCK integ raw=384.86 prev=384.86 new=384.96 d=+0.101 fr=364.75 dt=0.101 rate=1.00 paused=False backlog=6.57 edge=391.53 div=-0.00
21:20:30.168 CLOCK fold raw=385.14 prev=384.96 new=385.15 d=+0.182 fr=364.75 dt=0.201 rate=1.00 paused=False backlog=6.59 edge=391.73 div=-0.00
21:20:30.269 CLOCK integ raw=385.14 prev=385.15 new=385.25 d=+0.101 fr=364.75 dt=0.101 rate=1.00 paused=False backlog=6.59 edge=391.83 div=-0.00
21:20:30.371 CLOCK fold raw=385.42 prev=385.25 new=385.42 d=+0.176 fr=364.75 dt=0.102 rate=1.00 paused=False backlog=6.51 edge=391.94 div=-0.00
21:20:30.473 CLOCK integ raw=385.42 prev=385.42 new=385.52 d=+0.102 fr=364.75 dt=0.102 rate=1.00 paused=False backlog=6.51 edge=392.04 div=-0.00
21:20:30.574 CLOCK integ raw=385.42 prev=385.52 new=385.63 d=+0.101 fr=364.75 dt=0.101 rate=1.00 paused=False backlog=6.51 edge=392.14 div=-0.00
21:20:30.675 CLOCK fold raw=385.71 prev=385.63 new=385.71 d=+0.081 fr=364.75 dt=0.102 rate=1.00 paused=False backlog=6.53 edge=392.24 div=-0.00
21:20:30.677 TICK fr=364.75 cc=385.71 raw=385.71 vid=385.71 playing=1 started=1 stall=0 | d_fr_cc=-20.96 d_fr_raw=-20.96 d_cc_raw=+0.00 | off=0.02 ccx_end=388.79 since_show=0.0 since_cue=3.2 | pcr=390.180 pid=100 head_rel=390.18 ccx_lag=1.39 | credit=364.7 capped=0.0 | fsize=176926236 feed=176926236 feed_behind=0 | backlog=6.53 edge=392.24 div=-0.00 lag_ewma=4.60
21:20:30.782 CLOCK integ raw=385.71 prev=385.71 new=385.81 d=+0.105 fr=364.75 dt=0.105 rate=1.00 paused=False backlog=6.53 edge=392.35 div=-0.00
21:20:30.884 CLOCK integ raw=385.71 prev=385.81 new=385.92 d=+0.103 fr=364.75 dt=0.103 rate=1.00 paused=False backlog=5.45 edge=391.37 div=-0.00
21:20:30.985 CLOCK fold raw=385.98 prev=385.92 new=385.99 d=+0.069 fr=364.75 dt=0.101 rate=1.00 paused=False backlog=5.48 edge=391.47 div=-0.00
21:20:31.086 CLOCK integ raw=385.98 prev=385.99 new=386.09 d=+0.101 fr=368.45 dt=0.101 rate=1.00 paused=False backlog=5.48 edge=391.57 div=-0.00
21:20:31.188 CLOCK integ raw=385.98 prev=386.09 new=386.19 d=+0.102 fr=368.45 dt=0.102 rate=1.00 paused=False backlog=5.48 edge=391.67 div=-0.00
21:20:31.319 EDGESNAP err=+3.29 edge->394.96
21:20:31.319 CUE cx=[388.79..390.45] adv=1.67 el=3.79 fresh | off=0.02 fr=368.45 cc=386.19 raw=386.27 lead=+4.28 | pcr=394.957 head_rel=394.96 lag_ewma=7.89 | q=ready to kick off preseason / week. Number three on Thursday
21:20:31.319 CUE cx=[390.46..391.66] adv=1.20 el=0.03 fresh | off=0.02 fr=368.45 cc=386.19 raw=386.27 lead=+5.49 | pcr=394.957 head_rel=394.96 lag_ewma=7.89 | q=week. Number three on Thursday / night, we'll see the Steele
21:20:31.321 ANCHOR pend_end=391.66 L=6.28 pinL=3.30 target=0.00 off=0.02
21:20:31.321 CLOCK fold raw=386.27 prev=386.19 new=386.27 d=+0.084 fr=368.45 dt=0.132 rate=1.00 paused=False backlog=8.82 edge=395.09 div=-0.00
21:20:31.422 CLOCK integ raw=386.27 prev=386.27 new=386.37 d=+0.101 fr=368.45 dt=0.101 rate=1.00 paused=False backlog=8.82 edge=395.19 div=-0.00
21:20:31.525 CUE cx=[391.66..393.26] adv=1.60 el=0.21 fresh | off=0.01 fr=368.89 cc=386.37 raw=386.55 lead=+6.89 | pcr=394.957 head_rel=394.96 lag_ewma=6.28 | q=night, we'll see the Steelers / in bills from Orchard Park, 
21:20:31.525 CUE cx=[393.26..395.73] adv=2.47 el=0.00 fresh | off=0.01 fr=368.89 cc=386.37 raw=386.55 lead=+9.36 | pcr=394.957 head_rel=394.96 lag_ewma=6.28 | q=in bills from Orchard Park, New / York 7:00 Eastern Time. Ki
21:20:31.526 ANCHOR pend_end=395.73 L=6.28 pinL=- target=-6.99 off=0.01
21:20:31.526 CLOCK fold raw=386.55 prev=386.37 new=386.55 d=+0.181 fr=368.89 dt=0.104 rate=1.00 paused=False backlog=8.57 edge=395.12 div=-0.00
21:20:31.628 CLOCK integ raw=386.55 prev=386.55 new=386.66 d=+0.101 fr=368.89 dt=0.101 rate=1.00 paused=False backlog=8.57 edge=395.22 div=-0.00
21:20:31.728 CLOCK integ raw=386.55 prev=386.66 new=386.76 d=+0.101 fr=368.89 dt=0.101 rate=1.00 paused=False backlog=8.57 edge=395.32 div=-0.00
21:20:31.830 CLOCK fold raw=386.83 prev=386.76 new=386.83 d=+0.074 fr=368.89 dt=0.101 rate=1.00 paused=False backlog=8.59 edge=395.42 div=-0.00
21:20:32.032 CLOCK integ raw=386.83 prev=386.83 new=387.03 d=+0.202 fr=368.89 dt=0.202 rate=1.00 paused=False backlog=8.59 edge=395.63 div=-0.00
21:20:32.134 CLOCK fold raw=387.11 prev=387.03 new=387.12 d=+0.083 fr=368.89 dt=0.102 rate=1.00 paused=False backlog=8.61 edge=395.73 div=-0.00
21:20:32.235 CLOCK integ raw=387.11 prev=387.12 new=387.22 d=+0.101 fr=368.89 dt=0.101 rate=1.00 paused=False backlog=8.61 edge=395.83 div=-0.00
21:20:32.336 CLOCK fold raw=387.39 prev=387.22 new=387.40 d=+0.180 fr=368.89 dt=0.101 rate=1.00 paused=False backlog=8.53 edge=395.93 div=-0.00
21:20:32.438 CLOCK integ raw=387.39 prev=387.40 new=387.50 d=+0.102 fr=368.89 dt=0.102 rate=1.00 paused=False backlog=8.53 edge=396.03 div=-0.00
21:20:32.540 CLOCK integ raw=387.39 prev=387.50 new=387.60 d=+0.102 fr=368.89 dt=0.102 rate=1.00 paused=False backlog=8.53 edge=396.13 div=-0.00
21:20:32.641 CLOCK fold raw=387.68 prev=387.60 new=387.68 d=+0.079 fr=368.89 dt=0.101 rate=1.00 paused=False backlog=8.55 edge=396.23 div=-0.00
21:20:32.742 CLOCK integ raw=387.68 prev=387.68 new=387.78 d=+0.101 fr=368.89 dt=0.101 rate=1.00 paused=False backlog=8.55 edge=396.34 div=-0.00
21:20:32.844 CLOCK integ raw=387.68 prev=387.78 new=387.88 d=+0.102 fr=368.89 dt=0.102 rate=1.00 paused=False backlog=9.17 edge=397.05 div=-0.00
21:20:32.947 CLOCK fold raw=387.95 prev=387.88 new=387.96 d=+0.074 fr=368.89 dt=0.103 rate=1.00 paused=False backlog=9.19 edge=397.15 div=-0.00
21:20:33.049 CLOCK integ raw=387.95 prev=387.96 new=388.06 d=+0.102 fr=368.89 dt=0.102 rate=1.00 paused=False backlog=9.19 edge=397.25 div=-0.00
21:20:33.151 CLOCK integ raw=387.95 prev=388.06 new=388.16 d=+0.102 fr=368.89 dt=0.102 rate=1.00 paused=False backlog=9.19 edge=397.35 div=-0.00
21:20:33.253 CLOCK fold raw=388.24 prev=388.16 new=388.24 d=+0.079 fr=368.89 dt=0.102 rate=1.00 paused=False backlog=9.22 edge=397.46 div=-0.00
21:20:33.454 CLOCK fold raw=388.52 prev=388.24 new=388.52 d=+0.281 fr=368.89 dt=0.202 rate=1.00 paused=False backlog=9.14 edge=397.66 div=-0.00
21:20:33.556 CLOCK integ raw=388.52 prev=388.52 new=388.62 d=+0.102 fr=368.89 dt=0.102 rate=1.00 paused=False backlog=9.14 edge=397.76 div=-0.00
21:20:33.659 CLOCK integ raw=388.52 prev=388.62 new=388.72 d=+0.102 fr=368.89 dt=0.102 rate=1.00 paused=False backlog=9.14 edge=397.86 div=-0.00
21:20:33.760 CLOCK fold raw=388.80 prev=388.72 new=388.81 d=+0.082 fr=368.89 dt=0.102 rate=1.00 paused=False backlog=9.16 edge=397.96 div=-0.00
21:20:33.861 CLOCK integ raw=388.80 prev=388.81 new=388.91 d=+0.101 fr=368.89 dt=0.101 rate=1.00 paused=False backlog=9.16 edge=398.07 div=-0.00
21:20:33.963 CLOCK integ raw=388.80 prev=388.91 new=389.01 d=+0.101 fr=368.89 dt=0.101 rate=1.00 paused=False backlog=9.16 edge=398.17 div=-0.00
21:20:34.064 CLOCK fold raw=389.08 prev=389.01 new=389.08 d=+0.077 fr=368.89 dt=0.102 rate=1.00 paused=False backlog=9.18 edge=398.27 div=-0.00
21:20:34.165 CLOCK integ raw=389.08 prev=389.08 new=389.19 d=+0.101 fr=368.89 dt=0.101 rate=1.00 paused=False backlog=9.18 edge=398.37 div=-0.00
21:20:34.266 CLOCK integ raw=389.08 prev=389.19 new=389.29 d=+0.101 fr=368.89 dt=0.101 rate=1.00 paused=False backlog=9.18 edge=398.47 div=-0.00
21:20:34.369 CLOCK fold raw=389.36 prev=389.29 new=389.36 d=+0.077 fr=368.89 dt=0.102 rate=1.00 paused=False backlog=9.21 edge=398.57 div=-0.00
21:20:34.470 CLOCK integ raw=389.36 prev=389.36 new=389.46 d=+0.102 fr=368.89 dt=0.102 rate=1.00 paused=False backlog=9.21 edge=398.67 div=-0.00
21:20:34.571 CLOCK integ raw=389.36 prev=389.46 new=389.57 d=+0.101 fr=368.89 dt=0.101 rate=1.00 paused=False backlog=9.21 edge=398.77 div=-0.00
21:20:34.673 CLOCK fold raw=389.65 prev=389.57 new=389.65 d=+0.082 fr=368.89 dt=0.102 rate=1.00 paused=False backlog=9.23 edge=398.88 div=-0.00
21:20:34.876 CLOCK fold raw=389.92 prev=389.65 new=389.93 d=+0.277 fr=368.89 dt=0.203 rate=1.00 paused=False backlog=9.15 edge=399.08 div=-0.00
21:20:34.979 CLOCK integ raw=389.92 prev=389.93 new=390.03 d=+0.103 fr=368.89 dt=0.103 rate=1.00 paused=False backlog=8.39 edge=398.42 div=-0.00
21:20:35.080 CLOCK integ raw=389.92 prev=390.03 new=390.13 d=+0.101 fr=368.89 dt=0.101 rate=1.00 paused=False backlog=8.39 edge=398.52 div=-0.00
21:20:35.181 CLOCK fold raw=390.21 prev=390.13 new=390.21 d=+0.081 fr=368.89 dt=0.101 rate=1.00 paused=False backlog=8.41 edge=398.62 div=-0.00
21:20:35.283 CLOCK integ raw=390.21 prev=390.21 new=390.31 d=+0.102 fr=368.89 dt=0.102 rate=1.00 paused=False backlog=8.41 edge=398.72 div=-0.00
21:20:35.384 CLOCK integ raw=390.21 prev=390.31 new=390.41 d=+0.101 fr=368.89 dt=0.101 rate=1.00 paused=False backlog=8.41 edge=398.83 div=-0.00
21:20:35.485 CLOCK fold raw=390.49 prev=390.41 new=390.49 d=+0.077 fr=368.89 dt=0.101 rate=1.00 paused=False backlog=8.44 edge=398.93 div=-0.00
21:20:35.586 CLOCK integ raw=390.49 prev=390.49 new=390.59 d=+0.101 fr=368.89 dt=0.101 rate=1.00 paused=False backlog=8.44 edge=399.03 div=-0.00
21:20:35.689 CLOCK integ raw=390.49 prev=390.59 new=390.69 d=+0.103 fr=368.89 dt=0.103 rate=1.00 paused=False backlog=8.44 edge=399.13 div=-0.00
21:20:35.690 TICK fr=368.89 cc=390.69 raw=390.49 vid=390.49 playing=1 started=1 stall=0 | d_fr_cc=-21.80 d_fr_raw=-21.60 d_cc_raw=+0.20 | off=-3.49 ccx_end=395.73 since_show=0.0 since_cue=4.2 | pcr=397.557 pid=100 head_rel=397.56 ccx_lag=1.83 | credit=368.9 capped=0.0 | fsize=180293880 feed=180293880 feed_behind=0 | backlog=8.44 edge=399.13 div=-0.00 lag_ewma=6.28
21:20:35.791 CLOCK fold raw=390.77 prev=390.69 new=390.77 d=+0.074 fr=368.89 dt=0.102 rate=1.00 paused=False backlog=8.46 edge=399.23 div=-0.00
21:20:35.892 CLOCK integ raw=390.77 prev=390.77 new=390.87 d=+0.102 fr=368.89 dt=0.102 rate=1.00 paused=False backlog=8.46 edge=399.33 div=-0.00
21:20:35.994 CLOCK fold raw=391.05 prev=390.87 new=391.05 d=+0.179 fr=368.89 dt=0.101 rate=1.00 paused=False backlog=8.39 edge=399.44 div=-0.00
21:20:36.095 CLOCK integ raw=391.05 prev=391.05 new=391.15 d=+0.101 fr=368.89 dt=0.101 rate=1.00 paused=False backlog=8.39 edge=399.54 div=-0.00
21:20:36.297 CLOCK fold raw=391.33 prev=391.15 new=391.33 d=+0.183 fr=368.89 dt=0.202 rate=1.00 paused=False backlog=8.41 edge=399.74 div=-0.00
21:20:36.398 CLOCK integ raw=391.33 prev=391.33 new=391.43 d=+0.101 fr=368.89 dt=0.101 rate=1.00 paused=False backlog=8.41 edge=399.84 div=-0.00
21:20:36.499 CLOCK integ raw=391.33 prev=391.43 new=391.54 d=+0.102 fr=368.89 dt=0.102 rate=1.00 paused=False backlog=8.41 edge=399.94 div=-0.00
21:20:36.600 CLOCK fold raw=391.62 prev=391.54 new=391.62 d=+0.080 fr=368.89 dt=0.101 rate=1.00 paused=False backlog=8.43 edge=400.04 div=-0.00
21:20:36.701 CLOCK integ raw=391.62 prev=391.62 new=391.72 d=+0.101 fr=368.89 dt=0.101 rate=1.00 paused=False backlog=8.43 edge=400.14 div=-0.00
21:20:36.804 CLOCK integ raw=391.62 prev=391.72 new=391.82 d=+0.102 fr=368.89 dt=0.102 rate=1.00 paused=False backlog=8.43 edge=400.25 div=-0.00
21:20:36.906 EDGESNAP err=-2.69 edge->397.56
21:20:36.906 CLOCK fold raw=391.89 prev=391.82 new=391.89 d=+0.075 fr=368.89 dt=0.103 rate=1.00 paused=False backlog=5.76 edge=397.66 div=-0.00
21:20:37.008 CLOCK integ raw=391.89 prev=391.89 new=392.00 d=+0.102 fr=368.89 dt=0.102 rate=1.00 paused=False backlog=5.76 edge=397.76 div=-0.00
21:20:37.109 CLOCK integ raw=391.89 prev=392.00 new=392.10 d=+0.101 fr=368.89 dt=0.101 rate=1.00 paused=False backlog=5.76 edge=397.86 div=-0.00
21:20:37.212 CLOCK fold raw=392.17 prev=392.10 new=392.17 d=+0.076 fr=374.58 dt=0.102 rate=1.00 paused=False backlog=5.79 edge=397.96 div=-0.00
21:20:37.346 EDGESNAP err=+4.58 edge->402.54
21:20:37.346 CUE cx=[395.73..397.13] adv=1.40 el=5.79 fresh | off=-3.49 fr=374.58 cc=392.17 raw=392.17 lead=+1.46 | pcr=402.545 head_rel=402.54 lag_ewma=10.86 | q=York 7:00 Eastern Time. Kick / live here on NFL network. ESP
21:20:37.346 CUE cx=[397.13..399.06] adv=1.94 el=0.03 fresh | off=-3.49 fr=374.58 cc=392.17 raw=392.17 lead=+3.40 | pcr=402.545 head_rel=402.54 lag_ewma=10.86 | q=live here on NFL network. ESPN / app will give you 40 Niners
21:20:37.347 ANCHOR pend_end=399.06 L=8.28 pinL=3.48 target=0.00 off=-3.49
21:20:37.347 CLOCK integ raw=392.17 prev=392.17 new=392.31 d=+0.136 fr=374.58 dt=0.136 rate=1.00 paused=False backlog=10.37 edge=402.68 div=-0.00
21:20:37.449 CLOCK fold raw=392.45 prev=392.31 new=392.45 d=+0.145 fr=374.58 dt=0.102 rate=1.00 paused=False backlog=10.33 edge=402.78 div=-0.00
21:20:37.550 CLOCK integ raw=392.45 prev=392.45 new=392.56 d=+0.101 fr=374.58 dt=0.101 rate=1.00 paused=False backlog=10.33 edge=402.88 div=-0.00
21:20:37.653 CLOCK integ raw=392.45 prev=392.56 new=392.66 d=+0.103 fr=374.92 dt=0.103 rate=1.00 paused=False backlog=10.33 edge=402.99 div=-0.00
21:20:37.756 CUE cx=[399.07..401.47] adv=2.40 el=0.41 fresh | off=-1.75 fr=374.92 cc=392.66 raw=392.73 lead=+7.06 | pcr=405.143 head_rel=405.14 lag_ewma=8.28 | q=app will give you 40 Niners and / Raiders and the battle for
21:20:37.757 ANCHOR pend_end=401.47 L=6.67 pinL=3.68 target=-1.08 off=-1.75
21:20:37.757 CLOCK fold raw=392.73 prev=392.66 new=392.74 d=+0.077 fr=374.92 dt=0.104 rate=1.00 paused=False backlog=11.43 edge=404.17 div=-0.00
21:20:37.858 CLOCK integ raw=392.73 prev=392.74 new=392.84 d=+0.101 fr=374.92 dt=0.101 rate=1.00 paused=False backlog=11.43 edge=404.27 div=-0.00
21:20:37.960 CLOCK fold raw=393.01 prev=392.84 new=393.02 d=+0.180 fr=374.92 dt=0.102 rate=1.00 paused=False backlog=11.36 edge=404.37 div=-0.00
21:20:38.164 CLOCK integ raw=393.01 prev=393.02 new=393.22 d=+0.204 fr=374.92 dt=0.204 rate=1.00 paused=False backlog=11.36 edge=404.58 div=-0.00
21:20:38.266 CLOCK fold raw=393.30 prev=393.22 new=393.30 d=+0.078 fr=374.92 dt=0.101 rate=1.00 paused=False backlog=11.38 edge=404.68 div=-0.00
21:20:38.367 CLOCK integ raw=393.30 prev=393.30 new=393.40 d=+0.102 fr=374.92 dt=0.102 rate=1.00 paused=False backlog=11.38 edge=404.78 div=-0.00
21:20:38.469 CLOCK integ raw=393.30 prev=393.40 new=393.50 d=+0.102 fr=374.92 dt=0.102 rate=1.00 paused=False backlog=11.38 edge=404.88 div=-0.00
21:20:38.571 CLOCK fold raw=393.58 prev=393.50 new=393.58 d=+0.081 fr=374.92 dt=0.102 rate=1.00 paused=False backlog=11.40 edge=404.98 div=-0.00
21:20:38.672 CLOCK integ raw=393.58 prev=393.58 new=393.68 d=+0.101 fr=374.92 dt=0.101 rate=1.00 paused=False backlog=11.40 edge=405.08 div=-0.00
21:20:38.773 CLOCK integ raw=393.58 prev=393.68 new=393.79 d=+0.101 fr=374.92 dt=0.101 rate=1.00 paused=False backlog=11.40 edge=405.18 div=-0.00
21:20:38.876 CLOCK fold raw=393.86 prev=393.79 new=393.86 d=+0.075 fr=374.92 dt=0.103 rate=1.00 paused=False backlog=11.41 edge=405.27 div=-0.00
21:20:38.977 CLOCK integ raw=393.86 prev=393.86 new=393.96 d=+0.102 fr=374.92 dt=0.102 rate=1.00 paused=False backlog=11.41 edge=405.37 div=-0.00
21:20:39.079 CLOCK fold raw=394.14 prev=393.96 new=394.14 d=+0.179 fr=374.92 dt=0.102 rate=1.00 paused=False backlog=11.33 edge=405.47 div=-0.00
21:20:39.180 CLOCK integ raw=394.14 prev=394.14 new=394.24 d=+0.101 fr=374.92 dt=0.101 rate=1.00 paused=False backlog=11.33 edge=405.57 div=-0.00
21:20:39.282 CLOCK integ raw=394.14 prev=394.24 new=394.34 d=+0.101 fr=374.92 dt=0.101 rate=1.00 paused=False backlog=11.33 edge=405.67 div=-0.00
21:20:39.383 CLOCK fold raw=394.42 prev=394.34 new=394.42 d=+0.077 fr=374.92 dt=0.102 rate=1.00 paused=False backlog=11.35 edge=405.77 div=-0.00
21:20:39.484 CLOCK integ raw=394.42 prev=394.42 new=394.52 d=+0.101 fr=374.92 dt=0.101 rate=1.00 paused=False backlog=11.35 edge=405.87 div=-0.00
21:20:39.587 CLOCK integ raw=394.42 prev=394.52 new=394.63 d=+0.103 fr=374.92 dt=0.103 rate=1.00 paused=False backlog=11.35 edge=405.98 div=-0.00
21:20:39.789 CLOCK fold raw=394.70 prev=394.63 new=394.71 d=+0.080 fr=374.92 dt=0.202 rate=1.00 paused=False backlog=11.47 edge=406.18 div=-0.00
21:20:39.890 CLOCK integ raw=394.70 prev=394.71 new=394.81 d=+0.101 fr=374.92 dt=0.101 rate=1.00 paused=False backlog=11.47 edge=406.28 div=-0.00
21:20:39.994 CLOCK fold raw=394.98 prev=394.81 new=394.98 d=+0.177 fr=374.92 dt=0.104 rate=1.00 paused=False backlog=11.40 edge=406.38 div=-0.00
21:20:40.095 CLOCK integ raw=394.98 prev=394.98 new=395.08 d=+0.102 fr=374.92 dt=0.102 rate=1.00 paused=False backlog=11.40 edge=406.49 div=-0.00
21:20:40.196 CLOCK integ raw=394.98 prev=395.08 new=395.19 d=+0.101 fr=374.92 dt=0.101 rate=1.00 paused=False backlog=11.40 edge=406.59 div=-0.00
21:20:40.297 CLOCK fold raw=395.27 prev=395.19 new=395.27 d=+0.083 fr=374.92 dt=0.101 rate=1.00 paused=False backlog=11.42 edge=406.69 div=-0.00
21:20:40.399 CLOCK integ raw=395.27 prev=395.27 new=395.37 d=+0.102 fr=374.92 dt=0.102 rate=1.00 paused=False backlog=11.42 edge=406.79 div=-0.00
21:20:40.501 CLOCK fold raw=395.54 prev=395.37 new=395.55 d=+0.174 fr=374.92 dt=0.102 rate=1.00 paused=False backlog=11.35 edge=406.89 div=-0.00
21:20:40.602 CLOCK integ raw=395.54 prev=395.55 new=395.65 d=+0.101 fr=374.92 dt=0.101 rate=1.00 paused=False backlog=11.35 edge=406.99 div=-0.00
21:20:40.705 TICK fr=374.92 cc=395.65 raw=395.54 vid=395.27 playing=1 started=1 stall=0 | d_fr_cc=-20.73 d_fr_raw=-20.63 d_cc_raw=+0.10 | off=-1.41 ccx_end=401.47 since_show=0.1 since_cue=2.9 | pcr=405.143 pid=100 head_rel=405.14 ccx_lag=3.68 | credit=374.9 capped=0.0 | fsize=183742364 feed=183742364 feed_behind=0 | backlog=11.35 edge=406.99 div=-0.00 lag_ewma=6.67
21:20:40.707 CLOCK integ raw=395.54 prev=395.65 new=395.75 d=+0.104 fr=374.92 dt=0.104 rate=1.00 paused=False backlog=11.35 edge=407.10 div=-0.00
21:20:40.808 CLOCK fold raw=395.82 prev=395.75 new=395.83 d=+0.075 fr=374.92 dt=0.102 rate=1.00 paused=False backlog=11.37 edge=407.20 div=-0.00
21:20:40.911 CLOCK integ raw=395.82 prev=395.83 new=395.93 d=+0.103 fr=374.92 dt=0.103 rate=1.00 paused=False backlog=10.34 edge=406.27 div=-0.00
21:20:41.113 CLOCK fold raw=396.11 prev=395.93 new=396.11 d=+0.181 fr=374.92 dt=0.202 rate=1.00 paused=False backlog=10.37 edge=406.48 div=-0.00
21:20:41.215 CLOCK integ raw=396.11 prev=396.11 new=396.21 d=+0.101 fr=374.92 dt=0.101 rate=1.00 paused=False backlog=10.37 edge=406.58 div=-0.00
21:20:41.319 CLOCK integ raw=396.11 prev=396.21 new=396.32 d=+0.105 fr=374.92 dt=0.105 rate=1.00 paused=False backlog=10.37 edge=406.68 div=-0.00
21:20:41.420 CLOCK fold raw=396.39 prev=396.32 new=396.39 d=+0.074 fr=374.92 dt=0.101 rate=1.00 paused=False backlog=10.39 edge=406.78 div=-0.00
21:20:41.521 CLOCK integ raw=396.39 prev=396.39 new=396.49 d=+0.101 fr=374.92 dt=0.101 rate=1.00 paused=False backlog=10.39 edge=406.88 div=-0.00
21:20:41.622 CLOCK fold raw=396.67 prev=396.49 new=396.67 d=+0.180 fr=374.92 dt=0.101 rate=1.00 paused=False backlog=10.31 edge=406.99 div=-0.00
21:20:41.723 CLOCK integ raw=396.67 prev=396.67 new=396.77 d=+0.101 fr=374.92 dt=0.101 rate=1.00 paused=False backlog=10.31 edge=407.09 div=-0.00
21:20:41.826 CLOCK integ raw=396.67 prev=396.77 new=396.87 d=+0.103 fr=374.92 dt=0.103 rate=1.00 paused=False backlog=10.31 edge=407.19 div=-0.00
21:20:41.927 CLOCK fold raw=396.95 prev=396.87 new=396.95 d=+0.074 fr=374.92 dt=0.101 rate=1.00 paused=False backlog=10.34 edge=407.29 div=-0.00
21:20:42.028 CLOCK integ raw=396.95 prev=396.95 new=397.05 d=+0.101 fr=374.92 dt=0.101 rate=1.00 paused=False backlog=10.34 edge=407.39 div=-0.00
21:20:42.130 CLOCK integ raw=396.95 prev=397.05 new=397.15 d=+0.102 fr=374.92 dt=0.102 rate=1.00 paused=False backlog=10.34 edge=407.49 div=-0.00
21:20:42.232 CLOCK fold raw=397.23 prev=397.15 new=397.23 d=+0.080 fr=374.92 dt=0.102 rate=1.00 paused=False backlog=10.36 edge=407.59 div=-0.00
21:20:42.333 CLOCK integ raw=397.23 prev=397.23 new=397.33 d=+0.101 fr=374.92 dt=0.101 rate=1.00 paused=False backlog=10.36 edge=407.70 div=-0.00
21:20:42.435 CLOCK integ raw=397.23 prev=397.33 new=397.44 d=+0.102 fr=374.92 dt=0.102 rate=1.00 paused=False backlog=10.36 edge=407.80 div=-0.00
21:20:42.537 CLOCK fold raw=397.51 prev=397.44 new=397.52 d=+0.080 fr=374.92 dt=0.102 rate=1.00 paused=False backlog=10.38 edge=407.90 div=-0.00
21:20:42.739 CLOCK fold raw=397.80 prev=397.52 new=397.80 d=+0.282 fr=374.92 dt=0.202 rate=1.00 paused=False backlog=10.30 edge=408.10 div=-0.00
21:20:42.841 CLOCK integ raw=397.80 prev=397.80 new=397.90 d=+0.102 fr=374.92 dt=0.102 rate=1.00 paused=False backlog=10.30 edge=408.20 div=-0.00
21:20:42.843 EDGESNAP err=-3.06 edge->405.14
21:20:42.945 CLOCK integ raw=397.80 prev=397.90 new=398.00 d=+0.105 fr=374.92 dt=0.105 rate=1.00 paused=False backlog=7.24 edge=405.25 div=-0.00
21:20:43.046 CLOCK fold raw=398.08 prev=398.00 new=398.08 d=+0.074 fr=374.92 dt=0.101 rate=1.00 paused=False backlog=7.27 edge=405.35 div=-0.00
21:20:43.147 CLOCK integ raw=398.08 prev=398.08 new=398.18 d=+0.101 fr=374.92 dt=0.101 rate=1.00 paused=False backlog=7.27 edge=405.45 div=-0.00
21:20:43.248 CLOCK integ raw=398.08 prev=398.18 new=398.28 d=+0.101 fr=374.92 dt=0.101 rate=1.00 paused=False backlog=7.27 edge=405.55 div=-0.00
21:20:43.351 CLOCK fold raw=398.35 prev=398.28 new=398.35 d=+0.074 fr=374.92 dt=0.102 rate=1.00 paused=False backlog=7.30 edge=405.65 div=-0.00
21:20:43.452 CLOCK integ raw=398.35 prev=398.35 new=398.45 d=+0.101 fr=374.92 dt=0.101 rate=1.00 paused=False backlog=7.30 edge=405.75 div=-0.00
21:20:43.555 CLOCK integ raw=398.35 prev=398.45 new=398.56 d=+0.103 fr=374.92 dt=0.103 rate=1.00 paused=False backlog=7.30 edge=405.86 div=-0.00
21:20:43.657 CLOCK fold raw=398.63 prev=398.56 new=398.64 d=+0.079 fr=374.92 dt=0.103 rate=1.00 paused=False backlog=7.32 edge=405.96 div=-0.00
21:20:43.759 CLOCK integ raw=398.63 prev=398.64 new=398.74 d=+0.102 fr=374.92 dt=0.102 rate=1.00 paused=False backlog=7.32 edge=406.06 div=-0.00
21:20:43.860 CLOCK fold raw=398.92 prev=398.74 new=398.92 d=+0.178 fr=374.92 dt=0.101 rate=1.00 paused=False backlog=7.25 edge=406.16 div=-0.00
21:20:43.965 CLOCK integ raw=398.92 prev=398.92 new=399.02 d=+0.104 fr=374.92 dt=0.104 rate=1.00 paused=False backlog=7.25 edge=406.27 div=-0.00
21:20:44.167 CLOCK fold raw=399.20 prev=399.02 new=399.20 d=+0.184 fr=374.92 dt=0.203 rate=1.00 paused=False backlog=7.27 edge=406.47 div=-0.00
21:20:44.269 CLOCK integ raw=399.20 prev=399.20 new=399.31 d=+0.101 fr=374.92 dt=0.101 rate=1.00 paused=False backlog=7.27 edge=406.57 div=-0.00
21:20:44.370 CLOCK integ raw=399.20 prev=399.31 new=399.41 d=+0.101 fr=374.92 dt=0.101 rate=1.00 paused=False backlog=7.27 edge=406.67 div=-0.00
21:20:44.472 CLOCK fold raw=399.48 prev=399.41 new=399.48 d=+0.071 fr=374.92 dt=0.101 rate=1.00 paused=False backlog=7.30 edge=406.77 div=-0.00
21:20:44.574 CLOCK integ raw=399.48 prev=399.48 new=399.58 d=+0.102 fr=374.92 dt=0.102 rate=1.00 paused=False backlog=7.30 edge=406.88 div=-0.00
21:20:44.676 CLOCK integ raw=399.48 prev=399.58 new=399.68 d=+0.102 fr=374.92 dt=0.102 rate=1.00 paused=False backlog=7.30 edge=406.98 div=-0.00
21:20:44.777 CLOCK fold raw=399.76 prev=399.68 new=399.77 d=+0.082 fr=374.92 dt=0.101 rate=1.00 paused=False backlog=7.31 edge=407.08 div=-0.00
21:20:44.881 CLOCK integ raw=399.76 prev=399.77 new=399.87 d=+0.103 fr=374.92 dt=0.103 rate=1.00 paused=False backlog=6.35 edge=406.21 div=-0.00
21:20:44.982 CLOCK fold raw=400.04 prev=399.87 new=400.04 d=+0.173 fr=374.92 dt=0.102 rate=1.00 paused=False backlog=6.27 edge=406.32 div=-0.00
21:20:45.084 CLOCK integ raw=400.04 prev=400.04 new=400.14 d=+0.102 fr=374.92 dt=0.102 rate=1.00 paused=False backlog=6.27 edge=406.42 div=-0.00
21:20:45.185 CLOCK integ raw=400.04 prev=400.14 new=400.24 d=+0.101 fr=374.92 dt=0.101 rate=1.00 paused=False backlog=6.27 edge=406.52 div=-0.00
21:20:45.287 CLOCK fold raw=400.32 prev=400.24 new=400.32 d=+0.078 fr=374.92 dt=0.102 rate=1.00 paused=False backlog=6.30 edge=406.62 div=-0.00
21:20:45.389 CLOCK integ raw=400.32 prev=400.32 new=400.42 d=+0.102 fr=374.92 dt=0.102 rate=1.00 paused=False backlog=6.30 edge=406.72 div=-0.00
21:20:45.491 CLOCK integ raw=400.32 prev=400.42 new=400.53 d=+0.102 fr=374.92 dt=0.102 rate=1.00 paused=False backlog=6.30 edge=406.83 div=-0.00
21:20:45.694 CLOCK fold raw=400.61 prev=400.53 new=400.61 d=+0.081 fr=374.92 dt=0.203 rate=1.00 paused=False backlog=6.30 edge=406.91 div=-0.00
21:20:45.696 TICK fr=374.92 cc=400.61 raw=400.61 vid=400.32 playing=1 started=1 stall=0 | d_fr_cc=-25.69 d_fr_raw=-25.69 d_cc_raw=+0.00 | off=-1.41 ccx_end=401.47 since_show=0.8 since_cue=7.9 | pcr=405.143 pid=100 head_rel=405.14 ccx_lag=3.68 | credit=374.9 capped=0.0 | fsize=183742364 feed=183742364 feed_behind=0 | backlog=6.30 edge=406.91 div=-0.00 lag_ewma=6.67
21:20:45.797 CLOCK integ raw=400.61 prev=400.61 new=400.71 d=+0.103 fr=374.92 dt=0.103 rate=1.00 paused=False backlog=6.30 edge=407.01 div=-0.00
21:20:45.899 CLOCK fold raw=400.88 prev=400.71 new=400.88 d=+0.174 fr=374.92 dt=0.102 rate=1.00 paused=False backlog=6.30 edge=407.18 div=-0.00
21:20:46.000 CLOCK integ raw=400.88 prev=400.88 new=400.99 d=+0.102 fr=374.92 dt=0.102 rate=1.00 paused=False backlog=6.30 edge=407.28 div=-0.00
21:20:46.102 CLOCK integ raw=400.88 prev=400.99 new=401.09 d=+0.102 fr=374.92 dt=0.102 rate=1.00 paused=False backlog=6.30 edge=407.39 div=-0.00
21:20:46.204 CLOCK fold raw=401.17 prev=401.09 new=401.17 d=+0.081 fr=374.92 dt=0.102 rate=1.00 paused=False backlog=6.30 edge=407.47 div=-0.00
21:20:46.304 CLOCK integ raw=401.17 prev=401.17 new=401.27 d=+0.101 fr=374.92 dt=0.101 rate=1.00 paused=False backlog=6.30 edge=407.57 div=-0.00
21:20:46.406 CLOCK fold raw=401.45 prev=401.27 new=401.45 d=+0.178 fr=374.92 dt=0.101 rate=1.00 paused=False backlog=6.30 edge=407.75 div=-0.00
21:20:46.507 CLOCK integ raw=401.45 prev=401.45 new=401.55 d=+0.102 fr=374.92 dt=0.102 rate=1.00 paused=False backlog=6.30 edge=407.85 div=-0.00
21:20:46.609 CLOCK integ raw=401.45 prev=401.55 new=401.65 d=+0.101 fr=374.92 dt=0.101 rate=1.00 paused=False backlog=6.30 edge=407.95 div=-0.00
21:20:46.710 CLOCK fold raw=401.73 prev=401.65 new=401.73 d=+0.081 fr=374.92 dt=0.101 rate=1.00 paused=False backlog=6.30 edge=408.03 div=-0.00
21:20:46.813 EDGESNAP err=-2.89 edge->405.14
21:20:46.813 CLOCK integ raw=401.73 prev=401.73 new=401.83 d=+0.103 fr=374.92 dt=0.103 rate=1.00 paused=False backlog=3.41 edge=405.25 div=-0.00
21:20:47.016 CLOCK fold raw=402.01 prev=401.83 new=402.01 d=+0.174 fr=374.92 dt=0.203 rate=1.00 paused=False backlog=3.41 edge=405.42 div=-0.00
21:20:47.119 CLOCK integ raw=402.01 prev=402.01 new=402.11 d=+0.103 fr=374.92 dt=0.103 rate=1.00 paused=False backlog=3.41 edge=405.52 div=-0.00
21:20:47.220 CLOCK integ raw=402.01 prev=402.11 new=402.21 d=+0.101 fr=374.92 dt=0.101 rate=1.00 paused=False backlog=3.41 edge=405.62 div=-0.00
21:20:47.322 CLOCK fold raw=402.29 prev=402.21 new=402.30 d=+0.083 fr=374.92 dt=0.102 rate=1.00 paused=False backlog=3.41 edge=405.71 div=-0.00
21:20:47.423 CLOCK integ raw=402.29 prev=402.30 new=402.40 d=+0.102 fr=384.69 dt=0.102 rate=1.00 paused=False backlog=3.41 edge=405.81 div=-0.00
21:20:47.525 CLOCK fold raw=402.57 prev=402.40 new=402.57 d=+0.177 fr=384.69 dt=0.101 rate=1.00 paused=False backlog=3.34 edge=405.91 div=-0.00
21:20:47.627 CLOCK integ raw=402.57 prev=402.57 new=402.68 d=+0.103 fr=384.69 dt=0.103 rate=1.00 paused=False backlog=3.34 edge=406.01 div=-0.00
21:20:47.729 CLOCK integ raw=402.57 prev=402.68 new=402.78 d=+0.102 fr=384.69 dt=0.102 rate=1.00 paused=False backlog=3.34 edge=406.11 div=-0.00
21:20:47.731 EDGESNAP err=+6.27 edge->412.39
21:20:47.731 CUE cx=[401.47..411.84] adv=10.38 el=9.97 fresh | off=-1.41 fr=385.10 cc=402.78 raw=402.57 lead=+7.65 | pcr=412.386 head_rel=412.39 lag_ewma=12.94 | q=Raiders and the battle for SoFi / Rams and Chargers at 10:00
21:20:47.832 ANCHOR pend_end=411.84 L=8.60 pinL=0.54 target=0.00 off=-1.41
21:20:47.833 CLOCK fold raw=402.85 prev=402.78 new=402.85 d=+0.074 fr=385.10 dt=0.104 rate=1.00 paused=False backlog=9.64 edge=412.49 div=-0.00
21:20:47.833 PAINT after 3.0 s blank (t=402.85)
21:20:47.935 CLOCK integ raw=402.85 prev=402.85 new=402.95 d=+0.102 fr=385.10 dt=0.102 rate=1.00 paused=False backlog=9.64 edge=412.59 div=-0.00
21:20:48.036 CLOCK integ raw=402.85 prev=402.95 new=403.06 d=+0.101 fr=385.10 dt=0.101 rate=1.00 paused=False backlog=9.64 edge=412.69 div=-0.00
21:20:48.138 CLOCK fold raw=403.13 prev=403.06 new=403.13 d=+0.078 fr=385.10 dt=0.102 rate=1.00 paused=False backlog=9.66 edge=412.79 div=-0.00
21:20:48.240 CLOCK integ raw=403.13 prev=403.13 new=403.23 d=+0.102 fr=385.10 dt=0.102 rate=1.00 paused=False backlog=9.66 edge=412.90 div=-0.00
21:20:48.442 CLOCK fold raw=403.41 prev=403.23 new=403.41 d=+0.177 fr=385.10 dt=0.202 rate=1.00 paused=False backlog=9.69 edge=413.10 div=-0.00
21:20:48.543 CLOCK integ raw=403.41 prev=403.41 new=403.51 d=+0.102 fr=385.10 dt=0.102 rate=1.00 paused=False backlog=9.69 edge=413.20 div=-0.00
21:20:48.645 CLOCK fold raw=403.69 prev=403.51 new=403.70 d=+0.182 fr=385.10 dt=0.102 rate=1.00 paused=False backlog=9.61 edge=413.30 div=-0.00
21:20:48.747 CLOCK integ raw=403.69 prev=403.70 new=403.80 d=+0.102 fr=385.10 dt=0.102 rate=1.00 paused=False backlog=9.61 edge=413.40 div=-0.00
21:20:48.849 CLOCK integ raw=403.69 prev=403.80 new=403.90 d=+0.101 fr=385.10 dt=0.101 rate=1.00 paused=False backlog=9.61 edge=413.51 div=-0.00
21:20:48.951 CLOCK fold raw=403.98 prev=403.90 new=403.98 d=+0.079 fr=385.10 dt=0.102 rate=1.00 paused=False backlog=9.07 edge=413.05 div=-0.00
21:20:49.053 CLOCK integ raw=403.98 prev=403.98 new=404.08 d=+0.103 fr=385.10 dt=0.103 rate=1.00 paused=False backlog=9.07 edge=413.15 div=-0.00
21:20:49.156 CLOCK integ raw=403.98 prev=404.08 new=404.18 d=+0.102 fr=385.10 dt=0.102 rate=1.00 paused=False backlog=9.07 edge=413.25 div=-0.00
21:20:49.257 CLOCK fold raw=404.26 prev=404.18 new=404.26 d=+0.078 fr=385.10 dt=0.101 rate=1.00 paused=False backlog=9.09 edge=413.35 div=-0.00
21:20:49.358 CLOCK integ raw=404.26 prev=404.26 new=404.36 d=+0.101 fr=385.10 dt=0.101 rate=1.00 paused=False backlog=9.09 edge=413.45 div=-0.00
21:20:49.460 CLOCK integ raw=404.26 prev=404.36 new=404.46 d=+0.102 fr=385.10 dt=0.102 rate=1.00 paused=False backlog=9.09 edge=413.56 div=-0.00
21:20:49.562 CLOCK fold raw=404.54 prev=404.46 new=404.54 d=+0.074 fr=385.10 dt=0.102 rate=1.00 paused=False backlog=9.12 edge=413.66 div=-0.00
21:20:49.664 CLOCK integ raw=404.54 prev=404.54 new=404.64 d=+0.101 fr=385.10 dt=0.101 rate=1.00 paused=False backlog=9.12 edge=413.76 div=-0.00
21:20:49.765 CLOCK fold raw=404.82 prev=404.64 new=404.82 d=+0.179 fr=385.10 dt=0.101 rate=1.00 paused=False backlog=9.04 edge=413.86 div=-0.00
21:20:49.867 CLOCK integ raw=404.82 prev=404.82 new=404.92 d=+0.102 fr=385.10 dt=0.102 rate=1.00 paused=False backlog=9.04 edge=413.96 div=-0.00
21:20:50.069 CLOCK fold raw=405.11 prev=404.92 new=405.11 d=+0.189 fr=385.10 dt=0.202 rate=1.00 paused=False backlog=9.06 edge=414.17 div=-0.00
21:20:50.170 CLOCK integ raw=405.11 prev=405.11 new=405.21 d=+0.101 fr=385.10 dt=0.101 rate=1.00 paused=False backlog=9.06 edge=414.27 div=-0.00
21:20:50.272 CLOCK integ raw=405.11 prev=405.21 new=405.31 d=+0.102 fr=385.10 dt=0.102 rate=1.00 paused=False backlog=9.06 edge=414.37 div=-0.00
21:20:50.374 CLOCK fold raw=405.39 prev=405.31 new=405.39 d=+0.077 fr=385.10 dt=0.102 rate=1.00 paused=False backlog=9.08 edge=414.47 div=-0.00
21:20:50.475 CLOCK integ raw=405.39 prev=405.39 new=405.49 d=+0.101 fr=385.10 dt=0.101 rate=1.00 paused=False backlog=9.08 edge=414.57 div=-0.00
21:20:50.576 CLOCK integ raw=405.39 prev=405.49 new=405.59 d=+0.101 fr=385.10 dt=0.101 rate=1.00 paused=False backlog=9.08 edge=414.67 div=-0.00
21:20:50.677 CLOCK fold raw=405.67 prev=405.59 new=405.67 d=+0.080 fr=385.10 dt=0.101 rate=1.00 paused=False backlog=9.10 edge=414.77 div=-0.00
21:20:50.679 TICK fr=385.10 cc=405.67 raw=405.67 vid=405.39 playing=1 started=1 stall=0 | d_fr_cc=-20.58 d_fr_raw=-20.57 d_cc_raw=+0.00 | off=-0.71 ccx_end=411.84 since_show=0.0 since_cue=2.9 | pcr=412.386 pid=100 head_rel=412.39 ccx_lag=0.54 | credit=385.1 capped=0.0 | fsize=187485632 feed=187485632 feed_behind=0 | backlog=9.10 edge=414.77 div=-0.00 lag_ewma=8.60
21:20:50.781 CLOCK integ raw=405.67 prev=405.67 new=405.77 d=+0.103 fr=385.10 dt=0.103 rate=1.00 paused=False backlog=9.10 edge=414.88 div=-0.00
21:20:50.883 CLOCK integ raw=405.67 prev=405.77 new=405.88 d=+0.102 fr=385.10 dt=0.102 rate=1.00 paused=False backlog=7.86 edge=413.73 div=-0.00
21:20:50.986 CLOCK fold raw=405.95 prev=405.88 new=405.95 d=+0.074 fr=385.10 dt=0.104 rate=1.00 paused=False backlog=7.89 edge=413.84 div=-0.00
21:20:51.087 CLOCK integ raw=405.95 prev=405.95 new=406.05 d=+0.101 fr=385.10 dt=0.101 rate=1.00 paused=False backlog=7.89 edge=413.94 div=-0.00
21:20:51.189 CLOCK fold raw=406.23 prev=406.05 new=406.23 d=+0.180 fr=385.10 dt=0.101 rate=1.00 paused=False backlog=7.81 edge=414.04 div=-0.00
21:20:51.390 CLOCK integ raw=406.23 prev=406.23 new=406.43 d=+0.202 fr=385.10 dt=0.202 rate=1.00 paused=False backlog=7.81 edge=414.24 div=-0.00
21:20:51.492 CLOCK fold raw=406.51 prev=406.43 new=406.51 d=+0.080 fr=385.10 dt=0.102 rate=1.00 paused=False backlog=7.83 edge=414.34 div=-0.00
21:20:51.595 CLOCK integ raw=406.51 prev=406.51 new=406.61 d=+0.102 fr=385.10 dt=0.102 rate=1.00 paused=False backlog=7.83 edge=414.44 div=-0.00
21:20:51.696 CLOCK integ raw=406.51 prev=406.61 new=406.72 d=+0.103 fr=385.10 dt=0.103 rate=1.00 paused=False backlog=7.83 edge=414.55 div=-0.00
21:20:51.798 CLOCK fold raw=406.79 prev=406.72 new=406.79 d=+0.076 fr=385.10 dt=0.102 rate=1.00 paused=False backlog=7.86 edge=414.65 div=-0.00
21:20:51.900 CLOCK integ raw=406.79 prev=406.79 new=406.90 d=+0.102 fr=385.10 dt=0.102 rate=1.00 paused=False backlog=7.86 edge=414.75 div=-0.00
21:20:52.001 CLOCK integ raw=406.79 prev=406.90 new=407.00 d=+0.101 fr=385.10 dt=0.101 rate=1.00 paused=False backlog=7.86 edge=414.85 div=-0.00
21:20:52.103 CLOCK fold raw=407.07 prev=407.00 new=407.08 d=+0.079 fr=385.10 dt=0.101 rate=1.00 paused=False backlog=7.88 edge=414.95 div=-0.00
21:20:52.203 CLOCK integ raw=407.07 prev=407.08 new=407.18 d=+0.102 fr=385.10 dt=0.102 rate=1.00 paused=False backlog=7.88 edge=415.05 div=-0.00
21:20:52.327 CUE cx=[411.85..413.28] adv=1.44 el=4.58 fresh | off=-0.71 fr=389.57 cc=407.18 raw=407.35 lead=+5.39 | pcr=416.392 head_rel=416.39 lag_ewma=8.60 | q=Rams and Chargers at 10:00 / eastern. Touchdown by the / Pac
21:20:52.327 CUE cx=[413.28..414.68] adv=1.40 el=0.02 fresh | off=-0.71 fr=389.57 cc=407.18 raw=407.35 lead=+6.80 | pcr=416.392 head_rel=416.39 lag_ewma=8.60 | q=eastern. Touchdown by the / Packers on their opening drive /
21:20:52.328 ANCHOR pend_end=414.68 L=6.19 pinL=1.71 target=-0.33 off=-0.71
21:20:52.328 CLOCK fold raw=407.35 prev=407.18 new=407.36 d=+0.178 fr=389.57 dt=0.125 rate=1.00 paused=False backlog=8.83 edge=416.18 div=-0.00
21:20:52.429 CLOCK integ raw=407.35 prev=407.36 new=407.46 d=+0.101 fr=389.57 dt=0.101 rate=1.00 paused=False backlog=8.83 edge=416.28 div=-0.00
21:20:52.531 CUE cx=[414.68..416.18] adv=1.50 el=0.20 fresh | off=-0.52 fr=389.57 cc=407.46 raw=407.35 lead=+8.20 | pcr=416.392 head_rel=416.39 lag_ewma=6.19 | q=Packers on their opening drive / before the Broncos get the 
21:20:52.531 ANCHOR pend_end=416.18 L=4.10 pinL=0.21 target=-0.05 off=-0.52
21:20:52.531 CLOCK integ raw=407.35 prev=407.46 new=407.56 d=+0.101 fr=389.57 dt=0.101 rate=1.00 paused=False backlog=8.88 edge=416.44 div=-0.00
21:20:52.634 CLOCK fold raw=407.63 prev=407.56 new=407.64 d=+0.078 fr=390.00 dt=0.102 rate=1.00 paused=False backlog=8.91 edge=416.54 div=-0.00
21:20:52.735 CLOCK integ raw=407.63 prev=407.64 new=407.74 d=+0.102 fr=390.00 dt=0.102 rate=1.00 paused=False backlog=8.91 edge=416.64 div=-0.00
21:20:52.838 CLOCK integ raw=407.63 prev=407.74 new=407.84 d=+0.103 fr=390.00 dt=0.103 rate=1.00 paused=False backlog=8.78 edge=416.62 div=-0.00
21:20:53.040 CLOCK fold raw=407.92 prev=407.84 new=407.92 d=+0.076 fr=390.00 dt=0.202 rate=1.00 paused=False backlog=8.91 edge=416.82 div=-0.00
21:20:53.242 CLOCK fold raw=408.20 prev=407.92 new=408.20 d=+0.282 fr=390.00 dt=0.202 rate=1.00 paused=False backlog=8.83 edge=417.02 div=-0.00
21:20:53.344 CLOCK integ raw=408.20 prev=408.20 new=408.30 d=+0.101 fr=390.00 dt=0.101 rate=1.00 paused=False backlog=8.83 edge=417.12 div=-0.00
21:20:53.445 CLOCK fold raw=408.48 prev=408.30 new=408.48 d=+0.181 fr=390.00 dt=0.102 rate=1.00 paused=False backlog=8.75 edge=417.23 div=-0.00
21:20:53.548 CLOCK integ raw=408.48 prev=408.48 new=408.58 d=+0.103 fr=390.00 dt=0.103 rate=1.00 paused=False backlog=8.75 edge=417.33 div=-0.00
21:20:53.650 CLOCK integ raw=408.48 prev=408.58 new=408.69 d=+0.102 fr=390.00 dt=0.102 rate=1.00 paused=False backlog=8.75 edge=417.43 div=-0.00
21:20:53.756 CLOCK fold raw=408.76 prev=408.69 new=408.76 d=+0.075 fr=390.00 dt=0.105 rate=1.00 paused=False backlog=8.78 edge=417.54 div=-0.00
21:20:53.860 CLOCK integ raw=408.76 prev=408.76 new=408.87 d=+0.105 fr=390.00 dt=0.105 rate=1.00 paused=False backlog=8.78 edge=417.64 div=-0.00
21:20:53.963 CLOCK integ raw=408.76 prev=408.87 new=408.97 d=+0.102 fr=390.00 dt=0.102 rate=1.00 paused=False backlog=8.78 edge=417.74 div=-0.00
21:20:54.065 CLOCK fold raw=409.04 prev=408.97 new=409.04 d=+0.072 fr=390.00 dt=0.102 rate=1.00 paused=False backlog=8.81 edge=417.85 div=-0.00
21:20:54.166 CLOCK integ raw=409.04 prev=409.04 new=409.14 d=+0.102 fr=390.00 dt=0.102 rate=1.00 paused=False backlog=8.81 edge=417.95 div=-0.00
21:20:54.269 CLOCK fold raw=409.32 prev=409.14 new=409.32 d=+0.178 fr=390.00 dt=0.103 rate=1.00 paused=False backlog=8.73 edge=418.05 div=-0.00
21:20:54.371 CLOCK integ raw=409.32 prev=409.32 new=409.42 d=+0.102 fr=390.00 dt=0.102 rate=1.00 paused=False backlog=8.73 edge=418.15 div=-0.00
21:20:54.472 CLOCK integ raw=409.32 prev=409.42 new=409.52 d=+0.101 fr=390.00 dt=0.101 rate=1.00 paused=False backlog=8.73 edge=418.25 div=-0.00
21:20:54.675 CLOCK fold raw=409.60 prev=409.52 new=409.60 d=+0.078 fr=390.00 dt=0.203 rate=1.00 paused=False backlog=8.86 edge=418.46 div=-0.00
21:20:54.776 CLOCK integ raw=409.60 prev=409.60 new=409.70 d=+0.101 fr=390.00 dt=0.101 rate=1.00 paused=False backlog=8.86 edge=418.56 div=-0.00
21:20:54.877 CLOCK fold raw=409.88 prev=409.70 new=409.89 d=+0.183 fr=390.00 dt=0.101 rate=1.00 paused=False backlog=8.77 edge=418.66 div=-0.00
21:20:54.980 CLOCK integ raw=409.88 prev=409.89 new=409.99 d=+0.102 fr=390.00 dt=0.102 rate=1.00 paused=False backlog=7.64 edge=417.63 div=-0.00
21:20:55.081 CLOCK integ raw=409.88 prev=409.99 new=410.09 d=+0.101 fr=390.00 dt=0.101 rate=1.00 paused=False backlog=7.64 edge=417.73 div=-0.00
21:20:55.182 CLOCK fold raw=410.16 prev=410.09 new=410.16 d=+0.073 fr=390.00 dt=0.101 rate=1.00 paused=False backlog=7.67 edge=417.83 div=-0.00
21:20:55.284 CLOCK integ raw=410.16 prev=410.16 new=410.26 d=+0.102 fr=390.00 dt=0.102 rate=1.00 paused=False backlog=7.67 edge=417.93 div=-0.00
21:20:55.386 CLOCK fold raw=410.45 prev=410.26 new=410.45 d=+0.185 fr=390.00 dt=0.102 rate=1.00 paused=False backlog=7.59 edge=418.03 div=-0.00
21:20:55.490 CLOCK integ raw=410.45 prev=410.45 new=410.55 d=+0.105 fr=390.00 dt=0.105 rate=1.00 paused=False backlog=7.59 edge=418.14 div=-0.00
21:20:55.592 CLOCK integ raw=410.45 prev=410.55 new=410.66 d=+0.102 fr=390.00 dt=0.102 rate=1.00 paused=False backlog=7.59 edge=418.24 div=-0.00
21:20:55.694 TICK fr=390.00 cc=410.66 raw=410.72 vid=410.45 playing=1 started=1 stall=0 | d_fr_cc=-20.66 d_fr_raw=-20.72 d_cc_raw=-0.07 | off=-0.29 ccx_end=416.18 since_show=0.1 since_cue=3.2 | pcr=416.392 pid=100 head_rel=416.39 ccx_lag=0.21 | credit=390.0 capped=0.0 | fsize=189356420 feed=189356420 feed_behind=0 | backlog=7.59 edge=418.24 div=-0.00 lag_ewma=4.10
21:20:55.696 CLOCK fold raw=410.72 prev=410.66 new=410.73 d=+0.070 fr=390.00 dt=0.102 rate=1.00 paused=False backlog=7.62 edge=418.34 div=-0.00
21:20:55.797 CLOCK integ raw=410.72 prev=410.73 new=410.83 d=+0.102 fr=390.00 dt=0.102 rate=1.00 paused=False backlog=7.62 edge=418.45 div=-0.00
21:20:55.898 CLOCK integ raw=410.72 prev=410.83 new=410.93 d=+0.102 fr=390.00 dt=0.102 rate=1.00 paused=False backlog=7.62 edge=418.55 div=-0.00
21:20:56.001 CLOCK fold raw=411.00 prev=410.93 new=411.01 d=+0.077 fr=390.00 dt=0.101 rate=1.00 paused=False backlog=7.64 edge=418.65 div=-0.00
21:20:56.102 CLOCK integ raw=411.00 prev=411.01 new=411.11 d=+0.102 fr=390.00 dt=0.102 rate=1.00 paused=False backlog=7.64 edge=418.75 div=-0.00
21:20:56.303 CLOCK fold raw=411.29 prev=411.11 new=411.29 d=+0.179 fr=390.00 dt=0.202 rate=1.00 paused=False backlog=7.66 edge=418.95 div=-0.00
21:20:56.408 CLOCK integ raw=411.29 prev=411.29 new=411.39 d=+0.104 fr=390.00 dt=0.104 rate=1.00 paused=False backlog=7.66 edge=419.06 div=-0.00
21:20:56.509 CLOCK fold raw=411.57 prev=411.39 new=411.57 d=+0.177 fr=390.00 dt=0.102 rate=1.00 paused=False backlog=7.59 edge=419.16 div=-0.00
21:20:56.610 CLOCK integ raw=411.57 prev=411.57 new=411.67 d=+0.101 fr=390.00 dt=0.101 rate=1.00 paused=False backlog=7.59 edge=419.26 div=-0.00
21:20:56.712 CLOCK integ raw=411.57 prev=411.67 new=411.77 d=+0.102 fr=390.00 dt=0.102 rate=1.00 paused=False backlog=7.59 edge=419.36 div=-0.00
21:20:56.814 CLOCK fold raw=411.85 prev=411.77 new=411.85 d=+0.078 fr=390.00 dt=0.102 rate=1.00 paused=False backlog=7.61 edge=419.46 div=-0.00
21:20:56.916 EDGESNAP err=-3.07 edge->416.39
21:20:56.916 CLOCK integ raw=411.85 prev=411.85 new=411.95 d=+0.102 fr=390.00 dt=0.102 rate=1.00 paused=False backlog=4.54 edge=416.49 div=-0.00
21:20:57.017 CLOCK integ raw=411.85 prev=411.95 new=412.05 d=+0.101 fr=390.00 dt=0.101 rate=1.00 paused=False backlog=4.54 edge=416.60 div=-0.00
21:20:57.118 CLOCK fold raw=412.13 prev=412.05 new=412.13 d=+0.082 fr=394.49 dt=0.101 rate=1.00 paused=False backlog=4.56 edge=416.70 div=-0.00
21:20:57.220 CLOCK integ raw=412.13 prev=412.13 new=412.24 d=+0.102 fr=394.49 dt=0.102 rate=1.00 paused=False backlog=4.56 edge=416.80 div=-0.00
21:20:57.322 CLOCK integ raw=412.13 prev=412.24 new=412.34 d=+0.101 fr=394.49 dt=0.101 rate=1.00 paused=False backlog=4.56 edge=416.90 div=-0.00
21:20:57.524 CLOCK fold raw=412.41 prev=412.34 new=412.41 d=+0.075 fr=394.49 dt=0.201 rate=1.00 paused=False backlog=4.69 edge=417.10 div=-0.00
21:20:57.625 CLOCK integ raw=412.41 prev=412.41 new=412.51 d=+0.102 fr=394.49 dt=0.102 rate=1.00 paused=False backlog=4.69 edge=417.20 div=-0.00
21:20:57.727 CLOCK fold raw=412.70 prev=412.51 new=412.70 d=+0.184 fr=394.49 dt=0.101 rate=1.00 paused=False backlog=4.61 edge=417.30 div=-0.00
21:20:57.829 CLOCK integ raw=412.70 prev=412.70 new=412.80 d=+0.102 fr=394.49 dt=0.102 rate=1.00 paused=False backlog=4.61 edge=417.41 div=-0.00
21:20:57.930 CLOCK fold raw=412.97 prev=412.80 new=412.97 d=+0.173 fr=394.49 dt=0.102 rate=1.00 paused=False backlog=4.53 edge=417.51 div=-0.00
21:20:58.032 CLOCK integ raw=412.97 prev=412.97 new=413.08 d=+0.102 fr=394.49 dt=0.102 rate=1.00 paused=False backlog=4.53 edge=417.61 div=-0.00
21:20:58.134 CLOCK integ raw=412.97 prev=413.08 new=413.18 d=+0.102 fr=394.49 dt=0.102 rate=1.00 paused=False backlog=4.53 edge=417.71 div=-0.00
21:20:58.236 CLOCK fold raw=413.25 prev=413.18 new=413.26 d=+0.079 fr=394.49 dt=0.102 rate=1.00 paused=False backlog=4.56 edge=417.81 div=-0.00
21:20:58.364 EDGESNAP err=+5.11 edge->422.93
21:20:58.364 CUE cx=[416.18..419.05] adv=2.87 el=5.81 fresh | off=-0.29 fr=394.49 cc=413.26 raw=413.25 lead=+5.51 | pcr=422.929 head_rel=422.93 lag_ewma=9.21 | q=before the Broncos get the / football. Here's Cynthia / Frel
21:20:58.365 ANCHOR pend_end=419.05 L=7.34 pinL=3.88 target=0.00 off=-0.29
21:20:58.366 CLOCK integ raw=413.25 prev=413.26 new=413.39 d=+0.130 fr=395.73 dt=0.130 rate=1.00 paused=False backlog=9.67 edge=423.06 div=-0.00
21:20:58.467 CLOCK integ raw=413.25 prev=413.39 new=413.49 d=+0.101 fr=395.73 dt=0.101 rate=1.00 paused=False backlog=9.67 edge=423.16 div=-0.00
21:20:58.568 CUE cx=[419.05..420.29] adv=1.23 el=0.23 fresh | off=-0.14 fr=395.73 cc=413.49 raw=413.54 lead=+6.65 | pcr=422.929 head_rel=422.93 lag_ewma=7.34 | q=football. Here's Cynthia / Frelund. Haley Moss leave the / g
21:20:58.569 CUE cx=[420.29..422.05] adv=1.77 el=0.00 fresh | off=-0.14 fr=395.73 cc=413.49 raw=413.54 lead=+8.42 | pcr=422.929 head_rel=422.93 lag_ewma=7.34 | q=Frelund. Haley Moss leave the / game and he is now questiona
21:20:58.569 ANCHOR pend_end=422.05 L=5.08 pinL=0.87 target=0.06 off=-0.14
21:20:58.570 CLOCK fold raw=413.54 prev=413.49 new=413.54 d=+0.050 fr=395.73 dt=0.104 rate=1.00 paused=False backlog=9.55 edge=423.09 div=-0.00
21:20:58.671 CLOCK integ raw=413.54 prev=413.54 new=413.64 d=+0.101 fr=395.73 dt=0.101 rate=1.00 paused=False backlog=9.55 edge=423.19 div=-0.00
21:20:58.772 CLOCK fold raw=413.82 prev=413.64 new=413.82 d=+0.183 fr=396.14 dt=0.101 rate=1.00 paused=False backlog=9.47 edge=423.29 div=-0.00
21:20:58.875 CLOCK integ raw=413.82 prev=413.82 new=413.92 d=+0.103 fr=396.14 dt=0.103 rate=1.00 paused=False backlog=9.54 edge=423.46 div=-0.00
21:20:58.976 CLOCK integ raw=413.82 prev=413.92 new=414.03 d=+0.101 fr=396.14 dt=0.101 rate=1.00 paused=False backlog=9.54 edge=423.56 div=-0.00
21:20:59.077 CLOCK fold raw=414.10 prev=414.03 new=414.10 d=+0.074 fr=396.14 dt=0.101 rate=1.00 paused=False backlog=9.56 edge=423.66 div=-0.00
21:20:59.180 CLOCK integ raw=414.10 prev=414.10 new=414.20 d=+0.102 fr=396.14 dt=0.102 rate=1.00 paused=False backlog=9.56 edge=423.76 div=-0.00
21:20:59.381 CLOCK fold raw=414.38 prev=414.20 new=414.38 d=+0.179 fr=396.14 dt=0.202 rate=1.00 paused=False backlog=9.58 edge=423.96 div=-0.00
21:20:59.482 CLOCK integ raw=414.38 prev=414.38 new=414.48 d=+0.101 fr=396.14 dt=0.101 rate=1.00 paused=False backlog=9.58 edge=424.07 div=-0.00
21:20:59.584 CLOCK integ raw=414.38 prev=414.48 new=414.58 d=+0.102 fr=396.14 dt=0.102 rate=1.00 paused=False backlog=9.58 edge=424.17 div=-0.00
21:20:59.685 CLOCK fold raw=414.67 prev=414.58 new=414.67 d=+0.083 fr=396.14 dt=0.102 rate=1.00 paused=False backlog=9.60 edge=424.27 div=-0.00
21:20:59.787 CLOCK integ raw=414.67 prev=414.67 new=414.77 d=+0.102 fr=396.14 dt=0.102 rate=1.00 paused=False backlog=9.60 edge=424.37 div=-0.00
21:20:59.889 CLOCK fold raw=414.94 prev=414.77 new=414.95 d=+0.177 fr=396.14 dt=0.101 rate=1.00 paused=False backlog=9.53 edge=424.47 div=-0.00
21:20:59.990 CLOCK integ raw=414.94 prev=414.95 new=415.05 d=+0.101 fr=396.14 dt=0.101 rate=1.00 paused=False backlog=9.53 edge=424.57 div=-0.00
21:21:00.091 CLOCK integ raw=414.94 prev=415.05 new=415.15 d=+0.102 fr=396.14 dt=0.102 rate=1.00 paused=False backlog=9.53 edge=424.68 div=-0.00
21:21:00.193 CLOCK fold raw=415.22 prev=415.15 new=415.22 d=+0.075 fr=396.14 dt=0.101 rate=1.00 paused=False backlog=9.55 edge=424.78 div=-0.00
21:21:00.294 CLOCK integ raw=415.22 prev=415.22 new=415.32 d=+0.101 fr=396.14 dt=0.101 rate=1.00 paused=False backlog=9.55 edge=424.88 div=-0.00
21:21:00.395 CLOCK integ raw=415.22 prev=415.32 new=415.43 d=+0.101 fr=396.14 dt=0.101 rate=1.00 paused=False backlog=9.55 edge=424.98 div=-0.00
21:21:00.497 CLOCK fold raw=415.50 prev=415.43 new=415.51 d=+0.080 fr=396.14 dt=0.102 rate=1.00 paused=False backlog=9.58 edge=425.08 div=-0.00
21:21:00.598 CLOCK integ raw=415.50 prev=415.51 new=415.61 d=+0.101 fr=396.14 dt=0.101 rate=1.00 paused=False backlog=9.58 edge=425.18 div=-0.00
21:21:00.699 TICK fr=396.14 cc=415.61 raw=415.50 vid=415.22 playing=1 started=1 stall=0 | d_fr_cc=-19.47 d_fr_raw=-19.36 d_cc_raw=+0.10 | off=-0.04 ccx_end=422.05 since_show=0.1 since_cue=2.1 | pcr=423.422 pid=100 head_rel=423.42 ccx_lag=1.37 | credit=396.1 capped=0.0 | fsize=192521024 feed=192521024 feed_behind=0 | backlog=9.58 edge=425.18 div=-0.00 lag_ewma=5.08
21:21:00.700 CLOCK integ raw=415.50 prev=415.61 new=415.71 d=+0.102 fr=396.14 dt=0.102 rate=1.00 paused=False backlog=9.58 edge=425.28 div=-0.00
21:21:00.903 CLOCK fold raw=415.79 prev=415.71 new=415.79 d=+0.079 fr=396.14 dt=0.203 rate=1.00 paused=False backlog=8.77 edge=424.56 div=-0.00
21:21:01.005 CLOCK integ raw=415.79 prev=415.79 new=415.89 d=+0.101 fr=396.14 dt=0.101 rate=1.00 paused=False backlog=8.77 edge=424.66 div=-0.00
21:21:01.106 CLOCK fold raw=416.07 prev=415.89 new=416.07 d=+0.181 fr=396.14 dt=0.101 rate=1.00 paused=False backlog=8.69 edge=424.76 div=-0.00
21:21:01.207 CLOCK integ raw=416.07 prev=416.07 new=416.17 d=+0.101 fr=396.14 dt=0.101 rate=1.00 paused=False backlog=8.69 edge=424.86 div=-0.00
21:21:01.308 CLOCK fold raw=416.35 prev=416.17 new=416.35 d=+0.179 fr=396.14 dt=0.101 rate=1.00 paused=False backlog=8.61 edge=424.96 div=-0.00
21:21:01.409 CLOCK integ raw=416.35 prev=416.35 new=416.45 d=+0.101 fr=396.14 dt=0.101 rate=1.00 paused=False backlog=8.61 edge=425.06 div=-0.00
21:21:01.510 CLOCK integ raw=416.35 prev=416.45 new=416.55 d=+0.102 fr=396.14 dt=0.102 rate=1.00 paused=False backlog=8.61 edge=425.16 div=-0.00
21:21:01.613 CLOCK fold raw=416.63 prev=416.55 new=416.63 d=+0.080 fr=396.14 dt=0.102 rate=1.00 paused=False backlog=8.63 edge=425.27 div=-0.00
21:21:01.714 CLOCK integ raw=416.63 prev=416.63 new=416.73 d=+0.102 fr=396.14 dt=0.102 rate=1.00 paused=False backlog=8.63 edge=425.37 div=-0.00
21:21:01.815 CLOCK integ raw=416.63 prev=416.73 new=416.83 d=+0.101 fr=396.14 dt=0.101 rate=1.00 paused=False backlog=8.63 edge=425.47 div=-0.00
21:21:01.918 CLOCK fold raw=416.91 prev=416.83 new=416.91 d=+0.078 fr=396.14 dt=0.103 rate=1.00 paused=False backlog=8.66 edge=425.57 div=-0.00
21:21:02.022 CLOCK integ raw=416.91 prev=416.91 new=417.02 d=+0.103 fr=396.14 dt=0.103 rate=1.00 paused=False backlog=8.66 edge=425.67 div=-0.00
21:21:02.123 CLOCK integ raw=416.91 prev=417.02 new=417.12 d=+0.101 fr=396.14 dt=0.101 rate=1.00 paused=False backlog=8.66 edge=425.78 div=-0.00
21:21:02.225 CLOCK fold raw=417.19 prev=417.12 new=417.19 d=+0.074 fr=396.14 dt=0.102 rate=1.00 paused=False backlog=8.69 edge=425.88 div=-0.00
21:21:02.429 CLOCK fold raw=417.48 prev=417.19 new=417.48 d=+0.287 fr=396.14 dt=0.204 rate=1.00 paused=False backlog=8.60 edge=426.08 div=-0.00
21:21:02.532 CLOCK integ raw=417.48 prev=417.48 new=417.58 d=+0.103 fr=396.14 dt=0.103 rate=1.00 paused=False backlog=8.60 edge=426.18 div=-0.00
21:21:02.633 CLOCK integ raw=417.48 prev=417.58 new=417.68 d=+0.101 fr=396.14 dt=0.101 rate=1.00 paused=False backlog=8.60 edge=426.29 div=-0.00
21:21:02.734 CLOCK fold raw=417.75 prev=417.68 new=417.75 d=+0.070 fr=396.14 dt=0.101 rate=1.00 paused=False backlog=8.63 edge=426.39 div=-0.00
21:21:02.841 CLOCK integ raw=417.75 prev=417.75 new=417.86 d=+0.107 fr=396.14 dt=0.107 rate=1.00 paused=False backlog=8.63 edge=426.49 div=-0.00
21:21:02.843 EDGESNAP err=-3.07 edge->423.42
21:21:02.945 CLOCK integ raw=417.75 prev=417.86 new=417.96 d=+0.104 fr=396.14 dt=0.104 rate=1.00 paused=False backlog=5.56 edge=423.53 div=-0.00
21:21:03.047 CLOCK fold raw=418.04 prev=417.96 new=418.04 d=+0.073 fr=396.14 dt=0.101 rate=1.00 paused=False backlog=5.59 edge=423.63 div=-0.00
21:21:03.148 CLOCK integ raw=418.04 prev=418.04 new=418.14 d=+0.101 fr=396.14 dt=0.101 rate=1.00 paused=False backlog=5.59 edge=423.73 div=-0.00
21:21:03.251 CLOCK integ raw=418.04 prev=418.14 new=418.24 d=+0.103 fr=400.62 dt=0.103 rate=1.00 paused=False backlog=5.59 edge=423.83 div=-0.00
21:21:03.385 EDGESNAP err=+2.96 edge->426.79
21:21:03.385 CUE cx=[422.06..423.15] adv=1.10 el=4.78 fresh | off=-0.04 fr=400.62 cc=418.24 raw=418.31 lead=+4.87 | pcr=426.792 head_rel=426.79 lag_ewma=8.04 | q=game and he is now questionable / to return with a rib injur
21:21:03.386 ANCHOR pend_end=423.15 L=6.50 pinL=3.64 target=0.00 off=-0.04
21:21:03.387 CLOCK fold raw=418.31 prev=418.24 new=418.32 d=+0.075 fr=400.62 dt=0.136 rate=1.00 paused=False backlog=8.61 edge=426.93 div=-0.00
21:21:03.488 CLOCK integ raw=418.31 prev=418.32 new=418.42 d=+0.101 fr=400.62 dt=0.101 rate=1.00 paused=False backlog=8.61 edge=427.03 div=-0.00
21:21:03.590 CLOCK fold raw=418.60 prev=418.42 new=418.60 d=+0.180 fr=400.62 dt=0.102 rate=1.00 paused=False backlog=8.53 edge=427.13 div=-0.00
21:21:03.692 CLOCK integ raw=418.60 prev=418.60 new=418.70 d=+0.103 fr=400.96 dt=0.103 rate=1.00 paused=False backlog=8.53 edge=427.23 div=-0.00
21:21:03.793 CLOCK integ raw=418.60 prev=418.70 new=418.80 d=+0.101 fr=400.96 dt=0.101 rate=1.00 paused=False backlog=8.53 edge=427.33 div=-0.00
21:21:03.896 CLOCK fold raw=418.88 prev=418.80 new=418.88 d=+0.078 fr=400.96 dt=0.102 rate=1.00 paused=False backlog=8.56 edge=427.44 div=-0.00
21:21:03.998 CLOCK integ raw=418.88 prev=418.88 new=418.98 d=+0.102 fr=400.96 dt=0.102 rate=1.00 paused=False backlog=8.56 edge=427.54 div=-0.00
21:21:04.099 CLOCK fold raw=419.16 prev=418.98 new=419.16 d=+0.180 fr=400.96 dt=0.102 rate=1.00 paused=False backlog=8.48 edge=427.64 div=-0.00
21:21:04.200 CLOCK integ raw=419.16 prev=419.16 new=419.26 d=+0.101 fr=400.96 dt=0.101 rate=1.00 paused=False backlog=8.48 edge=427.74 div=-0.00
21:21:04.402 CLOCK fold raw=419.44 prev=419.26 new=419.44 d=+0.182 fr=400.96 dt=0.201 rate=1.00 paused=False backlog=8.50 edge=427.94 div=-0.00
21:21:04.504 CLOCK integ raw=419.44 prev=419.44 new=419.55 d=+0.102 fr=400.96 dt=0.102 rate=1.00 paused=False backlog=8.50 edge=428.04 div=-0.00
21:21:04.605 CLOCK integ raw=419.44 prev=419.55 new=419.65 d=+0.101 fr=400.96 dt=0.101 rate=1.00 paused=False backlog=8.50 edge=428.15 div=-0.00
21:21:04.706 CLOCK fold raw=419.73 prev=419.65 new=419.73 d=+0.080 fr=400.96 dt=0.102 rate=1.00 paused=False backlog=8.52 edge=428.25 div=-0.00
21:21:04.807 CLOCK integ raw=419.73 prev=419.73 new=419.83 d=+0.101 fr=400.96 dt=0.101 rate=1.00 paused=False backlog=8.52 edge=428.35 div=-0.00
21:21:04.909 CLOCK integ raw=419.73 prev=419.83 new=419.93 d=+0.102 fr=400.96 dt=0.102 rate=1.00 paused=False backlog=7.74 edge=427.67 div=-0.00
21:21:05.010 CLOCK fold raw=420.00 prev=419.93 new=420.01 d=+0.076 fr=400.96 dt=0.101 rate=1.00 paused=False backlog=7.77 edge=427.77 div=-0.00
21:21:05.111 CLOCK integ raw=420.00 prev=420.01 new=420.11 d=+0.101 fr=400.96 dt=0.101 rate=1.00 paused=False backlog=7.77 edge=427.87 div=-0.00
21:21:05.212 CLOCK integ raw=420.00 prev=420.11 new=420.21 d=+0.101 fr=400.96 dt=0.101 rate=1.00 paused=False backlog=7.77 edge=427.98 div=-0.00
21:21:05.314 CLOCK fold raw=420.29 prev=420.21 new=420.29 d=+0.079 fr=400.96 dt=0.101 rate=1.00 paused=False backlog=7.79 edge=428.08 div=-0.00
21:21:05.415 CLOCK integ raw=420.29 prev=420.29 new=420.39 d=+0.101 fr=400.96 dt=0.101 rate=1.00 paused=False backlog=7.79 edge=428.18 div=-0.00
21:21:05.616 CLOCK fold raw=420.57 prev=420.39 new=420.57 d=+0.180 fr=400.96 dt=0.201 rate=1.00 paused=False backlog=7.81 edge=428.38 div=-0.00
21:21:05.717 CLOCK integ raw=420.57 prev=420.57 new=420.67 d=+0.101 fr=400.96 dt=0.101 rate=1.00 paused=False backlog=7.81 edge=428.48 div=-0.00
21:21:05.718 TICK fr=400.96 cc=420.67 raw=420.57 vid=420.57 playing=1 started=1 stall=0 | d_fr_cc=-19.71 d_fr_raw=-19.61 d_cc_raw=+0.10 | off=-0.02 ccx_end=423.15 since_show=0.0 since_cue=2.4 | pcr=426.792 pid=100 head_rel=426.79 ccx_lag=3.64 | credit=401.0 capped=0.0 | fsize=194078040 feed=194078040 feed_behind=0 | backlog=7.81 edge=428.48 div=-0.00 lag_ewma=6.50
21:21:05.820 CLOCK fold raw=420.85 prev=420.67 new=420.85 d=+0.183 fr=400.96 dt=0.102 rate=1.00 paused=False backlog=7.73 edge=428.58 div=-0.00
21:21:05.921 CLOCK integ raw=420.85 prev=420.85 new=420.95 d=+0.101 fr=400.96 dt=0.101 rate=1.00 paused=False backlog=7.73 edge=428.68 div=-0.00
21:21:06.022 CLOCK integ raw=420.85 prev=420.95 new=421.05 d=+0.101 fr=400.96 dt=0.101 rate=1.00 paused=False backlog=7.73 edge=428.79 div=-0.00
21:21:06.124 CLOCK fold raw=421.13 prev=421.05 new=421.13 d=+0.074 fr=400.96 dt=0.102 rate=1.00 paused=False backlog=7.76 edge=428.89 div=-0.00
21:21:06.225 CLOCK integ raw=421.13 prev=421.13 new=421.23 d=+0.101 fr=400.96 dt=0.101 rate=1.00 paused=False backlog=7.76 edge=428.99 div=-0.00
21:21:06.327 CLOCK integ raw=421.13 prev=421.23 new=421.33 d=+0.102 fr=400.96 dt=0.102 rate=1.00 paused=False backlog=7.76 edge=429.09 div=-0.00
21:21:06.429 CLOCK fold raw=421.41 prev=421.33 new=421.41 d=+0.082 fr=400.96 dt=0.101 rate=1.00 paused=False backlog=7.78 edge=429.19 div=-0.00
21:21:06.530 CLOCK integ raw=421.41 prev=421.41 new=421.51 d=+0.101 fr=400.96 dt=0.101 rate=1.00 paused=False backlog=7.78 edge=429.29 div=-0.00
21:21:06.631 CLOCK fold raw=421.69 prev=421.51 new=421.69 d=+0.176 fr=400.96 dt=0.101 rate=1.00 paused=False backlog=7.70 edge=429.39 div=-0.00
21:21:06.732 CLOCK integ raw=421.69 prev=421.69 new=421.79 d=+0.101 fr=400.96 dt=0.101 rate=1.00 paused=False backlog=7.70 edge=429.50 div=-0.00
21:21:06.835 EDGESNAP err=-2.70 edge->426.79
21:21:06.836 CLOCK integ raw=421.69 prev=421.79 new=421.90 d=+0.104 fr=400.96 dt=0.104 rate=1.00 paused=False backlog=5.00 edge=426.90 div=-0.00
21:21:06.937 CLOCK fold raw=421.97 prev=421.90 new=421.97 d=+0.076 fr=400.96 dt=0.101 rate=1.00 paused=False backlog=5.03 edge=427.00 div=-0.00
21:21:07.039 CLOCK integ raw=421.97 prev=421.97 new=422.07 d=+0.101 fr=400.96 dt=0.101 rate=1.00 paused=False backlog=5.03 edge=427.10 div=-0.00
21:21:07.241 CLOCK fold raw=422.25 prev=422.07 new=422.25 d=+0.181 fr=400.96 dt=0.202 rate=1.00 paused=False backlog=5.05 edge=427.30 div=-0.00
21:21:07.371 CUE cx=[423.16..426.66] adv=3.50 el=3.99 fresh | off=-0.02 fr=404.61 cc=422.25 raw=422.25 lead=+4.38 | pcr=429.182 head_rel=429.18 lag_ewma=6.50 | q=to return with a rib injury. / He's still in the locker room
21:21:07.372 ANCHOR pend_end=426.66 L=5.11 pinL=2.52 target=-0.94 off=-0.02
21:21:07.372 CLOCK integ raw=422.25 prev=422.25 new=422.38 d=+0.132 fr=404.61 dt=0.132 rate=1.00 paused=False backlog=5.99 edge=428.37 div=-0.00
21:21:07.474 CLOCK integ raw=422.25 prev=422.38 new=422.49 d=+0.101 fr=404.61 dt=0.101 rate=1.00 paused=False backlog=5.99 edge=428.47 div=-0.00
21:21:07.575 CLOCK fold raw=422.54 prev=422.49 new=422.54 d=+0.054 fr=404.61 dt=0.101 rate=1.00 paused=False backlog=6.03 edge=428.58 div=-0.00
21:21:07.576 CUE cx=[426.66..427.99] adv=1.33 el=0.23 fresh | off=-0.48 fr=404.61 cc=422.54 raw=422.54 lead=+4.97 | pcr=429.182 head_rel=429.18 lag_ewma=5.11 | q=He's still in the locker room / as of right now though. This
21:21:07.676 ANCHOR pend_end=427.99 L=3.74 pinL=1.19 target=-0.30 off=-0.48
21:21:07.677 CLOCK integ raw=422.54 prev=422.54 new=422.64 d=+0.102 fr=404.61 dt=0.102 rate=1.00 paused=False backlog=6.34 edge=428.98 div=-0.00
21:21:07.778 CLOCK fold raw=422.82 prev=422.64 new=422.82 d=+0.177 fr=405.04 dt=0.102 rate=1.00 paused=False backlog=6.26 edge=429.08 div=-0.00
21:21:07.880 CLOCK integ raw=422.82 prev=422.82 new=422.92 d=+0.101 fr=405.04 dt=0.101 rate=1.00 paused=False backlog=6.26 edge=429.18 div=-0.00
21:21:07.981 CLOCK integ raw=422.82 prev=422.92 new=423.02 d=+0.102 fr=405.04 dt=0.102 rate=1.00 paused=False backlog=6.26 edge=429.29 div=-0.00
21:21:08.083 CLOCK fold raw=423.10 prev=423.02 new=423.10 d=+0.078 fr=405.04 dt=0.101 rate=1.00 paused=False backlog=6.29 edge=429.39 div=-0.00
21:21:08.186 CLOCK integ raw=423.10 prev=423.10 new=423.20 d=+0.103 fr=405.45 dt=0.103 rate=1.00 paused=False backlog=6.29 edge=429.49 div=-0.00
21:21:08.287 CLOCK integ raw=423.10 prev=423.20 new=423.30 d=+0.101 fr=405.45 dt=0.101 rate=1.00 paused=False backlog=6.29 edge=429.59 div=-0.00
21:21:08.307 CUE cx=[428.00..429.46] adv=1.47 el=0.71 fresh | off=-0.39 fr=405.45 cc=423.30 raw=423.10 lead=+5.76 | pcr=431.008 head_rel=431.01 lag_ewma=3.74 | q=as of right now though. This is / the play that Rylie Moss g
21:21:08.408 ANCHOR pend_end=429.46 L=2.97 pinL=1.55 target=-0.71 off=-0.39
21:21:08.408 CLOCK fold raw=423.38 prev=423.30 new=423.38 d=+0.076 fr=405.45 dt=0.121 rate=1.00 paused=False backlog=7.04 edge=430.42 div=-0.00
21:21:08.511 CLOCK integ raw=423.38 prev=423.38 new=423.48 d=+0.102 fr=405.88 dt=0.102 rate=1.00 paused=False backlog=7.04 edge=430.52 div=-0.00
21:21:08.612 CLOCK fold raw=423.65 prev=423.48 new=423.66 d=+0.174 fr=405.88 dt=0.101 rate=1.00 paused=False backlog=6.97 edge=430.62 div=-0.00
21:21:08.713 CLOCK integ raw=423.65 prev=423.66 new=423.76 d=+0.101 fr=405.88 dt=0.101 rate=1.00 paused=False backlog=6.97 edge=430.73 div=-0.00
21:21:08.814 CLOCK integ raw=423.65 prev=423.76 new=423.86 d=+0.101 fr=405.88 dt=0.101 rate=1.00 paused=False backlog=6.97 edge=430.83 div=-0.00
21:21:08.917 CLOCK fold raw=423.94 prev=423.86 new=423.94 d=+0.080 fr=405.88 dt=0.103 rate=1.00 paused=False backlog=7.08 edge=431.02 div=-0.00
21:21:09.019 CLOCK integ raw=423.94 prev=423.94 new=424.04 d=+0.102 fr=405.88 dt=0.102 rate=1.00 paused=False backlog=7.08 edge=431.12 div=-0.00
21:21:09.220 CLOCK fold raw=424.22 prev=424.04 new=424.22 d=+0.181 fr=405.88 dt=0.202 rate=1.00 paused=False backlog=7.10 edge=431.32 div=-0.00
21:21:09.321 CLOCK integ raw=424.22 prev=424.22 new=424.32 d=+0.101 fr=405.88 dt=0.101 rate=1.00 paused=False backlog=7.10 edge=431.42 div=-0.00
21:21:09.423 CLOCK integ raw=424.22 prev=424.32 new=424.42 d=+0.102 fr=405.88 dt=0.102 rate=1.00 paused=False backlog=7.10 edge=431.53 div=-0.00
21:21:09.524 CLOCK fold raw=424.50 prev=424.42 new=424.50 d=+0.080 fr=405.88 dt=0.101 rate=1.00 paused=False backlog=7.12 edge=431.63 div=-0.00
21:21:09.626 CLOCK integ raw=424.50 prev=424.50 new=424.61 d=+0.101 fr=405.88 dt=0.101 rate=1.00 paused=False backlog=7.12 edge=431.73 div=-0.00
21:21:09.727 CLOCK fold raw=424.78 prev=424.61 new=424.79 d=+0.180 fr=405.88 dt=0.101 rate=1.00 paused=False backlog=7.04 edge=431.83 div=-0.00
21:21:09.828 CLOCK integ raw=424.78 prev=424.79 new=424.89 d=+0.102 fr=405.88 dt=0.102 rate=1.00 paused=False backlog=7.04 edge=431.93 div=-0.00
21:21:09.930 CLOCK integ raw=424.78 prev=424.89 new=424.99 d=+0.101 fr=405.88 dt=0.101 rate=1.00 paused=False backlog=7.04 edge=432.03 div=-0.00
21:21:10.032 CLOCK fold raw=425.06 prev=424.99 new=425.06 d=+0.074 fr=405.88 dt=0.102 rate=1.00 paused=False backlog=7.07 edge=432.13 div=-0.00
21:21:10.133 CLOCK integ raw=425.06 prev=425.06 new=425.16 d=+0.101 fr=405.88 dt=0.101 rate=1.00 paused=False backlog=7.07 edge=432.24 div=-0.00
21:21:10.235 CLOCK integ raw=425.06 prev=425.16 new=425.27 d=+0.102 fr=405.88 dt=0.102 rate=1.00 paused=False backlog=7.07 edge=432.34 div=-0.00
21:21:10.335 CLOCK fold raw=425.35 prev=425.27 new=425.35 d=+0.082 fr=405.88 dt=0.101 rate=1.00 paused=False backlog=7.09 edge=432.44 div=-0.00
21:21:10.438 CLOCK integ raw=425.35 prev=425.35 new=425.45 d=+0.102 fr=405.88 dt=0.102 rate=1.00 paused=False backlog=7.09 edge=432.54 div=-0.00
21:21:10.639 CLOCK fold raw=425.63 prev=425.45 new=425.63 d=+0.179 fr=405.88 dt=0.202 rate=1.00 paused=False backlog=7.11 edge=432.74 div=-0.00
21:21:10.741 CLOCK integ raw=425.63 prev=425.63 new=425.73 d=+0.101 fr=405.88 dt=0.101 rate=1.00 paused=False backlog=7.11 edge=432.84 div=-0.00
21:21:10.742 TICK fr=405.88 cc=425.73 raw=425.63 vid=425.35 playing=1 started=1 stall=0 | d_fr_cc=-19.85 d_fr_raw=-19.75 d_cc_raw=+0.10 | off=-0.55 ccx_end=429.46 since_show=0.0 since_cue=2.5 | pcr=431.008 pid=100 head_rel=431.01 ccx_lag=1.55 | credit=405.9 capped=0.0 | fsize=196010680 feed=196010680 feed_behind=0 | backlog=7.11 edge=432.84 div=-0.00 lag_ewma=2.97
21:21:10.843 CLOCK fold raw=425.90 prev=425.73 new=425.91 d=+0.177 fr=405.88 dt=0.103 rate=1.00 paused=False backlog=7.04 edge=432.95 div=-0.00
21:21:10.946 CLOCK integ raw=425.90 prev=425.91 new=426.01 d=+0.102 fr=405.88 dt=0.102 rate=1.00 paused=False backlog=6.07 edge=432.08 div=-0.00
21:21:11.048 CLOCK integ raw=425.90 prev=426.01 new=426.11 d=+0.102 fr=405.88 dt=0.102 rate=1.00 paused=False backlog=6.07 edge=432.18 div=-0.00
21:21:11.150 CLOCK fold raw=426.19 prev=426.11 new=426.19 d=+0.076 fr=405.88 dt=0.102 rate=1.00 paused=False backlog=6.10 edge=432.28 div=-0.00
21:21:11.251 CLOCK integ raw=426.19 prev=426.19 new=426.29 d=+0.101 fr=405.88 dt=0.101 rate=1.00 paused=False backlog=6.10 edge=432.39 div=-0.00
21:21:11.353 CLOCK integ raw=426.19 prev=426.29 new=426.39 d=+0.102 fr=405.88 dt=0.102 rate=1.00 paused=False backlog=6.10 edge=432.49 div=-0.00
21:21:11.454 CLOCK fold raw=426.46 prev=426.39 new=426.47 d=+0.076 fr=405.88 dt=0.101 rate=1.00 paused=False backlog=6.12 edge=432.59 div=-0.00
21:21:11.556 CLOCK integ raw=426.46 prev=426.47 new=426.57 d=+0.102 fr=405.88 dt=0.102 rate=1.00 paused=False backlog=6.12 edge=432.69 div=-0.00
21:21:11.657 CLOCK integ raw=426.46 prev=426.57 new=426.67 d=+0.101 fr=405.88 dt=0.101 rate=1.00 paused=False backlog=6.12 edge=432.79 div=-0.00
21:21:11.760 CLOCK fold raw=426.75 prev=426.67 new=426.75 d=+0.083 fr=405.88 dt=0.103 rate=1.00 paused=False backlog=6.14 edge=432.89 div=-0.00
21:21:11.962 CLOCK integ raw=426.75 prev=426.75 new=426.95 d=+0.202 fr=405.88 dt=0.202 rate=1.00 paused=False backlog=6.14 edge=433.10 div=-0.00
21:21:12.064 CLOCK fold raw=427.03 prev=426.95 new=427.03 d=+0.075 fr=405.88 dt=0.101 rate=1.00 paused=False backlog=6.17 edge=433.20 div=-0.00
21:21:12.165 CLOCK integ raw=427.03 prev=427.03 new=427.13 d=+0.101 fr=405.88 dt=0.101 rate=1.00 paused=False backlog=6.17 edge=433.30 div=-0.00
21:21:12.267 CLOCK fold raw=427.31 prev=427.13 new=427.31 d=+0.179 fr=409.53 dt=0.102 rate=1.00 paused=False backlog=6.09 edge=433.40 div=-0.00
21:21:12.370 CLOCK integ raw=427.31 prev=427.31 new=427.41 d=+0.102 fr=409.53 dt=0.102 rate=1.00 paused=False backlog=6.09 edge=433.50 div=-0.00
21:21:12.471 CLOCK integ raw=427.31 prev=427.41 new=427.51 d=+0.101 fr=409.53 dt=0.101 rate=1.00 paused=False backlog=6.09 edge=433.60 div=-0.00
21:21:12.575 CUE cx=[429.46..431.96] adv=2.50 el=4.29 fresh | off=-0.55 fr=409.94 cc=427.51 raw=427.59 lead=+3.90 | pcr=433.818 head_rel=433.82 lag_ewma=2.97 | q=the play that Rylie Moss got / injured on. It was later rule
21:21:12.577 ANCHOR pend_end=431.96 L=2.58 pinL=1.85 target=-0.11 off=-0.55
21:21:12.577 CLOCK fold raw=427.59 prev=427.51 new=427.59 d=+0.077 fr=409.94 dt=0.106 rate=1.00 paused=False backlog=6.23 edge=433.82 div=-0.00
21:21:12.678 CLOCK integ raw=427.59 prev=427.59 new=427.69 d=+0.101 fr=409.94 dt=0.101 rate=1.00 paused=False backlog=6.23 edge=433.92 div=-0.00
21:21:12.779 CLOCK integ raw=427.59 prev=427.69 new=427.79 d=+0.101 fr=409.94 dt=0.101 rate=1.00 paused=False backlog=6.23 edge=434.02 div=-0.00
21:21:12.883 CLOCK fold raw=427.88 prev=427.79 new=427.88 d=+0.085 fr=409.94 dt=0.102 rate=1.00 paused=False backlog=6.14 edge=434.02 div=-0.00
21:21:12.984 CLOCK integ raw=427.88 prev=427.88 new=427.98 d=+0.102 fr=409.94 dt=0.102 rate=1.00 paused=False backlog=6.14 edge=434.12 div=-0.00
21:21:13.087 CLOCK integ raw=427.88 prev=427.98 new=428.08 d=+0.103 fr=409.94 dt=0.103 rate=1.00 paused=False backlog=6.14 edge=434.23 div=-0.00
21:21:13.188 CLOCK fold raw=428.15 prev=428.08 new=428.15 d=+0.070 fr=409.94 dt=0.101 rate=1.00 paused=False backlog=6.17 edge=434.33 div=-0.00
21:21:13.289 CLOCK integ raw=428.15 prev=428.15 new=428.25 d=+0.101 fr=409.94 dt=0.101 rate=1.00 paused=False backlog=6.17 edge=434.43 div=-0.00
21:21:13.393 CLOCK fold raw=428.44 prev=428.25 new=428.44 d=+0.186 fr=409.94 dt=0.104 rate=1.00 paused=False backlog=6.09 edge=434.53 div=-0.00
21:21:13.496 CLOCK integ raw=428.44 prev=428.44 new=428.54 d=+0.103 fr=409.94 dt=0.103 rate=1.00 paused=False backlog=6.09 edge=434.63 div=-0.00
21:21:13.697 CLOCK fold raw=428.73 prev=428.54 new=428.74 d=+0.192 fr=409.94 dt=0.201 rate=1.00 paused=False backlog=6.10 edge=434.84 div=-0.00
21:21:13.809 CLOCK integ raw=428.73 prev=428.74 new=428.85 d=+0.112 fr=409.94 dt=0.112 rate=1.00 paused=False backlog=6.10 edge=434.95 div=-0.00
21:21:13.913 CLOCK integ raw=428.73 prev=428.85 new=428.95 d=+0.104 fr=409.94 dt=0.104 rate=1.00 paused=False backlog=6.10 edge=435.05 div=-0.00
21:21:14.021 CLOCK fold raw=429.00 prev=428.95 new=429.00 d=+0.048 fr=409.94 dt=0.107 rate=1.00 paused=False backlog=6.16 edge=435.16 div=-0.00
21:21:14.125 CLOCK integ raw=429.00 prev=429.00 new=429.10 d=+0.104 fr=409.94 dt=0.104 rate=1.00 paused=False backlog=6.16 edge=435.26 div=-0.00
21:21:14.228 CLOCK fold raw=429.28 prev=429.10 new=429.28 d=+0.175 fr=409.94 dt=0.103 rate=1.00 paused=False backlog=6.09 edge=435.37 div=-0.00
21:21:14.329 CLOCK integ raw=429.28 prev=429.28 new=429.38 d=+0.101 fr=409.94 dt=0.101 rate=1.00 paused=False backlog=6.09 edge=435.47 div=-0.00
21:21:14.433 CLOCK integ raw=429.28 prev=429.38 new=429.48 d=+0.104 fr=409.94 dt=0.104 rate=1.00 paused=False backlog=6.09 edge=435.57 div=-0.00
21:21:14.536 CLOCK fold raw=429.56 prev=429.48 new=429.56 d=+0.075 fr=409.94 dt=0.102 rate=1.00 paused=False backlog=6.12 edge=435.67 div=-0.00
21:21:14.641 CLOCK integ raw=429.56 prev=429.56 new=429.66 d=+0.106 fr=409.94 dt=0.106 rate=1.00 paused=False backlog=6.12 edge=435.78 div=-0.00
21:21:14.743 CLOCK integ raw=429.56 prev=429.66 new=429.77 d=+0.101 fr=409.94 dt=0.101 rate=1.00 paused=False backlog=6.12 edge=435.88 div=-0.00
21:21:14.849 CLOCK fold raw=429.84 prev=429.77 new=429.84 d=+0.075 fr=409.94 dt=0.107 rate=1.00 paused=False backlog=5.12 edge=434.96 div=-0.00
21:21:14.967 CLOCK integ raw=429.84 prev=429.84 new=429.96 d=+0.118 fr=409.94 dt=0.118 rate=1.00 paused=False backlog=5.12 edge=435.07 div=-0.00
21:21:15.071 CLOCK fold raw=430.12 prev=429.96 new=430.12 d=+0.163 fr=409.94 dt=0.104 rate=1.00 paused=False backlog=5.06 edge=435.18 div=-0.00
21:21:15.211 CLOCK integ raw=430.12 prev=430.12 new=430.26 d=+0.140 fr=409.94 dt=0.140 rate=1.00 paused=False backlog=5.06 edge=435.32 div=-0.00
21:21:15.324 CLOCK integ raw=430.12 prev=430.26 new=430.37 d=+0.112 fr=409.94 dt=0.112 rate=1.00 paused=False backlog=5.06 edge=435.43 div=-0.00
21:21:15.431 CLOCK fold raw=430.40 prev=430.37 new=430.40 d=+0.028 fr=409.94 dt=0.108 rate=1.00 paused=False backlog=5.14 edge=435.54 div=-0.00
21:21:15.533 CLOCK integ raw=430.40 prev=430.40 new=430.50 d=+0.103 fr=409.94 dt=0.103 rate=1.00 paused=False backlog=5.14 edge=435.64 div=-0.00
21:21:15.637 CLOCK fold raw=430.68 prev=430.50 new=430.68 d=+0.179 fr=409.94 dt=0.103 rate=1.00 paused=False backlog=5.06 edge=435.74 div=-0.00
21:21:15.749 TICK fr=409.94 cc=430.68 raw=430.68 vid=430.40 playing=1 started=1 stall=0 | d_fr_cc=-20.74 d_fr_raw=-20.74 d_cc_raw=+0.00 | off=-0.33 ccx_end=431.96 since_show=0.1 since_cue=3.2 | pcr=433.818 pid=100 head_rel=433.82 ccx_lag=1.85 | credit=409.9 capped=0.0 | fsize=197303932 feed=197303932 feed_behind=0 | backlog=5.06 edge=435.74 div=-0.00 lag_ewma=2.58
21:21:15.751 CLOCK integ raw=430.68 prev=430.68 new=430.80 d=+0.114 fr=409.94 dt=0.114 rate=1.00 paused=False backlog=5.06 edge=435.86 div=-0.00
21:21:15.855 CLOCK integ raw=430.68 prev=430.80 new=430.90 d=+0.104 fr=409.94 dt=0.104 rate=1.00 paused=False backlog=5.06 edge=435.96 div=-0.00
21:21:15.960 CLOCK fold raw=430.96 prev=430.90 new=430.96 d=+0.063 fr=409.94 dt=0.105 rate=1.00 paused=False backlog=5.10 edge=436.07 div=-0.00
21:21:16.064 CLOCK integ raw=430.96 prev=430.96 new=431.07 d=+0.104 fr=409.94 dt=0.104 rate=1.00 paused=False backlog=5.10 edge=436.17 div=-0.00
21:21:16.167 CLOCK integ raw=430.96 prev=431.07 new=431.17 d=+0.103 fr=409.94 dt=0.103 rate=1.00 paused=False backlog=5.10 edge=436.27 div=-0.00
21:21:16.270 CLOCK fold raw=431.25 prev=431.17 new=431.25 d=+0.082 fr=409.94 dt=0.103 rate=1.00 paused=False backlog=5.12 edge=436.38 div=-0.00
21:21:16.373 CLOCK integ raw=431.25 prev=431.25 new=431.36 d=+0.104 fr=409.94 dt=0.104 rate=1.00 paused=False backlog=5.12 edge=436.48 div=-0.00
21:21:16.477 CLOCK fold raw=431.53 prev=431.36 new=431.53 d=+0.170 fr=409.94 dt=0.103 rate=1.00 paused=False backlog=5.06 edge=436.58 div=-0.00
21:21:16.582 CLOCK integ raw=431.53 prev=431.53 new=431.63 d=+0.107 fr=409.94 dt=0.107 rate=1.00 paused=False backlog=5.06 edge=436.69 div=-0.00
21:21:16.685 CLOCK integ raw=431.53 prev=431.63 new=431.74 d=+0.102 fr=409.94 dt=0.102 rate=1.00 paused=False backlog=5.06 edge=436.79 div=-0.00
21:21:16.788 CLOCK fold raw=431.81 prev=431.74 new=431.81 d=+0.071 fr=409.94 dt=0.104 rate=1.00 paused=False backlog=5.09 edge=436.89 div=-0.00
21:21:16.892 EDGESNAP err=-3.08 edge->433.82
21:21:16.994 CLOCK integ raw=431.81 prev=431.81 new=432.01 d=+0.206 fr=409.94 dt=0.206 rate=1.00 paused=False backlog=2.01 edge=434.02 div=-0.00
21:21:17.103 CLOCK fold raw=432.09 prev=432.01 new=432.09 d=+0.077 fr=409.94 dt=0.109 rate=1.00 paused=False backlog=2.04 edge=434.13 div=-0.00
21:21:17.209 CLOCK integ raw=432.09 prev=432.09 new=432.20 d=+0.107 fr=409.94 dt=0.107 rate=1.00 paused=False backlog=2.04 edge=434.24 div=-0.00
21:21:17.314 CLOCK fold raw=432.37 prev=432.20 new=432.37 d=+0.176 fr=409.94 dt=0.104 rate=1.00 paused=False backlog=1.97 edge=434.34 div=-0.00
21:21:17.424 CLOCK integ raw=432.37 prev=432.37 new=432.48 d=+0.111 fr=409.94 dt=0.111 rate=1.00 paused=False backlog=1.97 edge=434.45 div=-0.00
21:21:17.531 CLOCK integ raw=432.37 prev=432.48 new=432.59 d=+0.106 fr=409.94 dt=0.106 rate=1.00 paused=False backlog=1.97 edge=434.56 div=-0.00
21:21:17.637 CLOCK fold raw=432.65 prev=432.59 new=432.65 d=+0.061 fr=409.94 dt=0.105 rate=1.00 paused=False backlog=2.01 edge=434.66 div=-0.00
21:21:17.738 CLOCK integ raw=432.65 prev=432.65 new=432.75 d=+0.103 fr=409.94 dt=0.103 rate=1.00 paused=False backlog=2.01 edge=434.77 div=-0.00
21:21:17.842 CLOCK integ raw=432.65 prev=432.75 new=432.86 d=+0.104 fr=409.94 dt=0.104 rate=1.00 paused=False backlog=2.01 edge=434.87 div=-0.00
21:21:17.947 CLOCK fold raw=432.92 prev=432.86 new=432.93 d=+0.068 fr=409.94 dt=0.105 rate=1.00 paused=False backlog=2.05 edge=434.98 div=-0.00
21:21:18.049 CLOCK integ raw=432.92 prev=432.93 new=433.03 d=+0.103 fr=409.94 dt=0.103 rate=1.00 paused=False backlog=2.05 edge=435.08 div=-0.00
21:21:18.154 CLOCK integ raw=432.92 prev=433.03 new=433.13 d=+0.104 fr=409.94 dt=0.104 rate=1.00 paused=False backlog=2.05 edge=435.18 div=-0.00
21:21:18.258 CLOCK fold raw=433.23 prev=433.13 new=433.23 d=+0.096 fr=415.62 dt=0.105 rate=1.00 paused=False backlog=2.06 edge=435.29 div=-0.00
21:21:18.414 CUE cx=[431.97..433.80] adv=1.83 el=5.79 fresh | off=-0.33 fr=415.62 cc=433.23 raw=433.23 lead=+0.24 | pcr=436.628 head_rel=436.63 lag_ewma=2.58 | q=injured on. It was later ruled / down by contact. How about 
21:21:18.421 ANCHOR pend_end=433.80 L=2.67 pinL=2.83 target=-0.67 off=-0.33
21:21:18.422 CLOCK integ raw=433.23 prev=433.23 new=433.39 d=+0.164 fr=415.62 dt=0.164 rate=1.00 paused=False backlog=2.73 edge=436.12 div=-0.00
21:21:18.527 CLOCK fold raw=433.53 prev=433.39 new=433.53 d=+0.137 fr=415.62 dt=0.105 rate=1.00 paused=False backlog=2.70 edge=436.23 div=-0.00
21:21:18.529 CUE cx=[433.80..434.67] adv=0.87 el=0.17 fresh | off=-0.50 fr=415.62 cc=433.53 raw=433.53 lead=+0.64 | pcr=436.628 head_rel=436.63 lag_ewma=2.67 | q=down by contact. How about / Rylie Moss being available and 
21:21:18.530 CUE cx=[434.67..435.97] adv=1.30 el=0.00 fresh | off=-0.50 fr=415.62 cc=433.53 raw=433.53 lead=+1.94 | pcr=436.628 head_rel=436.63 lag_ewma=2.67 | q=Rylie Moss being available and / paying attention in the pla
21:21:18.636 ANCHOR pend_end=435.97 L=1.96 pinL=0.66 target=-0.10 off=-0.50
21:21:18.637 CLOCK integ raw=433.53 prev=433.53 new=433.64 d=+0.110 fr=415.62 dt=0.110 rate=1.00 paused=False backlog=3.00 edge=436.64 div=-0.00
21:21:18.743 CLOCK integ raw=433.53 prev=433.64 new=433.75 d=+0.106 fr=416.01 dt=0.106 rate=1.00 paused=False backlog=3.00 edge=436.74 div=-0.00
21:21:18.846 CLOCK fold raw=433.82 prev=433.75 new=433.82 d=+0.073 fr=416.01 dt=0.103 rate=1.00 paused=False backlog=3.03 edge=436.85 div=-0.00
21:21:18.955 CLOCK integ raw=433.82 prev=433.82 new=433.93 d=+0.109 fr=416.01 dt=0.109 rate=1.00 paused=False backlog=2.92 edge=436.85 div=-0.00
21:21:19.057 CLOCK integ raw=433.82 prev=433.93 new=434.03 d=+0.102 fr=416.01 dt=0.102 rate=1.00 paused=False backlog=2.92 edge=436.95 div=-0.00
21:21:19.227 CLOCK integ raw=433.82 prev=434.03 new=434.20 d=+0.170 fr=416.01 dt=0.170 rate=1.00 paused=False backlog=2.92 edge=437.12 div=-0.00
21:21:19.403 EDGESNAP err=+3.09 edge->440.21
21:21:19.404 CUE cx=[435.97..438.47] adv=2.50 el=0.80 fresh | off=-0.30 fr=416.01 cc=434.20 raw=433.82 lead=+3.97 | pcr=440.214 head_rel=440.21 lag_ewma=5.06 | q=paying attention in the play / and then walking off, grabbin
21:21:19.407 ANCHOR pend_end=438.47 L=3.90 pinL=1.74 target=0.00 off=-0.30
21:21:19.407 CLOCK integ raw=433.82 prev=434.20 new=434.38 d=+0.179 fr=416.01 dt=0.179 rate=1.00 paused=False backlog=6.01 edge=440.39 div=-0.00
21:21:19.510 CLOCK integ raw=433.82 prev=434.38 new=434.48 d=+0.104 fr=416.88 dt=0.104 rate=1.00 paused=False backlog=6.01 edge=440.50 div=-0.00
21:21:19.614 CLOCK integ raw=433.82 prev=434.48 new=434.59 d=+0.103 fr=416.88 dt=0.103 rate=1.00 paused=False backlog=6.01 edge=440.60 div=-0.00
21:21:19.719 CLOCK integ raw=433.82 prev=434.59 new=434.69 d=+0.105 fr=416.88 dt=0.105 rate=1.00 paused=False backlog=6.01 edge=440.70 div=-0.00
21:21:19.827 CLOCK integ raw=433.82 prev=434.69 new=434.80 d=+0.107 fr=416.88 dt=0.107 rate=1.00 paused=False backlog=6.01 edge=440.81 div=-0.00
21:21:19.919 CUE cx=[438.47..439.94] adv=1.47 el=0.50 fresh | off=-0.15 fr=416.88 cc=434.80 raw=433.82 lead=+4.99 | pcr=442.181 head_rel=442.18 lag_ewma=3.90 | q=and then walking off, grabbing / his side and rib injuries a
21:21:19.923 CUE cx=[439.94..441.37] adv=1.44 el=0.09 fresh | off=-0.15 fr=416.88 cc=434.80 raw=433.82 lead=+6.43 | pcr=442.181 head_rel=442.18 lag_ewma=3.90 | q=his side and rib injuries are / the worst. You can have a mi
21:21:20.035 ANCHOR pend_end=441.37 L=2.82 pinL=0.81 target=-0.34 off=-0.15
21:21:20.037 CLOCK integ raw=433.82 prev=434.80 new=434.82 d=+0.020 fr=417.29 dt=0.211 rate=1.00 paused=False backlog=7.23 edge=442.05 div=-0.00
21:21:20.141 CLOCK integ raw=433.82 prev=434.82 new=434.82 d=+0.000 fr=417.29 dt=0.104 rate=1.00 paused=False backlog=7.33 edge=442.15 div=-0.00
21:21:20.245 CLOCK integ raw=433.82 prev=434.82 new=434.82 d=+0.000 fr=417.29 dt=0.105 rate=1.00 paused=False backlog=7.44 edge=442.26 div=-0.00
21:21:20.351 CLOCK integ raw=433.82 prev=434.82 new=434.82 d=+0.000 fr=417.29 dt=0.106 rate=1.00 paused=False backlog=7.55 edge=442.36 div=-0.00
21:21:20.455 CLOCK integ raw=433.82 prev=434.82 new=434.82 d=+0.000 fr=417.29 dt=0.104 rate=1.00 paused=False backlog=7.65 edge=442.47 div=-0.00
21:21:20.558 CLOCK integ raw=433.82 prev=434.82 new=434.82 d=+0.000 fr=417.29 dt=0.103 rate=1.00 paused=False backlog=7.75 edge=442.57 div=-0.00
21:21:20.664 CLOCK integ raw=433.82 prev=434.82 new=434.82 d=+0.000 fr=417.29 dt=0.106 rate=1.00 paused=False backlog=7.86 edge=442.68 div=-0.00
21:21:20.768 TICK fr=417.29 cc=434.82 raw=433.82 vid=435.42 playing=1 started=1 stall=0 | d_fr_cc=-17.53 d_fr_raw=-16.52 d_cc_raw=+1.00 | off=-0.25 ccx_end=441.37 since_show=0.1 since_cue=0.8 | pcr=442.181 pid=100 head_rel=442.18 ccx_lag=0.81 | credit=417.3 capped=0.0 | fsize=200619312 feed=200619312 feed_behind=0 | backlog=7.86 edge=442.68 div=-0.00 lag_ewma=2.82
21:21:20.770 CLOCK integ raw=433.82 prev=434.82 new=434.82 d=+0.000 fr=417.29 dt=0.105 rate=1.00 paused=False backlog=7.96 edge=442.78 div=-0.00
21:21:20.878 CLOCK integ raw=433.82 prev=434.82 new=434.82 d=+0.000 fr=417.29 dt=0.109 rate=1.00 paused=False backlog=7.77 edge=442.59 div=-0.00
21:21:20.981 CLOCK integ raw=433.82 prev=434.82 new=434.82 d=+0.000 fr=417.29 dt=0.102 rate=1.00 paused=False backlog=7.87 edge=442.69 div=-0.00
21:21:21.086 CLOCK trickle raw=433.82 prev=434.82 new=434.82 d=+0.000 fr=417.29 dt=0.105 rate=1.00 paused=False backlog=7.90 edge=442.71 div=-0.00
21:21:21.189 CLOCK trickle raw=433.82 prev=434.82 new=434.82 d=+0.000 fr=417.29 dt=0.103 rate=1.00 paused=False backlog=7.92 edge=442.73 div=-0.00
21:21:21.301 CLOCK trickle raw=433.82 prev=434.82 new=434.82 d=+0.000 fr=417.29 dt=0.111 rate=1.00 paused=False backlog=7.94 edge=442.76 div=-0.00
21:21:21.402 CLOCK trickle raw=433.82 prev=434.82 new=434.82 d=+0.000 fr=417.29 dt=0.103 rate=1.00 paused=False backlog=7.96 edge=442.78 div=-0.00
21:21:21.512 CLOCK trickle raw=433.82 prev=434.82 new=434.82 d=+0.000 fr=417.29 dt=0.109 rate=1.00 paused=False backlog=7.97 edge=442.79 div=-0.00
21:21:21.618 CLOCK trickle raw=433.82 prev=434.82 new=434.82 d=+0.000 fr=417.29 dt=0.107 rate=1.00 paused=False backlog=7.98 edge=442.80 div=-0.00
21:21:21.821 CLOCK trickle raw=433.82 prev=434.82 new=434.82 d=+0.000 fr=417.29 dt=0.203 rate=1.00 paused=False backlog=8.00 edge=442.82 div=-0.00
21:21:21.925 CLOCK trickle raw=433.82 prev=434.82 new=434.82 d=+0.000 fr=417.29 dt=0.104 rate=1.00 paused=False backlog=8.01 edge=442.82 div=-0.00
21:21:22.031 CLOCK trickle raw=433.82 prev=434.82 new=434.82 d=+0.000 fr=417.29 dt=0.106 rate=1.00 paused=False backlog=8.01 edge=442.82 div=-0.00
21:21:22.156 CLOCK trickle raw=433.82 prev=434.82 new=434.82 d=+0.000 fr=417.29 dt=0.124 rate=1.00 paused=False backlog=8.01 edge=442.82 div=-0.00
21:21:22.288 CLOCK trickle raw=433.82 prev=434.82 new=434.82 d=+0.000 fr=417.29 dt=0.132 rate=1.00 paused=False backlog=8.01 edge=442.82 div=-0.00
21:21:22.373 CUE cx=[441.38..442.81] adv=1.44 el=2.37 fresh | off=-0.25 fr=419.66 cc=434.82 raw=433.82 lead=+7.74 | pcr=444.848 head_rel=444.85 lag_ewma=2.82 | q=the worst. You can have a minor / rib injury, and it feels l
21:21:22.482 ANCHOR pend_end=442.81 L=2.54 pinL=2.04 target=-1.01 off=-0.25
21:21:22.484 CLOCK trickle raw=433.82 prev=434.82 new=434.82 d=+0.000 fr=419.66 dt=0.196 rate=1.00 paused=False backlog=9.02 edge=443.84 div=-0.00
21:21:22.587 CLOCK trickle raw=433.82 prev=434.82 new=434.82 d=+0.000 fr=419.66 dt=0.105 rate=1.00 paused=False backlog=9.02 edge=443.84 div=-0.00
21:21:22.590 CUE cx=[442.81..445.01] adv=2.20 el=0.29 fresh | off=-0.63 fr=419.66 cc=434.82 raw=433.82 lead=+9.56 | pcr=445.621 head_rel=445.62 lag_ewma=2.54 | q=rib injury, and it feels like / someone's putting a knife in
21:21:22.696 ANCHOR pend_end=445.01 L=1.87 pinL=0.61 target=-0.89 off=-0.63
21:21:22.697 CLOCK trickle raw=433.82 prev=434.82 new=434.82 d=+0.000 fr=419.66 dt=0.109 rate=1.00 paused=False backlog=9.91 edge=444.73 div=-0.00
21:21:22.808 CLOCK trickle raw=433.82 prev=434.82 new=434.82 d=+0.000 fr=420.06 dt=0.112 rate=1.00 paused=False backlog=9.91 edge=444.73 div=-0.00
21:21:22.913 CLOCK trickle raw=433.82 prev=434.82 new=434.82 d=+0.000 fr=420.06 dt=0.105 rate=1.00 paused=False backlog=10.36 edge=445.17 div=-0.00
21:21:23.019 CLOCK trickle raw=433.82 prev=434.82 new=434.82 d=+0.000 fr=420.06 dt=0.105 rate=1.00 paused=False backlog=10.36 edge=445.17 div=-0.00
21:21:23.123 CLOCK trickle raw=433.82 prev=434.82 new=434.82 d=+0.000 fr=420.06 dt=0.105 rate=1.00 paused=False backlog=10.36 edge=445.17 div=-0.00
21:21:23.232 CLOCK trickle raw=433.82 prev=434.82 new=434.82 d=+0.000 fr=420.06 dt=0.109 rate=1.00 paused=False backlog=10.36 edge=445.17 div=-0.00
21:21:23.337 CLOCK trickle raw=433.82 prev=434.82 new=434.82 d=+0.000 fr=420.06 dt=0.104 rate=1.00 paused=False backlog=10.36 edge=445.17 div=-0.00
21:21:23.442 CLOCK trickle raw=433.82 prev=434.82 new=434.82 d=+0.000 fr=420.06 dt=0.106 rate=1.00 paused=False backlog=10.36 edge=445.17 div=-0.00
21:21:23.546 CLOCK trickle raw=433.82 prev=434.82 new=434.82 d=+0.000 fr=420.06 dt=0.104 rate=1.00 paused=False backlog=10.36 edge=445.17 div=-0.00
21:21:23.649 CLOCK trickle raw=433.82 prev=434.82 new=434.82 d=+0.000 fr=420.06 dt=0.102 rate=1.00 paused=False backlog=10.36 edge=445.17 div=-0.00
21:21:23.752 CLOCK trickle raw=433.82 prev=434.82 new=434.82 d=+0.000 fr=420.06 dt=0.103 rate=1.00 paused=False backlog=10.36 edge=445.17 div=-0.00
21:21:23.871 CLOCK trickle raw=433.82 prev=434.82 new=434.82 d=+0.000 fr=420.06 dt=0.119 rate=1.00 paused=False backlog=10.36 edge=445.17 div=-0.00
21:21:23.983 CLOCK trickle raw=433.82 prev=434.82 new=434.82 d=+0.000 fr=420.06 dt=0.112 rate=1.00 paused=False backlog=10.36 edge=445.17 div=-0.00
21:21:24.089 CLOCK trickle raw=433.82 prev=434.82 new=434.82 d=+0.000 fr=420.06 dt=0.106 rate=1.00 paused=False backlog=10.36 edge=445.17 div=-0.00
21:21:24.195 CLOCK trickle raw=433.82 prev=434.82 new=434.82 d=+0.000 fr=420.06 dt=0.106 rate=1.00 paused=False backlog=10.36 edge=445.17 div=-0.00
21:21:24.300 CLOCK trickle raw=433.82 prev=434.82 new=434.82 d=+0.000 fr=420.06 dt=0.106 rate=1.00 paused=False backlog=10.36 edge=445.17 div=-0.00
21:21:24.405 CLOCK trickle raw=433.82 prev=434.82 new=434.82 d=+0.000 fr=420.06 dt=0.105 rate=1.00 paused=False backlog=10.36 edge=445.17 div=-0.00
21:21:24.512 CLOCK trickle raw=433.82 prev=434.82 new=434.82 d=+0.000 fr=420.06 dt=0.105 rate=1.00 paused=False backlog=10.36 edge=445.17 div=-0.00
21:21:24.618 CLOCK trickle raw=433.82 prev=434.82 new=434.82 d=+0.000 fr=420.06 dt=0.108 rate=1.00 paused=False backlog=10.36 edge=445.17 div=-0.00
21:21:24.722 CLOCK trickle raw=433.82 prev=434.82 new=434.82 d=+0.000 fr=420.06 dt=0.104 rate=1.00 paused=False backlog=10.36 edge=445.17 div=-0.00
21:21:24.827 CLOCK trickle raw=433.82 prev=434.82 new=434.82 d=+0.000 fr=420.06 dt=0.103 rate=1.00 paused=False backlog=10.36 edge=445.17 div=-0.00
21:21:24.934 CLOCK stall raw=433.82 prev=434.82 new=434.82 d=+0.000 fr=420.06 dt=0.109 rate=1.00 paused=False backlog=10.58 edge=445.40 div=-0.00
21:21:25.038 CLOCK stall raw=433.82 prev=434.82 new=434.82 d=+0.000 fr=420.06 dt=0.104 rate=1.00 paused=False backlog=10.58 edge=445.40 div=-0.00
21:21:25.148 CLOCK stall raw=433.82 prev=434.82 new=434.82 d=+0.000 fr=420.06 dt=0.109 rate=1.00 paused=False backlog=10.58 edge=445.40 div=-0.00
21:21:25.265 CLOCK stall raw=433.82 prev=434.82 new=434.82 d=+0.000 fr=420.06 dt=0.117 rate=1.00 paused=False backlog=10.58 edge=445.40 div=-0.00
21:21:25.371 CLOCK stall raw=433.82 prev=434.82 new=434.82 d=+0.000 fr=420.06 dt=0.107 rate=1.00 paused=False backlog=10.58 edge=445.40 div=-0.00
21:21:25.473 CLOCK stall raw=433.82 prev=434.82 new=434.82 d=+0.000 fr=420.06 dt=0.102 rate=1.00 paused=False backlog=10.58 edge=445.40 div=-0.00
21:21:25.577 CLOCK stall raw=433.82 prev=434.82 new=434.82 d=+0.000 fr=420.06 dt=0.103 rate=1.00 paused=False backlog=10.58 edge=445.40 div=-0.00
21:21:25.683 TICK fr=420.06 cc=434.82 raw=433.82 vid=435.84 playing=1 started=1 stall=0 | d_fr_cc=-14.75 d_fr_raw=-13.75 d_cc_raw=+1.00 | off=-0.76 ccx_end=445.01 since_show=0.1 since_cue=3.1 | pcr=445.621 pid=100 head_rel=445.62 ccx_lag=0.61 | credit=420.1 capped=0.0 | fsize=202348724 feed=202348724 feed_behind=0 | backlog=10.58 edge=445.40 div=-0.00 lag_ewma=1.87
21:21:25.685 CLOCK stall raw=433.82 prev=434.82 new=434.82 d=+0.000 fr=420.06 dt=0.108 rate=1.00 paused=False backlog=10.58 edge=445.40 div=-0.00
21:21:25.890 CLOCK stall raw=433.82 prev=434.82 new=434.82 d=+0.000 fr=420.06 dt=0.206 rate=1.00 paused=False backlog=10.58 edge=445.40 div=-0.00
21:21:25.994 CLOCK stall raw=433.82 prev=434.82 new=434.82 d=+0.000 fr=420.06 dt=0.104 rate=1.00 paused=False backlog=10.58 edge=445.40 div=-0.00
21:21:26.097 CLOCK stall raw=433.82 prev=434.82 new=434.82 d=+0.000 fr=420.06 dt=0.103 rate=1.00 paused=False backlog=10.58 edge=445.40 div=-0.00
21:21:26.201 CLOCK stall raw=433.82 prev=434.82 new=434.82 d=+0.000 fr=420.06 dt=0.105 rate=1.00 paused=False backlog=10.58 edge=445.40 div=-0.00
21:21:26.304 CLOCK stall raw=433.82 prev=434.82 new=434.82 d=+0.000 fr=420.06 dt=0.103 rate=1.00 paused=False backlog=10.58 edge=445.40 div=-0.00
21:21:26.482 EDGESNAP err=+4.45 edge->449.84
21:21:26.483 CUE cx=[445.01..446.18] adv=1.17 el=3.84 fresh | off=-0.76 fr=423.78 cc=434.82 raw=433.82 lead=+10.60 | pcr=449.845 head_rel=449.84 lag_ewma=6.31 | q=someone's putting a knife in. / You thought he might have / 
21:21:26.484 CUE cx=[446.18..447.35] adv=1.17 el=0.05 fresh | off=-0.76 fr=423.78 cc=434.82 raw=433.82 lead=+11.77 | pcr=449.845 head_rel=449.84 lag_ewma=6.31 | q=You thought he might have / fallen on the football when / he
21:21:26.484 CUE cx=[447.35..448.41] adv=1.07 el=0.00 fresh | off=-0.76 fr=423.78 cc=434.82 raw=433.82 lead=+12.83 | pcr=449.845 head_rel=449.84 lag_ewma=6.31 | q=fallen on the football when / he's recovering the fumble, bu
21:21:26.490 ANCHOR pend_end=448.41 L=4.61 pinL=1.43 target=0.00 off=-0.76
21:21:26.490 CLOCK stall raw=433.82 prev=434.82 new=434.82 d=+0.000 fr=423.78 dt=0.186 rate=1.00 paused=False backlog=15.03 edge=449.84 div=-0.00
21:21:26.594 CLOCK stall raw=433.82 prev=434.82 new=434.82 d=+0.000 fr=423.78 dt=0.103 rate=1.00 paused=False backlog=15.03 edge=449.84 div=-0.00
21:21:26.702 CLOCK stall raw=433.82 prev=434.82 new=434.82 d=+0.000 fr=423.78 dt=0.109 rate=1.00 paused=False backlog=15.03 edge=449.84 div=-0.00
21:21:26.809 CLOCK stall raw=433.82 prev=434.82 new=434.82 d=+0.000 fr=424.17 dt=0.107 rate=1.00 paused=False backlog=15.03 edge=449.84 div=-0.00
21:21:26.914 CLOCK stall raw=433.82 prev=434.82 new=434.82 d=+0.000 fr=424.17 dt=0.105 rate=1.00 paused=False backlog=15.03 edge=449.84 div=-0.00
21:21:27.017 CLOCK stall raw=433.82 prev=434.82 new=434.82 d=+0.000 fr=424.17 dt=0.103 rate=1.00 paused=False backlog=15.03 edge=449.84 div=-0.00
21:21:27.223 CLOCK stall raw=433.82 prev=434.82 new=434.82 d=+0.000 fr=424.17 dt=0.207 rate=1.00 paused=False backlog=15.03 edge=449.84 div=-0.00
21:21:27.227 XPORT rate target=- raw_pre=433.82 fr=424.17 cc=434.82 vid=435.84 rate=1.00 rate=1
21:21:27.227 SEED target=434.82 jump=False backlog=15.03 edge=449.84
21:21:27.667 CLOCK base raw=0.00 prev=434.82 new=1.00 d=-433.817 fr=424.17 dt=0.439 rate=1.00 paused=False backlog=448.84 edge=449.84 div=-0.00
21:21:27.797 CLOCK trickle raw=0.00 prev=1.00 new=1.00 d=+0.000 fr=424.17 dt=0.131 rate=1.00 paused=False backlog=448.84 edge=449.84 div=-0.00
21:21:27.900 CLOCK trickle raw=0.00 prev=1.00 new=1.00 d=+0.000 fr=424.17 dt=0.103 rate=1.00 paused=False backlog=448.84 edge=449.84 div=-0.00
21:21:28.005 CLOCK trickle raw=0.00 prev=1.00 new=1.00 d=+0.000 fr=424.17 dt=0.105 rate=1.00 paused=False backlog=448.84 edge=449.84 div=-0.00
21:21:28.108 CLOCK trickle raw=0.00 prev=1.00 new=1.00 d=+0.000 fr=424.17 dt=0.103 rate=1.00 paused=False backlog=448.84 edge=449.84 div=-0.00
21:21:28.314 XPORT1s rate raw=0.00 fr=424.17 cc=1.00 vid=434.82
21:21:28.325 CLOCK trickle raw=0.00 prev=1.00 new=1.00 d=+0.000 fr=424.17 dt=0.217 rate=1.00 paused=False backlog=448.84 edge=449.84 div=-0.00
21:21:28.450 CLOCK trickle raw=0.00 prev=1.00 new=1.00 d=+0.000 fr=424.17 dt=0.125 rate=1.00 paused=False backlog=448.84 edge=449.84 div=-0.00
21:21:28.559 CLOCK trickle raw=0.00 prev=1.00 new=1.00 d=+0.000 fr=424.17 dt=0.109 rate=1.00 paused=False backlog=448.84 edge=449.84 div=-0.00
21:21:28.768 CLOCK trickle raw=0.00 prev=1.00 new=1.00 d=+0.000 fr=424.17 dt=0.208 rate=1.00 paused=False backlog=448.84 edge=449.84 div=-0.00
21:21:28.871 CLOCK renum raw=434.81 prev=1.00 new=1.00 d=+0.000 fr=424.17 dt=0.104 rate=1.00 paused=False backlog=448.84 edge=449.84 div=433.81 reject=jump(+434.81)
21:21:28.977 CLOCK trickle raw=434.81 prev=1.00 new=1.00 d=+0.000 fr=424.17 dt=0.107 rate=1.00 paused=False backlog=448.84 edge=449.84 div=433.81
21:21:29.081 CLOCK fold raw=435.07 prev=1.00 new=1.25 d=+0.253 fr=424.17 dt=0.103 rate=1.00 paused=False backlog=448.59 edge=449.84 div=433.81
21:21:29.184 CLOCK trickle raw=435.07 prev=1.25 new=1.25 d=+0.000 fr=424.17 dt=0.103 rate=1.00 paused=False backlog=448.59 edge=449.84 div=433.81
21:21:29.294 CLOCK integ raw=435.07 prev=1.25 new=1.36 d=+0.109 fr=424.17 dt=0.109 rate=1.00 paused=False backlog=448.59 edge=449.95 div=433.81
21:21:29.396 CLOCK fold raw=435.32 prev=1.36 new=1.51 d=+0.148 fr=424.17 dt=0.103 rate=1.00 paused=False backlog=448.55 edge=450.06 div=433.81
21:21:29.500 CLOCK integ raw=435.32 prev=1.51 new=1.62 d=+0.105 fr=424.17 dt=0.105 rate=1.00 paused=False backlog=448.55 edge=450.16 div=433.81
21:21:29.603 CLOCK fold raw=435.58 prev=1.62 new=1.77 d=+0.150 fr=424.17 dt=0.103 rate=1.00 paused=False backlog=448.50 edge=450.26 div=433.81
21:21:29.706 CLOCK integ raw=435.58 prev=1.77 new=1.87 d=+0.104 fr=424.17 dt=0.104 rate=1.00 paused=False backlog=448.50 edge=450.37 div=433.81
21:21:29.820 CLOCK integ raw=435.58 prev=1.87 new=1.98 d=+0.113 fr=424.17 dt=0.113 rate=1.00 paused=False backlog=448.50 edge=450.48 div=433.81
21:21:29.928 CLOCK fold raw=435.84 prev=1.98 new=2.02 d=+0.040 fr=424.17 dt=0.109 rate=1.00 paused=False backlog=448.57 edge=450.59 div=433.81
21:21:30.038 CLOCK integ raw=435.84 prev=2.02 new=2.13 d=+0.110 fr=424.17 dt=0.110 rate=1.00 paused=False backlog=448.57 edge=450.70 div=433.81
21:21:30.146 CLOCK fold raw=436.09 prev=2.13 new=2.28 d=+0.146 fr=424.17 dt=0.108 rate=1.00 paused=False backlog=448.53 edge=450.81 div=433.81
21:21:30.266 CLOCK integ raw=436.09 prev=2.28 new=2.40 d=+0.118 fr=424.17 dt=0.118 rate=1.00 paused=False backlog=448.53 edge=450.93 div=433.81
21:21:30.389 CLOCK fold raw=436.35 prev=2.40 new=2.53 d=+0.137 fr=424.17 dt=0.124 rate=1.00 paused=False backlog=448.52 edge=451.05 div=433.81
21:21:30.464 CUE cx=[448.42..449.65] adv=1.24 el=3.91 fresh | off=-0.38 fr=424.17 cc=2.53 raw=436.35 lead=+446.73 | pcr=452.795 head_rel=452.79 lag_ewma=4.61 | q=he's recovering the fumble, but / that would just knock out 
21:21:30.465 CUE cx=[449.65..450.82] adv=1.17 el=0.07 fresh | off=-0.38 fr=424.17 cc=2.53 raw=436.35 lead=+447.90 | pcr=452.795 head_rel=452.79 lag_ewma=4.61 | q=that would just knock out your / breath for a little bit. Ye
21:21:30.568 ANCHOR pend_end=450.82 L=3.69 pinL=1.98 target=-0.44 off=-0.38
21:21:30.569 CLOCK integ raw=436.35 prev=2.53 new=2.71 d=+0.180 fr=427.83 dt=0.180 rate=1.00 paused=False backlog=449.82 edge=452.54 div=433.81
21:21:30.671 CLOCK fold raw=436.61 prev=2.71 new=2.79 d=+0.077 fr=427.83 dt=0.102 rate=1.00 paused=False backlog=449.85 edge=452.64 div=433.81
21:21:30.741 TICK fr=427.83 cc=2.79 raw=436.61 vid=436.35 playing=1 started=1 stall=0 | d_fr_cc=+425.04 d_fr_raw=-8.77 d_cc_raw=-433.81 | off=-0.41 ccx_end=450.82 since_show=3.4 since_cue=0.2 | pcr=455.254 pid=100 head_rel=455.25 ccx_lag=4.44 | credit=427.8 capped=0.0 | fsize=206754692 feed=206646404 feed_behind=108288 | backlog=449.85 edge=452.64 div=433.81 lag_ewma=3.69
21:21:30.843 CLOCK integ raw=436.61 prev=2.79 new=2.96 d=+0.172 fr=427.83 dt=0.172 rate=1.00 paused=False backlog=449.85 edge=452.81 div=433.81
21:21:30.887 EDGESNAP err=+3.00 edge->455.81
21:21:30.887 CUE cx=[450.82..451.98] adv=1.17 el=0.42 fresh | off=-0.41 fr=428.21 cc=2.96 raw=436.86 lead=+448.61 | pcr=455.815 head_rel=455.81 lag_ewma=3.69 | q=breath for a little bit. Yeah, / and not everybody's kind wh
21:21:30.889 CUE cx=[451.99..453.65] adv=1.67 el=0.00 fresh | off=-0.41 fr=428.21 cc=2.96 raw=436.86 lead=+450.28 | pcr=455.815 head_rel=455.81 lag_ewma=3.69 | q=and not everybody's kind when / they tackle you. Sometimes /
21:21:30.890 CUE cx=[453.65..454.49] adv=0.83 el=0.00 fresh | off=-0.41 fr=428.21 cc=2.96 raw=436.86 lead=+451.11 | pcr=455.815 head_rel=455.81 lag_ewma=3.69 | q=they tackle you. Sometimes / there's a knee in there, an / e
21:21:30.994 ANCHOR pend_end=454.49 L=2.86 pinL=1.33 target=0.00 off=-0.41
21:21:30.994 CLOCK fold raw=436.86 prev=2.96 new=3.05 d=+0.085 fr=428.21 dt=0.150 rate=1.00 paused=False backlog=452.92 edge=455.96 div=433.81
21:21:31.095 CLOCK integ raw=436.86 prev=3.05 new=3.15 d=+0.102 fr=428.21 dt=0.102 rate=1.00 paused=False backlog=452.92 edge=456.07 div=433.81
21:21:31.197 CLOCK fold raw=437.12 prev=3.15 new=3.30 d=+0.152 fr=428.21 dt=0.101 rate=1.00 paused=False backlog=452.87 edge=456.17 div=433.81
21:21:31.401 CLOCK fold raw=437.37 prev=3.30 new=3.56 d=+0.257 fr=428.67 dt=0.204 rate=1.00 paused=False backlog=452.81 edge=456.37 div=433.81
21:21:31.422 CUE cx=[454.49..455.62] adv=1.13 el=0.51 fresh | off=-0.20 fr=428.67 cc=3.56 raw=437.37 lead=+451.86 | pcr=457.221 head_rel=457.22 lag_ewma=2.86 | q=there's a knee in there, an / elbow. I may have done that a 
21:21:31.523 ANCHOR pend_end=455.62 L=2.42 pinL=1.60 target=-0.42 off=-0.20
21:21:31.523 CLOCK integ raw=437.37 prev=3.56 new=3.68 d=+0.122 fr=428.67 dt=0.122 rate=1.00 paused=False backlog=453.24 edge=456.92 div=433.81
21:21:31.727 CLOCK fold raw=437.63 prev=3.68 new=3.81 d=+0.133 fr=428.67 dt=0.203 rate=1.00 paused=False backlog=453.31 edge=457.12 div=433.81
21:21:31.828 CLOCK integ raw=437.63 prev=3.81 new=3.92 d=+0.102 fr=428.67 dt=0.102 rate=1.00 paused=False backlog=453.31 edge=457.22 div=433.81
21:21:31.930 CLOCK fold raw=437.88 prev=3.92 new=4.07 d=+0.154 fr=428.67 dt=0.101 rate=1.00 paused=False backlog=453.25 edge=457.32 div=433.81
21:21:32.031 CLOCK integ raw=437.88 prev=4.07 new=4.17 d=+0.102 fr=428.67 dt=0.102 rate=1.00 paused=False backlog=453.25 edge=457.43 div=433.81
21:21:32.133 CLOCK integ raw=437.88 prev=4.17 new=4.27 d=+0.102 fr=428.67 dt=0.102 rate=1.00 paused=False backlog=453.25 edge=457.53 div=433.81
21:21:32.234 CLOCK fold raw=438.14 prev=4.27 new=4.33 d=+0.052 fr=428.67 dt=0.101 rate=1.00 paused=False backlog=453.30 edge=457.63 div=433.81
21:21:32.338 CLOCK integ raw=438.14 prev=4.33 new=4.43 d=+0.104 fr=428.67 dt=0.104 rate=1.00 paused=False backlog=453.30 edge=457.73 div=433.81
21:21:32.439 CLOCK fold raw=438.40 prev=4.43 new=4.58 d=+0.152 fr=428.67 dt=0.101 rate=1.00 paused=False backlog=453.25 edge=457.83 div=433.81
21:21:32.540 CLOCK integ raw=438.40 prev=4.58 new=4.68 d=+0.101 fr=428.67 dt=0.101 rate=1.00 paused=False backlog=453.25 edge=457.94 div=433.81
21:21:32.642 CLOCK integ raw=438.40 prev=4.68 new=4.78 d=+0.101 fr=428.67 dt=0.101 rate=1.00 paused=False backlog=453.25 edge=458.04 div=433.81
21:21:32.743 CLOCK fold raw=438.65 prev=4.78 new=4.84 d=+0.054 fr=428.67 dt=0.101 rate=1.00 paused=False backlog=453.30 edge=458.14 div=433.81
21:21:32.846 CLOCK integ raw=438.65 prev=4.84 new=4.94 d=+0.102 fr=428.67 dt=0.102 rate=1.00 paused=False backlog=452.84 edge=457.78 div=433.81
21:21:32.947 CLOCK fold raw=438.91 prev=4.94 new=5.10 d=+0.154 fr=428.67 dt=0.103 rate=1.00 paused=False backlog=452.79 edge=457.88 div=433.81
21:21:33.049 CLOCK integ raw=438.91 prev=5.10 new=5.20 d=+0.101 fr=428.67 dt=0.101 rate=1.00 paused=False backlog=452.79 edge=457.98 div=433.81
21:21:33.152 CLOCK integ raw=438.91 prev=5.20 new=5.30 d=+0.103 fr=428.67 dt=0.103 rate=1.00 paused=False backlog=452.79 edge=458.09 div=433.81
21:21:33.357 CLOCK fold raw=439.17 prev=5.30 new=5.35 d=+0.052 fr=428.67 dt=0.205 rate=1.00 paused=False backlog=452.94 edge=458.29 div=433.81
21:21:33.468 CLOCK fold raw=439.42 prev=5.35 new=5.61 d=+0.257 fr=428.67 dt=0.111 rate=1.00 paused=False backlog=452.80 edge=458.40 div=433.81
21:21:33.576 CLOCK integ raw=439.42 prev=5.61 new=5.72 d=+0.109 fr=428.67 dt=0.109 rate=1.00 paused=False backlog=452.80 edge=458.51 div=433.81
21:21:33.678 CLOCK fold raw=439.68 prev=5.72 new=5.86 d=+0.145 fr=428.67 dt=0.102 rate=1.00 paused=False backlog=452.75 edge=458.61 div=433.81
21:21:33.781 CLOCK integ raw=439.68 prev=5.86 new=5.96 d=+0.102 fr=428.67 dt=0.102 rate=1.00 paused=False backlog=452.75 edge=458.72 div=433.81
21:21:33.883 CLOCK integ raw=439.68 prev=5.96 new=6.07 d=+0.102 fr=428.67 dt=0.102 rate=1.00 paused=False backlog=452.75 edge=458.82 div=433.81
21:21:33.988 CLOCK fold raw=439.93 prev=6.07 new=6.12 d=+0.053 fr=428.67 dt=0.105 rate=1.00 paused=False backlog=452.80 edge=458.92 div=433.81
21:21:34.089 CLOCK integ raw=439.93 prev=6.12 new=6.22 d=+0.101 fr=428.67 dt=0.101 rate=1.00 paused=False backlog=452.80 edge=459.02 div=433.81
21:21:34.193 CLOCK fold raw=440.19 prev=6.22 new=6.37 d=+0.154 fr=428.67 dt=0.104 rate=1.00 paused=False backlog=452.75 edge=459.13 div=433.81
21:21:34.294 CLOCK integ raw=440.19 prev=6.37 new=6.48 d=+0.102 fr=428.67 dt=0.102 rate=1.00 paused=False backlog=452.75 edge=459.23 div=433.81
21:21:34.396 CLOCK integ raw=440.19 prev=6.48 new=6.58 d=+0.102 fr=428.67 dt=0.102 rate=1.00 paused=False backlog=452.75 edge=459.33 div=433.81
21:21:34.499 CLOCK fold raw=440.44 prev=6.58 new=6.63 d=+0.052 fr=428.67 dt=0.102 rate=1.00 paused=False backlog=452.80 edge=459.43 div=433.81
21:21:34.600 CLOCK integ raw=440.44 prev=6.63 new=6.73 d=+0.101 fr=428.67 dt=0.101 rate=1.00 paused=False backlog=452.80 edge=459.54 div=433.81
21:21:34.701 CLOCK fold raw=440.70 prev=6.73 new=6.89 d=+0.160 fr=428.67 dt=0.101 rate=1.00 paused=False backlog=452.75 edge=459.64 div=433.81
21:21:34.802 CLOCK integ raw=440.70 prev=6.89 new=6.99 d=+0.101 fr=428.67 dt=0.101 rate=1.00 paused=False backlog=452.75 edge=459.74 div=433.81
21:21:34.907 EDGESNAP err=-2.52 edge->457.22
21:21:35.009 CLOCK fold raw=440.96 prev=6.99 new=7.14 d=+0.150 fr=428.67 dt=0.207 rate=1.00 paused=False backlog=450.28 edge=457.43 div=433.81
21:21:35.111 CLOCK integ raw=440.96 prev=7.14 new=7.24 d=+0.102 fr=428.67 dt=0.102 rate=1.00 paused=False backlog=450.28 edge=457.53 div=433.81
21:21:35.213 CLOCK fold raw=441.21 prev=7.24 new=7.40 d=+0.155 fr=428.67 dt=0.102 rate=1.00 paused=False backlog=450.23 edge=457.63 div=433.81
21:21:35.314 CLOCK integ raw=441.21 prev=7.40 new=7.50 d=+0.101 fr=428.67 dt=0.101 rate=1.00 paused=False backlog=450.23 edge=457.73 div=433.81
21:21:35.417 CLOCK integ raw=441.21 prev=7.50 new=7.60 d=+0.102 fr=428.67 dt=0.102 rate=1.00 paused=False backlog=450.23 edge=457.83 div=433.81
21:21:35.517 CLOCK fold raw=441.47 prev=7.60 new=7.65 d=+0.052 fr=428.67 dt=0.101 rate=1.00 paused=False backlog=450.28 edge=457.93 div=433.81
21:21:35.619 CLOCK integ raw=441.47 prev=7.65 new=7.76 d=+0.102 fr=428.67 dt=0.102 rate=1.00 paused=False backlog=450.28 edge=458.04 div=433.81
21:21:35.721 TICK fr=428.67 cc=7.76 raw=441.72 vid=441.21 playing=1 started=1 stall=0 | d_fr_cc=+420.91 d_fr_raw=-13.06 d_cc_raw=-433.97 | off=-0.31 ccx_end=455.62 since_show=8.5 since_cue=4.3 | pcr=457.221 pid=100 head_rel=457.22 ccx_lag=1.60 | credit=428.7 capped=0.0 | fsize=207646000 feed=207646000 feed_behind=0 | backlog=450.28 edge=458.04 div=433.81 lag_ewma=2.42
21:21:35.723 CLOCK fold raw=441.72 prev=7.76 new=7.91 d=+0.154 fr=428.67 dt=0.104 rate=1.00 paused=False backlog=450.23 edge=458.14 div=433.81
21:21:35.823 CLOCK integ raw=441.72 prev=7.91 new=8.01 d=+0.101 fr=428.67 dt=0.101 rate=1.00 paused=False backlog=450.23 edge=458.24 div=433.81
21:21:35.925 CLOCK integ raw=441.72 prev=8.01 new=8.11 d=+0.102 fr=428.67 dt=0.102 rate=1.00 paused=False backlog=450.23 edge=458.34 div=433.81
21:21:36.026 CLOCK fold raw=441.98 prev=8.11 new=8.17 d=+0.053 fr=428.67 dt=0.101 rate=1.00 paused=False backlog=450.28 edge=458.44 div=433.81
21:21:36.129 CLOCK integ raw=441.98 prev=8.17 new=8.27 d=+0.102 fr=428.67 dt=0.102 rate=1.00 paused=False backlog=450.28 edge=458.55 div=433.81
21:21:36.231 CLOCK integ raw=441.98 prev=8.27 new=8.37 d=+0.102 fr=428.67 dt=0.102 rate=1.00 paused=False backlog=450.28 edge=458.65 div=433.81
21:21:36.334 CLOCK fold raw=442.25 prev=8.37 new=8.43 d=+0.063 fr=428.67 dt=0.103 rate=1.00 paused=False backlog=450.32 edge=458.75 div=433.81
21:21:36.462 CUE cx=[455.62..457.69] adv=2.07 el=5.03 fresh | off=-0.31 fr=428.67 cc=8.43 raw=442.25 lead=+448.94 | pcr=458.415 head_rel=458.41 lag_ewma=2.42 | q=elbow. I may have done that a / couple of times. I don't kno
21:21:36.462 ANCHOR pend_end=457.69 L=1.83 pinL=0.73 target=0.17 off=-0.31
21:21:36.462 CLOCK integ raw=442.25 prev=8.43 new=8.56 d=+0.128 fr=428.67 dt=0.128 rate=1.00 paused=False backlog=450.15 edge=458.71 div=433.81
21:21:36.564 CLOCK fold raw=442.51 prev=8.56 new=8.70 d=+0.137 fr=433.93 dt=0.102 rate=1.00 paused=False backlog=450.11 edge=458.81 div=433.81
21:21:36.666 CLOCK integ raw=442.51 prev=8.70 new=8.80 d=+0.102 fr=433.93 dt=0.102 rate=1.00 paused=False backlog=450.11 edge=458.91 div=433.81
21:21:36.767 CLOCK integ raw=442.51 prev=8.80 new=8.90 d=+0.101 fr=433.93 dt=0.101 rate=1.00 paused=False backlog=450.11 edge=459.02 div=433.81
21:21:36.870 CLOCK fold raw=442.77 prev=8.90 new=8.96 d=+0.059 fr=433.93 dt=0.103 rate=1.00 paused=False backlog=449.86 edge=458.82 div=433.81
21:21:36.977 CLOCK integ raw=442.77 prev=8.96 new=9.07 d=+0.106 fr=433.93 dt=0.106 rate=1.00 paused=False backlog=449.86 edge=458.92 div=433.81
21:21:37.179 CLOCK fold raw=443.03 prev=9.07 new=9.22 d=+0.150 fr=433.93 dt=0.203 rate=1.00 paused=False backlog=449.91 edge=459.13 div=433.81
21:21:37.281 CLOCK fold raw=443.28 prev=9.22 new=9.47 d=+0.250 fr=433.93 dt=0.102 rate=1.00 paused=False backlog=449.76 edge=459.23 div=433.81
21:21:37.383 CLOCK integ raw=443.28 prev=9.47 new=9.57 d=+0.102 fr=434.75 dt=0.102 rate=1.00 paused=False backlog=449.76 edge=459.33 div=433.81
21:21:37.486 CLOCK integ raw=443.28 prev=9.57 new=9.67 d=+0.102 fr=434.75 dt=0.102 rate=1.00 paused=False backlog=449.76 edge=459.43 div=433.81
21:21:37.587 CLOCK fold raw=443.54 prev=9.67 new=9.73 d=+0.053 fr=434.75 dt=0.102 rate=1.00 paused=False backlog=449.81 edge=459.53 div=433.81
21:21:37.691 CLOCK integ raw=443.54 prev=9.73 new=9.83 d=+0.104 fr=434.75 dt=0.104 rate=1.00 paused=False backlog=449.81 edge=459.64 div=433.81
21:21:37.795 CLOCK fold raw=443.79 prev=9.83 new=9.98 d=+0.150 fr=435.16 dt=0.103 rate=1.00 paused=False backlog=449.76 edge=459.74 div=433.81
21:21:37.931 EDGESNAP err=+3.16 edge->462.91
21:21:37.931 CUE cx=[457.69..459.69] adv=2.00 el=1.46 fresh | off=-0.07 fr=435.16 cc=9.98 raw=443.79 lead=+449.64 | pcr=462.907 head_rel=462.91 lag_ewma=4.99 | q=couple of times. I don't know, / I don't know, Steve Smack w
21:21:37.932 ANCHOR pend_end=459.69 L=4.37 pinL=3.22 target=0.00 off=-0.07
21:21:37.932 CLOCK integ raw=443.79 prev=9.98 new=10.12 d=+0.137 fr=435.16 dt=0.137 rate=1.00 paused=False backlog=452.93 edge=463.04 div=433.81
21:21:38.034 CLOCK integ raw=443.79 prev=10.12 new=10.22 d=+0.102 fr=435.16 dt=0.102 rate=1.00 paused=False backlog=452.93 edge=463.15 div=433.81
21:21:38.135 CLOCK fold raw=444.05 prev=10.22 new=10.24 d=+0.017 fr=435.16 dt=0.101 rate=1.00 paused=False backlog=453.01 edge=463.25 div=433.81
21:21:38.135 CUE cx=[459.69..462.26] adv=2.57 el=0.24 fresh | off=-0.04 fr=435.50 cc=10.24 raw=444.05 lead=+451.99 | pcr=462.907 head_rel=462.91 lag_ewma=4.37 | q=I don't know, Steve Smack will / kick it away. Cameron Ross 
21:21:38.236 ANCHOR pend_end=462.26 L=3.07 pinL=0.65 target=0.17 off=-0.04
21:21:38.237 CLOCK integ raw=444.05 prev=10.24 new=10.34 d=+0.102 fr=435.50 dt=0.102 rate=1.00 paused=False backlog=452.84 edge=463.18 div=433.81
21:21:38.337 CLOCK fold raw=444.31 prev=10.34 new=10.49 d=+0.154 fr=435.50 dt=0.101 rate=1.00 paused=False backlog=452.79 edge=463.28 div=433.81
21:21:38.438 CLOCK integ raw=444.31 prev=10.49 new=10.59 d=+0.101 fr=435.50 dt=0.101 rate=1.00 paused=False backlog=452.79 edge=463.38 div=433.81
21:21:38.540 CLOCK integ raw=444.31 prev=10.59 new=10.69 d=+0.102 fr=435.50 dt=0.102 rate=1.00 paused=False backlog=452.79 edge=463.48 div=433.81
21:21:38.642 CLOCK fold raw=444.56 prev=10.69 new=10.75 d=+0.053 fr=435.50 dt=0.102 rate=1.00 paused=False backlog=452.84 edge=463.58 div=433.81
21:21:38.744 CLOCK integ raw=444.56 prev=10.75 new=10.85 d=+0.101 fr=435.50 dt=0.101 rate=1.00 paused=False backlog=452.84 edge=463.68 div=433.81
21:21:38.846 CLOCK fold raw=444.82 prev=10.85 new=11.01 d=+0.159 fr=435.50 dt=0.102 rate=1.00 paused=False backlog=453.06 edge=464.06 div=433.81
21:21:39.048 CLOCK integ raw=444.82 prev=11.01 new=11.21 d=+0.203 fr=435.50 dt=0.203 rate=1.00 paused=False backlog=453.06 edge=464.27 div=433.81
21:21:39.150 CLOCK fold raw=445.07 prev=11.21 new=11.26 d=+0.049 fr=435.50 dt=0.102 rate=1.00 paused=False backlog=453.11 edge=464.37 div=433.81
21:21:39.251 CLOCK integ raw=445.07 prev=11.26 new=11.36 d=+0.102 fr=435.50 dt=0.102 rate=1.00 paused=False backlog=453.11 edge=464.47 div=433.81
21:21:39.251 PAINT after 12.0 s blank (t=11.36)
21:21:39.354 CLOCK fold raw=445.33 prev=11.36 new=11.52 d=+0.154 fr=435.50 dt=0.102 rate=1.00 paused=False backlog=453.06 edge=464.57 div=433.81
21:21:39.457 CLOCK integ raw=445.33 prev=11.52 new=11.62 d=+0.104 fr=435.50 dt=0.104 rate=1.00 paused=False backlog=453.06 edge=464.68 div=433.81
21:21:39.561 CLOCK integ raw=445.33 prev=11.62 new=11.72 d=+0.104 fr=435.50 dt=0.104 rate=1.00 paused=False backlog=453.06 edge=464.78 div=433.81
21:21:39.663 CLOCK fold raw=445.59 prev=11.72 new=11.77 d=+0.050 fr=435.50 dt=0.102 rate=1.00 paused=False backlog=453.11 edge=464.88 div=433.81
21:21:39.765 CLOCK integ raw=445.59 prev=11.77 new=11.87 d=+0.102 fr=435.50 dt=0.102 rate=1.00 paused=False backlog=453.11 edge=464.98 div=433.81
21:21:39.867 CLOCK fold raw=445.85 prev=11.87 new=12.03 d=+0.157 fr=435.50 dt=0.102 rate=1.00 paused=False backlog=453.06 edge=465.09 div=433.81
21:21:39.968 CLOCK integ raw=445.85 prev=12.03 new=12.13 d=+0.101 fr=435.50 dt=0.101 rate=1.00 paused=False backlog=453.06 edge=465.19 div=433.81
21:21:40.070 CLOCK integ raw=445.85 prev=12.13 new=12.23 d=+0.102 fr=435.50 dt=0.102 rate=1.00 paused=False backlog=453.06 edge=465.29 div=433.81
21:21:40.172 CLOCK fold raw=446.10 prev=12.23 new=12.28 d=+0.049 fr=435.50 dt=0.101 rate=1.00 paused=False backlog=453.11 edge=465.39 div=433.81
21:21:40.274 CLOCK integ raw=446.10 prev=12.28 new=12.39 d=+0.103 fr=435.50 dt=0.103 rate=1.00 paused=False backlog=453.11 edge=465.49 div=433.81
21:21:40.375 CLOCK fold raw=446.35 prev=12.39 new=12.54 d=+0.154 fr=435.50 dt=0.101 rate=1.00 paused=False backlog=453.05 edge=465.59 div=433.81
21:21:40.477 CLOCK integ raw=446.35 prev=12.54 new=12.64 d=+0.101 fr=435.50 dt=0.101 rate=1.00 paused=False backlog=453.05 edge=465.70 div=433.81
21:21:40.679 CLOCK fold raw=446.61 prev=12.64 new=12.80 d=+0.156 fr=435.50 dt=0.202 rate=1.00 paused=False backlog=453.10 edge=465.90 div=433.81
21:21:40.680 TICK fr=435.50 cc=12.80 raw=446.61 vid=446.35 playing=1 started=1 stall=0 | d_fr_cc=+422.70 d_fr_raw=-11.11 d_cc_raw=-433.81 | off=0.07 ccx_end=462.26 since_show=0.0 since_cue=2.5 | pcr=464.241 pid=100 head_rel=464.24 ccx_lag=1.98 | credit=435.5 capped=0.0 | fsize=211038836 feed=211038836 feed_behind=0 | backlog=453.10 edge=465.90 div=433.81 lag_ewma=3.07
21:21:40.782 CLOCK integ raw=446.61 prev=12.80 new=12.90 d=+0.103 fr=435.50 dt=0.103 rate=1.00 paused=False backlog=453.10 edge=466.00 div=433.81
21:21:40.886 CLOCK fold raw=446.87 prev=12.90 new=13.05 d=+0.152 fr=435.50 dt=0.104 rate=1.00 paused=False backlog=453.05 edge=466.11 div=433.81
21:21:41.006 CLOCK integ raw=446.87 prev=13.05 new=13.17 d=+0.119 fr=435.50 dt=0.119 rate=1.00 paused=False backlog=452.12 edge=465.29 div=433.81
21:21:41.111 CLOCK integ raw=446.87 prev=13.17 new=13.28 d=+0.106 fr=435.50 dt=0.106 rate=1.00 paused=False backlog=452.12 edge=465.40 div=433.81
21:21:41.213 CLOCK fold raw=447.12 prev=13.28 new=13.31 d=+0.030 fr=435.50 dt=0.102 rate=1.00 paused=False backlog=452.19 edge=465.50 div=433.81
21:21:41.316 CLOCK integ raw=447.12 prev=13.31 new=13.41 d=+0.102 fr=435.50 dt=0.102 rate=1.00 paused=False backlog=452.19 edge=465.60 div=433.81
21:21:41.418 CLOCK fold raw=447.38 prev=13.41 new=13.57 d=+0.160 fr=435.50 dt=0.103 rate=1.00 paused=False backlog=452.14 edge=465.71 div=433.81
21:21:41.520 CLOCK integ raw=447.38 prev=13.57 new=13.67 d=+0.101 fr=435.50 dt=0.101 rate=1.00 paused=False backlog=452.14 edge=465.81 div=433.81
21:21:41.621 CLOCK integ raw=447.38 prev=13.67 new=13.77 d=+0.101 fr=435.50 dt=0.101 rate=1.00 paused=False backlog=452.14 edge=465.91 div=433.81
21:21:41.723 CLOCK fold raw=447.63 prev=13.77 new=13.82 d=+0.047 fr=435.50 dt=0.102 rate=1.00 paused=False backlog=452.19 edge=466.01 div=433.81
21:21:41.824 CLOCK integ raw=447.63 prev=13.82 new=13.92 d=+0.101 fr=435.50 dt=0.101 rate=1.00 paused=False backlog=452.19 edge=466.11 div=433.81
21:21:41.926 CLOCK fold raw=447.89 prev=13.92 new=14.08 d=+0.155 fr=435.50 dt=0.102 rate=1.00 paused=False backlog=452.14 edge=466.21 div=433.81
21:21:42.028 CLOCK integ raw=447.89 prev=14.08 new=14.18 d=+0.102 fr=435.50 dt=0.102 rate=1.00 paused=False backlog=452.14 edge=466.31 div=433.81
21:21:42.130 CLOCK integ raw=447.89 prev=14.18 new=14.28 d=+0.102 fr=435.50 dt=0.102 rate=1.00 paused=False backlog=452.14 edge=466.42 div=433.81
21:21:42.233 CLOCK fold raw=448.15 prev=14.28 new=14.33 d=+0.056 fr=435.50 dt=0.103 rate=1.00 paused=False backlog=452.19 edge=466.52 div=433.81
21:21:42.436 CLOCK fold raw=448.40 prev=14.33 new=14.59 d=+0.255 fr=435.50 dt=0.203 rate=1.00 paused=False backlog=452.13 edge=466.72 div=433.81
21:21:42.539 CLOCK integ raw=448.40 prev=14.59 new=14.69 d=+0.102 fr=435.50 dt=0.102 rate=1.00 paused=False backlog=452.13 edge=466.83 div=433.81
21:21:42.644 CLOCK integ raw=448.40 prev=14.69 new=14.80 d=+0.106 fr=435.50 dt=0.106 rate=1.00 paused=False backlog=452.13 edge=466.93 div=433.81
21:21:42.750 CLOCK fold raw=448.66 prev=14.80 new=14.84 d=+0.046 fr=435.50 dt=0.106 rate=1.00 paused=False backlog=452.19 edge=467.04 div=433.81
21:21:42.853 CLOCK integ raw=448.66 prev=14.84 new=14.95 d=+0.103 fr=435.50 dt=0.103 rate=1.00 paused=False backlog=452.19 edge=467.14 div=433.81
21:21:42.860 EDGESNAP err=-2.90 edge->464.24
21:21:42.961 CLOCK fold raw=448.91 prev=14.95 new=15.10 d=+0.153 fr=435.50 dt=0.108 rate=1.00 paused=False backlog=449.25 edge=464.35 div=433.81
21:21:43.066 CLOCK integ raw=448.91 prev=15.10 new=15.20 d=+0.105 fr=435.50 dt=0.105 rate=1.00 paused=False backlog=449.25 edge=464.45 div=433.81
21:21:43.169 CLOCK fold raw=449.17 prev=15.20 new=15.36 d=+0.151 fr=435.50 dt=0.101 rate=1.00 paused=False backlog=449.20 edge=464.56 div=433.81
21:21:43.272 CLOCK integ raw=449.17 prev=15.36 new=15.46 d=+0.104 fr=435.50 dt=0.104 rate=1.00 paused=False backlog=449.20 edge=464.66 div=433.81
21:21:43.374 CLOCK integ raw=449.17 prev=15.46 new=15.56 d=+0.102 fr=435.50 dt=0.102 rate=1.00 paused=False backlog=449.20 edge=464.76 div=433.81
21:21:43.479 CLOCK fold raw=449.43 prev=15.56 new=15.61 d=+0.050 fr=435.50 dt=0.105 rate=1.00 paused=False backlog=449.26 edge=464.87 div=433.81
21:21:43.580 CLOCK integ raw=449.43 prev=15.61 new=15.71 d=+0.102 fr=435.50 dt=0.102 rate=1.00 paused=False backlog=449.26 edge=464.97 div=433.81
21:21:43.682 CLOCK fold raw=449.69 prev=15.71 new=15.87 d=+0.161 fr=435.50 dt=0.102 rate=1.00 paused=False backlog=449.20 edge=465.07 div=433.81
21:21:43.784 CLOCK integ raw=449.69 prev=15.87 new=15.98 d=+0.102 fr=435.50 dt=0.102 rate=1.00 paused=False backlog=449.20 edge=465.17 div=433.81
21:21:43.887 CLOCK integ raw=449.69 prev=15.98 new=16.08 d=+0.103 fr=435.50 dt=0.103 rate=1.00 paused=False backlog=449.20 edge=465.27 div=433.81
21:21:43.989 CLOCK fold raw=449.94 prev=16.08 new=16.12 d=+0.045 fr=435.50 dt=0.102 rate=1.00 paused=False backlog=449.25 edge=465.38 div=433.81
21:21:44.090 CLOCK integ raw=449.94 prev=16.12 new=16.23 d=+0.101 fr=435.50 dt=0.101 rate=1.00 paused=False backlog=449.25 edge=465.48 div=433.81
21:21:44.293 CLOCK fold raw=450.19 prev=16.23 new=16.38 d=+0.155 fr=435.50 dt=0.202 rate=1.00 paused=False backlog=449.30 edge=465.68 div=433.81
21:21:44.395 CLOCK integ raw=450.19 prev=16.38 new=16.48 d=+0.102 fr=435.50 dt=0.102 rate=1.00 paused=False backlog=449.30 edge=465.78 div=433.81
21:21:44.496 CLOCK fold raw=450.45 prev=16.48 new=16.64 d=+0.157 fr=435.50 dt=0.102 rate=1.00 paused=False backlog=449.24 edge=465.88 div=433.81
21:21:44.601 CLOCK integ raw=450.45 prev=16.64 new=16.74 d=+0.105 fr=435.50 dt=0.105 rate=1.00 paused=False backlog=449.24 edge=465.99 div=433.81
21:21:44.704 CLOCK fold raw=450.70 prev=16.74 new=16.89 d=+0.147 fr=435.50 dt=0.103 rate=1.00 paused=False backlog=449.20 edge=466.09 div=433.81
21:21:44.806 CLOCK integ raw=450.70 prev=16.89 new=16.99 d=+0.102 fr=435.50 dt=0.102 rate=1.00 paused=False backlog=449.20 edge=466.19 div=433.81
21:21:44.910 CLOCK integ raw=450.70 prev=16.99 new=17.10 d=+0.105 fr=435.50 dt=0.105 rate=1.00 paused=False backlog=448.22 edge=465.32 div=433.81
21:21:45.012 CLOCK fold raw=450.96 prev=17.10 new=17.15 d=+0.051 fr=435.50 dt=0.101 rate=1.00 paused=False backlog=448.27 edge=465.42 div=433.81
21:21:45.115 CLOCK integ raw=450.96 prev=17.15 new=17.25 d=+0.103 fr=435.50 dt=0.103 rate=1.00 paused=False backlog=448.27 edge=465.53 div=433.81
21:21:45.222 CLOCK fold raw=451.22 prev=17.25 new=17.40 d=+0.152 fr=435.50 dt=0.106 rate=1.00 paused=False backlog=448.23 edge=465.63 div=433.81
21:21:45.325 CLOCK integ raw=451.22 prev=17.40 new=17.51 d=+0.104 fr=435.50 dt=0.104 rate=1.00 paused=False backlog=448.23 edge=465.74 div=433.81
21:21:45.428 CLOCK integ raw=451.22 prev=17.51 new=17.61 d=+0.103 fr=435.50 dt=0.103 rate=1.00 paused=False backlog=448.23 edge=465.84 div=433.81
21:21:45.529 CLOCK fold raw=451.47 prev=17.61 new=17.66 d=+0.051 fr=435.50 dt=0.102 rate=1.00 paused=False backlog=448.28 edge=465.94 div=433.81
21:21:45.631 CLOCK integ raw=451.47 prev=17.66 new=17.76 d=+0.101 fr=435.50 dt=0.101 rate=1.00 paused=False backlog=448.28 edge=466.04 div=433.81
21:21:45.733 TICK fr=435.50 cc=17.76 raw=451.73 vid=451.22 playing=1 started=1 stall=0 | d_fr_cc=+417.74 d_fr_raw=-16.23 d_cc_raw=-433.97 | off=0.07 ccx_end=462.26 since_show=0.1 since_cue=7.6 | pcr=464.241 pid=100 head_rel=464.24 ccx_lag=1.98 | credit=435.5 capped=0.0 | fsize=211038836 feed=211038836 feed_behind=0 | backlog=448.28 edge=466.04 div=433.81 lag_ewma=3.07
21:21:45.734 CLOCK fold raw=451.73 prev=17.76 new=17.92 d=+0.154 fr=435.50 dt=0.103 rate=1.00 paused=False backlog=448.23 edge=466.15 div=433.81
21:21:45.936 CLOCK integ raw=451.73 prev=17.92 new=18.12 d=+0.202 fr=435.50 dt=0.202 rate=1.00 paused=False backlog=448.23 edge=466.35 div=433.81
21:21:46.037 CLOCK fold raw=451.99 prev=18.12 new=18.17 d=+0.054 fr=435.50 dt=0.102 rate=1.00 paused=False backlog=448.28 edge=466.45 div=433.81
21:21:46.139 CLOCK integ raw=451.99 prev=18.17 new=18.27 d=+0.102 fr=435.50 dt=0.102 rate=1.00 paused=False backlog=448.28 edge=466.55 div=433.81
21:21:46.242 CLOCK fold raw=452.25 prev=18.27 new=18.43 d=+0.158 fr=435.50 dt=0.102 rate=1.00 paused=False backlog=448.28 edge=466.71 div=433.81
21:21:46.343 CLOCK integ raw=452.25 prev=18.43 new=18.53 d=+0.102 fr=435.50 dt=0.102 rate=1.00 paused=False backlog=448.28 edge=466.81 div=433.81
21:21:46.444 CLOCK integ raw=452.25 prev=18.53 new=18.63 d=+0.101 fr=435.50 dt=0.101 rate=1.00 paused=False backlog=448.28 edge=466.91 div=433.81
21:21:46.546 CLOCK fold raw=452.50 prev=18.63 new=18.68 d=+0.050 fr=435.50 dt=0.102 rate=1.00 paused=False backlog=448.28 edge=466.96 div=433.81
21:21:46.648 CLOCK integ raw=452.50 prev=18.68 new=18.79 d=+0.102 fr=435.50 dt=0.102 rate=1.00 paused=False backlog=448.28 edge=467.06 div=433.81
21:21:46.751 CLOCK fold raw=452.75 prev=18.79 new=18.94 d=+0.154 fr=435.50 dt=0.103 rate=1.00 paused=False backlog=448.28 edge=467.22 div=433.81
21:21:46.855 EDGESNAP err=-2.98 edge->464.24
21:21:46.856 CLOCK integ raw=452.75 prev=18.94 new=19.04 d=+0.104 fr=435.50 dt=0.104 rate=1.00 paused=False backlog=445.30 edge=464.34 div=433.81
21:21:46.959 CLOCK integ raw=452.75 prev=19.04 new=19.15 d=+0.104 fr=435.50 dt=0.104 rate=1.00 paused=False backlog=445.30 edge=464.45 div=433.81
21:21:47.061 CLOCK fold raw=453.01 prev=19.15 new=19.20 d=+0.053 fr=435.50 dt=0.102 rate=1.00 paused=False backlog=445.30 edge=464.50 div=433.81
21:21:47.163 CLOCK integ raw=453.01 prev=19.20 new=19.30 d=+0.102 fr=435.50 dt=0.102 rate=1.00 paused=False backlog=445.30 edge=464.60 div=433.81
21:21:47.366 CLOCK fold raw=453.27 prev=19.30 new=19.45 d=+0.149 fr=435.50 dt=0.202 rate=1.00 paused=False backlog=445.30 edge=464.75 div=433.81
21:21:47.388 CUE cx=[462.26..463.76] adv=1.50 el=9.23 fresh | off=0.07 fr=435.50 cc=19.45 raw=453.27 lead=+444.38 | pcr=466.215 head_rel=466.21 lag_ewma=3.07 | q=kick it away. Cameron Ross and / Colby Katz's back deep and 
21:21:47.490 ANCHOR pend_end=463.76 L=2.85 pinL=2.45 target=-0.73 off=0.07
21:21:47.490 CLOCK integ raw=453.27 prev=19.45 new=19.58 d=+0.125 fr=444.86 dt=0.125 rate=1.00 paused=False backlog=446.03 edge=465.61 div=433.81
21:21:47.592 CLOCK fold raw=453.52 prev=19.58 new=19.71 d=+0.130 fr=444.86 dt=0.102 rate=1.00 paused=False backlog=446.00 edge=465.71 div=433.81
21:21:47.695 CUE cx=[463.76..466.53] adv=2.77 el=0.33 fresh | off=-0.33 fr=444.86 cc=19.71 raw=453.52 lead=+446.49 | pcr=467.620 head_rel=467.62 lag_ewma=2.85 | q=Colby Katz's back deep and / they'll go for a touchback into
21:21:47.797 ANCHOR pend_end=466.53 L=2.23 pinL=1.09 target=-0.95 off=-0.33
21:21:47.798 CLOCK fold raw=453.78 prev=19.71 new=19.96 d=+0.257 fr=444.86 dt=0.206 rate=1.00 paused=False backlog=446.91 edge=466.87 div=433.81
21:21:47.899 CLOCK integ raw=453.78 prev=19.96 new=20.07 d=+0.101 fr=444.86 dt=0.101 rate=1.00 paused=False backlog=446.91 edge=466.97 div=433.81
21:21:48.001 CLOCK integ raw=453.78 prev=20.07 new=20.17 d=+0.102 fr=445.27 dt=0.102 rate=1.00 paused=False backlog=446.91 edge=467.07 div=433.81
21:21:48.105 CLOCK fold raw=454.03 prev=20.17 new=20.22 d=+0.053 fr=445.27 dt=0.104 rate=1.00 paused=False backlog=446.96 edge=467.18 div=433.81
21:21:48.208 CLOCK integ raw=454.03 prev=20.22 new=20.32 d=+0.103 fr=445.27 dt=0.103 rate=1.00 paused=False backlog=446.96 edge=467.28 div=433.81
21:21:48.311 CLOCK fold raw=454.29 prev=20.32 new=20.48 d=+0.152 fr=445.27 dt=0.103 rate=1.00 paused=False backlog=446.91 edge=467.38 div=433.81
21:21:48.451 EDGESNAP err=+3.26 edge->470.64
21:21:48.451 CUE cx=[466.53..468.73] adv=2.20 el=0.72 fresh | off=-0.64 fr=445.68 cc=20.48 raw=454.29 lead=+447.62 | pcr=470.639 head_rel=470.64 lag_ewma=5.49 | q=they'll go for a touchback into / the end zone. And now the 
21:21:48.452 ANCHOR pend_end=468.73 L=4.23 pinL=1.90 target=0.00 off=-0.64
21:21:48.452 CLOCK integ raw=454.29 prev=20.48 new=20.62 d=+0.142 fr=445.68 dt=0.142 rate=1.00 paused=False backlog=450.16 edge=470.78 div=433.81
21:21:48.554 CLOCK fold raw=454.55 prev=20.62 new=20.73 d=+0.115 fr=445.68 dt=0.101 rate=1.00 paused=False backlog=450.15 edge=470.88 div=433.81
21:21:48.656 CLOCK integ raw=454.55 prev=20.73 new=20.83 d=+0.102 fr=445.68 dt=0.102 rate=1.00 paused=False backlog=450.15 edge=470.98 div=433.81
21:21:48.757 CLOCK integ raw=454.55 prev=20.83 new=20.94 d=+0.101 fr=446.12 dt=0.101 rate=1.00 paused=False backlog=450.15 edge=471.09 div=433.81
21:21:48.859 CLOCK fold raw=454.80 prev=20.94 new=20.99 d=+0.052 fr=446.12 dt=0.101 rate=1.00 paused=False backlog=450.20 edge=471.19 div=433.81
21:21:48.962 CLOCK integ raw=454.80 prev=20.99 new=21.09 d=+0.103 fr=446.12 dt=0.103 rate=1.00 paused=False backlog=450.31 edge=471.40 div=433.81
21:21:49.064 CLOCK fold raw=455.06 prev=21.09 new=21.24 d=+0.153 fr=446.12 dt=0.102 rate=1.00 paused=False backlog=450.26 edge=471.51 div=433.81
21:21:49.165 CLOCK integ raw=455.06 prev=21.24 new=21.34 d=+0.101 fr=446.12 dt=0.101 rate=1.00 paused=False backlog=450.26 edge=471.61 div=433.81
21:21:49.269 CLOCK integ raw=455.06 prev=21.34 new=21.45 d=+0.102 fr=446.12 dt=0.102 rate=1.00 paused=False backlog=450.26 edge=471.71 div=433.81
21:21:49.370 CLOCK fold raw=455.32 prev=21.45 new=21.50 d=+0.057 fr=446.12 dt=0.102 rate=1.00 paused=False backlog=450.31 edge=471.81 div=433.81
21:21:49.472 CLOCK integ raw=455.32 prev=21.50 new=21.61 d=+0.102 fr=446.12 dt=0.102 rate=1.00 paused=False backlog=450.31 edge=471.91 div=433.81
21:21:49.575 CLOCK fold raw=455.57 prev=21.61 new=21.76 d=+0.150 fr=446.12 dt=0.103 rate=1.00 paused=False backlog=450.26 edge=472.02 div=433.81
21:21:49.680 CLOCK integ raw=455.57 prev=21.76 new=21.86 d=+0.105 fr=446.12 dt=0.105 rate=1.00 paused=False backlog=450.26 edge=472.12 div=433.81
21:21:49.782 CLOCK integ raw=455.57 prev=21.86 new=21.96 d=+0.102 fr=446.12 dt=0.102 rate=1.00 paused=False backlog=450.26 edge=472.22 div=433.81
21:21:49.987 CLOCK fold raw=455.82 prev=21.96 new=22.01 d=+0.049 fr=446.12 dt=0.205 rate=1.00 paused=False backlog=450.42 edge=472.43 div=433.81
21:21:50.089 CLOCK fold raw=456.08 prev=22.01 new=22.27 d=+0.260 fr=446.12 dt=0.103 rate=1.00 paused=False backlog=450.26 edge=472.53 div=433.81
21:21:50.191 CLOCK integ raw=456.08 prev=22.27 new=22.37 d=+0.101 fr=446.12 dt=0.101 rate=1.00 paused=False backlog=450.26 edge=472.63 div=433.81
21:21:50.293 CLOCK integ raw=456.08 prev=22.37 new=22.47 d=+0.102 fr=446.12 dt=0.102 rate=1.00 paused=False backlog=450.26 edge=472.73 div=433.81
21:21:50.395 CLOCK fold raw=456.34 prev=22.47 new=22.52 d=+0.049 fr=446.12 dt=0.102 rate=1.00 paused=False backlog=450.31 edge=472.84 div=433.81
21:21:50.498 CLOCK integ raw=456.34 prev=22.52 new=22.63 d=+0.103 fr=446.12 dt=0.103 rate=1.00 paused=False backlog=450.31 edge=472.94 div=433.81
21:21:50.599 CLOCK fold raw=456.59 prev=22.63 new=22.78 d=+0.152 fr=446.12 dt=0.101 rate=1.00 paused=False backlog=450.26 edge=473.04 div=433.81
21:21:50.702 CLOCK integ raw=456.59 prev=22.78 new=22.88 d=+0.103 fr=446.12 dt=0.103 rate=1.00 paused=False backlog=450.26 edge=473.14 div=433.81
21:21:50.704 TICK fr=446.12 cc=22.88 raw=456.59 vid=456.08 playing=1 started=1 stall=0 | d_fr_cc=+423.24 d_fr_raw=-10.47 d_cc_raw=-433.71 | off=-0.32 ccx_end=468.73 since_show=0.0 since_cue=2.3 | pcr=471.413 pid=100 head_rel=471.41 ccx_lag=2.68 | credit=446.1 capped=0.0 | fsize=214075976 feed=214075976 feed_behind=0 | backlog=450.26 edge=473.14 div=433.81 lag_ewma=4.23
21:21:50.805 CLOCK integ raw=456.59 prev=22.88 new=22.99 d=+0.104 fr=446.12 dt=0.104 rate=1.00 paused=False backlog=450.26 edge=473.25 div=433.81
21:21:50.910 CLOCK fold raw=456.85 prev=22.99 new=23.04 d=+0.049 fr=446.12 dt=0.105 rate=1.00 paused=False backlog=449.40 edge=472.43 div=433.81
21:21:51.012 CLOCK integ raw=456.85 prev=23.04 new=23.14 d=+0.102 fr=446.12 dt=0.102 rate=1.00 paused=False backlog=449.40 edge=472.54 div=433.81
21:21:51.114 CLOCK fold raw=457.11 prev=23.14 new=23.30 d=+0.160 fr=446.12 dt=0.101 rate=1.00 paused=False backlog=449.34 edge=472.64 div=433.81
21:21:51.217 CLOCK integ raw=457.11 prev=23.30 new=23.40 d=+0.104 fr=446.12 dt=0.104 rate=1.00 paused=False backlog=449.34 edge=472.74 div=433.81
21:21:51.320 CLOCK integ raw=457.11 prev=23.40 new=23.50 d=+0.102 fr=446.12 dt=0.102 rate=1.00 paused=False backlog=449.34 edge=472.84 div=433.81
21:21:51.484 CUE cx=[468.74..471.64] adv=2.90 el=3.01 fresh | off=-0.32 fr=446.12 cc=23.50 raw=457.36 lead=+447.81 | pcr=474.080 head_rel=474.08 lag_ewma=4.23 | q=the end zone. And now the / highly anticipated, long / await
21:21:51.486 ANCHOR pend_end=471.64 L=3.61 pinL=2.44 target=-0.62 off=-0.32
21:21:51.486 CLOCK fold raw=457.36 prev=23.50 new=23.55 d=+0.044 fr=446.12 dt=0.167 rate=1.00 paused=False backlog=450.08 edge=473.63 div=433.81
21:21:51.590 CLOCK integ raw=457.36 prev=23.55 new=23.65 d=+0.103 fr=448.96 dt=0.103 rate=1.00 paused=False backlog=450.08 edge=473.73 div=433.81
21:21:51.723 CUE cx=[471.64..473.40] adv=1.77 el=0.27 fresh | off=-0.47 fr=448.96 cc=23.65 raw=457.62 lead=+449.29 | pcr=475.623 head_rel=475.62 lag_ewma=3.61 | q=highly anticipated, long / awaited return of number ten. / H
21:21:51.724 ANCHOR pend_end=473.40 L=3.12 pinL=2.22 target=-0.95 off=-0.47
21:21:51.724 CLOCK fold raw=457.62 prev=23.65 new=23.81 d=+0.160 fr=448.96 dt=0.135 rate=1.00 paused=False backlog=451.00 edge=474.81 div=433.81
21:21:51.826 CLOCK integ raw=457.62 prev=23.81 new=23.91 d=+0.103 fr=448.96 dt=0.103 rate=1.00 paused=False backlog=451.00 edge=474.91 div=433.81
21:21:51.928 CLOCK fold raw=457.88 prev=23.91 new=24.07 d=+0.153 fr=448.96 dt=0.102 rate=1.00 paused=False backlog=450.95 edge=475.02 div=433.81
21:21:52.030 CLOCK integ raw=457.88 prev=24.07 new=24.17 d=+0.102 fr=449.30 dt=0.102 rate=1.00 paused=False backlog=450.95 edge=475.12 div=433.81
21:21:52.131 CLOCK fold raw=458.13 prev=24.17 new=24.32 d=+0.148 fr=449.30 dt=0.101 rate=1.00 paused=False backlog=450.90 edge=475.22 div=433.81
21:21:52.232 CLOCK integ raw=458.13 prev=24.32 new=24.42 d=+0.101 fr=449.30 dt=0.101 rate=1.00 paused=False backlog=450.90 edge=475.32 div=433.81
21:21:52.334 CLOCK integ raw=458.13 prev=24.42 new=24.52 d=+0.101 fr=449.30 dt=0.101 rate=1.00 paused=False backlog=450.90 edge=475.42 div=433.81
21:21:52.435 CLOCK fold raw=458.38 prev=24.52 new=24.57 d=+0.052 fr=449.30 dt=0.101 rate=1.00 paused=False backlog=450.95 edge=475.52 div=433.81
21:21:52.537 CLOCK integ raw=458.38 prev=24.57 new=24.67 d=+0.102 fr=449.30 dt=0.102 rate=1.00 paused=False backlog=450.95 edge=475.62 div=433.81
21:21:52.640 CLOCK fold raw=458.64 prev=24.67 new=24.83 d=+0.154 fr=449.30 dt=0.103 rate=1.00 paused=False backlog=450.90 edge=475.73 div=433.81
21:21:52.742 CLOCK integ raw=458.64 prev=24.83 new=24.93 d=+0.102 fr=449.30 dt=0.102 rate=1.00 paused=False backlog=450.90 edge=475.83 div=433.81
21:21:52.947 CLOCK fold raw=458.90 prev=24.93 new=25.08 d=+0.155 fr=449.30 dt=0.205 rate=1.00 paused=False backlog=450.85 edge=475.93 div=433.81
21:21:53.049 CLOCK integ raw=458.90 prev=25.08 new=25.19 d=+0.102 fr=449.30 dt=0.102 rate=1.00 paused=False backlog=450.85 edge=476.03 div=433.81
21:21:53.151 CLOCK integ raw=458.90 prev=25.19 new=25.29 d=+0.102 fr=449.30 dt=0.102 rate=1.00 paused=False backlog=450.85 edge=476.14 div=433.81
21:21:53.254 CLOCK fold raw=459.16 prev=25.29 new=25.34 d=+0.056 fr=449.30 dt=0.103 rate=1.00 paused=False backlog=450.89 edge=476.24 div=433.81
21:21:53.355 CLOCK integ raw=459.16 prev=25.34 new=25.45 d=+0.102 fr=449.30 dt=0.102 rate=1.00 paused=False backlog=450.89 edge=476.34 div=433.81
21:21:53.457 CLOCK fold raw=459.41 prev=25.45 new=25.60 d=+0.149 fr=449.30 dt=0.102 rate=1.00 paused=False backlog=450.85 edge=476.44 div=433.81
21:21:53.560 CLOCK integ raw=459.41 prev=25.60 new=25.70 d=+0.102 fr=449.30 dt=0.102 rate=1.00 paused=False backlog=450.85 edge=476.54 div=433.81
21:21:53.662 CLOCK fold raw=459.67 prev=25.70 new=25.85 d=+0.155 fr=449.30 dt=0.102 rate=1.00 paused=False backlog=450.79 edge=476.65 div=433.81
21:21:53.764 CLOCK integ raw=459.67 prev=25.85 new=25.95 d=+0.102 fr=449.30 dt=0.102 rate=1.00 paused=False backlog=450.79 edge=476.75 div=433.81
21:21:53.866 CLOCK integ raw=459.67 prev=25.95 new=26.06 d=+0.102 fr=449.30 dt=0.102 rate=1.00 paused=False backlog=450.79 edge=476.85 div=433.81
21:21:53.969 CLOCK fold raw=459.92 prev=26.06 new=26.11 d=+0.052 fr=449.30 dt=0.103 rate=1.00 paused=False backlog=450.84 edge=476.95 div=433.81
21:21:54.072 CLOCK integ raw=459.92 prev=26.11 new=26.21 d=+0.103 fr=449.30 dt=0.103 rate=1.00 paused=False backlog=450.84 edge=477.06 div=433.81
21:21:54.174 CLOCK fold raw=460.18 prev=26.21 new=26.36 d=+0.152 fr=449.30 dt=0.101 rate=1.00 paused=False backlog=450.79 edge=477.16 div=433.81
21:21:54.275 CLOCK integ raw=460.18 prev=26.36 new=26.46 d=+0.102 fr=449.30 dt=0.102 rate=1.00 paused=False backlog=450.79 edge=477.26 div=433.81
21:21:54.483 CLOCK fold raw=460.43 prev=26.46 new=26.62 d=+0.155 fr=449.30 dt=0.207 rate=1.00 paused=False backlog=450.85 edge=477.47 div=433.81
21:21:54.588 CLOCK integ raw=460.43 prev=26.62 new=26.73 d=+0.106 fr=449.30 dt=0.106 rate=1.00 paused=False backlog=450.85 edge=477.57 div=433.81
21:21:54.692 CLOCK integ raw=460.43 prev=26.73 new=26.83 d=+0.103 fr=449.30 dt=0.103 rate=1.00 paused=False backlog=450.85 edge=477.68 div=433.81
21:21:54.794 CLOCK fold raw=460.70 prev=26.83 new=26.89 d=+0.058 fr=449.30 dt=0.103 rate=1.00 paused=False backlog=450.89 edge=477.78 div=433.81
21:21:54.901 CLOCK integ raw=460.70 prev=26.89 new=26.99 d=+0.105 fr=449.30 dt=0.105 rate=1.00 paused=False backlog=449.81 edge=476.81 div=433.81
21:21:55.004 CLOCK fold raw=460.95 prev=26.99 new=27.14 d=+0.145 fr=449.30 dt=0.104 rate=1.00 paused=False backlog=449.77 edge=476.91 div=433.81
21:21:55.106 CLOCK integ raw=460.95 prev=27.14 new=27.24 d=+0.102 fr=449.30 dt=0.102 rate=1.00 paused=False backlog=449.77 edge=477.01 div=433.81
21:21:55.207 CLOCK fold raw=461.20 prev=27.24 new=27.39 d=+0.149 fr=449.30 dt=0.101 rate=1.00 paused=False backlog=449.72 edge=477.11 div=433.81
21:21:55.309 CLOCK integ raw=461.20 prev=27.39 new=27.49 d=+0.102 fr=449.30 dt=0.102 rate=1.00 paused=False backlog=449.72 edge=477.22 div=433.81
21:21:55.411 CLOCK integ raw=461.20 prev=27.49 new=27.59 d=+0.102 fr=449.30 dt=0.102 rate=1.00 paused=False backlog=449.72 edge=477.32 div=433.81
21:21:55.513 CLOCK fold raw=461.46 prev=27.59 new=27.64 d=+0.052 fr=449.30 dt=0.101 rate=1.00 paused=False backlog=449.77 edge=477.42 div=433.81
21:21:55.623 CLOCK integ raw=461.46 prev=27.64 new=27.75 d=+0.110 fr=449.30 dt=0.110 rate=1.00 paused=False backlog=449.77 edge=477.53 div=433.81
21:21:55.731 TICK fr=449.30 cc=27.75 raw=461.71 vid=461.46 playing=1 started=1 stall=0 | d_fr_cc=+421.54 d_fr_raw=-12.42 d_cc_raw=-433.96 | off=-0.71 ccx_end=473.40 since_show=0.1 since_cue=4.0 | pcr=475.623 pid=100 head_rel=475.62 ccx_lag=2.22 | credit=449.3 capped=0.0 | fsize=216178192 feed=216178192 feed_behind=0 | backlog=449.77 edge=477.53 div=433.81 lag_ewma=3.12
21:21:55.733 CLOCK fold raw=461.71 prev=27.75 new=27.90 d=+0.145 fr=449.30 dt=0.110 rate=1.00 paused=False backlog=449.74 edge=477.64 div=433.81
21:21:55.835 CLOCK integ raw=461.71 prev=27.90 new=28.00 d=+0.102 fr=449.30 dt=0.102 rate=1.00 paused=False backlog=449.74 edge=477.74 div=433.81
21:21:55.938 CLOCK integ raw=461.71 prev=28.00 new=28.10 d=+0.103 fr=449.30 dt=0.103 rate=1.00 paused=False backlog=449.74 edge=477.84 div=433.81
21:21:56.043 CLOCK fold raw=461.97 prev=28.10 new=28.16 d=+0.053 fr=449.30 dt=0.106 rate=1.00 paused=False backlog=449.79 edge=477.95 div=433.81
21:21:56.146 CLOCK integ raw=461.97 prev=28.16 new=28.26 d=+0.103 fr=449.30 dt=0.103 rate=1.00 paused=False backlog=449.79 edge=478.05 div=433.81
21:21:56.249 CLOCK fold raw=462.23 prev=28.26 new=28.41 d=+0.152 fr=449.30 dt=0.102 rate=1.00 paused=False backlog=449.74 edge=478.15 div=433.81
21:21:56.451 CLOCK integ raw=462.23 prev=28.41 new=28.61 d=+0.202 fr=449.30 dt=0.202 rate=1.00 paused=False backlog=449.74 edge=478.36 div=433.81
21:21:56.467 CUE cx=[473.41..475.61] adv=2.20 el=4.76 fresh | off=-0.71 fr=449.30 cc=28.61 raw=462.23 lead=+446.28 | pcr=478.433 head_rel=478.43 lag_ewma=3.12 | q=awaited return of number ten. / Here's Bo Nix. He does a big
21:21:56.468 CUE cx=[475.61..477.01] adv=1.40 el=0.02 fresh | off=-0.71 fr=449.30 cc=28.61 raw=462.23 lead=+447.69 | pcr=478.433 head_rel=478.43 lag_ewma=3.12 | q=Here's Bo Nix. He does a big / jump to get on the field. It'
21:21:56.670 ANCHOR pend_end=477.01 L=2.53 pinL=1.42 target=-0.02 off=-0.71
21:21:56.670 CLOCK fold raw=462.48 prev=28.61 new=28.67 d=+0.053 fr=453.84 dt=0.219 rate=1.00 paused=False backlog=449.97 edge=478.63 div=433.81
21:21:56.671 CUE cx=[477.01..478.78] adv=1.77 el=0.20 fresh | off=-0.36 fr=453.84 cc=28.67 raw=462.48 lead=+449.75 | pcr=478.433 head_rel=478.43 lag_ewma=2.53 | q=jump to get on the field. It's / calming himself down. The l
21:21:56.778 ANCHOR pend_end=478.78 L=2.53 pinL=- target=-2.77 off=-0.36
21:21:56.779 CLOCK fold raw=462.74 prev=28.67 new=28.92 d=+0.257 fr=453.84 dt=0.109 rate=1.00 paused=False backlog=449.72 edge=478.64 div=433.81
21:21:56.886 CLOCK integ raw=462.74 prev=28.92 new=29.03 d=+0.107 fr=454.25 dt=0.107 rate=1.00 paused=False backlog=449.72 edge=478.75 div=433.81
21:21:56.935 EDGESNAP err=+3.69 edge->482.44
21:21:57.038 CLOCK fold raw=463.00 prev=29.03 new=29.19 d=+0.156 fr=454.25 dt=0.151 rate=1.00 paused=False backlog=453.40 edge=482.59 div=433.81
21:21:57.142 CUE cx=[478.78..480.95] adv=2.17 el=0.47 fresh | off=-1.57 fr=454.25 cc=29.19 raw=463.00 lead=+450.19 | pcr=482.439 head_rel=482.44 lag_ewma=2.53 | q=calming himself down. The last / time he was out here they w
21:21:57.145 ANCHOR pend_end=480.95 L=2.17 pinL=1.49 target=0.08 off=-1.57
21:21:57.145 CLOCK integ raw=463.00 prev=29.19 new=29.29 d=+0.107 fr=454.25 dt=0.107 rate=1.00 paused=False backlog=453.33 edge=482.62 div=433.81
21:21:57.249 CLOCK integ raw=463.00 prev=29.29 new=29.40 d=+0.104 fr=454.25 dt=0.104 rate=1.00 paused=False backlog=453.33 edge=482.73 div=433.81
21:21:57.354 CLOCK fold raw=463.27 prev=29.40 new=29.46 d=+0.060 fr=454.25 dt=0.106 rate=1.00 paused=False backlog=453.37 edge=482.83 div=433.81
21:21:57.559 CLOCK fold raw=463.54 prev=29.46 new=29.72 d=+0.265 fr=454.25 dt=0.204 rate=1.00 paused=False backlog=453.31 edge=483.04 div=433.81
21:21:57.661 CLOCK integ raw=463.54 prev=29.72 new=29.83 d=+0.102 fr=454.25 dt=0.102 rate=1.00 paused=False backlog=453.31 edge=483.14 div=433.81
21:21:57.763 CLOCK integ raw=463.54 prev=29.83 new=29.93 d=+0.102 fr=454.25 dt=0.102 rate=1.00 paused=False backlog=453.31 edge=483.24 div=433.81
21:21:57.865 CLOCK fold raw=463.81 prev=29.93 new=29.99 d=+0.064 fr=454.25 dt=0.102 rate=1.00 paused=False backlog=453.35 edge=483.34 div=433.81
21:21:57.967 CLOCK integ raw=463.81 prev=29.99 new=30.09 d=+0.102 fr=454.25 dt=0.102 rate=1.00 paused=False backlog=453.35 edge=483.44 div=433.81
21:21:58.068 CLOCK fold raw=464.06 prev=30.09 new=30.25 d=+0.152 fr=454.25 dt=0.101 rate=1.00 paused=False backlog=453.30 edge=483.54 div=433.81
21:21:58.171 CLOCK integ raw=464.06 prev=30.25 new=30.35 d=+0.103 fr=454.25 dt=0.103 rate=1.00 paused=False backlog=453.30 edge=483.65 div=433.81
21:21:58.272 CLOCK integ raw=464.06 prev=30.35 new=30.45 d=+0.101 fr=454.25 dt=0.101 rate=1.00 paused=False backlog=453.30 edge=483.75 div=433.81
21:21:58.373 CLOCK fold raw=464.32 prev=30.45 new=30.51 d=+0.057 fr=454.25 dt=0.102 rate=1.00 paused=False backlog=453.34 edge=483.85 div=433.81
21:21:58.476 CLOCK integ raw=464.32 prev=30.51 new=30.61 d=+0.103 fr=454.25 dt=0.103 rate=1.00 paused=False backlog=453.34 edge=483.95 div=433.81
21:21:58.577 CLOCK fold raw=464.57 prev=30.61 new=30.76 d=+0.148 fr=454.25 dt=0.101 rate=1.00 paused=False backlog=453.30 edge=484.05 div=433.81
21:21:58.680 CLOCK integ raw=464.57 prev=30.76 new=30.86 d=+0.103 fr=454.25 dt=0.103 rate=1.00 paused=False backlog=453.30 edge=484.16 div=433.81
21:21:58.782 CLOCK integ raw=464.57 prev=30.86 new=30.96 d=+0.102 fr=454.25 dt=0.102 rate=1.00 paused=False backlog=453.30 edge=484.26 div=433.81
21:21:58.885 CLOCK fold raw=464.83 prev=30.96 new=31.02 d=+0.054 fr=454.25 dt=0.103 rate=1.00 paused=False backlog=452.43 edge=483.45 div=433.81
21:21:59.086 CLOCK fold raw=465.08 prev=31.02 new=31.27 d=+0.253 fr=454.25 dt=0.202 rate=1.00 paused=False backlog=452.38 edge=483.65 div=433.81
21:21:59.188 CLOCK integ raw=465.08 prev=31.27 new=31.37 d=+0.102 fr=454.25 dt=0.102 rate=1.00 paused=False backlog=452.38 edge=483.75 div=433.81
21:21:59.290 CLOCK integ raw=465.08 prev=31.37 new=31.47 d=+0.102 fr=454.25 dt=0.102 rate=1.00 paused=False backlog=452.38 edge=483.86 div=433.81
21:21:59.394 CLOCK fold raw=465.34 prev=31.47 new=31.53 d=+0.052 fr=454.25 dt=0.103 rate=1.00 paused=False backlog=452.43 edge=483.96 div=433.81
21:21:59.498 CLOCK integ raw=465.34 prev=31.53 new=31.63 d=+0.104 fr=454.25 dt=0.104 rate=1.00 paused=False backlog=452.43 edge=484.06 div=433.81
21:21:59.601 CLOCK fold raw=465.60 prev=31.63 new=31.78 d=+0.154 fr=454.25 dt=0.103 rate=1.00 paused=False backlog=452.38 edge=484.17 div=433.81
21:21:59.705 CLOCK integ raw=465.60 prev=31.78 new=31.89 d=+0.104 fr=454.25 dt=0.104 rate=1.00 paused=False backlog=452.38 edge=484.27 div=433.81
21:21:59.809 CLOCK integ raw=465.60 prev=31.89 new=31.99 d=+0.103 fr=454.25 dt=0.103 rate=1.00 paused=False backlog=452.38 edge=484.38 div=433.81
21:21:59.912 CLOCK fold raw=465.85 prev=31.99 new=32.04 d=+0.049 fr=454.25 dt=0.104 rate=1.00 paused=False backlog=452.44 edge=484.48 div=433.81
21:22:00.015 CLOCK integ raw=465.85 prev=32.04 new=32.14 d=+0.103 fr=454.25 dt=0.103 rate=1.00 paused=False backlog=452.44 edge=484.58 div=433.81
21:22:00.121 CLOCK fold raw=466.11 prev=32.14 new=32.29 d=+0.151 fr=454.25 dt=0.106 rate=1.00 paused=False backlog=452.39 edge=484.69 div=433.81
21:22:00.223 CLOCK integ raw=466.11 prev=32.29 new=32.40 d=+0.101 fr=454.25 dt=0.101 rate=1.00 paused=False backlog=452.39 edge=484.79 div=433.81
21:22:00.324 CLOCK integ raw=466.11 prev=32.40 new=32.50 d=+0.101 fr=454.25 dt=0.101 rate=1.00 paused=False backlog=452.39 edge=484.89 div=433.81
21:22:00.426 CLOCK fold raw=466.37 prev=32.50 new=32.56 d=+0.060 fr=454.25 dt=0.102 rate=1.00 paused=False backlog=452.44 edge=484.99 div=433.81
21:22:00.528 CLOCK integ raw=466.37 prev=32.56 new=32.66 d=+0.102 fr=454.25 dt=0.102 rate=1.00 paused=False backlog=452.44 edge=485.09 div=433.81
21:22:00.734 CLOCK fold raw=466.62 prev=32.66 new=32.81 d=+0.148 fr=454.25 dt=0.206 rate=1.00 paused=False backlog=452.49 edge=485.30 div=433.81
21:22:00.738 TICK fr=454.25 cc=32.81 raw=466.62 vid=466.37 playing=1 started=1 stall=0 | d_fr_cc=+421.44 d_fr_raw=-12.37 d_cc_raw=-433.81 | off=-0.75 ccx_end=480.95 since_show=0.0 since_cue=3.6 | pcr=482.439 pid=100 head_rel=482.44 ccx_lag=1.49 | credit=454.3 capped=0.0 | fsize=219183936 feed=219183936 feed_behind=0 | backlog=452.49 edge=485.30 div=433.81 lag_ewma=2.17
21:22:00.841 CLOCK integ raw=466.62 prev=32.81 new=32.91 d=+0.107 fr=454.25 dt=0.107 rate=1.00 paused=False backlog=452.49 edge=485.41 div=433.81
21:22:00.845 EDGESNAP err=-2.97 edge->482.44
21:22:00.949 CLOCK fold raw=466.88 prev=32.91 new=33.06 d=+0.150 fr=454.25 dt=0.109 rate=1.00 paused=False backlog=449.48 edge=482.55 div=433.81
21:22:01.061 CLOCK integ raw=466.88 prev=33.06 new=33.18 d=+0.112 fr=454.25 dt=0.112 rate=1.00 paused=False backlog=449.48 edge=482.66 div=433.81
21:22:01.164 CLOCK fold raw=467.15 prev=33.18 new=33.33 d=+0.158 fr=454.25 dt=0.103 rate=1.00 paused=False backlog=449.43 edge=482.76 div=433.81
21:22:01.268 CLOCK integ raw=467.15 prev=33.33 new=33.44 d=+0.105 fr=454.25 dt=0.105 rate=1.00 paused=False backlog=449.43 edge=482.87 div=433.81
21:22:01.374 CLOCK integ raw=467.15 prev=33.44 new=33.55 d=+0.106 fr=458.74 dt=0.106 rate=1.00 paused=False backlog=449.43 edge=482.97 div=433.81
21:22:01.425 CUE cx=[480.95..482.48] adv=1.53 el=4.24 fresh | off=-0.75 fr=458.74 cc=33.55 raw=467.41 lead=+448.19 | pcr=485.249 head_rel=485.25 lag_ewma=2.17 | q=time he was out here they won a / playoff game. But he did n
21:22:01.425 CUE cx=[482.48..483.58] adv=1.10 el=0.05 fresh | off=-0.75 fr=458.74 cc=33.55 raw=467.41 lead=+449.29 | pcr=485.249 head_rel=485.25 lag_ewma=2.17 | q=playoff game. But he did not / leave with his health. So he 
21:22:01.528 ANCHOR pend_end=483.58 L=1.99 pinL=1.67 target=-0.57 off=-0.75
21:22:01.529 CLOCK fold raw=467.41 prev=33.55 new=33.60 d=+0.052 fr=458.74 dt=0.153 rate=1.00 paused=False backlog=451.24 edge=484.83 div=433.81
21:22:01.634 CLOCK integ raw=467.41 prev=33.60 new=33.70 d=+0.106 fr=458.74 dt=0.106 rate=1.00 paused=False backlog=451.24 edge=484.94 div=433.81
21:22:01.738 CLOCK fold raw=467.67 prev=33.70 new=33.85 d=+0.149 fr=459.10 dt=0.103 rate=1.00 paused=False backlog=451.19 edge=485.04 div=433.81
21:22:01.839 CLOCK integ raw=467.67 prev=33.85 new=33.95 d=+0.103 fr=459.10 dt=0.103 rate=1.00 paused=False backlog=451.19 edge=485.14 div=433.81
21:22:02.042 CLOCK fold raw=467.93 prev=33.95 new=34.12 d=+0.161 fr=459.10 dt=0.203 rate=1.00 paused=False backlog=451.23 edge=485.35 div=433.81
21:22:02.144 CLOCK integ raw=467.93 prev=34.12 new=34.22 d=+0.102 fr=459.10 dt=0.102 rate=1.00 paused=False backlog=451.23 edge=485.45 div=433.81
21:22:02.251 CLOCK fold raw=468.21 prev=34.22 new=34.40 d=+0.177 fr=459.10 dt=0.107 rate=1.00 paused=False backlog=451.16 edge=485.56 div=433.81
21:22:02.352 CLOCK integ raw=468.21 prev=34.40 new=34.50 d=+0.102 fr=459.10 dt=0.102 rate=1.00 paused=False backlog=451.16 edge=485.66 div=433.81
21:22:02.463 CLOCK fold raw=468.46 prev=34.50 new=34.64 d=+0.147 fr=459.10 dt=0.111 rate=1.00 paused=False backlog=451.12 edge=485.77 div=433.81
21:22:02.567 CLOCK integ raw=468.46 prev=34.64 new=34.75 d=+0.104 fr=459.10 dt=0.104 rate=1.00 paused=False backlog=451.12 edge=485.87 div=433.81
21:22:02.670 CLOCK integ raw=468.46 prev=34.75 new=34.85 d=+0.103 fr=459.10 dt=0.103 rate=1.00 paused=False backlog=451.12 edge=485.98 div=433.81
21:22:02.774 CLOCK fold raw=468.71 prev=34.85 new=34.90 d=+0.047 fr=459.10 dt=0.104 rate=1.00 paused=False backlog=451.18 edge=486.08 div=433.81
21:22:02.884 CLOCK integ raw=468.71 prev=34.90 new=35.01 d=+0.110 fr=459.10 dt=0.110 rate=1.00 paused=False backlog=450.87 edge=485.88 div=433.81
21:22:03.026 CLOCK fold raw=468.97 prev=35.01 new=35.16 d=+0.147 fr=459.10 dt=0.142 rate=1.00 paused=False backlog=450.87 edge=486.02 div=433.81
21:22:03.134 CLOCK integ raw=468.97 prev=35.16 new=35.26 d=+0.108 fr=459.10 dt=0.108 rate=1.00 paused=False backlog=450.87 edge=486.13 div=433.81
21:22:03.242 CLOCK fold raw=469.22 prev=35.26 new=35.41 d=+0.146 fr=459.10 dt=0.107 rate=1.00 paused=False backlog=450.83 edge=486.24 div=433.81
21:22:03.344 CLOCK integ raw=469.22 prev=35.41 new=35.51 d=+0.103 fr=459.10 dt=0.103 rate=1.00 paused=False backlog=450.83 edge=486.34 div=433.81
21:22:03.447 CLOCK integ raw=469.22 prev=35.51 new=35.62 d=+0.103 fr=459.10 dt=0.103 rate=1.00 paused=False backlog=450.83 edge=486.44 div=433.81
21:22:03.549 CLOCK fold raw=469.48 prev=35.62 new=35.67 d=+0.051 fr=459.10 dt=0.102 rate=1.00 paused=False backlog=450.88 edge=486.55 div=433.81
21:22:03.651 CLOCK integ raw=469.48 prev=35.67 new=35.77 d=+0.102 fr=459.10 dt=0.102 rate=1.00 paused=False backlog=450.88 edge=486.65 div=433.81
21:22:03.755 CLOCK fold raw=469.74 prev=35.77 new=35.92 d=+0.154 fr=459.10 dt=0.104 rate=1.00 paused=False backlog=450.83 edge=486.75 div=433.81
21:22:03.859 CLOCK integ raw=469.74 prev=35.92 new=36.03 d=+0.103 fr=459.10 dt=0.103 rate=1.00 paused=False backlog=450.83 edge=486.86 div=433.81
21:22:03.962 CLOCK integ raw=469.74 prev=36.03 new=36.13 d=+0.104 fr=459.10 dt=0.104 rate=1.00 paused=False backlog=450.83 edge=486.96 div=433.81
21:22:04.064 CLOCK fold raw=469.99 prev=36.13 new=36.18 d=+0.050 fr=459.10 dt=0.101 rate=1.00 paused=False backlog=450.88 edge=487.06 div=433.81
21:22:04.166 CLOCK integ raw=469.99 prev=36.18 new=36.28 d=+0.103 fr=459.10 dt=0.103 rate=1.00 paused=False backlog=450.88 edge=487.16 div=433.81
21:22:04.268 CLOCK fold raw=470.25 prev=36.28 new=36.43 d=+0.152 fr=459.10 dt=0.102 rate=1.00 paused=False backlog=450.83 edge=487.26 div=433.81
21:22:04.370 CLOCK integ raw=470.25 prev=36.43 new=36.54 d=+0.102 fr=459.10 dt=0.102 rate=1.00 paused=False backlog=450.83 edge=487.37 div=433.81
21:22:04.473 CLOCK integ raw=470.25 prev=36.54 new=36.64 d=+0.103 fr=459.10 dt=0.103 rate=1.00 paused=False backlog=450.83 edge=487.47 div=433.81
21:22:04.578 CLOCK fold raw=470.50 prev=36.64 new=36.69 d=+0.051 fr=459.10 dt=0.104 rate=1.00 paused=False backlog=450.88 edge=487.57 div=433.81
21:22:04.685 CLOCK integ raw=470.50 prev=36.69 new=36.80 d=+0.107 fr=459.10 dt=0.107 rate=1.00 paused=False backlog=450.88 edge=487.68 div=433.81
21:22:04.788 CLOCK fold raw=470.76 prev=36.80 new=36.95 d=+0.148 fr=459.10 dt=0.104 rate=1.00 paused=False backlog=450.84 edge=487.78 div=433.81
21:22:04.993 CLOCK integ raw=470.76 prev=36.95 new=37.15 d=+0.205 fr=459.10 dt=0.205 rate=1.00 paused=False backlog=449.68 edge=486.83 div=433.81
21:22:05.095 CLOCK fold raw=471.01 prev=37.15 new=37.20 d=+0.051 fr=459.10 dt=0.102 rate=1.00 paused=False backlog=449.73 edge=486.93 div=433.81
21:22:05.197 CLOCK integ raw=471.01 prev=37.20 new=37.30 d=+0.101 fr=459.10 dt=0.101 rate=1.00 paused=False backlog=449.73 edge=487.03 div=433.81
21:22:05.301 CLOCK fold raw=471.28 prev=37.30 new=37.47 d=+0.168 fr=459.10 dt=0.105 rate=1.00 paused=False backlog=449.67 edge=487.14 div=433.81
21:22:05.403 CLOCK integ raw=471.28 prev=37.47 new=37.57 d=+0.102 fr=459.10 dt=0.102 rate=1.00 paused=False backlog=449.67 edge=487.24 div=433.81
21:22:05.507 CLOCK integ raw=471.28 prev=37.57 new=37.68 d=+0.104 fr=459.10 dt=0.104 rate=1.00 paused=False backlog=449.67 edge=487.34 div=433.81
21:22:05.610 CLOCK fold raw=471.54 prev=37.68 new=37.72 d=+0.045 fr=459.10 dt=0.103 rate=1.00 paused=False backlog=449.72 edge=487.44 div=433.81
21:22:05.714 TICK fr=459.10 cc=37.72 raw=471.54 vid=471.28 playing=1 started=1 stall=0 | d_fr_cc=+421.38 d_fr_raw=-12.43 d_cc_raw=-433.81 | off=-0.66 ccx_end=483.58 since_show=0.1 since_cue=4.3 | pcr=485.462 pid=100 head_rel=485.46 ccx_lag=1.88 | credit=459.1 capped=0.0 | fsize=220411764 feed=220411764 feed_behind=0 | backlog=449.72 edge=487.44 div=433.81 lag_ewma=1.99
21:22:05.715 CLOCK integ raw=471.54 prev=37.72 new=37.83 d=+0.105 fr=459.10 dt=0.105 rate=1.00 paused=False backlog=449.72 edge=487.55 div=433.81
21:22:05.821 CLOCK fold raw=471.81 prev=37.83 new=38.00 d=+0.169 fr=459.10 dt=0.105 rate=1.00 paused=False backlog=449.66 edge=487.66 div=433.81
21:22:05.922 CLOCK integ raw=471.81 prev=38.00 new=38.10 d=+0.102 fr=459.10 dt=0.102 rate=1.00 paused=False backlog=449.66 edge=487.76 div=433.81
21:22:06.024 CLOCK integ raw=471.81 prev=38.10 new=38.20 d=+0.102 fr=459.10 dt=0.102 rate=1.00 paused=False backlog=449.66 edge=487.86 div=433.81
21:22:06.125 CLOCK fold raw=472.06 prev=38.20 new=38.25 d=+0.047 fr=459.10 dt=0.101 rate=1.00 paused=False backlog=449.71 edge=487.96 div=433.81
21:22:06.229 CLOCK integ raw=472.06 prev=38.25 new=38.35 d=+0.104 fr=463.60 dt=0.104 rate=1.00 paused=False backlog=449.71 edge=488.06 div=433.81
21:22:06.333 CLOCK fold raw=472.32 prev=38.35 new=38.50 d=+0.154 fr=463.60 dt=0.103 rate=1.00 paused=False backlog=449.66 edge=488.17 div=433.81
21:22:06.506 CUE cx=[483.58..484.98] adv=1.40 el=5.01 fresh | off=-0.66 fr=463.60 cc=38.50 raw=472.32 lead=+445.82 | pcr=489.607 head_rel=489.61 lag_ewma=1.99 | q=leave with his health. So he / just wants to get the first /
21:22:06.507 CUE cx=[484.99..486.72] adv=1.74 el=0.07 fresh | off=-0.66 fr=463.60 cc=38.50 raw=472.32 lead=+447.56 | pcr=489.607 head_rel=489.61 lag_ewma=1.99 | q=just wants to get the first / play over with. Steve. Call th
21:22:06.507 ANCHOR pend_end=486.72 L=2.30 pinL=2.89 target=-0.36 off=-0.66
21:22:06.508 CLOCK integ raw=472.32 prev=38.50 new=38.68 d=+0.176 fr=463.60 dt=0.176 rate=1.00 paused=False backlog=450.74 edge=489.42 div=433.81
21:22:06.611 CLOCK fold raw=472.58 prev=38.68 new=38.77 d=+0.088 fr=463.60 dt=0.102 rate=1.00 paused=False backlog=450.76 edge=489.52 div=433.81
21:22:06.794 CUE cx=[486.72..488.19] adv=1.47 el=0.21 fresh | off=-0.51 fr=463.98 cc=38.77 raw=472.58 lead=+448.91 | pcr=491.222 head_rel=491.22 lag_ewma=2.30 | q=play over with. Steve. Call the / first play call. Get the /
21:22:06.795 ANCHOR pend_end=488.19 L=2.56 pinL=3.04 target=-0.85 off=-0.51
21:22:06.795 CLOCK integ raw=472.58 prev=38.77 new=38.95 d=+0.185 fr=463.98 dt=0.185 rate=1.00 paused=False backlog=451.60 edge=490.56 div=433.81
21:22:06.898 CUE cx=[488.19..489.86] adv=1.67 el=0.18 fresh | off=-0.68 fr=463.98 cc=38.95 raw=472.84 lead=+450.22 | pcr=491.222 head_rel=491.22 lag_ewma=2.56 | q=first play call. Get the / footwork down and never think / a
21:22:06.899 ANCHOR pend_end=489.86 L=2.14 pinL=1.37 target=-0.17 off=-0.68
21:22:06.899 CLOCK fold raw=472.84 prev=38.95 new=39.02 d=+0.070 fr=463.98 dt=0.104 rate=1.00 paused=False backlog=452.14 edge=491.16 div=433.81
21:22:07.003 CLOCK integ raw=472.84 prev=39.02 new=39.13 d=+0.103 fr=464.37 dt=0.103 rate=1.00 paused=False backlog=452.14 edge=491.26 div=433.81
21:22:07.105 CLOCK fold raw=473.11 prev=39.13 new=39.29 d=+0.166 fr=464.37 dt=0.102 rate=1.00 paused=False backlog=452.07 edge=491.37 div=433.81
21:22:07.207 CLOCK integ raw=473.11 prev=39.29 new=39.39 d=+0.102 fr=464.37 dt=0.102 rate=1.00 paused=False backlog=452.07 edge=491.47 div=433.81
21:22:07.312 CLOCK integ raw=473.11 prev=39.39 new=39.50 d=+0.105 fr=464.37 dt=0.105 rate=1.00 paused=False backlog=452.07 edge=491.57 div=433.81
21:22:07.519 CLOCK fold raw=473.36 prev=39.50 new=39.55 d=+0.050 fr=464.37 dt=0.208 rate=1.00 paused=False backlog=452.23 edge=491.78 div=433.81
21:22:07.621 CLOCK fold raw=473.62 prev=39.55 new=39.80 d=+0.256 fr=464.37 dt=0.102 rate=1.00 paused=False backlog=452.08 edge=491.88 div=433.81
21:22:07.723 CLOCK integ raw=473.62 prev=39.80 new=39.91 d=+0.102 fr=464.37 dt=0.102 rate=1.00 paused=False backlog=452.08 edge=491.98 div=433.81
21:22:07.825 CLOCK integ raw=473.62 prev=39.91 new=40.01 d=+0.102 fr=464.37 dt=0.102 rate=1.00 paused=False backlog=452.08 edge=492.09 div=433.81
21:22:07.928 CLOCK fold raw=473.87 prev=40.01 new=40.06 d=+0.052 fr=464.37 dt=0.103 rate=1.00 paused=False backlog=452.13 edge=492.19 div=433.81
21:22:08.029 CLOCK integ raw=473.87 prev=40.06 new=40.16 d=+0.102 fr=464.37 dt=0.102 rate=1.00 paused=False backlog=452.13 edge=492.29 div=433.81
21:22:08.131 CLOCK fold raw=474.13 prev=40.16 new=40.32 d=+0.157 fr=464.37 dt=0.102 rate=1.00 paused=False backlog=452.07 edge=492.39 div=433.81
21:22:08.233 CLOCK integ raw=474.13 prev=40.32 new=40.42 d=+0.102 fr=464.37 dt=0.102 rate=1.00 paused=False backlog=452.07 edge=492.49 div=433.81
21:22:08.335 CLOCK integ raw=474.13 prev=40.42 new=40.52 d=+0.102 fr=464.37 dt=0.102 rate=1.00 paused=False backlog=452.07 edge=492.60 div=433.81
21:22:08.437 CLOCK fold raw=474.38 prev=40.52 new=40.57 d=+0.048 fr=464.37 dt=0.103 rate=1.00 paused=False backlog=452.13 edge=492.70 div=433.81
21:22:08.541 CLOCK integ raw=474.38 prev=40.57 new=40.67 d=+0.103 fr=464.37 dt=0.103 rate=1.00 paused=False backlog=452.13 edge=492.80 div=433.81
21:22:08.643 CLOCK fold raw=474.64 prev=40.67 new=40.83 d=+0.154 fr=464.37 dt=0.103 rate=1.00 paused=False backlog=452.08 edge=492.90 div=433.81
21:22:08.745 CLOCK integ raw=474.64 prev=40.83 new=40.93 d=+0.102 fr=464.37 dt=0.102 rate=1.00 paused=False backlog=452.08 edge=493.01 div=433.81
21:22:08.892 CLOCK fold raw=474.90 prev=40.93 new=41.08 d=+0.154 fr=464.37 dt=0.147 rate=1.00 paused=False backlog=451.18 edge=492.26 div=433.81
21:22:08.996 CLOCK integ raw=474.90 prev=41.08 new=41.19 d=+0.104 fr=464.37 dt=0.104 rate=1.00 paused=False backlog=451.18 edge=492.36 div=433.81
21:22:09.098 CLOCK integ raw=474.90 prev=41.19 new=41.29 d=+0.102 fr=464.37 dt=0.102 rate=1.00 paused=False backlog=451.18 edge=492.47 div=433.81
21:22:09.200 CLOCK fold raw=475.15 prev=41.29 new=41.34 d=+0.049 fr=464.37 dt=0.102 rate=1.00 paused=False backlog=451.23 edge=492.57 div=433.81
21:22:09.305 CLOCK integ raw=475.15 prev=41.34 new=41.44 d=+0.104 fr=464.37 dt=0.104 rate=1.00 paused=False backlog=451.23 edge=492.67 div=433.81
21:22:09.406 CLOCK fold raw=475.41 prev=41.44 new=41.60 d=+0.152 fr=464.37 dt=0.102 rate=1.00 paused=False backlog=451.18 edge=492.77 div=433.81
21:22:09.511 CLOCK integ raw=475.41 prev=41.60 new=41.70 d=+0.106 fr=464.37 dt=0.106 rate=1.00 paused=False backlog=451.18 edge=492.88 div=433.81
21:22:09.616 CLOCK integ raw=475.41 prev=41.70 new=41.80 d=+0.103 fr=464.37 dt=0.103 rate=1.00 paused=False backlog=451.18 edge=492.98 div=433.81
21:22:09.719 CLOCK fold raw=475.67 prev=41.80 new=41.85 d=+0.049 fr=464.37 dt=0.105 rate=1.00 paused=False backlog=451.24 edge=493.09 div=433.81
21:22:09.825 CLOCK integ raw=475.67 prev=41.85 new=41.96 d=+0.106 fr=464.37 dt=0.106 rate=1.00 paused=False backlog=451.24 edge=493.19 div=433.81
21:22:10.029 CLOCK fold raw=475.92 prev=41.96 new=42.11 d=+0.151 fr=464.37 dt=0.204 rate=1.00 paused=False backlog=451.29 edge=493.40 div=433.81
21:22:10.131 CLOCK integ raw=475.92 prev=42.11 new=42.21 d=+0.102 fr=464.37 dt=0.102 rate=1.00 paused=False backlog=451.29 edge=493.50 div=433.81
21:22:10.236 CLOCK fold raw=476.18 prev=42.21 new=42.36 d=+0.152 fr=464.37 dt=0.105 rate=1.00 paused=False backlog=451.24 edge=493.60 div=433.81
21:22:10.339 CLOCK integ raw=476.18 prev=42.36 new=42.47 d=+0.103 fr=464.37 dt=0.103 rate=1.00 paused=False backlog=451.24 edge=493.71 div=433.81
21:22:10.440 CLOCK fold raw=476.43 prev=42.47 new=42.62 d=+0.154 fr=464.37 dt=0.101 rate=1.00 paused=False backlog=451.19 edge=493.81 div=433.81
21:22:10.542 CLOCK integ raw=476.43 prev=42.62 new=42.72 d=+0.102 fr=464.37 dt=0.102 rate=1.00 paused=False backlog=451.19 edge=493.91 div=433.81
21:22:10.644 CLOCK integ raw=476.43 prev=42.72 new=42.82 d=+0.102 fr=464.37 dt=0.102 rate=1.00 paused=False backlog=451.19 edge=494.01 div=433.81
21:22:10.749 TICK fr=464.37 cc=42.82 raw=476.69 vid=476.43 playing=1 started=1 stall=0 | d_fr_cc=+421.55 d_fr_raw=-12.32 d_cc_raw=-433.87 | off=-0.42 ccx_end=489.86 since_show=0.1 since_cue=3.9 | pcr=491.222 pid=100 head_rel=491.22 ccx_lag=1.37 | credit=464.4 capped=0.0 | fsize=222894116 feed=222894116 feed_behind=0 | backlog=451.19 edge=494.01 div=433.81 lag_ewma=2.14
21:22:10.753 CLOCK fold raw=476.69 prev=42.82 new=42.88 d=+0.053 fr=464.37 dt=0.109 rate=1.00 paused=False backlog=451.24 edge=494.12 div=433.81
21:22:10.854 CLOCK integ raw=476.69 prev=42.88 new=42.98 d=+0.102 fr=464.37 dt=0.102 rate=1.00 paused=False backlog=451.24 edge=494.22 div=433.81
21:22:10.859 EDGESNAP err=-3.00 edge->491.22
21:22:10.962 CLOCK fold raw=476.95 prev=42.98 new=43.13 d=+0.154 fr=464.37 dt=0.108 rate=1.00 paused=False backlog=448.20 edge=491.33 div=433.81
21:22:11.064 CLOCK integ raw=476.95 prev=43.13 new=43.23 d=+0.102 fr=464.37 dt=0.102 rate=1.00 paused=False backlog=448.20 edge=491.43 div=433.81
21:22:11.166 CLOCK integ raw=476.95 prev=43.23 new=43.34 d=+0.102 fr=464.37 dt=0.102 rate=1.00 paused=False backlog=448.20 edge=491.53 div=433.81
21:22:11.268 CLOCK fold raw=477.21 prev=43.34 new=43.39 d=+0.057 fr=464.37 dt=0.101 rate=1.00 paused=False backlog=448.24 edge=491.64 div=433.81
21:22:11.369 CLOCK integ raw=477.21 prev=43.39 new=43.49 d=+0.101 fr=464.37 dt=0.101 rate=1.00 paused=False backlog=448.24 edge=491.74 div=433.81
21:22:11.478 CLOCK fold raw=477.46 prev=43.49 new=43.64 d=+0.150 fr=468.84 dt=0.109 rate=1.00 paused=False backlog=448.20 edge=491.85 div=433.81
21:22:11.580 CLOCK integ raw=477.46 prev=43.64 new=43.75 d=+0.101 fr=468.84 dt=0.101 rate=1.00 paused=False backlog=448.20 edge=491.95 div=433.81
21:22:11.783 CLOCK fold raw=477.72 prev=43.75 new=43.90 d=+0.158 fr=468.84 dt=0.203 rate=1.00 paused=False backlog=448.25 edge=492.15 div=433.81
21:22:11.885 CLOCK integ raw=477.72 prev=43.90 new=44.01 d=+0.102 fr=468.84 dt=0.102 rate=1.00 paused=False backlog=448.25 edge=492.25 div=433.81
21:22:11.990 CLOCK fold raw=477.98 prev=44.01 new=44.17 d=+0.162 fr=469.26 dt=0.105 rate=1.00 paused=False backlog=448.19 edge=492.36 div=433.81
21:22:12.093 CLOCK integ raw=477.98 prev=44.17 new=44.27 d=+0.103 fr=469.26 dt=0.103 rate=1.00 paused=False backlog=448.19 edge=492.46 div=433.81
21:22:12.196 CLOCK integ raw=477.98 prev=44.27 new=44.37 d=+0.103 fr=469.26 dt=0.103 rate=1.00 paused=False backlog=448.19 edge=492.56 div=433.81
21:22:12.299 CLOCK fold raw=478.23 prev=44.37 new=44.42 d=+0.043 fr=469.26 dt=0.102 rate=1.00 paused=False backlog=448.25 edge=492.67 div=433.81
21:22:12.402 CLOCK integ raw=478.23 prev=44.42 new=44.52 d=+0.104 fr=469.67 dt=0.104 rate=1.00 paused=False backlog=448.25 edge=492.77 div=433.81
21:22:12.432 EDGESNAP err=+4.71 edge->497.48
21:22:12.432 CUE cx=[489.86..494.66] adv=4.80 el=5.51 fresh | off=-0.42 fr=469.67 cc=44.52 raw=478.23 lead=+449.72 | pcr=497.477 head_rel=497.48 lag_ewma=6.85 | q=footwork down and never think / about it again for the rest 
21:22:12.534 ANCHOR pend_end=494.66 L=5.44 pinL=2.82 target=0.00 off=-0.42
21:22:12.534 CLOCK fold raw=478.48 prev=44.52 new=44.67 d=+0.146 fr=469.67 dt=0.132 rate=1.00 paused=False backlog=452.94 edge=497.61 div=433.81
21:22:12.636 CLOCK integ raw=478.48 prev=44.67 new=44.77 d=+0.102 fr=469.67 dt=0.102 rate=1.00 paused=False backlog=452.94 edge=497.71 div=433.81
21:22:12.739 CUE cx=[494.66..496.89] adv=2.24 el=0.33 fresh | off=-0.21 fr=469.67 cc=44.77 raw=478.74 lead=+451.91 | pcr=497.477 head_rel=497.48 lag_ewma=5.44 | q=about it again for the rest of / the season. Think about the
21:22:12.740 ANCHOR pend_end=496.89 L=3.74 pinL=0.58 target=0.12 off=-0.21
21:22:12.741 CLOCK fold raw=478.74 prev=44.77 new=44.92 d=+0.155 fr=470.11 dt=0.104 rate=1.00 paused=False backlog=452.77 edge=497.70 div=433.81
21:22:12.842 CLOCK integ raw=478.74 prev=44.92 new=45.03 d=+0.102 fr=470.11 dt=0.102 rate=1.00 paused=False backlog=452.77 edge=497.80 div=433.81
21:22:12.943 CLOCK integ raw=478.74 prev=45.03 new=45.13 d=+0.101 fr=470.11 dt=0.101 rate=1.00 paused=False backlog=452.61 edge=497.74 div=433.81
21:22:13.045 CLOCK fold raw=478.99 prev=45.13 new=45.18 d=+0.052 fr=470.11 dt=0.101 rate=1.00 paused=False backlog=452.66 edge=497.84 div=433.81
21:22:13.146 CLOCK integ raw=478.99 prev=45.18 new=45.28 d=+0.102 fr=470.11 dt=0.102 rate=1.00 paused=False backlog=452.66 edge=497.94 div=433.81
21:22:13.249 CLOCK fold raw=479.25 prev=45.28 new=45.44 d=+0.155 fr=470.11 dt=0.102 rate=1.00 paused=False backlog=452.61 edge=498.04 div=433.81
21:22:13.353 CLOCK integ raw=479.25 prev=45.44 new=45.54 d=+0.104 fr=470.11 dt=0.104 rate=1.00 paused=False backlog=452.61 edge=498.15 div=433.81
21:22:13.456 CLOCK integ raw=479.25 prev=45.54 new=45.64 d=+0.102 fr=470.11 dt=0.102 rate=1.00 paused=False backlog=452.61 edge=498.25 div=433.81
21:22:13.563 CLOCK fold raw=479.51 prev=45.64 new=45.70 d=+0.059 fr=470.11 dt=0.107 rate=1.00 paused=False backlog=452.66 edge=498.36 div=433.81
21:22:13.665 CLOCK integ raw=479.51 prev=45.70 new=45.80 d=+0.103 fr=470.11 dt=0.103 rate=1.00 paused=False backlog=452.66 edge=498.46 div=433.81
21:22:13.768 CLOCK integ raw=479.51 prev=45.80 new=45.91 d=+0.103 fr=470.11 dt=0.103 rate=1.00 paused=False backlog=452.66 edge=498.56 div=433.81
21:22:13.973 CLOCK fold raw=479.78 prev=45.91 new=45.97 d=+0.062 fr=470.11 dt=0.203 rate=1.00 paused=False backlog=452.80 edge=498.77 div=433.81
21:22:14.074 CLOCK fold raw=480.04 prev=45.97 new=46.23 d=+0.256 fr=470.11 dt=0.102 rate=1.00 paused=False backlog=452.64 edge=498.87 div=433.81
21:22:14.176 CLOCK integ raw=480.04 prev=46.23 new=46.33 d=+0.102 fr=470.11 dt=0.102 rate=1.00 paused=False backlog=452.64 edge=498.97 div=433.81
21:22:14.278 CLOCK integ raw=480.04 prev=46.33 new=46.43 d=+0.102 fr=470.11 dt=0.102 rate=1.00 paused=False backlog=452.64 edge=499.07 div=433.81
21:22:14.380 CLOCK fold raw=480.30 prev=46.43 new=46.48 d=+0.051 fr=470.11 dt=0.102 rate=1.00 paused=False backlog=452.69 edge=499.18 div=433.81
21:22:14.482 CLOCK integ raw=480.30 prev=46.48 new=46.58 d=+0.102 fr=470.11 dt=0.102 rate=1.00 paused=False backlog=452.69 edge=499.28 div=433.81
21:22:14.584 CLOCK fold raw=480.55 prev=46.58 new=46.74 d=+0.155 fr=470.11 dt=0.102 rate=1.00 paused=False backlog=452.64 edge=499.38 div=433.81
21:22:14.686 CLOCK integ raw=480.55 prev=46.74 new=46.84 d=+0.102 fr=470.11 dt=0.102 rate=1.00 paused=False backlog=452.64 edge=499.48 div=433.81
21:22:14.789 CLOCK integ raw=480.55 prev=46.84 new=46.94 d=+0.102 fr=470.11 dt=0.102 rate=1.00 paused=False backlog=452.64 edge=499.58 div=433.81
21:22:14.892 CLOCK fold raw=480.81 prev=46.94 new=46.99 d=+0.050 fr=470.11 dt=0.103 rate=1.00 paused=False backlog=451.64 edge=498.63 div=433.81
21:22:14.993 CLOCK integ raw=480.81 prev=46.99 new=47.09 d=+0.101 fr=470.11 dt=0.101 rate=1.00 paused=False backlog=451.64 edge=498.74 div=433.81
21:22:15.099 CLOCK fold raw=481.06 prev=47.09 new=47.25 d=+0.156 fr=470.11 dt=0.104 rate=1.00 paused=False backlog=451.59 edge=498.84 div=433.81
21:22:15.203 CLOCK integ raw=481.06 prev=47.25 new=47.36 d=+0.105 fr=470.11 dt=0.105 rate=1.00 paused=False backlog=451.59 edge=498.94 div=433.81
21:22:15.307 CLOCK integ raw=481.06 prev=47.36 new=47.46 d=+0.104 fr=470.11 dt=0.104 rate=1.00 paused=False backlog=451.59 edge=499.05 div=433.81
21:22:15.409 CLOCK fold raw=481.32 prev=47.46 new=47.51 d=+0.047 fr=470.11 dt=0.103 rate=1.00 paused=False backlog=451.64 edge=499.15 div=433.81
21:22:15.513 CLOCK integ raw=481.32 prev=47.51 new=47.61 d=+0.103 fr=470.11 dt=0.103 rate=1.00 paused=False backlog=451.64 edge=499.25 div=433.81
21:22:15.617 CLOCK fold raw=481.58 prev=47.61 new=47.77 d=+0.159 fr=470.11 dt=0.104 rate=1.00 paused=False backlog=451.59 edge=499.36 div=433.81
21:22:15.721 TICK fr=470.11 cc=47.77 raw=481.58 vid=481.32 playing=1 started=1 stall=0 | d_fr_cc=+422.34 d_fr_raw=-11.48 d_cc_raw=-433.81 | off=-0.05 ccx_end=496.89 since_show=0.1 since_cue=3.0 | pcr=497.477 pid=100 head_rel=497.48 ccx_lag=0.58 | credit=470.1 capped=0.0 | fsize=225733856 feed=225733856 feed_behind=0 | backlog=451.59 edge=499.36 div=433.81 lag_ewma=3.74
21:22:15.823 CLOCK integ raw=481.58 prev=47.77 new=47.98 d=+0.207 fr=470.11 dt=0.207 rate=1.00 paused=False backlog=451.59 edge=499.57 div=433.81
21:22:15.925 CLOCK fold raw=481.83 prev=47.98 new=48.02 d=+0.043 fr=470.11 dt=0.102 rate=1.00 paused=False backlog=451.65 edge=499.67 div=433.81
21:22:16.027 CLOCK integ raw=481.83 prev=48.02 new=48.12 d=+0.102 fr=470.11 dt=0.102 rate=1.00 paused=False backlog=451.65 edge=499.77 div=433.81
21:22:16.129 CLOCK fold raw=482.09 prev=48.12 new=48.27 d=+0.153 fr=470.11 dt=0.102 rate=1.00 paused=False backlog=451.60 edge=499.87 div=433.81
21:22:16.230 CLOCK integ raw=482.09 prev=48.27 new=48.37 d=+0.101 fr=470.11 dt=0.101 rate=1.00 paused=False backlog=451.60 edge=499.97 div=433.81
21:22:16.332 CLOCK integ raw=482.09 prev=48.37 new=48.48 d=+0.102 fr=470.11 dt=0.102 rate=1.00 paused=False backlog=451.60 edge=500.07 div=433.81
21:22:16.434 CLOCK fold raw=482.35 prev=48.48 new=48.53 d=+0.056 fr=473.70 dt=0.102 rate=1.00 paused=False backlog=451.64 edge=500.18 div=433.81
21:22:16.537 CLOCK integ raw=482.35 prev=48.53 new=48.64 d=+0.103 fr=473.70 dt=0.103 rate=1.00 paused=False backlog=451.64 edge=500.28 div=433.81
21:22:16.641 CLOCK fold raw=482.60 prev=48.64 new=48.79 d=+0.150 fr=473.70 dt=0.104 rate=1.00 paused=False backlog=451.60 edge=500.38 div=433.81
21:22:16.744 CLOCK integ raw=482.60 prev=48.79 new=48.89 d=+0.104 fr=474.11 dt=0.104 rate=1.00 paused=False backlog=451.60 edge=500.49 div=433.81
21:22:16.882 CLOCK fold raw=482.86 prev=48.89 new=49.04 d=+0.153 fr=474.11 dt=0.137 rate=1.00 paused=False backlog=451.38 edge=500.42 div=433.81
21:22:16.984 CUE cx=[496.90..499.00] adv=2.10 el=4.25 fresh | off=-0.05 fr=474.11 cc=49.04 raw=482.86 lead=+449.91 | pcr=500.078 head_rel=500.08 lag_ewma=3.74 | q=the season. Think about the two / operations, all the rehab,
21:22:16.985 ANCHOR pend_end=499.00 L=2.81 pinL=1.08 target=0.17 off=-0.05
21:22:16.985 CLOCK integ raw=482.86 prev=49.04 new=49.15 d=+0.103 fr=474.11 dt=0.103 rate=1.00 paused=False backlog=451.21 edge=500.35 div=433.81
21:22:17.087 CLOCK integ raw=482.86 prev=49.15 new=49.25 d=+0.102 fr=474.11 dt=0.102 rate=1.00 paused=False backlog=451.21 edge=500.45 div=433.81
21:22:17.189 CLOCK fold raw=483.12 prev=49.25 new=49.30 d=+0.056 fr=474.55 dt=0.101 rate=1.00 paused=False backlog=451.25 edge=500.55 div=433.81
21:22:17.290 CLOCK integ raw=483.12 prev=49.30 new=49.41 d=+0.102 fr=474.55 dt=0.102 rate=1.00 paused=False backlog=451.25 edge=500.66 div=433.81
21:22:17.392 CLOCK fold raw=483.37 prev=49.41 new=49.55 d=+0.148 fr=474.55 dt=0.102 rate=1.00 paused=False backlog=451.20 edge=500.76 div=433.81
21:22:17.493 CLOCK integ raw=483.37 prev=49.55 new=49.65 d=+0.101 fr=474.55 dt=0.101 rate=1.00 paused=False backlog=451.20 edge=500.86 div=433.81
21:22:17.695 CLOCK fold raw=483.62 prev=49.65 new=49.81 d=+0.155 fr=474.96 dt=0.202 rate=1.00 paused=False backlog=451.25 edge=501.06 div=433.81
21:22:17.697 EDGESNAP err=+2.60 edge->503.66
21:22:17.697 CUE cx=[499.00..501.13] adv=2.14 el=0.71 fresh | off=0.06 fr=474.96 cc=49.81 raw=483.62 lead=+451.39 | pcr=503.664 head_rel=503.66 lag_ewma=5.41 | q=operations, all the rehab, the / mental gymnastics as well g
21:22:17.799 ANCHOR pend_end=501.13 L=4.40 pinL=2.53 target=0.00 off=0.06
21:22:17.799 CLOCK integ raw=483.62 prev=49.81 new=49.91 d=+0.103 fr=474.96 dt=0.103 rate=1.00 paused=False backlog=453.85 edge=503.77 div=433.81
21:22:17.901 CLOCK fold raw=483.88 prev=49.91 new=50.07 d=+0.153 fr=474.96 dt=0.102 rate=1.00 paused=False backlog=453.80 edge=503.87 div=433.81
21:22:18.002 CLOCK integ raw=483.88 prev=50.07 new=50.17 d=+0.102 fr=475.37 dt=0.102 rate=1.00 paused=False backlog=453.80 edge=503.97 div=433.81
21:22:18.104 CLOCK integ raw=483.88 prev=50.17 new=50.27 d=+0.102 fr=475.37 dt=0.102 rate=1.00 paused=False backlog=453.80 edge=504.07 div=433.81
21:22:18.223 CUE cx=[501.13..503.60] adv=2.47 el=0.51 fresh | off=0.03 fr=475.37 cc=50.27 raw=484.13 lead=+453.36 | pcr=505.279 head_rel=505.28 lag_ewma=4.40 | q=mental gymnastics as well going / through it. And Nix is out
21:22:18.224 ANCHOR pend_end=503.60 L=3.45 pinL=1.68 target=-0.60 off=0.03
21:22:18.224 CLOCK fold raw=484.13 prev=50.27 new=50.32 d=+0.053 fr=475.37 dt=0.120 rate=1.00 paused=False backlog=454.47 edge=504.80 div=433.81
21:22:18.325 CLOCK integ raw=484.13 prev=50.32 new=50.42 d=+0.101 fr=475.37 dt=0.101 rate=1.00 paused=False backlog=454.47 edge=504.90 div=433.81
21:22:18.427 CLOCK fold raw=484.39 prev=50.42 new=50.58 d=+0.156 fr=475.37 dt=0.102 rate=1.00 paused=False backlog=454.42 edge=505.00 div=433.81
21:22:18.530 CLOCK integ raw=484.39 prev=50.58 new=50.68 d=+0.103 fr=475.37 dt=0.103 rate=1.00 paused=False backlog=454.42 edge=505.10 div=433.81
21:22:18.631 CLOCK integ raw=484.39 prev=50.68 new=50.78 d=+0.101 fr=475.37 dt=0.101 rate=1.00 paused=False backlog=454.42 edge=505.20 div=433.81
21:22:18.733 CLOCK fold raw=484.65 prev=50.78 new=50.84 d=+0.054 fr=475.37 dt=0.101 rate=1.00 paused=False backlog=454.47 edge=505.30 div=433.81
21:22:18.834 CLOCK integ raw=484.65 prev=50.84 new=50.94 d=+0.101 fr=475.37 dt=0.101 rate=1.00 paused=False backlog=454.47 edge=505.41 div=433.81
21:22:18.937 CLOCK fold raw=484.90 prev=50.94 new=51.09 d=+0.152 fr=475.37 dt=0.103 rate=1.00 paused=False backlog=454.36 edge=505.45 div=433.81
21:22:19.038 CLOCK integ raw=484.90 prev=51.09 new=51.19 d=+0.101 fr=475.37 dt=0.101 rate=1.00 paused=False backlog=454.36 edge=505.55 div=433.81
21:22:19.139 CLOCK integ raw=484.90 prev=51.19 new=51.29 d=+0.101 fr=475.37 dt=0.101 rate=1.00 paused=False backlog=454.36 edge=505.65 div=433.81
21:22:19.340 CLOCK fold raw=485.16 prev=51.29 new=51.35 d=+0.054 fr=475.37 dt=0.202 rate=1.00 paused=False backlog=454.50 edge=505.85 div=433.81
21:22:19.442 CLOCK fold raw=485.42 prev=51.35 new=51.61 d=+0.261 fr=475.37 dt=0.101 rate=1.00 paused=False backlog=454.34 edge=505.95 div=433.81
21:22:19.543 CLOCK integ raw=485.42 prev=51.61 new=51.71 d=+0.101 fr=475.37 dt=0.101 rate=1.00 paused=False backlog=454.34 edge=506.05 div=433.81
21:22:19.645 CLOCK integ raw=485.42 prev=51.71 new=51.81 d=+0.101 fr=475.37 dt=0.101 rate=1.00 paused=False backlog=454.34 edge=506.15 div=433.81
21:22:19.746 CLOCK fold raw=485.67 prev=51.81 new=51.86 d=+0.050 fr=475.37 dt=0.101 rate=1.00 paused=False backlog=454.39 edge=506.25 div=433.81
21:22:19.847 CLOCK integ raw=485.67 prev=51.86 new=51.96 d=+0.101 fr=475.37 dt=0.101 rate=1.00 paused=False backlog=454.39 edge=506.36 div=433.81
21:22:19.948 CLOCK fold raw=485.93 prev=51.96 new=52.11 d=+0.153 fr=475.37 dt=0.101 rate=1.00 paused=False backlog=454.34 edge=506.46 div=433.81
21:22:20.050 CLOCK integ raw=485.93 prev=52.11 new=52.22 d=+0.102 fr=475.37 dt=0.102 rate=1.00 paused=False backlog=454.34 edge=506.56 div=433.81
21:22:20.151 CLOCK integ raw=485.93 prev=52.22 new=52.32 d=+0.101 fr=475.37 dt=0.101 rate=1.00 paused=False backlog=454.34 edge=506.66 div=433.81
21:22:20.252 CLOCK fold raw=486.19 prev=52.32 new=52.37 d=+0.055 fr=475.37 dt=0.101 rate=1.00 paused=False backlog=454.39 edge=506.76 div=433.81
21:22:20.354 CLOCK integ raw=486.19 prev=52.37 new=52.47 d=+0.102 fr=475.37 dt=0.102 rate=1.00 paused=False backlog=454.39 edge=506.86 div=433.81
21:22:20.456 CLOCK fold raw=486.44 prev=52.47 new=52.63 d=+0.152 fr=475.37 dt=0.102 rate=1.00 paused=False backlog=454.34 edge=506.96 div=433.81
21:22:20.557 CLOCK integ raw=486.44 prev=52.63 new=52.73 d=+0.101 fr=475.37 dt=0.101 rate=1.00 paused=False backlog=454.34 edge=507.07 div=433.81
21:22:20.761 TICK fr=475.37 cc=52.73 raw=486.69 vid=486.44 playing=1 started=1 stall=0 | d_fr_cc=+422.64 d_fr_raw=-11.33 d_cc_raw=-433.97 | off=-0.29 ccx_end=503.60 since_show=0.2 since_cue=2.6 | pcr=505.279 pid=100 head_rel=505.28 ccx_lag=1.68 | credit=475.4 capped=0.0 | fsize=229119360 feed=229119360 feed_behind=0 | backlog=454.34 edge=507.07 div=433.81 lag_ewma=3.45
21:22:20.762 CLOCK fold raw=486.69 prev=52.73 new=52.88 d=+0.155 fr=475.37 dt=0.205 rate=1.00 paused=False backlog=454.39 edge=507.27 div=433.81
21:22:20.863 CLOCK integ raw=486.69 prev=52.88 new=52.98 d=+0.101 fr=475.37 dt=0.101 rate=1.00 paused=False backlog=454.39 edge=507.37 div=433.81
21:22:20.965 CLOCK fold raw=486.95 prev=52.98 new=53.14 d=+0.155 fr=475.37 dt=0.102 rate=1.00 paused=False backlog=453.29 edge=506.43 div=433.81
21:22:21.067 CLOCK integ raw=486.95 prev=53.14 new=53.24 d=+0.102 fr=475.37 dt=0.102 rate=1.00 paused=False backlog=453.29 edge=506.53 div=433.81
21:22:21.168 CLOCK integ raw=486.95 prev=53.24 new=53.34 d=+0.102 fr=475.37 dt=0.102 rate=1.00 paused=False backlog=453.29 edge=506.63 div=433.81
21:22:21.270 CLOCK fold raw=487.21 prev=53.34 new=53.39 d=+0.053 fr=475.37 dt=0.101 rate=1.00 paused=False backlog=453.34 edge=506.73 div=433.81
21:22:21.371 CLOCK integ raw=487.21 prev=53.39 new=53.49 d=+0.101 fr=475.37 dt=0.101 rate=1.00 paused=False backlog=453.34 edge=506.83 div=433.81
21:22:21.472 CLOCK fold raw=487.46 prev=53.49 new=53.65 d=+0.156 fr=475.37 dt=0.101 rate=1.00 paused=False backlog=453.28 edge=506.93 div=433.81
21:22:21.573 CLOCK integ raw=487.46 prev=53.65 new=53.75 d=+0.101 fr=475.37 dt=0.101 rate=1.00 paused=False backlog=453.28 edge=507.04 div=433.81
21:22:21.674 CLOCK integ raw=487.46 prev=53.75 new=53.85 d=+0.101 fr=475.37 dt=0.101 rate=1.00 paused=False backlog=453.28 edge=507.14 div=433.81
21:22:21.877 CLOCK fold raw=487.72 prev=53.85 new=53.91 d=+0.053 fr=475.37 dt=0.203 rate=1.00 paused=False backlog=453.43 edge=507.34 div=433.81
21:22:21.978 CLOCK fold raw=487.98 prev=53.91 new=54.16 d=+0.258 fr=475.37 dt=0.101 rate=1.00 paused=False backlog=453.28 edge=507.44 div=433.81
21:22:22.079 CLOCK integ raw=487.98 prev=54.16 new=54.26 d=+0.101 fr=475.37 dt=0.101 rate=1.00 paused=False backlog=453.28 edge=507.54 div=433.81
21:22:22.181 CLOCK integ raw=487.98 prev=54.26 new=54.37 d=+0.102 fr=475.37 dt=0.102 rate=1.00 paused=False backlog=453.28 edge=507.64 div=433.81
21:22:22.282 CLOCK fold raw=488.23 prev=54.37 new=54.42 d=+0.052 fr=475.37 dt=0.101 rate=1.00 paused=False backlog=453.33 edge=507.74 div=433.81
21:22:22.384 CLOCK integ raw=488.23 prev=54.42 new=54.52 d=+0.101 fr=475.37 dt=0.101 rate=1.00 paused=False backlog=453.33 edge=507.85 div=433.81
21:22:22.487 CLOCK integ raw=488.23 prev=54.52 new=54.62 d=+0.103 fr=475.37 dt=0.103 rate=1.00 paused=False backlog=453.33 edge=507.95 div=433.81
21:22:22.588 CLOCK fold raw=488.49 prev=54.62 new=54.68 d=+0.057 fr=475.37 dt=0.102 rate=1.00 paused=False backlog=453.37 edge=508.05 div=433.81
21:22:22.690 CLOCK integ raw=488.49 prev=54.68 new=54.78 d=+0.102 fr=475.37 dt=0.102 rate=1.00 paused=False backlog=453.37 edge=508.15 div=433.81
21:22:22.792 CLOCK fold raw=488.75 prev=54.78 new=54.94 d=+0.154 fr=475.37 dt=0.102 rate=1.00 paused=False backlog=453.32 edge=508.25 div=433.81
21:22:22.895 EDGESNAP err=-2.98 edge->505.28
21:22:22.895 CLOCK integ raw=488.75 prev=54.94 new=55.04 d=+0.102 fr=475.37 dt=0.102 rate=1.00 paused=False backlog=450.34 edge=505.38 div=433.81
21:22:22.997 CLOCK fold raw=489.00 prev=55.04 new=55.19 d=+0.149 fr=475.37 dt=0.102 rate=1.00 paused=False backlog=450.30 edge=505.48 div=433.81
21:22:23.098 CLOCK integ raw=489.00 prev=55.19 new=55.29 d=+0.101 fr=475.37 dt=0.101 rate=1.00 paused=False backlog=450.30 edge=505.58 div=433.81
21:22:23.199 CLOCK integ raw=489.00 prev=55.29 new=55.39 d=+0.102 fr=475.37 dt=0.102 rate=1.00 paused=False backlog=450.30 edge=505.69 div=433.81
21:22:23.402 CLOCK fold raw=489.26 prev=55.39 new=55.45 d=+0.056 fr=475.37 dt=0.202 rate=1.00 paused=False backlog=450.44 edge=505.89 div=433.81
21:22:23.503 CLOCK integ raw=489.26 prev=55.45 new=55.55 d=+0.101 fr=475.37 dt=0.101 rate=1.00 paused=False backlog=450.44 edge=505.99 div=433.81
21:22:23.605 CLOCK fold raw=489.51 prev=55.55 new=55.70 d=+0.151 fr=475.37 dt=0.101 rate=1.00 paused=False backlog=450.39 edge=506.09 div=433.81
21:22:23.706 CLOCK integ raw=489.51 prev=55.70 new=55.80 d=+0.101 fr=475.37 dt=0.101 rate=1.00 paused=False backlog=450.39 edge=506.19 div=433.81
21:22:23.808 CLOCK fold raw=489.77 prev=55.80 new=55.95 d=+0.155 fr=475.37 dt=0.102 rate=1.00 paused=False backlog=450.34 edge=506.29 div=433.81
21:22:23.909 CLOCK integ raw=489.77 prev=55.95 new=56.05 d=+0.101 fr=475.37 dt=0.101 rate=1.00 paused=False backlog=450.34 edge=506.40 div=433.81
21:22:24.010 CLOCK integ raw=489.77 prev=56.05 new=56.16 d=+0.101 fr=475.37 dt=0.101 rate=1.00 paused=False backlog=450.34 edge=506.50 div=433.81
21:22:24.112 CLOCK fold raw=490.02 prev=56.16 new=56.21 d=+0.054 fr=475.37 dt=0.101 rate=1.00 paused=False backlog=450.39 edge=506.60 div=433.81
21:22:24.212 CLOCK integ raw=490.02 prev=56.21 new=56.31 d=+0.101 fr=475.37 dt=0.101 rate=1.00 paused=False backlog=450.39 edge=506.70 div=433.81
21:22:24.314 CLOCK fold raw=490.28 prev=56.31 new=56.47 d=+0.157 fr=475.37 dt=0.101 rate=1.00 paused=False backlog=450.33 edge=506.80 div=433.81
21:22:24.415 CLOCK integ raw=490.28 prev=56.47 new=56.57 d=+0.101 fr=475.37 dt=0.101 rate=1.00 paused=False backlog=450.33 edge=506.90 div=433.81
21:22:24.516 CLOCK integ raw=490.28 prev=56.57 new=56.67 d=+0.101 fr=475.37 dt=0.101 rate=1.00 paused=False backlog=450.33 edge=507.00 div=433.81
21:22:24.718 CLOCK fold raw=490.54 prev=56.67 new=56.72 d=+0.052 fr=475.37 dt=0.202 rate=1.00 paused=False backlog=450.48 edge=507.20 div=433.81
21:22:24.819 CLOCK fold raw=490.79 prev=56.72 new=56.98 d=+0.258 fr=475.37 dt=0.101 rate=1.00 paused=False backlog=450.33 edge=507.31 div=433.81
21:22:24.921 CLOCK integ raw=490.79 prev=56.98 new=57.08 d=+0.102 fr=475.37 dt=0.102 rate=1.00 paused=False backlog=449.31 edge=506.39 div=433.81
21:22:25.022 CLOCK integ raw=490.79 prev=57.08 new=57.18 d=+0.101 fr=475.37 dt=0.101 rate=1.00 paused=False backlog=449.31 edge=506.50 div=433.81
21:22:25.124 CLOCK fold raw=491.05 prev=57.18 new=57.23 d=+0.051 fr=475.37 dt=0.101 rate=1.00 paused=False backlog=449.36 edge=506.60 div=433.81
21:22:25.226 CLOCK integ raw=491.05 prev=57.23 new=57.34 d=+0.102 fr=475.37 dt=0.102 rate=1.00 paused=False backlog=449.36 edge=506.70 div=433.81
21:22:25.329 CLOCK fold raw=491.30 prev=57.34 new=57.49 d=+0.154 fr=475.37 dt=0.103 rate=1.00 paused=False backlog=449.31 edge=506.80 div=433.81
21:22:25.429 CLOCK integ raw=491.30 prev=57.49 new=57.59 d=+0.101 fr=475.37 dt=0.101 rate=1.00 paused=False backlog=449.31 edge=506.90 div=433.81
21:22:25.530 CLOCK integ raw=491.30 prev=57.59 new=57.69 d=+0.101 fr=475.37 dt=0.101 rate=1.00 paused=False backlog=449.31 edge=507.00 div=433.81
21:22:25.631 CLOCK fold raw=491.56 prev=57.69 new=57.75 d=+0.057 fr=475.37 dt=0.101 rate=1.00 paused=False backlog=449.36 edge=507.10 div=433.81
21:22:25.734 TICK fr=475.37 cc=57.75 raw=491.56 vid=491.56 playing=1 started=1 stall=0 | d_fr_cc=+417.62 d_fr_raw=-16.19 d_cc_raw=-433.81 | off=-0.29 ccx_end=503.60 since_show=0.1 since_cue=7.5 | pcr=505.279 pid=100 head_rel=505.28 ccx_lag=1.68 | credit=475.4 capped=0.0 | fsize=229119360 feed=229119360 feed_behind=0 | backlog=449.36 edge=507.10 div=433.81 lag_ewma=3.45
21:22:25.735 CLOCK integ raw=491.56 prev=57.75 new=57.85 d=+0.104 fr=475.37 dt=0.104 rate=1.00 paused=False backlog=449.36 edge=507.21 div=433.81
21:22:25.836 CLOCK fold raw=491.81 prev=57.85 new=58.00 d=+0.149 fr=475.37 dt=0.101 rate=1.00 paused=False backlog=449.31 edge=507.31 div=433.81
21:22:25.937 CLOCK integ raw=491.81 prev=58.00 new=58.10 d=+0.101 fr=475.37 dt=0.101 rate=1.00 paused=False backlog=449.31 edge=507.41 div=433.81
21:22:26.139 CLOCK fold raw=492.07 prev=58.10 new=58.26 d=+0.156 fr=475.37 dt=0.202 rate=1.00 paused=False backlog=449.31 edge=507.57 div=433.81
21:22:26.241 CLOCK integ raw=492.07 prev=58.26 new=58.36 d=+0.101 fr=475.37 dt=0.101 rate=1.00 paused=False backlog=449.31 edge=507.67 div=433.81
21:22:26.342 CLOCK fold raw=492.33 prev=58.36 new=58.52 d=+0.156 fr=475.37 dt=0.102 rate=1.00 paused=False backlog=449.31 edge=507.82 div=433.81
21:22:26.444 CLOCK integ raw=492.33 prev=58.52 new=58.62 d=+0.101 fr=475.37 dt=0.101 rate=1.00 paused=False backlog=449.31 edge=507.92 div=433.81
21:22:26.545 CLOCK integ raw=492.33 prev=58.62 new=58.72 d=+0.101 fr=483.91 dt=0.101 rate=1.00 paused=False backlog=449.31 edge=508.03 div=433.81
21:22:26.646 CLOCK fold raw=492.59 prev=58.72 new=58.77 d=+0.054 fr=483.91 dt=0.101 rate=1.00 paused=False backlog=449.35 edge=508.13 div=433.81
21:22:26.648 CUE cx=[503.60..505.40] adv=1.80 el=8.44 fresh | off=-0.29 fr=483.91 cc=58.77 raw=492.59 lead=+446.35 | pcr=506.051 head_rel=506.05 lag_ewma=3.45 | q=through it. And Nix is out / there with RJ Harvey and Jaylen
21:22:26.750 ANCHOR pend_end=505.40 L=2.47 pinL=0.65 target=1.04 off=-0.29
21:22:26.750 CLOCK integ raw=492.59 prev=58.77 new=58.88 d=+0.104 fr=483.91 dt=0.104 rate=1.00 paused=False backlog=448.32 edge=507.19 div=433.81
21:22:26.851 CLOCK fold raw=492.84 prev=58.88 new=59.03 d=+0.149 fr=483.91 dt=0.101 rate=1.00 paused=False backlog=448.27 edge=507.29 div=433.81
21:22:26.953 CLOCK integ raw=492.84 prev=59.03 new=59.13 d=+0.102 fr=483.91 dt=0.102 rate=1.00 paused=False backlog=447.65 edge=506.77 div=433.81
21:22:27.055 CLOCK integ raw=492.84 prev=59.13 new=59.23 d=+0.102 fr=483.91 dt=0.102 rate=1.00 paused=False backlog=447.65 edge=506.88 div=433.81
21:22:27.156 CLOCK fold raw=493.10 prev=59.23 new=59.28 d=+0.052 fr=483.91 dt=0.101 rate=1.00 paused=False backlog=447.70 edge=506.98 div=433.81
21:22:27.258 CLOCK integ raw=493.10 prev=59.28 new=59.38 d=+0.101 fr=483.91 dt=0.101 rate=1.00 paused=False backlog=447.70 edge=507.08 div=433.81
21:22:27.358 CLOCK fold raw=493.35 prev=59.38 new=59.54 d=+0.156 fr=484.73 dt=0.101 rate=1.00 paused=False backlog=447.64 edge=507.18 div=433.81
21:22:27.560 CLOCK integ raw=493.35 prev=59.54 new=59.74 d=+0.202 fr=484.73 dt=0.202 rate=1.00 paused=False backlog=447.64 edge=507.38 div=433.81
21:22:27.661 CLOCK fold raw=493.61 prev=59.74 new=59.79 d=+0.053 fr=484.73 dt=0.101 rate=1.00 paused=False backlog=447.69 edge=507.48 div=433.81
21:22:27.762 CLOCK integ raw=493.61 prev=59.79 new=59.89 d=+0.101 fr=485.13 dt=0.101 rate=1.00 paused=False backlog=447.69 edge=507.58 div=433.81
21:22:27.864 CLOCK fold raw=493.86 prev=59.89 new=60.05 d=+0.156 fr=485.13 dt=0.101 rate=1.00 paused=False backlog=447.63 edge=507.68 div=433.81
21:22:27.979 EDGESNAP err=+2.58 edge->510.26
21:22:27.979 CUE cx=[505.41..507.24] adv=1.83 el=1.32 fresh | off=0.38 fr=485.13 cc=60.05 raw=493.86 lead=+447.56 | pcr=510.265 head_rel=510.26 lag_ewma=5.05 | q=there with RJ Harvey and Jaylen / Waddle on the field as wel
21:22:27.980 ANCHOR pend_end=507.24 L=4.34 pinL=3.03 target=0.00 off=0.38
21:22:27.980 CLOCK integ raw=493.86 prev=60.05 new=60.17 d=+0.116 fr=485.13 dt=0.116 rate=1.00 paused=False backlog=450.21 edge=510.38 div=433.81
21:22:28.081 CLOCK integ raw=493.86 prev=60.17 new=60.27 d=+0.101 fr=485.13 dt=0.101 rate=1.00 paused=False backlog=450.21 edge=510.48 div=433.81
21:22:28.183 CLOCK fold raw=494.12 prev=60.27 new=60.31 d=+0.040 fr=485.55 dt=0.101 rate=1.00 paused=False backlog=450.28 edge=510.58 div=433.81
21:22:28.183 CUE cx=[507.24..509.47] adv=2.24 el=0.22 fresh | off=0.19 fr=485.55 cc=60.31 raw=494.12 lead=+449.35 | pcr=510.265 head_rel=510.26 lag_ewma=4.34 | q=Waddle on the field as well, / and a slot to the right top o
21:22:28.285 ANCHOR pend_end=509.47 L=3.10 pinL=0.79 target=0.16 off=0.19
21:22:28.285 CLOCK integ raw=494.12 prev=60.31 new=60.41 d=+0.102 fr=485.55 dt=0.102 rate=1.00 paused=False backlog=450.12 edge=510.53 div=433.81
21:22:28.386 CLOCK fold raw=494.38 prev=60.41 new=60.56 d=+0.154 fr=485.55 dt=0.101 rate=1.00 paused=False backlog=450.06 edge=510.63 div=433.81
21:22:28.488 CUE cx=[509.48..511.94] adv=2.47 el=0.30 fresh | off=0.17 fr=485.55 cc=60.56 raw=494.38 lead=+451.55 | pcr=512.442 head_rel=512.44 lag_ewma=3.10 | q=and a slot to the right top of / your screen. Here's Nix fak
21:22:28.488 ANCHOR pend_end=511.94 L=2.19 pinL=0.50 target=-0.91 off=0.17
21:22:28.488 CLOCK integ raw=494.38 prev=60.56 new=60.67 d=+0.102 fr=485.55 dt=0.102 rate=1.00 paused=False backlog=450.97 edge=511.64 div=433.81
21:22:28.590 CLOCK integ raw=494.38 prev=60.67 new=60.77 d=+0.102 fr=485.96 dt=0.102 rate=1.00 paused=False backlog=450.97 edge=511.74 div=433.81
21:22:28.691 CLOCK fold raw=494.63 prev=60.77 new=60.82 d=+0.049 fr=485.96 dt=0.101 rate=1.00 paused=False backlog=451.02 edge=511.84 div=433.81
21:22:28.793 CLOCK integ raw=494.63 prev=60.82 new=60.92 d=+0.102 fr=485.96 dt=0.102 rate=1.00 paused=False backlog=451.02 edge=511.94 div=433.81
21:22:28.896 CLOCK fold raw=494.89 prev=60.92 new=61.08 d=+0.156 fr=485.96 dt=0.103 rate=1.00 paused=False backlog=451.22 edge=512.29 div=433.81
21:22:28.998 CLOCK integ raw=494.89 prev=61.08 new=61.18 d=+0.102 fr=485.96 dt=0.102 rate=1.00 paused=False backlog=451.22 edge=512.40 div=433.81
21:22:29.100 CLOCK integ raw=494.89 prev=61.18 new=61.28 d=+0.102 fr=485.96 dt=0.102 rate=1.00 paused=False backlog=451.22 edge=512.50 div=433.81
21:22:29.302 CLOCK fold raw=495.15 prev=61.28 new=61.33 d=+0.053 fr=485.96 dt=0.202 rate=1.00 paused=False backlog=451.37 edge=512.70 div=433.81
21:22:29.403 CLOCK fold raw=495.40 prev=61.33 new=61.59 d=+0.253 fr=485.96 dt=0.101 rate=1.00 paused=False backlog=451.22 edge=512.80 div=433.81
21:22:29.505 CLOCK integ raw=495.40 prev=61.59 new=61.69 d=+0.102 fr=485.96 dt=0.102 rate=1.00 paused=False backlog=451.22 edge=512.90 div=433.81
21:22:29.606 CLOCK integ raw=495.40 prev=61.69 new=61.79 d=+0.101 fr=485.96 dt=0.101 rate=1.00 paused=False backlog=451.22 edge=513.00 div=433.81
21:22:29.707 CLOCK fold raw=495.66 prev=61.79 new=61.84 d=+0.055 fr=485.96 dt=0.101 rate=1.00 paused=False backlog=451.26 edge=513.11 div=433.81
21:22:29.809 CLOCK integ raw=495.66 prev=61.84 new=61.95 d=+0.102 fr=485.96 dt=0.102 rate=1.00 paused=False backlog=451.26 edge=513.21 div=433.81
21:22:29.911 CLOCK fold raw=495.91 prev=61.95 new=62.10 d=+0.152 fr=485.96 dt=0.102 rate=1.00 paused=False backlog=451.21 edge=513.31 div=433.81
21:22:30.012 CLOCK integ raw=495.91 prev=62.10 new=62.20 d=+0.101 fr=485.96 dt=0.101 rate=1.00 paused=False backlog=451.21 edge=513.41 div=433.81
21:22:30.113 CLOCK integ raw=495.91 prev=62.20 new=62.30 d=+0.101 fr=485.96 dt=0.101 rate=1.00 paused=False backlog=451.21 edge=513.51 div=433.81
21:22:30.214 CLOCK fold raw=496.17 prev=62.30 new=62.35 d=+0.054 fr=485.96 dt=0.102 rate=1.00 paused=False backlog=451.26 edge=513.61 div=433.81
21:22:30.316 CLOCK integ raw=496.17 prev=62.35 new=62.45 d=+0.101 fr=485.96 dt=0.101 rate=1.00 paused=False backlog=451.26 edge=513.71 div=433.81
21:22:30.518 CLOCK fold raw=496.43 prev=62.45 new=62.61 d=+0.158 fr=485.96 dt=0.202 rate=1.00 paused=False backlog=451.30 edge=513.92 div=433.81
21:22:30.619 CLOCK integ raw=496.43 prev=62.61 new=62.71 d=+0.101 fr=485.96 dt=0.101 rate=1.00 paused=False backlog=451.30 edge=514.02 div=433.81
21:22:30.720 CLOCK fold raw=496.68 prev=62.71 new=62.87 d=+0.153 fr=485.96 dt=0.101 rate=1.00 paused=False backlog=451.25 edge=514.12 div=433.81
21:22:30.721 TICK fr=485.96 cc=62.87 raw=496.68 vid=496.43 playing=1 started=1 stall=0 | d_fr_cc=+423.09 d_fr_raw=-10.72 d_cc_raw=-433.81 | off=-0.37 ccx_end=511.94 since_show=0.0 since_cue=2.2 | pcr=512.442 pid=100 head_rel=512.44 ccx_lag=0.50 | credit=486.0 capped=0.0 | fsize=232870900 feed=232870900 feed_behind=0 | backlog=451.25 edge=514.12 div=433.81 lag_ewma=2.19
21:22:30.823 CLOCK integ raw=496.68 prev=62.87 new=62.97 d=+0.103 fr=485.96 dt=0.103 rate=1.00 paused=False backlog=451.25 edge=514.22 div=433.81
21:22:30.925 CLOCK integ raw=496.68 prev=62.97 new=63.07 d=+0.102 fr=485.96 dt=0.102 rate=1.00 paused=False backlog=450.36 edge=513.43 div=433.81
21:22:31.026 CLOCK fold raw=496.94 prev=63.07 new=63.12 d=+0.050 fr=485.96 dt=0.101 rate=1.00 paused=False backlog=450.41 edge=513.54 div=433.81
21:22:31.127 CLOCK integ raw=496.94 prev=63.12 new=63.22 d=+0.101 fr=485.96 dt=0.101 rate=1.00 paused=False backlog=450.41 edge=513.64 div=433.81
21:22:31.228 CLOCK fold raw=497.19 prev=63.22 new=63.38 d=+0.156 fr=485.96 dt=0.101 rate=1.00 paused=False backlog=450.36 edge=513.74 div=433.81
21:22:31.330 CLOCK integ raw=497.19 prev=63.38 new=63.48 d=+0.102 fr=485.96 dt=0.102 rate=1.00 paused=False backlog=450.36 edge=513.84 div=433.81
21:22:31.432 CLOCK integ raw=497.19 prev=63.48 new=63.58 d=+0.102 fr=485.96 dt=0.102 rate=1.00 paused=False backlog=450.36 edge=513.94 div=433.81
21:22:31.534 CLOCK fold raw=497.45 prev=63.58 new=63.63 d=+0.051 fr=485.96 dt=0.102 rate=1.00 paused=False backlog=450.41 edge=514.04 div=433.81
21:22:31.635 CLOCK integ raw=497.45 prev=63.63 new=63.73 d=+0.101 fr=485.96 dt=0.101 rate=1.00 paused=False backlog=450.41 edge=514.14 div=433.81
21:22:31.736 CLOCK fold raw=497.70 prev=63.73 new=63.89 d=+0.155 fr=485.96 dt=0.101 rate=1.00 paused=False backlog=450.36 edge=514.25 div=433.81
21:22:31.838 CLOCK integ raw=497.70 prev=63.89 new=63.99 d=+0.101 fr=485.96 dt=0.101 rate=1.00 paused=False backlog=450.36 edge=514.35 div=433.81
21:22:32.039 CLOCK fold raw=497.96 prev=63.99 new=64.15 d=+0.158 fr=485.96 dt=0.202 rate=1.00 paused=False backlog=450.40 edge=514.55 div=433.81
21:22:32.140 CLOCK integ raw=497.96 prev=64.15 new=64.25 d=+0.101 fr=485.96 dt=0.101 rate=1.00 paused=False backlog=450.40 edge=514.65 div=433.81
21:22:32.241 CLOCK fold raw=498.21 prev=64.25 new=64.40 d=+0.152 fr=489.61 dt=0.101 rate=1.00 paused=False backlog=450.35 edge=514.75 div=433.81
21:22:32.343 CLOCK integ raw=498.21 prev=64.40 new=64.50 d=+0.101 fr=489.61 dt=0.101 rate=1.00 paused=False backlog=450.35 edge=514.85 div=433.81
21:22:32.444 CLOCK integ raw=498.21 prev=64.50 new=64.60 d=+0.101 fr=489.61 dt=0.101 rate=1.00 paused=False backlog=450.35 edge=514.95 div=433.81
21:22:32.547 CLOCK fold raw=498.47 prev=64.60 new=64.66 d=+0.054 fr=489.61 dt=0.104 rate=1.00 paused=False backlog=450.40 edge=515.06 div=433.81
21:22:32.651 CLOCK integ raw=498.47 prev=64.66 new=64.76 d=+0.103 fr=490.02 dt=0.103 rate=1.00 paused=False backlog=450.40 edge=515.16 div=433.81
21:22:32.779 CUE cx=[511.94..514.48] adv=2.54 el=4.27 fresh | off=-0.37 fr=490.02 cc=64.76 raw=498.73 lead=+449.35 | pcr=515.886 head_rel=515.89 lag_ewma=2.19 | q=your screen. Here's Nix fakes / the quick throw gives to Har
21:22:32.780 ANCHOR pend_end=514.48 L=1.91 pinL=1.41 target=-0.36 off=-0.37
21:22:32.780 CLOCK fold raw=498.73 prev=64.76 new=64.91 d=+0.152 fr=490.02 dt=0.129 rate=1.00 paused=False backlog=450.74 edge=515.65 div=433.81
21:22:32.881 CLOCK integ raw=498.73 prev=64.91 new=65.01 d=+0.101 fr=490.02 dt=0.101 rate=1.00 paused=False backlog=450.74 edge=515.75 div=433.81
21:22:32.984 CLOCK fold raw=498.98 prev=65.01 new=65.17 d=+0.155 fr=490.02 dt=0.103 rate=1.00 paused=False backlog=450.75 edge=515.92 div=433.81
21:22:33.085 CLOCK integ raw=498.98 prev=65.17 new=65.27 d=+0.101 fr=490.35 dt=0.101 rate=1.00 paused=False backlog=450.75 edge=516.02 div=433.81
21:22:33.186 CLOCK integ raw=498.98 prev=65.27 new=65.37 d=+0.101 fr=490.35 dt=0.101 rate=1.00 paused=False backlog=450.75 edge=516.12 div=433.81
21:22:33.288 CLOCK fold raw=499.24 prev=65.37 new=65.43 d=+0.054 fr=490.35 dt=0.102 rate=1.00 paused=False backlog=450.80 edge=516.23 div=433.81
21:22:33.389 CLOCK integ raw=499.24 prev=65.43 new=65.53 d=+0.101 fr=490.35 dt=0.101 rate=1.00 paused=False backlog=450.80 edge=516.33 div=433.81
21:22:33.491 CLOCK integ raw=499.24 prev=65.53 new=65.63 d=+0.102 fr=490.35 dt=0.102 rate=1.00 paused=False backlog=450.80 edge=516.43 div=433.81
21:22:33.592 CLOCK fold raw=499.50 prev=65.63 new=65.68 d=+0.055 fr=490.35 dt=0.101 rate=1.00 paused=False backlog=450.85 edge=516.53 div=433.81
21:22:33.794 CLOCK fold raw=499.75 prev=65.68 new=65.94 d=+0.255 fr=490.35 dt=0.202 rate=1.00 paused=False backlog=450.79 edge=516.73 div=433.81
21:22:33.895 CLOCK integ raw=499.75 prev=65.94 new=66.04 d=+0.102 fr=490.35 dt=0.102 rate=1.00 paused=False backlog=450.79 edge=516.83 div=433.81
21:22:33.996 CLOCK integ raw=499.75 prev=66.04 new=66.14 d=+0.101 fr=490.35 dt=0.101 rate=1.00 paused=False backlog=450.79 edge=516.93 div=433.81
21:22:34.097 CLOCK fold raw=500.01 prev=66.14 new=66.20 d=+0.055 fr=490.35 dt=0.101 rate=1.00 paused=False backlog=450.84 edge=517.04 div=433.81
21:22:34.198 CLOCK integ raw=500.01 prev=66.20 new=66.30 d=+0.101 fr=490.35 dt=0.101 rate=1.00 paused=False backlog=450.84 edge=517.14 div=433.81
21:22:34.300 CLOCK fold raw=500.27 prev=66.30 new=66.45 d=+0.155 fr=490.35 dt=0.102 rate=1.00 paused=False backlog=450.79 edge=517.24 div=433.81
21:22:34.401 CLOCK integ raw=500.27 prev=66.45 new=66.55 d=+0.101 fr=490.35 dt=0.101 rate=1.00 paused=False backlog=450.79 edge=517.34 div=433.81
21:22:34.502 CLOCK integ raw=500.27 prev=66.55 new=66.65 d=+0.102 fr=490.35 dt=0.102 rate=1.00 paused=False backlog=450.79 edge=517.44 div=433.81
21:22:34.604 CLOCK fold raw=500.52 prev=66.65 new=66.71 d=+0.050 fr=490.35 dt=0.101 rate=1.00 paused=False backlog=450.84 edge=517.54 div=433.81
21:22:34.705 CLOCK integ raw=500.52 prev=66.71 new=66.81 d=+0.102 fr=490.35 dt=0.102 rate=1.00 paused=False backlog=450.84 edge=517.64 div=433.81
21:22:34.807 CLOCK fold raw=500.77 prev=66.81 new=66.96 d=+0.154 fr=490.35 dt=0.102 rate=1.00 paused=False backlog=450.78 edge=517.75 div=433.81
21:22:34.909 CLOCK integ raw=500.77 prev=66.96 new=67.06 d=+0.102 fr=490.35 dt=0.102 rate=1.00 paused=False backlog=449.85 edge=516.92 div=433.81
21:22:35.011 CLOCK integ raw=500.77 prev=67.06 new=67.17 d=+0.102 fr=490.35 dt=0.102 rate=1.00 paused=False backlog=449.85 edge=517.02 div=433.81
21:22:35.214 CLOCK fold raw=501.03 prev=67.17 new=67.22 d=+0.055 fr=490.35 dt=0.203 rate=1.00 paused=False backlog=450.00 edge=517.22 div=433.81
21:22:35.315 CLOCK fold raw=501.29 prev=67.22 new=67.48 d=+0.255 fr=490.35 dt=0.101 rate=1.00 paused=False backlog=449.85 edge=517.32 div=433.81
21:22:35.416 CLOCK integ raw=501.29 prev=67.48 new=67.58 d=+0.101 fr=490.35 dt=0.101 rate=1.00 paused=False backlog=449.85 edge=517.42 div=433.81
21:22:35.517 CLOCK integ raw=501.29 prev=67.58 new=67.68 d=+0.101 fr=490.35 dt=0.101 rate=1.00 paused=False backlog=449.85 edge=517.53 div=433.81
21:22:35.618 CLOCK fold raw=501.54 prev=67.68 new=67.73 d=+0.052 fr=490.35 dt=0.101 rate=1.00 paused=False backlog=449.90 edge=517.63 div=433.81
21:22:35.720 TICK fr=490.35 cc=67.73 raw=501.54 vid=501.29 playing=1 started=1 stall=0 | d_fr_cc=+422.62 d_fr_raw=-11.19 d_cc_raw=-433.81 | off=-0.37 ccx_end=514.48 since_show=0.1 since_cue=3.0 | pcr=515.886 pid=100 head_rel=515.89 ccx_lag=1.41 | credit=490.4 capped=0.0 | fsize=234419268 feed=234419268 feed_behind=0 | backlog=449.90 edge=517.63 div=433.81 lag_ewma=1.91
21:22:35.720 CLOCK integ raw=501.54 prev=67.73 new=67.83 d=+0.102 fr=490.35 dt=0.102 rate=1.00 paused=False backlog=449.90 edge=517.73 div=433.81
21:22:35.822 CLOCK fold raw=501.80 prev=67.83 new=67.99 d=+0.155 fr=490.35 dt=0.101 rate=1.00 paused=False backlog=449.84 edge=517.83 div=433.81
21:22:35.923 CLOCK integ raw=501.80 prev=67.99 new=68.09 d=+0.101 fr=490.35 dt=0.101 rate=1.00 paused=False backlog=449.84 edge=517.93 div=433.81
21:22:36.024 CLOCK integ raw=501.80 prev=68.09 new=68.19 d=+0.101 fr=490.35 dt=0.101 rate=1.00 paused=False backlog=449.84 edge=518.03 div=433.81
21:22:36.125 CLOCK fold raw=502.06 prev=68.19 new=68.24 d=+0.053 fr=490.35 dt=0.101 rate=1.00 paused=False backlog=449.89 edge=518.13 div=433.81
21:22:36.328 CLOCK fold raw=502.31 prev=68.24 new=68.50 d=+0.255 fr=490.35 dt=0.203 rate=1.00 paused=False backlog=449.84 edge=518.34 div=433.81
21:22:36.429 CLOCK integ raw=502.31 prev=68.50 new=68.60 d=+0.101 fr=490.35 dt=0.101 rate=1.00 paused=False backlog=449.84 edge=518.44 div=433.81
21:22:36.531 CLOCK integ raw=502.31 prev=68.60 new=68.70 d=+0.102 fr=490.35 dt=0.102 rate=1.00 paused=False backlog=449.84 edge=518.54 div=433.81
21:22:36.632 CLOCK fold raw=502.57 prev=68.70 new=68.76 d=+0.054 fr=490.35 dt=0.101 rate=1.00 paused=False backlog=449.89 edge=518.64 div=433.81
21:22:36.733 CLOCK integ raw=502.57 prev=68.76 new=68.86 d=+0.101 fr=490.35 dt=0.101 rate=1.00 paused=False backlog=449.89 edge=518.74 div=433.81
21:22:36.835 CLOCK fold raw=502.82 prev=68.86 new=69.01 d=+0.155 fr=490.35 dt=0.101 rate=1.00 paused=False backlog=449.83 edge=518.84 div=433.81
21:22:36.837 EDGESNAP err=-2.96 edge->515.89
21:22:36.937 CLOCK integ raw=502.82 prev=69.01 new=69.11 d=+0.103 fr=490.35 dt=0.103 rate=1.00 paused=False backlog=446.87 edge=515.99 div=433.81
21:22:37.039 CLOCK integ raw=502.82 prev=69.11 new=69.22 d=+0.102 fr=490.35 dt=0.102 rate=1.00 paused=False backlog=446.87 edge=516.09 div=433.81
21:22:37.140 CLOCK fold raw=503.08 prev=69.22 new=69.27 d=+0.051 fr=490.35 dt=0.101 rate=1.00 paused=False backlog=446.93 edge=516.19 div=433.81
21:22:37.241 CLOCK integ raw=503.08 prev=69.27 new=69.37 d=+0.101 fr=490.35 dt=0.101 rate=1.00 paused=False backlog=446.93 edge=516.29 div=433.81
21:22:37.343 CLOCK fold raw=503.34 prev=69.37 new=69.52 d=+0.157 fr=490.35 dt=0.101 rate=1.00 paused=False backlog=446.87 edge=516.39 div=433.81
21:22:37.445 CLOCK integ raw=503.34 prev=69.52 new=69.63 d=+0.102 fr=494.81 dt=0.102 rate=1.00 paused=False backlog=446.87 edge=516.50 div=433.81
21:22:37.546 CLOCK integ raw=503.34 prev=69.63 new=69.73 d=+0.101 fr=494.81 dt=0.101 rate=1.00 paused=False backlog=446.87 edge=516.60 div=433.81
21:22:37.749 CLOCK fold raw=503.59 prev=69.73 new=69.78 d=+0.051 fr=494.81 dt=0.203 rate=1.00 paused=False backlog=447.02 edge=516.80 div=433.81
21:22:37.790 EDGESNAP err=+4.71 edge->521.51
21:22:37.791 CUE cx=[514.48..516.21] adv=1.74 el=5.00 fresh | off=-0.37 fr=494.81 cc=69.78 raw=503.59 lead=+446.07 | pcr=521.514 head_rel=521.51 lag_ewma=6.63 | q=the quick throw gives to Harvey / straight ahead, and the Br
21:22:37.791 CUE cx=[516.22..518.15] adv=1.94 el=0.04 fresh | off=-0.37 fr=494.81 cc=69.78 raw=503.59 lead=+448.01 | pcr=521.514 head_rel=521.51 lag_ewma=6.63 | q=straight ahead, and the Broncos / will push the pile out to 
21:22:37.900 ANCHOR pend_end=518.15 L=5.48 pinL=3.36 target=0.00 off=-0.37
21:22:37.900 CLOCK fold raw=503.85 prev=69.78 new=70.03 d=+0.255 fr=495.27 dt=0.151 rate=1.00 paused=False backlog=451.63 edge=521.66 div=433.81
21:22:38.026 CUE cx=[518.15..519.78] adv=1.63 el=0.21 fresh | off=-0.18 fr=495.27 cc=70.03 raw=503.85 lead=+449.57 | pcr=522.922 head_rel=522.92 lag_ewma=5.48 | q=will push the pile out to the / 40 and a pickup of five. Som
21:22:38.029 ANCHOR pend_end=519.78 L=4.66 pinL=3.14 target=-0.63 off=-0.18
21:22:38.029 CLOCK integ raw=503.85 prev=70.03 new=70.16 d=+0.129 fr=495.27 dt=0.129 rate=1.00 paused=False backlog=452.26 edge=522.42 div=433.81
21:22:38.132 CLOCK fold raw=504.11 prev=70.16 new=70.29 d=+0.131 fr=495.27 dt=0.101 rate=1.00 paused=False backlog=452.23 edge=522.52 div=433.81
21:22:38.234 CLOCK integ raw=504.11 prev=70.29 new=70.40 d=+0.103 fr=495.27 dt=0.103 rate=1.00 paused=False backlog=452.23 edge=522.63 div=433.81
21:22:38.338 CLOCK integ raw=504.11 prev=70.40 new=70.50 d=+0.104 fr=495.70 dt=0.104 rate=1.00 paused=False backlog=452.23 edge=522.73 div=433.81
21:22:38.442 CLOCK fold raw=504.36 prev=70.50 new=70.55 d=+0.046 fr=495.70 dt=0.104 rate=1.00 paused=False backlog=452.29 edge=522.83 div=433.81
21:22:38.544 CLOCK integ raw=504.36 prev=70.55 new=70.65 d=+0.102 fr=495.70 dt=0.102 rate=1.00 paused=False backlog=452.29 edge=522.94 div=433.81
21:22:38.648 CLOCK fold raw=504.62 prev=70.65 new=70.80 d=+0.155 fr=495.70 dt=0.104 rate=1.00 paused=False backlog=452.24 edge=523.04 div=433.81
21:22:38.756 CLOCK integ raw=504.62 prev=70.80 new=70.91 d=+0.107 fr=495.70 dt=0.107 rate=1.00 paused=False backlog=452.24 edge=523.15 div=433.81
21:22:38.861 CLOCK integ raw=504.62 prev=70.91 new=71.02 d=+0.105 fr=495.70 dt=0.105 rate=1.00 paused=False backlog=452.12 edge=523.14 div=433.81
21:22:38.964 CLOCK fold raw=504.87 prev=71.02 new=71.06 d=+0.043 fr=495.70 dt=0.103 rate=1.00 paused=False backlog=452.18 edge=523.24 div=433.81
21:22:39.166 CLOCK fold raw=505.13 prev=71.06 new=71.32 d=+0.260 fr=495.70 dt=0.202 rate=1.00 paused=False backlog=452.13 edge=523.44 div=433.81
21:22:39.268 CLOCK integ raw=505.13 prev=71.32 new=71.42 d=+0.102 fr=495.70 dt=0.102 rate=1.00 paused=False backlog=452.13 edge=523.55 div=433.81
21:22:39.369 CLOCK integ raw=505.13 prev=71.42 new=71.52 d=+0.102 fr=495.70 dt=0.102 rate=1.00 paused=False backlog=452.13 edge=523.65 div=433.81
21:22:39.470 CLOCK fold raw=505.38 prev=71.52 new=71.57 d=+0.049 fr=495.70 dt=0.101 rate=1.00 paused=False backlog=452.18 edge=523.75 div=433.81
21:22:39.572 CLOCK integ raw=505.38 prev=71.57 new=71.67 d=+0.102 fr=495.70 dt=0.102 rate=1.00 paused=False backlog=452.18 edge=523.85 div=433.81
21:22:39.674 CLOCK fold raw=505.64 prev=71.67 new=71.83 d=+0.158 fr=495.70 dt=0.102 rate=1.00 paused=False backlog=452.12 edge=523.95 div=433.81
21:22:39.805 CLOCK integ raw=505.64 prev=71.83 new=71.96 d=+0.132 fr=495.70 dt=0.132 rate=1.00 paused=False backlog=452.12 edge=524.08 div=433.81
21:22:39.909 CLOCK fold raw=505.90 prev=71.96 new=72.08 d=+0.120 fr=495.70 dt=0.103 rate=1.00 paused=False backlog=452.11 edge=524.19 div=433.81
21:22:40.016 CLOCK integ raw=505.90 prev=72.08 new=72.19 d=+0.107 fr=495.70 dt=0.107 rate=1.00 paused=False backlog=452.11 edge=524.29 div=433.81
21:22:40.121 CLOCK integ raw=505.90 prev=72.19 new=72.29 d=+0.106 fr=495.70 dt=0.106 rate=1.00 paused=False backlog=452.11 edge=524.40 div=433.81
21:22:40.226 CLOCK fold raw=506.15 prev=72.29 new=72.34 d=+0.043 fr=495.70 dt=0.105 rate=1.00 paused=False backlog=452.17 edge=524.50 div=433.81
21:22:40.328 CLOCK integ raw=506.15 prev=72.34 new=72.44 d=+0.102 fr=495.70 dt=0.102 rate=1.00 paused=False backlog=452.17 edge=524.61 div=433.81
21:22:40.430 CLOCK fold raw=506.41 prev=72.44 new=72.60 d=+0.156 fr=495.70 dt=0.102 rate=1.00 paused=False backlog=452.11 edge=524.71 div=433.81
21:22:40.532 CLOCK integ raw=506.41 prev=72.60 new=72.70 d=+0.102 fr=495.70 dt=0.102 rate=1.00 paused=False backlog=452.11 edge=524.81 div=433.81
21:22:40.634 CLOCK integ raw=506.41 prev=72.70 new=72.80 d=+0.102 fr=495.70 dt=0.102 rate=1.00 paused=False backlog=452.11 edge=524.91 div=433.81
21:22:40.737 TICK fr=495.70 cc=72.80 raw=506.66 vid=506.15 playing=1 started=1 stall=0 | d_fr_cc=+422.90 d_fr_raw=-10.96 d_cc_raw=-433.86 | off=-0.41 ccx_end=519.78 since_show=0.1 since_cue=2.7 | pcr=522.922 pid=100 head_rel=522.92 ccx_lag=3.14 | credit=495.7 capped=0.0 | fsize=237043184 feed=237043184 feed_behind=0 | backlog=452.11 edge=524.91 div=433.81 lag_ewma=4.66
21:22:40.738 CLOCK fold raw=506.66 prev=72.80 new=72.85 d=+0.049 fr=495.70 dt=0.104 rate=1.00 paused=False backlog=452.17 edge=525.02 div=433.81
21:22:40.840 CLOCK integ raw=506.66 prev=72.85 new=72.95 d=+0.102 fr=495.70 dt=0.102 rate=1.00 paused=False backlog=451.12 edge=524.07 div=433.81
21:22:41.045 CLOCK fold raw=506.92 prev=72.95 new=73.11 d=+0.155 fr=495.70 dt=0.205 rate=1.00 paused=False backlog=451.17 edge=524.28 div=433.81
21:22:41.147 CLOCK integ raw=506.92 prev=73.11 new=73.21 d=+0.101 fr=495.70 dt=0.101 rate=1.00 paused=False backlog=451.17 edge=524.38 div=433.81
21:22:41.248 CLOCK fold raw=507.18 prev=73.21 new=73.36 d=+0.157 fr=495.70 dt=0.102 rate=1.00 paused=False backlog=451.11 edge=524.48 div=433.81
21:22:41.349 CLOCK integ raw=507.18 prev=73.36 new=73.47 d=+0.101 fr=495.70 dt=0.101 rate=1.00 paused=False backlog=451.11 edge=524.58 div=433.81
21:22:41.451 CLOCK fold raw=507.43 prev=73.47 new=73.62 d=+0.153 fr=495.70 dt=0.102 rate=1.00 paused=False backlog=451.06 edge=524.68 div=433.81
21:22:41.553 CLOCK integ raw=507.43 prev=73.62 new=73.72 d=+0.101 fr=495.70 dt=0.101 rate=1.00 paused=False backlog=451.06 edge=524.78 div=433.81
21:22:41.656 CLOCK integ raw=507.43 prev=73.72 new=73.82 d=+0.105 fr=495.70 dt=0.105 rate=1.00 paused=False backlog=451.06 edge=524.89 div=433.81
21:22:41.762 CLOCK fold raw=507.69 prev=73.82 new=73.87 d=+0.050 fr=495.70 dt=0.105 rate=1.00 paused=False backlog=451.12 edge=524.99 div=433.81
21:22:41.867 CLOCK integ raw=507.69 prev=73.87 new=73.98 d=+0.104 fr=495.70 dt=0.104 rate=1.00 paused=False backlog=451.12 edge=525.10 div=433.81
21:22:41.972 CLOCK fold raw=507.94 prev=73.98 new=74.13 d=+0.151 fr=495.70 dt=0.105 rate=1.00 paused=False backlog=451.07 edge=525.20 div=433.81
21:22:42.074 CLOCK integ raw=507.94 prev=74.13 new=74.23 d=+0.104 fr=495.70 dt=0.104 rate=1.00 paused=False backlog=451.07 edge=525.31 div=433.81
21:22:42.176 CLOCK integ raw=507.94 prev=74.23 new=74.34 d=+0.102 fr=495.70 dt=0.102 rate=1.00 paused=False backlog=451.07 edge=525.41 div=433.81
21:22:42.278 CLOCK fold raw=508.20 prev=74.34 new=74.39 d=+0.050 fr=495.70 dt=0.101 rate=1.00 paused=False backlog=451.12 edge=525.51 div=433.81
21:22:42.379 CLOCK integ raw=508.20 prev=74.39 new=74.49 d=+0.102 fr=495.70 dt=0.102 rate=1.00 paused=False backlog=451.12 edge=525.61 div=433.81
21:22:42.581 CLOCK fold raw=508.45 prev=74.49 new=74.64 d=+0.154 fr=495.70 dt=0.202 rate=1.00 paused=False backlog=451.17 edge=525.81 div=433.81
21:22:42.683 CLOCK integ raw=508.45 prev=74.64 new=74.74 d=+0.102 fr=495.70 dt=0.102 rate=1.00 paused=False backlog=451.17 edge=525.91 div=433.81
21:22:42.785 CLOCK fold raw=508.71 prev=74.74 new=74.90 d=+0.158 fr=495.70 dt=0.101 rate=1.00 paused=False backlog=451.11 edge=526.02 div=433.81
21:22:42.886 CLOCK integ raw=508.71 prev=74.90 new=75.00 d=+0.101 fr=495.70 dt=0.101 rate=1.00 paused=False backlog=451.11 edge=526.12 div=433.81
21:22:42.887 EDGESNAP err=-3.20 edge->522.92
21:22:42.988 CLOCK fold raw=508.97 prev=75.00 new=75.16 d=+0.153 fr=495.70 dt=0.102 rate=1.00 paused=False backlog=447.87 edge=523.02 div=433.81
21:22:43.090 CLOCK integ raw=508.97 prev=75.16 new=75.26 d=+0.102 fr=495.70 dt=0.102 rate=1.00 paused=False backlog=447.87 edge=523.12 div=433.81
21:22:43.191 CLOCK integ raw=508.97 prev=75.26 new=75.36 d=+0.101 fr=495.70 dt=0.101 rate=1.00 paused=False backlog=447.87 edge=523.23 div=433.81
21:22:43.292 CLOCK fold raw=509.22 prev=75.36 new=75.41 d=+0.052 fr=495.70 dt=0.101 rate=1.00 paused=False backlog=447.92 edge=523.33 div=433.81
21:22:43.393 CLOCK integ raw=509.22 prev=75.41 new=75.51 d=+0.101 fr=495.70 dt=0.101 rate=1.00 paused=False backlog=447.92 edge=523.43 div=433.81
21:22:43.494 CLOCK fold raw=509.48 prev=75.51 new=75.67 d=+0.154 fr=495.70 dt=0.101 rate=1.00 paused=False backlog=447.86 edge=523.53 div=433.81
21:22:43.596 CLOCK integ raw=509.48 prev=75.67 new=75.77 d=+0.102 fr=495.70 dt=0.102 rate=1.00 paused=False backlog=447.86 edge=523.63 div=433.81
21:22:43.697 CLOCK integ raw=509.48 prev=75.77 new=75.87 d=+0.102 fr=495.70 dt=0.102 rate=1.00 paused=False backlog=447.86 edge=523.73 div=433.81
21:22:43.799 CLOCK fold raw=509.74 prev=75.87 new=75.92 d=+0.054 fr=495.70 dt=0.101 rate=1.00 paused=False backlog=447.91 edge=523.83 div=433.81
21:22:44.000 CLOCK fold raw=509.99 prev=75.92 new=76.18 d=+0.255 fr=495.70 dt=0.202 rate=1.00 paused=False backlog=447.86 edge=524.04 div=433.81
21:22:44.103 CLOCK integ raw=509.99 prev=76.18 new=76.28 d=+0.103 fr=495.70 dt=0.103 rate=1.00 paused=False backlog=447.86 edge=524.14 div=433.81
21:22:44.205 CLOCK integ raw=509.99 prev=76.28 new=76.38 d=+0.101 fr=495.70 dt=0.101 rate=1.00 paused=False backlog=447.86 edge=524.24 div=433.81
21:22:44.307 CLOCK fold raw=510.25 prev=76.38 new=76.43 d=+0.053 fr=495.70 dt=0.102 rate=1.00 paused=False backlog=447.91 edge=524.34 div=433.81
21:22:44.408 CLOCK integ raw=510.25 prev=76.43 new=76.54 d=+0.101 fr=501.77 dt=0.101 rate=1.00 paused=False backlog=447.91 edge=524.44 div=433.81
21:22:44.530 CUE cx=[519.79..522.79] adv=3.00 el=6.51 fresh | off=-0.41 fr=501.77 cc=76.54 raw=510.51 lead=+445.85 | pcr=525.590 head_rel=525.59 lag_ewma=4.66 | q=40 and a pickup of five. Some / more players to watch for / 
21:22:44.531 ANCHOR pend_end=522.79 L=4.01 pinL=2.80 target=-0.57 off=-0.41
21:22:44.531 CLOCK fold raw=510.51 prev=76.54 new=76.69 d=+0.158 fr=501.77 dt=0.123 rate=1.00 paused=False backlog=448.45 edge=525.14 div=433.81
21:22:44.632 CLOCK integ raw=510.51 prev=76.69 new=76.79 d=+0.101 fr=501.77 dt=0.101 rate=1.00 paused=False backlog=448.45 edge=525.24 div=433.81
21:22:44.733 CLOCK integ raw=510.51 prev=76.79 new=76.90 d=+0.101 fr=501.77 dt=0.101 rate=1.00 paused=False backlog=448.45 edge=525.34 div=433.81
21:22:44.733 CUE cx=[522.79..524.82] adv=2.03 el=0.22 fresh | off=-0.49 fr=501.77 cc=76.90 raw=510.51 lead=+447.44 | pcr=525.590 head_rel=525.59 lag_ewma=4.01 | q=more players to watch for / presented by empower. We got / o
21:22:44.836 ANCHOR pend_end=524.82 L=2.88 pinL=0.77 target=-0.12 off=-0.49
21:22:44.836 CLOCK fold raw=510.76 prev=76.90 new=76.95 d=+0.050 fr=502.20 dt=0.102 rate=1.00 paused=False backlog=448.62 edge=525.57 div=433.81
21:22:44.938 CLOCK integ raw=510.76 prev=76.95 new=77.05 d=+0.102 fr=502.20 dt=0.102 rate=1.00 paused=False backlog=449.48 edge=526.53 div=433.81
21:22:45.039 CLOCK fold raw=511.01 prev=77.05 new=77.20 d=+0.154 fr=502.20 dt=0.101 rate=1.00 paused=False backlog=449.43 edge=526.63 div=433.81
21:22:45.142 CLOCK integ raw=511.01 prev=77.20 new=77.30 d=+0.103 fr=502.20 dt=0.103 rate=1.00 paused=False backlog=449.43 edge=526.73 div=433.81
21:22:45.244 CLOCK integ raw=511.01 prev=77.30 new=77.41 d=+0.101 fr=502.20 dt=0.101 rate=1.00 paused=False backlog=449.43 edge=526.83 div=433.81
21:22:45.345 CLOCK fold raw=511.27 prev=77.41 new=77.46 d=+0.055 fr=502.20 dt=0.102 rate=1.00 paused=False backlog=449.47 edge=526.93 div=433.81
21:22:45.446 CLOCK integ raw=511.27 prev=77.46 new=77.56 d=+0.101 fr=502.20 dt=0.101 rate=1.00 paused=False backlog=449.47 edge=527.03 div=433.81
21:22:45.547 CLOCK fold raw=511.53 prev=77.56 new=77.71 d=+0.152 fr=502.20 dt=0.101 rate=1.00 paused=False backlog=449.42 edge=527.13 div=433.81
21:22:45.750 CLOCK integ raw=511.53 prev=77.71 new=77.92 d=+0.203 fr=502.20 dt=0.203 rate=1.00 paused=False backlog=449.42 edge=527.34 div=433.81
21:22:45.751 TICK fr=502.20 cc=77.92 raw=511.53 vid=511.53 playing=1 started=1 stall=0 | d_fr_cc=+424.29 d_fr_raw=-9.33 d_cc_raw=-433.61 | off=-0.31 ccx_end=524.82 since_show=0.0 since_cue=1.0 | pcr=527.279 pid=100 head_rel=527.28 ccx_lag=2.46 | credit=502.2 capped=0.0 | fsize=239024140 feed=239024140 feed_behind=0 | backlog=449.42 edge=527.34 div=433.81 lag_ewma=2.88
21:22:45.853 CLOCK fold raw=511.78 prev=77.92 new=77.97 d=+0.054 fr=502.20 dt=0.103 rate=1.00 paused=False backlog=449.47 edge=527.44 div=433.81
21:22:45.954 CLOCK integ raw=511.78 prev=77.97 new=78.07 d=+0.101 fr=502.20 dt=0.101 rate=1.00 paused=False backlog=449.47 edge=527.54 div=433.81
21:22:46.055 CLOCK fold raw=512.04 prev=78.07 new=78.23 d=+0.156 fr=502.20 dt=0.101 rate=1.00 paused=False backlog=449.42 edge=527.64 div=433.81
21:22:46.157 CLOCK integ raw=512.04 prev=78.23 new=78.33 d=+0.102 fr=502.20 dt=0.102 rate=1.00 paused=False backlog=449.42 edge=527.74 div=433.81
21:22:46.258 CLOCK integ raw=512.04 prev=78.33 new=78.43 d=+0.101 fr=502.20 dt=0.101 rate=1.00 paused=False backlog=449.42 edge=527.85 div=433.81
21:22:46.359 CLOCK fold raw=512.30 prev=78.43 new=78.48 d=+0.053 fr=502.20 dt=0.101 rate=1.00 paused=False backlog=449.46 edge=527.95 div=433.81
21:22:46.460 CLOCK integ raw=512.30 prev=78.48 new=78.58 d=+0.101 fr=502.20 dt=0.101 rate=1.00 paused=False backlog=449.46 edge=528.05 div=433.81
21:22:46.561 CLOCK fold raw=512.55 prev=78.58 new=78.74 d=+0.153 fr=502.20 dt=0.101 rate=1.00 paused=False backlog=449.41 edge=528.15 div=433.81
21:22:46.662 CLOCK integ raw=512.55 prev=78.74 new=78.84 d=+0.101 fr=502.20 dt=0.101 rate=1.00 paused=False backlog=449.41 edge=528.25 div=433.81
21:22:46.763 CLOCK integ raw=512.55 prev=78.84 new=78.94 d=+0.101 fr=502.20 dt=0.101 rate=1.00 paused=False backlog=449.41 edge=528.35 div=433.81
21:22:46.865 CLOCK fold raw=512.81 prev=78.94 new=79.00 d=+0.056 fr=502.20 dt=0.102 rate=1.00 paused=False backlog=448.92 edge=527.92 div=433.81
21:22:46.967 CLOCK integ raw=512.81 prev=79.00 new=79.10 d=+0.102 fr=502.20 dt=0.102 rate=1.00 paused=False backlog=448.92 edge=528.02 div=433.81
21:22:47.169 CLOCK fold raw=513.07 prev=79.10 new=79.25 d=+0.154 fr=502.20 dt=0.202 rate=1.00 paused=False backlog=448.97 edge=528.22 div=433.81
21:22:47.271 CLOCK integ raw=513.07 prev=79.25 new=79.35 d=+0.102 fr=502.20 dt=0.102 rate=1.00 paused=False backlog=448.97 edge=528.32 div=433.81
21:22:47.372 CLOCK fold raw=513.32 prev=79.35 new=79.51 d=+0.153 fr=502.20 dt=0.101 rate=1.00 paused=False backlog=448.92 edge=528.42 div=433.81
21:22:47.473 CLOCK integ raw=513.32 prev=79.51 new=79.61 d=+0.101 fr=502.20 dt=0.101 rate=1.00 paused=False backlog=448.92 edge=528.52 div=433.81
21:22:47.575 CLOCK fold raw=513.58 prev=79.61 new=79.76 d=+0.156 fr=502.20 dt=0.102 rate=1.00 paused=False backlog=448.86 edge=528.63 div=433.81
21:22:47.676 CLOCK integ raw=513.58 prev=79.76 new=79.86 d=+0.101 fr=502.20 dt=0.101 rate=1.00 paused=False backlog=448.86 edge=528.73 div=433.81
21:22:47.778 CLOCK integ raw=513.58 prev=79.86 new=79.97 d=+0.102 fr=502.20 dt=0.102 rate=1.00 paused=False backlog=448.86 edge=528.83 div=433.81
21:22:47.880 CLOCK fold raw=513.83 prev=79.97 new=80.02 d=+0.052 fr=502.20 dt=0.101 rate=1.00 paused=False backlog=448.91 edge=528.93 div=433.81
21:22:47.980 CLOCK integ raw=513.83 prev=80.02 new=80.12 d=+0.101 fr=502.20 dt=0.101 rate=1.00 paused=False backlog=448.91 edge=529.03 div=433.81
21:22:48.082 CLOCK fold raw=514.09 prev=80.12 new=80.27 d=+0.154 fr=502.20 dt=0.101 rate=1.00 paused=False backlog=448.86 edge=529.13 div=433.81
21:22:48.184 CLOCK integ raw=514.09 prev=80.27 new=80.37 d=+0.101 fr=502.20 dt=0.101 rate=1.00 paused=False backlog=448.86 edge=529.23 div=433.81
21:22:48.285 CLOCK integ raw=514.09 prev=80.37 new=80.48 d=+0.102 fr=502.20 dt=0.102 rate=1.00 paused=False backlog=448.86 edge=529.34 div=433.81
21:22:48.486 CLOCK fold raw=514.34 prev=80.48 new=80.53 d=+0.053 fr=502.20 dt=0.202 rate=1.00 paused=False backlog=449.01 edge=529.54 div=433.81
21:22:48.588 CLOCK integ raw=514.34 prev=80.53 new=80.63 d=+0.102 fr=502.20 dt=0.102 rate=1.00 paused=False backlog=449.01 edge=529.64 div=433.81
21:22:48.689 CLOCK fold raw=514.60 prev=80.63 new=80.79 d=+0.157 fr=502.20 dt=0.101 rate=1.00 paused=False backlog=448.95 edge=529.74 div=433.81
21:22:48.790 CLOCK integ raw=514.60 prev=80.79 new=80.89 d=+0.101 fr=502.20 dt=0.101 rate=1.00 paused=False backlog=448.95 edge=529.84 div=433.81
21:22:48.892 CLOCK fold raw=514.86 prev=80.89 new=81.04 d=+0.152 fr=502.20 dt=0.102 rate=1.00 paused=False backlog=448.90 edge=529.94 div=433.81
21:22:48.893 EDGESNAP err=-2.66 edge->527.28
21:22:48.994 CLOCK integ raw=514.86 prev=81.04 new=81.14 d=+0.102 fr=502.20 dt=0.102 rate=1.00 paused=False backlog=446.24 edge=527.38 div=433.81
21:22:49.095 CLOCK integ raw=514.86 prev=81.14 new=81.24 d=+0.101 fr=502.20 dt=0.101 rate=1.00 paused=False backlog=446.24 edge=527.48 div=433.81
21:22:49.196 CLOCK fold raw=515.11 prev=81.24 new=81.30 d=+0.054 fr=502.20 dt=0.101 rate=1.00 paused=False backlog=446.28 edge=527.58 div=433.81
21:22:49.298 CLOCK integ raw=515.11 prev=81.30 new=81.40 d=+0.101 fr=506.66 dt=0.101 rate=1.00 paused=False backlog=446.28 edge=527.68 div=433.81
21:22:49.399 CLOCK fold raw=515.37 prev=81.40 new=81.56 d=+0.158 fr=506.66 dt=0.101 rate=1.00 paused=False backlog=446.23 edge=527.79 div=433.81
21:22:49.501 CLOCK integ raw=515.37 prev=81.56 new=81.66 d=+0.102 fr=506.66 dt=0.102 rate=1.00 paused=False backlog=446.23 edge=527.89 div=433.81
21:22:49.603 CLOCK integ raw=515.37 prev=81.66 new=81.76 d=+0.102 fr=506.66 dt=0.102 rate=1.00 paused=False backlog=446.23 edge=527.99 div=433.81
21:22:49.705 CLOCK fold raw=515.62 prev=81.76 new=81.81 d=+0.048 fr=506.66 dt=0.102 rate=1.00 paused=False backlog=446.28 edge=528.09 div=433.81
21:22:49.807 CLOCK integ raw=515.62 prev=81.81 new=81.91 d=+0.102 fr=506.66 dt=0.102 rate=1.00 paused=False backlog=446.28 edge=528.19 div=433.81
21:22:50.009 CLOCK fold raw=515.88 prev=81.91 new=82.07 d=+0.155 fr=506.66 dt=0.202 rate=1.00 paused=False backlog=446.33 edge=528.40 div=433.81
21:22:50.111 CLOCK integ raw=515.88 prev=82.07 new=82.17 d=+0.102 fr=506.66 dt=0.102 rate=1.00 paused=False backlog=446.33 edge=528.50 div=433.81
21:22:50.213 CLOCK fold raw=516.13 prev=82.17 new=82.32 d=+0.152 fr=506.66 dt=0.102 rate=1.00 paused=False backlog=446.28 edge=528.60 div=433.81
21:22:50.314 CLOCK integ raw=516.13 prev=82.32 new=82.42 d=+0.101 fr=506.66 dt=0.101 rate=1.00 paused=False backlog=446.28 edge=528.70 div=433.81
21:22:50.415 CLOCK fold raw=516.39 prev=82.42 new=82.58 d=+0.155 fr=506.66 dt=0.101 rate=1.00 paused=False backlog=446.22 edge=528.80 div=433.81
21:22:50.531 CUE cx=[524.83..527.43] adv=2.60 el=5.78 fresh | off=-0.31 fr=507.88 cc=82.58 raw=516.39 lead=+444.54 | pcr=530.300 head_rel=530.30 lag_ewma=2.88 | q=presented by empower. We got / our players to watch Bo Nix, 
21:22:50.531 CUE cx=[527.43..529.23] adv=1.80 el=0.01 fresh | off=-0.31 fr=507.88 cc=82.58 raw=516.39 lead=+446.34 | pcr=530.300 head_rel=530.30 lag_ewma=2.88 | q=our players to watch Bo Nix, / Cameron Ross and Joseph Manja
21:22:50.531 ANCHOR pend_end=529.23 L=2.24 pinL=1.07 target=-0.37 off=-0.31
21:22:50.531 CLOCK integ raw=516.39 prev=82.58 new=82.69 d=+0.116 fr=507.88 dt=0.116 rate=1.00 paused=False backlog=447.35 edge=530.04 div=433.81
21:22:50.632 CLOCK integ raw=516.39 prev=82.69 new=82.79 d=+0.102 fr=507.88 dt=0.102 rate=1.00 paused=False backlog=447.35 edge=530.14 div=433.81
21:22:50.751 TICK fr=507.88 cc=82.79 raw=516.65 vid=516.39 playing=1 started=1 stall=0 | d_fr_cc=+425.09 d_fr_raw=-8.77 d_cc_raw=-433.85 | off=-0.34 ccx_end=529.23 since_show=0.1 since_cue=0.2 | pcr=531.074 pid=100 head_rel=531.07 ccx_lag=1.85 | credit=507.9 capped=0.0 | fsize=240822924 feed=240350480 feed_behind=472444 | backlog=447.35 edge=530.14 div=433.81 lag_ewma=2.24
21:22:50.752 CLOCK fold raw=516.65 prev=82.79 new=82.84 d=+0.041 fr=507.88 dt=0.119 rate=1.00 paused=False backlog=447.43 edge=530.26 div=433.81
21:22:50.853 CLOCK integ raw=516.65 prev=82.84 new=82.94 d=+0.101 fr=507.88 dt=0.101 rate=1.00 paused=False backlog=447.43 edge=530.36 div=433.81
21:22:50.955 CLOCK fold raw=516.90 prev=82.94 new=83.09 d=+0.154 fr=508.22 dt=0.102 rate=1.00 paused=False backlog=447.73 edge=530.82 div=433.81
21:22:50.956 CUE cx=[529.23..530.26] adv=1.03 el=0.43 fresh | off=-0.34 fr=508.22 cc=83.09 raw=516.90 lead=+446.83 | pcr=531.074 head_rel=531.07 lag_ewma=2.24 | q=Cameron Ross and Joseph Manjack, / the rookie receiver havin
21:22:51.057 ANCHOR pend_end=530.26 L=1.74 pinL=0.81 target=-0.13 off=-0.34
21:22:51.057 CLOCK integ raw=516.90 prev=83.09 new=83.19 d=+0.102 fr=508.22 dt=0.102 rate=1.00 paused=False backlog=447.86 edge=531.05 div=433.81
21:22:51.158 CLOCK fold raw=517.16 prev=83.19 new=83.35 d=+0.153 fr=508.22 dt=0.101 rate=1.00 paused=False backlog=447.80 edge=531.15 div=433.81
21:22:51.259 CLOCK integ raw=517.16 prev=83.35 new=83.45 d=+0.101 fr=508.22 dt=0.101 rate=1.00 paused=False backlog=447.80 edge=531.25 div=433.81
21:22:51.360 CLOCK integ raw=517.16 prev=83.45 new=83.55 d=+0.101 fr=508.22 dt=0.101 rate=1.00 paused=False backlog=447.80 edge=531.35 div=433.81
21:22:51.461 CLOCK fold raw=517.41 prev=83.55 new=83.60 d=+0.054 fr=508.22 dt=0.102 rate=1.00 paused=False backlog=447.85 edge=531.45 div=433.81
21:22:51.562 CLOCK integ raw=517.41 prev=83.60 new=83.70 d=+0.101 fr=508.22 dt=0.101 rate=1.00 paused=False backlog=447.85 edge=531.55 div=433.81
21:22:51.664 CLOCK integ raw=517.41 prev=83.70 new=83.80 d=+0.102 fr=508.22 dt=0.102 rate=1.00 paused=False backlog=447.85 edge=531.66 div=433.81
21:22:51.866 CLOCK fold raw=517.67 prev=83.80 new=83.86 d=+0.053 fr=508.22 dt=0.201 rate=1.00 paused=False backlog=448.00 edge=531.86 div=433.81
21:22:51.967 CLOCK fold raw=517.93 prev=83.86 new=84.11 d=+0.256 fr=508.22 dt=0.101 rate=1.00 paused=False backlog=447.85 edge=531.96 div=433.81
21:22:52.068 CLOCK integ raw=517.93 prev=84.11 new=84.21 d=+0.101 fr=508.22 dt=0.101 rate=1.00 paused=False backlog=447.85 edge=532.06 div=433.81
21:22:52.170 CLOCK integ raw=517.93 prev=84.21 new=84.32 d=+0.102 fr=508.22 dt=0.102 rate=1.00 paused=False backlog=447.85 edge=532.16 div=433.81
21:22:52.271 CLOCK fold raw=518.18 prev=84.32 new=84.37 d=+0.055 fr=508.22 dt=0.101 rate=1.00 paused=False backlog=447.89 edge=532.26 div=433.81
21:22:52.372 CLOCK integ raw=518.18 prev=84.37 new=84.47 d=+0.101 fr=508.22 dt=0.101 rate=1.00 paused=False backlog=447.89 edge=532.36 div=433.81
21:22:52.474 CLOCK fold raw=518.44 prev=84.47 new=84.63 d=+0.155 fr=508.22 dt=0.102 rate=1.00 paused=False backlog=447.84 edge=532.47 div=433.81
21:22:52.575 CLOCK integ raw=518.44 prev=84.63 new=84.73 d=+0.102 fr=508.22 dt=0.102 rate=1.00 paused=False backlog=447.84 edge=532.57 div=433.81
21:22:52.676 CLOCK integ raw=518.44 prev=84.73 new=84.83 d=+0.101 fr=508.22 dt=0.101 rate=1.00 paused=False backlog=447.84 edge=532.67 div=433.81
21:22:52.777 PHASE SCRUBBACK seek -120 s
21:22:52.777 XPORT chase_seek target=-35.17 raw_pre=518.70 fr=508.22 cc=84.83 vid=518.44 rate=1.00 safe=0.00 vlc=0.00 resume=False
21:22:52.777 SEED target=0.00 jump=False backlog=532.67 edge=532.67
21:22:52.779 CLOCK seed raw=0.00 prev=0.00 new=0.00 d=+0.000 fr=508.22 dt=0.001 rate=1.00 paused=False backlog=532.67 edge=532.67 div=433.81
21:22:52.883 CLOCK trickle raw=0.00 prev=0.00 new=0.00 d=+0.000 fr=508.22 dt=0.104 rate=1.00 paused=False backlog=531.87 edge=531.87 div=433.81
21:22:53.034 CLOCK trickle raw=0.00 prev=0.00 new=0.00 d=+0.000 fr=508.22 dt=0.152 rate=1.00 paused=False backlog=531.87 edge=531.87 div=433.81
21:22:53.136 CLOCK trickle raw=0.00 prev=0.00 new=0.00 d=+0.000 fr=508.22 dt=0.101 rate=1.00 paused=False backlog=531.87 edge=531.87 div=433.81
21:22:53.237 CLOCK trickle raw=0.00 prev=0.00 new=0.00 d=+0.000 fr=508.22 dt=0.101 rate=1.00 paused=False backlog=531.87 edge=531.87 div=433.81
21:22:53.340 CLOCK trickle raw=0.00 prev=0.00 new=0.00 d=+0.000 fr=508.22 dt=0.103 rate=1.00 paused=False backlog=531.87 edge=531.87 div=433.81
21:22:53.441 CLOCK trickle raw=0.00 prev=0.00 new=0.00 d=+0.000 fr=508.22 dt=0.102 rate=1.00 paused=False backlog=531.87 edge=531.87 div=433.81
21:22:53.543 CLOCK trickle raw=0.00 prev=0.00 new=0.00 d=+0.000 fr=508.22 dt=0.102 rate=1.00 paused=False backlog=531.87 edge=531.87 div=433.81
21:22:53.645 CLOCK trickle raw=0.00 prev=0.00 new=0.00 d=+0.000 fr=508.22 dt=0.103 rate=1.00 paused=False backlog=531.87 edge=531.87 div=433.81
21:22:53.748 CLOCK trickle raw=0.00 prev=0.00 new=0.00 d=+0.000 fr=508.22 dt=0.102 rate=1.00 paused=False backlog=531.87 edge=531.87 div=433.81
21:22:53.799 XPORT1s chase_seek raw=0.00 fr=508.22 cc=0.00 vid=0.00
21:22:53.850 CLOCK trickle raw=0.00 prev=0.00 new=0.00 d=+0.000 fr=508.22 dt=0.102 rate=1.00 paused=False backlog=531.87 edge=531.87 div=433.81
21:22:54.002 CLOCK trickle raw=0.00 prev=0.00 new=0.00 d=+0.000 fr=508.22 dt=0.152 rate=1.00 paused=False backlog=531.87 edge=531.87 div=433.81
21:22:54.103 CLOCK trickle raw=0.00 prev=0.00 new=0.00 d=+0.000 fr=508.22 dt=0.101 rate=1.00 paused=False backlog=531.87 edge=531.87 div=433.81
21:22:54.205 CLOCK trickle raw=0.00 prev=0.00 new=0.00 d=+0.000 fr=508.22 dt=0.101 rate=1.00 paused=False backlog=531.87 edge=531.87 div=433.81
21:22:54.306 CLOCK fold raw=0.28 prev=0.00 new=0.28 d=+0.276 fr=508.22 dt=0.102 rate=1.00 paused=False backlog=531.87 edge=532.15 div=303.67
21:22:54.408 CLOCK trickle raw=0.28 prev=0.28 new=0.28 d=+0.000 fr=508.22 dt=0.101 rate=1.00 paused=False backlog=531.87 edge=532.15 div=303.67
21:22:54.560 CLOCK fold raw=0.53 prev=0.28 new=0.53 d=+0.256 fr=508.22 dt=0.153 rate=1.00 paused=False backlog=531.61 edge=532.15 div=212.57
21:22:54.662 CLOCK trickle raw=0.53 prev=0.53 new=0.53 d=+0.000 fr=508.22 dt=0.101 rate=1.00 paused=False backlog=531.61 edge=532.15 div=212.57
21:22:54.763 CLOCK trickle raw=0.53 prev=0.53 new=0.53 d=+0.000 fr=508.22 dt=0.101 rate=1.00 paused=False backlog=531.61 edge=532.15 div=212.57
21:22:54.865 CLOCK fold raw=0.79 prev=0.53 new=0.79 d=+0.253 fr=508.22 dt=0.102 rate=1.00 paused=False backlog=531.36 edge=532.15 div=148.80
21:22:54.968 CLOCK trickle raw=0.79 prev=0.79 new=0.79 d=+0.000 fr=508.22 dt=0.103 rate=1.00 paused=False backlog=530.82 edge=531.61 div=148.80
21:22:55.071 CLOCK fold raw=1.04 prev=0.79 new=1.04 d=+0.256 fr=508.22 dt=0.103 rate=1.00 paused=False backlog=530.57 edge=531.61 div=104.16
21:22:55.172 CLOCK trickle raw=1.04 prev=1.04 new=1.04 d=+0.000 fr=508.22 dt=0.102 rate=1.00 paused=False backlog=530.57 edge=531.61 div=104.16
21:22:55.324 CLOCK fold raw=1.30 prev=1.04 new=1.30 d=+0.259 fr=508.22 dt=0.152 rate=1.00 paused=False backlog=530.31 edge=531.61 div=72.91
21:22:55.427 CLOCK trickle raw=1.30 prev=1.30 new=1.30 d=+0.000 fr=512.69 dt=0.103 rate=1.00 paused=False backlog=530.31 edge=531.61 div=72.91
21:22:55.529 CLOCK trickle raw=1.30 prev=1.30 new=1.30 d=+0.000 fr=512.69 dt=0.102 rate=1.00 paused=False backlog=530.31 edge=531.61 div=72.91
21:22:55.631 CLOCK fold raw=1.56 prev=1.30 new=1.56 d=+0.257 fr=512.69 dt=0.102 rate=1.00 paused=False backlog=530.05 edge=531.61 div=51.04
21:22:55.699 TICK fr=512.69 cc=1.56 raw=1.56 vid=1.30 playing=1 started=1 stall=0 | d_fr_cc=+511.14 d_fr_raw=+511.14 d_cc_raw=+0.00 | off=-0.23 ccx_end=530.26 since_show=3.0 since_cue=4.7 | pcr=534.307 pid=100 head_rel=534.31 ccx_lag=4.04 | credit=512.7 capped=0.0 | fsize=242324104 feed=242137796 feed_behind=186308 | backlog=530.05 edge=531.61 div=51.04 lag_ewma=1.74
21:22:55.701 EDGESNAP err=+2.70 edge->534.31
21:22:55.701 CUE cx=[530.26..531.70] adv=1.43 el=4.74 fresh | off=-0.23 fr=512.69 cc=1.56 raw=1.56 lead=+529.91 | pcr=534.307 head_rel=534.31 lag_ewma=4.44 | q=the rookie receiver having / himself a game in the fourth / 
21:22:55.701 CUE cx=[531.70..532.90] adv=1.20 el=0.00 fresh | off=-0.23 fr=512.69 cc=1.56 raw=1.56 lead=+531.11 | pcr=534.307 head_rel=534.31 lag_ewma=4.44 | q=himself a game in the fourth / quarter game one against / At
21:22:55.752 ANCHOR pend_end=532.90 L=3.38 pinL=1.41 target=0.00 off=-0.23
21:22:55.753 CLOCK integ raw=1.56 prev=1.56 new=1.68 d=+0.122 fr=513.12 dt=0.122 rate=1.00 paused=False backlog=532.75 edge=534.43 div=51.04
21:22:55.854 CLOCK fold raw=1.81 prev=1.68 new=1.81 d=+0.130 fr=513.12 dt=0.101 rate=1.00 paused=False backlog=532.72 edge=534.53 div=35.73
21:22:55.945 CLOCK integ raw=1.81 prev=1.81 new=1.90 d=+0.092 fr=513.12 dt=0.092 rate=1.00 paused=False backlog=532.72 edge=534.62 div=35.73
21:22:56.068 CLOCK fold raw=2.07 prev=1.90 new=2.07 d=+0.166 fr=513.12 dt=0.123 rate=1.00 paused=False backlog=532.68 edge=534.74 div=25.01
21:22:56.161 CLOCK integ raw=2.07 prev=2.07 new=2.16 d=+0.092 fr=513.12 dt=0.092 rate=1.00 paused=False backlog=532.68 edge=534.84 div=25.01
21:22:56.283 CLOCK integ raw=2.07 prev=2.16 new=2.28 d=+0.123 fr=513.12 dt=0.123 rate=1.00 paused=False backlog=532.68 edge=534.96 div=25.01
21:22:56.375 CLOCK fold raw=2.32 prev=2.28 new=2.32 d=+0.039 fr=513.12 dt=0.092 rate=1.00 paused=False backlog=532.73 edge=535.05 div=17.51
21:22:56.498 CLOCK integ raw=2.32 prev=2.32 new=2.44 d=+0.123 fr=513.12 dt=0.123 rate=1.00 paused=False backlog=532.73 edge=535.17 div=17.51
21:22:56.590 CLOCK fold raw=2.58 prev=2.44 new=2.58 d=+0.133 fr=513.12 dt=0.092 rate=1.00 paused=False backlog=532.69 edge=535.27 div=12.25
21:22:56.713 CLOCK integ raw=2.58 prev=2.58 new=2.70 d=+0.122 fr=513.12 dt=0.122 rate=1.00 paused=False backlog=532.69 edge=535.39 div=12.25
21:22:56.836 CLOCK fold raw=2.84 prev=2.70 new=2.84 d=+0.137 fr=513.12 dt=0.123 rate=1.00 paused=False backlog=532.67 edge=535.51 div=8.58
21:22:56.968 CLOCK integ raw=2.84 prev=2.84 new=2.97 d=+0.133 fr=513.12 dt=0.133 rate=1.00 paused=False backlog=532.07 edge=535.04 div=8.58
21:22:57.069 CLOCK integ raw=2.84 prev=2.97 new=3.07 d=+0.101 fr=513.12 dt=0.101 rate=1.00 paused=False backlog=532.07 edge=535.14 div=8.58
21:22:57.171 CLOCK fold raw=3.09 prev=3.07 new=3.09 d=+0.020 fr=513.12 dt=0.101 rate=1.00 paused=False backlog=532.15 edge=535.24 div=6.00
21:22:57.272 CLOCK integ raw=3.09 prev=3.09 new=3.19 d=+0.101 fr=513.12 dt=0.101 rate=1.00 paused=False backlog=532.15 edge=535.34 div=6.00
21:22:57.374 CLOCK fold raw=3.35 prev=3.19 new=3.35 d=+0.155 fr=514.74 dt=0.102 rate=1.00 paused=False backlog=532.10 edge=535.45 div=4.20
21:22:57.475 CLOCK integ raw=3.35 prev=3.35 new=3.45 d=+0.102 fr=514.74 dt=0.102 rate=1.00 paused=False backlog=532.10 edge=535.55 div=4.20
21:22:57.580 CLOCK integ raw=3.35 prev=3.45 new=3.55 d=+0.105 fr=514.74 dt=0.105 rate=1.00 paused=False backlog=532.10 edge=535.65 div=4.20
21:22:57.715 EDGESNAP err=+3.16 edge->538.81
21:22:57.716 CUE cx=[532.90..534.57] adv=1.67 el=1.98 fresh | off=-0.12 fr=514.74 cc=3.55 raw=3.60 lead=+530.90 | pcr=538.810 head_rel=538.81 lag_ewma=6.53 | q=quarter game one against / Atlanta. These three players / ar
21:22:57.716 ANCHOR pend_end=534.57 L=5.73 pinL=4.24 target=0.00 off=-0.12
21:22:57.717 CLOCK fold raw=3.60 prev=3.55 new=3.60 d=+0.048 fr=514.74 dt=0.137 rate=1.00 paused=False backlog=535.35 edge=538.95 div=2.94
21:22:57.818 CLOCK integ raw=3.60 prev=3.60 new=1.66 d=-1.942 fr=515.18 dt=0.101 rate=1.00 paused=False backlog=537.39 edge=539.05 div=2.94
21:22:57.919 CLOCK renum raw=3.86 prev=1.66 new=1.76 d=+0.101 fr=515.18 dt=0.101 rate=1.00 paused=False backlog=537.39 edge=539.15 div=2.10 reject=jump(+2.10)
21:22:58.039 EDGESNAP err=+2.55 edge->541.69
21:22:58.039 CUE cx=[534.57..537.50] adv=2.94 el=0.34 fresh | off=-0.06 fr=515.18 cc=1.76 raw=3.86 lead=+535.68 | pcr=541.694 head_rel=541.69 lag_ewma=8.28 | q=Atlanta. These three players / are going to keep you keep yo
21:22:58.039 CUE cx=[537.50..538.94] adv=1.44 el=0.02 fresh | off=-0.06 fr=515.18 cc=1.76 raw=3.86 lead=+537.12 | pcr=541.694 head_rel=541.69 lag_ewma=8.28 | q=are going to keep you keep your / attention for the whole ga
21:22:58.040 ANCHOR pend_end=538.94 L=6.35 pinL=2.76 target=0.00 off=-0.06
21:22:58.040 CLOCK integ raw=3.86 prev=1.76 new=1.88 d=+0.121 fr=515.18 dt=0.121 rate=1.00 paused=False backlog=539.93 edge=541.81 div=2.10
21:22:58.141 CLOCK fold raw=4.11 prev=1.88 new=2.02 d=+0.136 fr=515.18 dt=0.101 rate=1.00 paused=False backlog=539.90 edge=541.92 div=2.10
21:22:58.242 CUE cx=[538.94..541.01] adv=2.07 el=0.20 fresh | off=-0.03 fr=515.61 cc=2.02 raw=4.11 lead=+538.96 | pcr=541.694 head_rel=541.69 lag_ewma=6.35 | q=attention for the whole game. / Starting lineups brought to 
21:22:58.243 ANCHOR pend_end=541.01 L=4.37 pinL=0.69 target=0.11 off=-0.03
21:22:58.243 CLOCK integ raw=4.11 prev=2.02 new=2.12 d=+0.102 fr=515.61 dt=0.102 rate=1.00 paused=False backlog=539.79 edge=541.91 div=2.10
21:22:58.344 CLOCK integ raw=4.11 prev=2.12 new=2.22 d=+0.101 fr=515.61 dt=0.101 rate=1.00 paused=False backlog=539.79 edge=542.01 div=2.10
21:22:58.545 CLOCK fold raw=4.37 prev=2.22 new=2.27 d=+0.054 fr=515.61 dt=0.201 rate=1.00 paused=False backlog=539.94 edge=542.21 div=2.10
21:22:58.646 CLOCK fold raw=4.62 prev=2.27 new=2.53 d=+0.254 fr=515.61 dt=0.101 rate=1.00 paused=False backlog=539.78 edge=542.31 div=2.10
21:22:58.748 CLOCK integ raw=4.62 prev=2.53 new=2.63 d=+0.101 fr=515.61 dt=0.101 rate=1.00 paused=False backlog=539.78 edge=542.41 div=2.10
21:22:58.849 CLOCK integ raw=4.62 prev=2.63 new=2.73 d=+0.102 fr=515.61 dt=0.102 rate=1.00 paused=False backlog=539.78 edge=542.51 div=2.10
21:22:58.951 CLOCK fold raw=4.88 prev=2.73 new=2.78 d=+0.053 fr=515.61 dt=0.101 rate=1.00 paused=False backlog=539.42 edge=542.21 div=2.10
21:22:59.053 CLOCK integ raw=4.88 prev=2.78 new=2.89 d=+0.102 fr=515.61 dt=0.102 rate=1.00 paused=False backlog=539.42 edge=542.31 div=2.10
21:22:59.155 CLOCK fold raw=5.14 prev=2.89 new=3.04 d=+0.157 fr=515.61 dt=0.102 rate=1.00 paused=False backlog=539.37 edge=542.41 div=2.10
21:22:59.256 CLOCK integ raw=5.14 prev=3.04 new=3.14 d=+0.101 fr=515.61 dt=0.101 rate=1.00 paused=False backlog=539.37 edge=542.51 div=2.10
21:22:59.357 CLOCK integ raw=5.14 prev=3.14 new=3.25 d=+0.101 fr=515.61 dt=0.101 rate=1.00 paused=False backlog=539.37 edge=542.61 div=2.10
21:22:59.461 CLOCK fold raw=5.39 prev=3.25 new=3.30 d=+0.053 fr=515.61 dt=0.104 rate=1.00 paused=False backlog=539.42 edge=542.71 div=2.10
21:22:59.561 CLOCK integ raw=5.39 prev=3.30 new=3.40 d=+0.100 fr=515.61 dt=0.100 rate=1.00 paused=False backlog=539.42 edge=542.82 div=2.10
21:22:59.663 CLOCK fold raw=5.65 prev=3.40 new=3.55 d=+0.154 fr=515.61 dt=0.102 rate=1.00 paused=False backlog=539.36 edge=542.92 div=2.10
21:22:59.764 CLOCK integ raw=5.65 prev=3.55 new=3.65 d=+0.101 fr=515.61 dt=0.101 rate=1.00 paused=False backlog=539.36 edge=543.02 div=2.10
21:22:59.866 CLOCK integ raw=5.65 prev=3.65 new=3.75 d=+0.101 fr=515.61 dt=0.101 rate=1.00 paused=False backlog=539.36 edge=543.12 div=2.10
21:23:00.069 CLOCK fold raw=5.91 prev=3.75 new=3.81 d=+0.054 fr=515.61 dt=0.204 rate=1.00 paused=False backlog=539.52 edge=543.32 div=2.10
21:23:00.171 CLOCK fold raw=6.17 prev=3.81 new=4.07 d=+0.260 fr=515.61 dt=0.102 rate=1.00 paused=False backlog=539.36 edge=543.42 div=2.10
21:23:00.272 CLOCK integ raw=6.17 prev=4.07 new=4.17 d=+0.101 fr=515.61 dt=0.101 rate=1.00 paused=False backlog=539.36 edge=543.53 div=2.10
21:23:00.373 CLOCK integ raw=6.17 prev=4.17 new=4.27 d=+0.101 fr=515.61 dt=0.101 rate=1.00 paused=False backlog=539.36 edge=543.63 div=2.10
21:23:00.474 CLOCK fold raw=6.42 prev=4.27 new=4.32 d=+0.050 fr=515.61 dt=0.101 rate=1.00 paused=False backlog=539.41 edge=543.73 div=2.10
21:23:00.575 CLOCK integ raw=6.42 prev=4.32 new=4.42 d=+0.101 fr=515.61 dt=0.101 rate=1.00 paused=False backlog=539.41 edge=543.83 div=2.10
21:23:00.676 CLOCK fold raw=6.68 prev=4.42 new=4.58 d=+0.158 fr=515.61 dt=0.101 rate=1.00 paused=False backlog=539.35 edge=543.93 div=2.10
21:23:00.677 TICK fr=515.61 cc=4.58 raw=6.68 vid=6.68 playing=1 started=1 stall=0 | d_fr_cc=+511.03 d_fr_raw=+508.93 d_cc_raw=-2.10 | off=0.04 ccx_end=541.01 since_show=8.0 since_cue=2.4 | pcr=541.694 pid=100 head_rel=541.69 ccx_lag=0.69 | credit=515.6 capped=0.0 | fsize=245544732 feed=245544732 feed_behind=0 | backlog=539.35 edge=543.93 div=2.10 lag_ewma=4.37
21:23:00.779 CLOCK integ raw=6.68 prev=4.58 new=4.68 d=+0.103 fr=515.61 dt=0.103 rate=1.00 paused=False backlog=539.35 edge=544.03 div=2.10
21:23:00.880 CLOCK integ raw=6.68 prev=4.68 new=4.78 d=+0.101 fr=515.61 dt=0.101 rate=1.00 paused=False backlog=539.35 edge=544.13 div=2.10
21:23:00.982 CLOCK fold raw=6.93 prev=4.78 new=4.83 d=+0.050 fr=515.61 dt=0.103 rate=1.00 paused=False backlog=538.18 edge=543.02 div=2.10
21:23:01.084 CLOCK integ raw=6.93 prev=4.83 new=4.93 d=+0.101 fr=515.61 dt=0.101 rate=1.00 paused=False backlog=538.18 edge=543.12 div=2.10
21:23:01.185 CLOCK fold raw=7.18 prev=4.93 new=5.09 d=+0.154 fr=515.61 dt=0.101 rate=1.00 paused=False backlog=538.13 edge=543.22 div=2.10
21:23:01.387 CLOCK integ raw=7.18 prev=5.09 new=5.29 d=+0.202 fr=515.61 dt=0.202 rate=1.00 paused=False backlog=538.13 edge=543.42 div=2.10
21:23:01.490 CLOCK fold raw=7.44 prev=5.29 new=5.35 d=+0.057 fr=515.61 dt=0.102 rate=1.00 paused=False backlog=538.18 edge=543.52 div=2.10
21:23:01.590 CLOCK integ raw=7.44 prev=5.35 new=5.45 d=+0.102 fr=515.61 dt=0.102 rate=1.00 paused=False backlog=538.18 edge=543.62 div=2.10
21:23:01.691 CLOCK fold raw=7.70 prev=5.45 new=5.60 d=+0.151 fr=515.61 dt=0.101 rate=1.00 paused=False backlog=538.13 edge=543.73 div=2.10
21:23:01.792 CLOCK integ raw=7.70 prev=5.60 new=5.70 d=+0.101 fr=515.61 dt=0.101 rate=1.00 paused=False backlog=538.13 edge=543.83 div=2.10
21:23:01.894 CLOCK integ raw=7.70 prev=5.70 new=5.80 d=+0.102 fr=515.61 dt=0.102 rate=1.00 paused=False backlog=538.13 edge=543.93 div=2.10
21:23:01.996 CLOCK fold raw=7.95 prev=5.80 new=5.86 d=+0.054 fr=515.61 dt=0.102 rate=1.00 paused=False backlog=538.17 edge=544.03 div=2.10
21:23:02.097 CLOCK integ raw=7.95 prev=5.86 new=5.96 d=+0.102 fr=515.61 dt=0.102 rate=1.00 paused=False backlog=538.17 edge=544.13 div=2.10
21:23:02.199 CLOCK fold raw=8.21 prev=5.96 new=6.12 d=+0.156 fr=515.61 dt=0.101 rate=1.00 paused=False backlog=538.12 edge=544.23 div=2.10
21:23:02.300 CLOCK integ raw=8.21 prev=6.12 new=6.22 d=+0.102 fr=519.67 dt=0.102 rate=1.00 paused=False backlog=538.12 edge=544.33 div=2.10
21:23:02.402 CLOCK integ raw=8.21 prev=6.22 new=6.32 d=+0.101 fr=519.67 dt=0.101 rate=1.00 paused=False backlog=538.12 edge=544.44 div=2.10
21:23:02.503 CLOCK fold raw=8.47 prev=6.32 new=6.37 d=+0.054 fr=519.67 dt=0.101 rate=1.00 paused=False backlog=538.16 edge=544.54 div=2.10
21:23:02.603 CLOCK integ raw=8.47 prev=6.37 new=6.47 d=+0.101 fr=519.67 dt=0.101 rate=1.00 paused=False backlog=538.16 edge=544.64 div=2.10
21:23:02.806 CUE cx=[541.01..543.58] adv=2.57 el=4.56 fresh | off=0.04 fr=520.07 cc=6.47 raw=8.72 lead=+537.14 | pcr=546.118 head_rel=546.12 lag_ewma=4.37 | q=Starting lineups brought to you / by empower. Make your game
21:23:02.806 ANCHOR pend_end=543.58 L=3.73 pinL=2.54 target=-0.74 off=0.04
21:23:02.806 CLOCK fold raw=8.72 prev=6.47 new=6.62 d=+0.151 fr=520.07 dt=0.202 rate=1.00 paused=False backlog=538.96 edge=545.58 div=2.10
21:23:02.908 CLOCK integ raw=8.72 prev=6.62 new=6.73 d=+0.102 fr=520.07 dt=0.102 rate=1.00 paused=False backlog=538.96 edge=545.68 div=2.10
21:23:03.009 CLOCK fold raw=8.98 prev=6.73 new=6.88 d=+0.156 fr=520.07 dt=0.102 rate=1.00 paused=False backlog=539.12 edge=546.00 div=2.10
21:23:03.110 CLOCK integ raw=8.98 prev=6.88 new=6.98 d=+0.101 fr=520.07 dt=0.101 rate=1.00 paused=False backlog=539.12 edge=546.10 div=2.10
21:23:03.212 CLOCK integ raw=8.98 prev=6.98 new=7.08 d=+0.102 fr=520.07 dt=0.102 rate=1.00 paused=False backlog=539.12 edge=546.20 div=2.10
21:23:03.313 CLOCK fold raw=9.23 prev=7.08 new=7.14 d=+0.052 fr=520.07 dt=0.101 rate=1.00 paused=False backlog=539.17 edge=546.30 div=2.10
21:23:03.414 CLOCK integ raw=9.23 prev=7.14 new=7.24 d=+0.101 fr=520.07 dt=0.101 rate=1.00 paused=False backlog=539.17 edge=546.41 div=2.10
21:23:03.515 CLOCK fold raw=9.49 prev=7.24 new=7.39 d=+0.154 fr=520.07 dt=0.101 rate=1.00 paused=False backlog=539.11 edge=546.51 div=2.10
21:23:03.617 CLOCK integ raw=9.49 prev=7.39 new=7.49 d=+0.102 fr=520.07 dt=0.102 rate=1.00 paused=False backlog=539.11 edge=546.61 div=2.10
21:23:03.719 CLOCK integ raw=9.49 prev=7.49 new=7.60 d=+0.102 fr=520.07 dt=0.102 rate=1.00 paused=False backlog=539.11 edge=546.71 div=2.10
21:23:03.821 CLOCK fold raw=9.74 prev=7.60 new=7.65 d=+0.052 fr=520.07 dt=0.101 rate=1.00 paused=False backlog=539.16 edge=546.81 div=2.10
21:23:03.922 CLOCK integ raw=9.74 prev=7.65 new=7.75 d=+0.102 fr=520.07 dt=0.102 rate=1.00 paused=False backlog=539.16 edge=546.91 div=2.10
21:23:04.024 CLOCK fold raw=10.00 prev=7.75 new=7.91 d=+0.155 fr=520.07 dt=0.102 rate=1.00 paused=False backlog=539.11 edge=547.02 div=2.10
21:23:04.226 CLOCK integ raw=10.00 prev=7.91 new=8.11 d=+0.202 fr=520.07 dt=0.202 rate=1.00 paused=False backlog=539.11 edge=547.22 div=2.10
21:23:04.328 CLOCK fold raw=10.26 prev=8.11 new=8.16 d=+0.055 fr=520.07 dt=0.101 rate=1.00 paused=False backlog=539.16 edge=547.32 div=2.10
21:23:04.430 CLOCK integ raw=10.26 prev=8.16 new=8.26 d=+0.102 fr=520.07 dt=0.102 rate=1.00 paused=False backlog=539.16 edge=547.42 div=2.10
21:23:04.531 CLOCK fold raw=10.51 prev=8.26 new=8.42 d=+0.152 fr=520.07 dt=0.102 rate=1.00 paused=False backlog=539.11 edge=547.52 div=2.10
21:23:04.633 CLOCK integ raw=10.51 prev=8.42 new=8.52 d=+0.102 fr=520.07 dt=0.102 rate=1.00 paused=False backlog=539.11 edge=547.62 div=2.10
21:23:04.735 CLOCK integ raw=10.51 prev=8.52 new=8.62 d=+0.101 fr=520.07 dt=0.101 rate=1.00 paused=False backlog=539.11 edge=547.73 div=2.10
21:23:04.837 CLOCK fold raw=10.77 prev=8.62 new=8.68 d=+0.058 fr=520.07 dt=0.104 rate=1.00 paused=False backlog=539.15 edge=547.83 div=2.10
21:23:04.943 CLOCK integ raw=10.77 prev=8.68 new=8.78 d=+0.106 fr=520.07 dt=0.106 rate=1.00 paused=False backlog=538.30 edge=547.08 div=2.10
21:23:05.044 CLOCK fold raw=11.03 prev=8.78 new=8.93 d=+0.146 fr=520.07 dt=0.102 rate=1.00 paused=False backlog=538.25 edge=547.18 div=2.10
21:23:05.147 CLOCK integ raw=11.03 prev=8.93 new=9.03 d=+0.103 fr=520.07 dt=0.103 rate=1.00 paused=False backlog=538.25 edge=547.28 div=2.10
21:23:05.249 CLOCK integ raw=11.03 prev=9.03 new=9.13 d=+0.102 fr=520.07 dt=0.102 rate=1.00 paused=False backlog=538.25 edge=547.38 div=2.10
21:23:05.351 CLOCK fold raw=11.28 prev=9.13 new=9.18 d=+0.050 fr=520.07 dt=0.103 rate=1.00 paused=False backlog=538.30 edge=547.49 div=2.10
21:23:05.454 CLOCK integ raw=11.28 prev=9.18 new=9.29 d=+0.101 fr=520.07 dt=0.101 rate=1.00 paused=False backlog=538.30 edge=547.59 div=2.10
21:23:05.656 CLOCK fold raw=11.54 prev=9.29 new=9.44 d=+0.155 fr=520.07 dt=0.203 rate=1.00 paused=False backlog=538.35 edge=547.79 div=2.10
21:23:05.758 TICK fr=520.07 cc=9.44 raw=11.54 vid=11.54 playing=1 started=1 stall=0 | d_fr_cc=+510.63 d_fr_raw=+508.53 d_cc_raw=-2.10 | off=-0.35 ccx_end=543.58 since_show=13.1 since_cue=3.0 | pcr=546.118 pid=100 head_rel=546.12 ccx_lag=2.54 | credit=520.1 capped=0.0 | fsize=247645256 feed=247645256 feed_behind=0 | backlog=538.35 edge=547.79 div=2.10 lag_ewma=3.73
21:23:05.759 CLOCK integ raw=11.54 prev=9.44 new=9.54 d=+0.103 fr=520.07 dt=0.103 rate=1.00 paused=False backlog=538.35 edge=547.89 div=2.10
21:23:05.761 REBASE why=watchdog shift=+2.13 off=1.78
21:23:05.862 CLOCK fold raw=11.80 prev=9.54 new=9.70 d=+0.157 fr=520.07 dt=0.103 rate=1.00 paused=False backlog=538.30 edge=548.00 div=2.10
21:23:05.963 CLOCK integ raw=11.80 prev=9.70 new=9.80 d=+0.101 fr=520.07 dt=0.101 rate=1.00 paused=False backlog=538.30 edge=548.10 div=2.10
21:23:06.064 CLOCK fold raw=12.05 prev=9.80 new=9.95 d=+0.152 fr=520.07 dt=0.101 rate=1.00 paused=False backlog=538.25 edge=548.20 div=2.10
21:23:06.165 CLOCK integ raw=12.05 prev=9.95 new=10.05 d=+0.101 fr=520.07 dt=0.101 rate=1.00 paused=False backlog=538.25 edge=548.30 div=2.10
21:23:06.266 CLOCK integ raw=12.05 prev=10.05 new=10.16 d=+0.101 fr=520.07 dt=0.101 rate=1.00 paused=False backlog=538.25 edge=548.40 div=2.10
21:23:06.370 CLOCK fold raw=12.31 prev=10.16 new=10.21 d=+0.055 fr=520.07 dt=0.104 rate=1.00 paused=False backlog=538.30 edge=548.51 div=2.10
21:23:06.473 CLOCK integ raw=12.31 prev=10.21 new=10.31 d=+0.102 fr=520.07 dt=0.102 rate=1.00 paused=False backlog=538.30 edge=548.61 div=2.10
21:23:06.576 CLOCK fold raw=12.56 prev=10.31 new=10.47 d=+0.153 fr=520.07 dt=0.103 rate=1.00 paused=False backlog=538.25 edge=548.71 div=2.10
21:23:06.678 CLOCK integ raw=12.56 prev=10.47 new=10.57 d=+0.103 fr=520.07 dt=0.103 rate=1.00 paused=False backlog=538.25 edge=548.81 div=2.10
21:23:06.783 CLOCK integ raw=12.56 prev=10.57 new=10.67 d=+0.104 fr=520.07 dt=0.104 rate=1.00 paused=False backlog=538.25 edge=548.92 div=2.10
21:23:06.885 EDGESNAP err=-2.80 edge->546.12
21:23:06.888 CLOCK fold raw=12.82 prev=10.67 new=10.72 d=+0.049 fr=520.07 dt=0.106 rate=1.00 paused=False backlog=535.50 edge=546.22 div=2.10
21:23:06.989 CLOCK integ raw=12.82 prev=10.72 new=10.82 d=+0.101 fr=520.07 dt=0.101 rate=1.00 paused=False backlog=535.50 edge=546.32 div=2.10
21:23:07.191 CLOCK fold raw=13.08 prev=10.82 new=10.98 d=+0.158 fr=520.07 dt=0.202 rate=1.00 paused=False backlog=535.55 edge=546.53 div=2.10
21:23:07.292 CLOCK integ raw=13.08 prev=10.98 new=11.08 d=+0.101 fr=520.07 dt=0.101 rate=1.00 paused=False backlog=535.55 edge=546.63 div=2.10
21:23:07.393 CLOCK fold raw=13.33 prev=11.08 new=11.23 d=+0.154 fr=520.07 dt=0.102 rate=1.00 paused=False backlog=535.50 edge=546.73 div=2.10
21:23:07.494 CLOCK integ raw=13.33 prev=11.23 new=11.34 d=+0.101 fr=520.07 dt=0.101 rate=1.00 paused=False backlog=535.50 edge=546.83 div=2.10
21:23:07.517 CUE cx=[543.58..545.74] adv=2.17 el=4.69 fresh | off=1.78 fr=520.07 cc=11.34 raw=13.33 lead=+536.19 | pcr=548.506 head_rel=548.51 lag_ewma=3.73 | q=by empower. Make your game plan / for financial / freedom@em
21:23:07.632 ANCHOR pend_end=545.74 L=3.39 pinL=2.76 target=-0.84 off=1.78
21:23:07.632 CLOCK fold raw=13.59 prev=11.34 new=11.49 d=+0.153 fr=524.89 dt=0.138 rate=1.00 paused=False backlog=536.32 edge=547.81 div=2.10
21:23:07.734 CLOCK integ raw=13.59 prev=11.49 new=11.59 d=+0.102 fr=524.89 dt=0.102 rate=1.00 paused=False backlog=536.32 edge=547.91 div=2.10
21:23:07.835 CLOCK fold raw=13.84 prev=11.59 new=11.75 d=+0.157 fr=524.89 dt=0.101 rate=1.00 paused=False backlog=536.26 edge=548.01 div=2.10
21:23:07.937 CLOCK integ raw=13.84 prev=11.75 new=11.85 d=+0.102 fr=524.89 dt=0.102 rate=1.00 paused=False backlog=536.26 edge=548.11 div=2.10
21:23:08.039 CUE cx=[545.75..548.25] adv=2.50 el=0.54 fresh | off=0.47 fr=525.30 cc=11.85 raw=13.84 lead=+536.87 | pcr=549.492 head_rel=549.49 lag_ewma=3.39 | q=for financial / freedom@empower.com. Second / down and five 
21:23:08.039 ANCHOR pend_end=548.25 L=2.64 pinL=1.25 target=-0.69 off=0.47
21:23:08.039 CLOCK integ raw=13.84 prev=11.85 new=11.95 d=+0.102 fr=525.30 dt=0.102 rate=1.00 paused=False backlog=536.95 edge=548.90 div=2.10
21:23:08.142 CLOCK fold raw=14.10 prev=11.95 new=12.00 d=+0.053 fr=525.30 dt=0.103 rate=1.00 paused=False backlog=537.00 edge=549.01 div=2.10
21:23:08.244 CLOCK integ raw=14.10 prev=12.00 new=12.11 d=+0.102 fr=525.30 dt=0.102 rate=1.00 paused=False backlog=537.00 edge=549.11 div=2.10
21:23:08.345 CLOCK fold raw=14.35 prev=12.11 new=12.26 d=+0.151 fr=525.30 dt=0.101 rate=1.00 paused=False backlog=536.95 edge=549.21 div=2.10
21:23:08.447 CLOCK integ raw=14.35 prev=12.26 new=12.36 d=+0.102 fr=525.30 dt=0.102 rate=1.00 paused=False backlog=536.95 edge=549.31 div=2.10
21:23:08.548 CLOCK integ raw=14.35 prev=12.36 new=12.46 d=+0.101 fr=525.30 dt=0.101 rate=1.00 paused=False backlog=536.95 edge=549.41 div=2.10
21:23:08.650 CLOCK fold raw=14.61 prev=12.46 new=12.52 d=+0.055 fr=525.30 dt=0.102 rate=1.00 paused=False backlog=537.00 edge=549.51 div=2.10
21:23:08.751 CLOCK integ raw=14.61 prev=12.52 new=12.62 d=+0.101 fr=525.30 dt=0.101 rate=1.00 paused=False backlog=537.00 edge=549.61 div=2.10
21:23:08.852 CLOCK fold raw=14.87 prev=12.62 new=12.77 d=+0.152 fr=525.30 dt=0.101 rate=1.00 paused=False backlog=536.95 edge=549.72 div=2.10
21:23:08.953 CLOCK integ raw=14.87 prev=12.77 new=12.87 d=+0.101 fr=525.30 dt=0.101 rate=1.00 paused=False backlog=536.84 edge=549.70 div=2.10
21:23:09.055 CLOCK integ raw=14.87 prev=12.87 new=12.97 d=+0.101 fr=525.30 dt=0.101 rate=1.00 paused=False backlog=536.84 edge=549.81 div=2.10
21:23:09.257 CLOCK fold raw=15.12 prev=12.97 new=13.02 d=+0.053 fr=525.30 dt=0.202 rate=1.00 paused=False backlog=536.98 edge=550.01 div=2.10
21:23:09.358 CLOCK integ raw=15.12 prev=13.02 new=13.13 d=+0.101 fr=525.30 dt=0.101 rate=1.00 paused=False backlog=536.98 edge=550.11 div=2.10
21:23:09.460 CLOCK fold raw=15.38 prev=13.13 new=13.28 d=+0.159 fr=525.30 dt=0.102 rate=1.00 paused=False backlog=536.93 edge=550.21 div=2.10
21:23:09.562 CLOCK integ raw=15.38 prev=13.28 new=13.39 d=+0.101 fr=525.30 dt=0.101 rate=1.00 paused=False backlog=536.93 edge=550.31 div=2.10
21:23:09.663 CLOCK fold raw=15.63 prev=13.39 new=13.54 d=+0.151 fr=525.30 dt=0.102 rate=1.00 paused=False backlog=536.88 edge=550.41 div=2.10
21:23:09.664 PAINT after 17.0 s blank (t=13.54)
21:23:09.765 CLOCK integ raw=15.63 prev=13.54 new=13.64 d=+0.102 fr=525.30 dt=0.102 rate=1.00 paused=False backlog=536.88 edge=550.52 div=2.10
21:23:09.867 CLOCK integ raw=15.63 prev=13.64 new=13.74 d=+0.102 fr=525.30 dt=0.102 rate=1.00 paused=False backlog=536.88 edge=550.62 div=2.10
21:23:09.968 CLOCK fold raw=15.89 prev=13.74 new=13.79 d=+0.052 fr=525.30 dt=0.101 rate=1.00 paused=False backlog=536.93 edge=550.72 div=2.10
21:23:10.070 CLOCK integ raw=15.89 prev=13.79 new=13.89 d=+0.101 fr=525.30 dt=0.101 rate=1.00 paused=False backlog=536.93 edge=550.82 div=2.10
21:23:10.172 CLOCK fold raw=16.15 prev=13.89 new=14.05 d=+0.158 fr=525.30 dt=0.103 rate=1.00 paused=False backlog=536.87 edge=550.92 div=2.10
21:23:10.273 CLOCK integ raw=16.15 prev=14.05 new=14.15 d=+0.101 fr=525.30 dt=0.101 rate=1.00 paused=False backlog=536.87 edge=551.02 div=2.10
21:23:10.476 CLOCK fold raw=16.40 prev=14.15 new=14.30 d=+0.152 fr=525.30 dt=0.202 rate=1.00 paused=False backlog=536.92 edge=551.23 div=2.10
21:23:10.578 CLOCK integ raw=16.40 prev=14.30 new=14.41 d=+0.103 fr=525.30 dt=0.103 rate=1.00 paused=False backlog=536.92 edge=551.33 div=2.10
21:23:10.681 CLOCK fold raw=16.66 prev=14.41 new=14.56 d=+0.154 fr=525.30 dt=0.103 rate=1.00 paused=False backlog=536.87 edge=551.43 div=2.10
21:23:10.688 TICK fr=525.30 cc=14.56 raw=16.66 vid=16.15 playing=1 started=1 stall=0 | d_fr_cc=+510.74 d_fr_raw=+508.65 d_cc_raw=-2.10 | off=-0.11 ccx_end=548.25 since_show=0.0 since_cue=2.6 | pcr=549.492 pid=100 head_rel=549.49 ccx_lag=1.25 | credit=525.3 capped=0.0 | fsize=249481828 feed=249481828 feed_behind=0 | backlog=536.87 edge=551.43 div=2.10 lag_ewma=2.64
21:23:10.794 CLOCK integ raw=16.66 prev=14.56 new=14.67 d=+0.113 fr=525.30 dt=0.113 rate=1.00 paused=False backlog=536.87 edge=551.55 div=2.10
21:23:10.904 CLOCK fold raw=16.91 prev=14.67 new=14.82 d=+0.143 fr=525.30 dt=0.109 rate=1.00 paused=False backlog=536.84 edge=551.65 div=2.10
21:23:11.014 CLOCK integ raw=16.91 prev=14.82 new=14.93 d=+0.111 fr=525.30 dt=0.111 rate=1.00 paused=False backlog=535.76 edge=550.68 div=2.10
21:23:11.119 CLOCK integ raw=16.91 prev=14.93 new=15.03 d=+0.104 fr=525.30 dt=0.104 rate=1.00 paused=False backlog=535.76 edge=550.79 div=2.10
21:23:11.222 CLOCK fold raw=17.18 prev=15.03 new=15.08 d=+0.048 fr=525.30 dt=0.104 rate=1.00 paused=False backlog=535.81 edge=550.89 div=2.10
21:23:11.326 CLOCK integ raw=17.18 prev=15.08 new=15.18 d=+0.104 fr=525.30 dt=0.104 rate=1.00 paused=False backlog=535.81 edge=551.00 div=2.10
21:23:11.428 CLOCK integ raw=17.18 prev=15.18 new=15.29 d=+0.102 fr=525.30 dt=0.102 rate=1.00 paused=False backlog=535.81 edge=551.10 div=2.10
21:23:11.530 CLOCK fold raw=17.45 prev=15.29 new=15.35 d=+0.065 fr=525.30 dt=0.103 rate=1.00 paused=False backlog=535.85 edge=551.20 div=2.10
21:23:11.635 CLOCK integ raw=17.45 prev=15.35 new=15.45 d=+0.105 fr=525.30 dt=0.105 rate=1.00 paused=False backlog=535.85 edge=551.30 div=2.10
21:23:11.737 CLOCK fold raw=17.70 prev=15.45 new=15.61 d=+0.151 fr=525.30 dt=0.102 rate=1.00 paused=False backlog=535.80 edge=551.41 div=2.10
21:23:11.840 CLOCK integ raw=17.70 prev=15.61 new=15.71 d=+0.103 fr=525.30 dt=0.103 rate=1.00 paused=False backlog=535.80 edge=551.51 div=2.10
21:23:11.941 CLOCK integ raw=17.70 prev=15.71 new=15.81 d=+0.101 fr=525.30 dt=0.101 rate=1.00 paused=False backlog=535.80 edge=551.61 div=2.10
21:23:12.042 CLOCK fold raw=17.96 prev=15.81 new=15.86 d=+0.053 fr=525.30 dt=0.101 rate=1.00 paused=False backlog=535.85 edge=551.71 div=2.10
21:23:12.144 CLOCK integ raw=17.96 prev=15.86 new=15.97 d=+0.102 fr=525.30 dt=0.102 rate=1.00 paused=False backlog=535.85 edge=551.81 div=2.10
21:23:12.246 CLOCK fold raw=18.22 prev=15.97 new=16.12 d=+0.156 fr=525.30 dt=0.101 rate=1.00 paused=False backlog=535.79 edge=551.92 div=2.10
21:23:12.347 CLOCK integ raw=18.22 prev=16.12 new=16.22 d=+0.101 fr=525.30 dt=0.101 rate=1.00 paused=False backlog=535.79 edge=552.02 div=2.10
21:23:12.550 CLOCK fold raw=18.47 prev=16.22 new=16.37 d=+0.152 fr=529.82 dt=0.203 rate=1.00 paused=False backlog=535.85 edge=552.22 div=2.10
21:23:12.651 CLOCK integ raw=18.47 prev=16.37 new=16.48 d=+0.101 fr=529.82 dt=0.101 rate=1.00 paused=False backlog=535.85 edge=552.32 div=2.10
21:23:12.752 CLOCK fold raw=18.73 prev=16.48 new=16.63 d=+0.155 fr=529.82 dt=0.101 rate=1.00 paused=False backlog=535.79 edge=552.42 div=2.10
21:23:12.853 CLOCK integ raw=18.73 prev=16.63 new=16.73 d=+0.101 fr=529.82 dt=0.101 rate=1.00 paused=False backlog=535.79 edge=552.52 div=2.10
21:23:12.956 CLOCK integ raw=18.73 prev=16.73 new=16.83 d=+0.103 fr=529.82 dt=0.103 rate=1.00 paused=False backlog=535.19 edge=552.02 div=2.10
21:23:13.057 CLOCK fold raw=18.98 prev=16.83 new=16.89 d=+0.054 fr=529.82 dt=0.101 rate=1.00 paused=False backlog=535.24 edge=552.12 div=2.10
21:23:13.159 CLOCK integ raw=18.98 prev=16.89 new=16.99 d=+0.102 fr=529.82 dt=0.102 rate=1.00 paused=False backlog=535.24 edge=552.23 div=2.10
21:23:13.261 CLOCK fold raw=19.24 prev=16.99 new=17.14 d=+0.154 fr=529.82 dt=0.102 rate=1.00 paused=False backlog=535.18 edge=552.33 div=2.10
21:23:13.363 CLOCK integ raw=19.24 prev=17.14 new=17.25 d=+0.102 fr=529.82 dt=0.102 rate=1.00 paused=False backlog=535.18 edge=552.43 div=2.10
21:23:13.464 CLOCK integ raw=19.24 prev=17.25 new=17.35 d=+0.101 fr=529.82 dt=0.101 rate=1.00 paused=False backlog=535.18 edge=552.53 div=2.10
21:23:13.565 CLOCK fold raw=19.50 prev=17.35 new=17.40 d=+0.052 fr=529.82 dt=0.101 rate=1.00 paused=False backlog=535.23 edge=552.63 div=2.10
21:23:13.666 CLOCK integ raw=19.50 prev=17.40 new=17.50 d=+0.101 fr=531.03 dt=0.101 rate=1.00 paused=False backlog=535.23 edge=552.73 div=2.10
21:23:13.781 EDGESNAP err=+3.57 edge->556.30
21:23:13.781 CUE cx=[548.25..552.25] adv=4.00 el=5.73 fresh | off=-0.11 fr=531.03 cc=17.50 raw=19.75 lead=+534.64 | pcr=556.305 head_rel=556.30 lag_ewma=6.21 | q=freedom@empower.com. Second / down and five from the Denver 
21:23:13.783 CUE cx=[552.25..553.68] adv=1.43 el=0.01 fresh | off=-0.11 fr=531.03 cc=17.50 raw=19.75 lead=+536.07 | pcr=556.305 head_rel=556.30 lag_ewma=6.21 | q=down and five from the Denver / 40. Harvey stays in there. B
21:23:13.783 ANCHOR pend_end=553.68 L=4.95 pinL=2.62 target=0.00 off=-0.11
21:23:13.783 CLOCK fold raw=19.75 prev=17.50 new=17.66 d=+0.158 fr=531.03 dt=0.116 rate=1.00 paused=False backlog=538.76 edge=556.42 div=2.10
21:23:13.884 CLOCK integ raw=19.75 prev=17.66 new=17.76 d=+0.101 fr=531.03 dt=0.101 rate=1.00 paused=False backlog=538.76 edge=556.52 div=2.10
21:23:13.985 CLOCK integ raw=19.75 prev=17.76 new=17.86 d=+0.101 fr=531.03 dt=0.101 rate=1.00 paused=False backlog=538.76 edge=556.62 div=2.10
21:23:14.188 CLOCK fold raw=20.01 prev=17.86 new=17.91 d=+0.052 fr=531.03 dt=0.203 rate=1.00 paused=False backlog=538.91 edge=556.83 div=2.10
21:23:14.289 CLOCK fold raw=20.26 prev=17.91 new=18.17 d=+0.254 fr=531.03 dt=0.101 rate=1.00 paused=False backlog=538.76 edge=556.93 div=2.10
21:23:14.390 CLOCK integ raw=20.26 prev=18.17 new=18.27 d=+0.101 fr=531.03 dt=0.101 rate=1.00 paused=False backlog=538.76 edge=557.03 div=2.10
21:23:14.491 CLOCK integ raw=20.26 prev=18.27 new=18.37 d=+0.102 fr=531.03 dt=0.102 rate=1.00 paused=False backlog=538.76 edge=557.13 div=2.10
21:23:14.593 CLOCK fold raw=20.52 prev=18.37 new=18.42 d=+0.055 fr=531.03 dt=0.102 rate=1.00 paused=False backlog=538.81 edge=557.23 div=2.10
21:23:14.694 CLOCK integ raw=20.52 prev=18.42 new=18.53 d=+0.101 fr=531.03 dt=0.101 rate=1.00 paused=False backlog=538.81 edge=557.33 div=2.10
21:23:14.795 CLOCK fold raw=20.78 prev=18.53 new=18.68 d=+0.155 fr=531.03 dt=0.101 rate=1.00 paused=False backlog=538.75 edge=557.43 div=2.10
21:23:14.896 CLOCK integ raw=20.78 prev=18.68 new=18.78 d=+0.101 fr=531.03 dt=0.101 rate=1.00 paused=False backlog=538.75 edge=557.53 div=2.10
21:23:14.998 CLOCK integ raw=20.78 prev=18.78 new=18.88 d=+0.102 fr=531.03 dt=0.102 rate=1.00 paused=False backlog=538.14 edge=557.02 div=2.10
21:23:15.099 CLOCK fold raw=21.03 prev=18.88 new=18.93 d=+0.051 fr=531.03 dt=0.101 rate=1.00 paused=False backlog=538.19 edge=557.12 div=2.10
21:23:15.200 CLOCK integ raw=21.03 prev=18.93 new=19.04 d=+0.101 fr=531.03 dt=0.101 rate=1.00 paused=False backlog=538.19 edge=557.22 div=2.10
21:23:15.301 CLOCK fold raw=21.29 prev=19.04 new=19.19 d=+0.157 fr=531.03 dt=0.101 rate=1.00 paused=False backlog=538.13 edge=557.33 div=2.10
21:23:15.504 CLOCK integ raw=21.29 prev=19.19 new=19.40 d=+0.203 fr=531.03 dt=0.203 rate=1.00 paused=False backlog=538.13 edge=557.53 div=2.10
21:23:15.605 CLOCK fold raw=21.55 prev=19.40 new=19.45 d=+0.054 fr=531.03 dt=0.101 rate=1.00 paused=False backlog=538.18 edge=557.63 div=2.10
21:23:15.706 CLOCK integ raw=21.55 prev=19.45 new=19.55 d=+0.101 fr=531.03 dt=0.101 rate=1.00 paused=False backlog=538.18 edge=557.73 div=2.10
21:23:15.707 TICK fr=531.03 cc=19.55 raw=21.55 vid=21.55 playing=1 started=1 stall=0 | d_fr_cc=+511.48 d_fr_raw=+509.49 d_cc_raw=-2.00 | off=-0.06 ccx_end=553.68 since_show=0.0 since_cue=1.9 | pcr=556.305 pid=100 head_rel=556.30 ccx_lag=2.62 | credit=531.0 capped=0.0 | fsize=252631580 feed=252631580 feed_behind=0 | backlog=538.18 edge=557.73 div=2.10 lag_ewma=4.95
21:23:15.808 CLOCK fold raw=21.80 prev=19.55 new=19.70 d=+0.152 fr=531.03 dt=0.102 rate=1.00 paused=False backlog=538.13 edge=557.83 div=2.10
21:23:15.909 CLOCK integ raw=21.80 prev=19.70 new=19.80 d=+0.101 fr=531.03 dt=0.101 rate=1.00 paused=False backlog=538.13 edge=557.93 div=2.10
21:23:16.010 CLOCK integ raw=21.80 prev=19.80 new=19.90 d=+0.101 fr=531.03 dt=0.101 rate=1.00 paused=False backlog=538.13 edge=558.03 div=2.10
21:23:16.112 CLOCK fold raw=22.06 prev=19.90 new=19.96 d=+0.056 fr=531.03 dt=0.101 rate=1.00 paused=False backlog=538.18 edge=558.14 div=2.10
21:23:16.213 CLOCK integ raw=22.06 prev=19.96 new=20.06 d=+0.102 fr=531.03 dt=0.102 rate=1.00 paused=False backlog=538.18 edge=558.24 div=2.10
21:23:16.314 CLOCK fold raw=22.31 prev=20.06 new=20.22 d=+0.155 fr=531.03 dt=0.101 rate=1.00 paused=False backlog=538.12 edge=558.34 div=2.10
21:23:16.416 CLOCK integ raw=22.31 prev=20.22 new=20.32 d=+0.101 fr=531.03 dt=0.101 rate=1.00 paused=False backlog=538.12 edge=558.44 div=2.10
21:23:16.519 CLOCK integ raw=22.31 prev=20.32 new=20.42 d=+0.103 fr=531.03 dt=0.103 rate=1.00 paused=False backlog=538.12 edge=558.54 div=2.10
21:23:16.620 CLOCK fold raw=22.57 prev=20.42 new=20.47 d=+0.048 fr=531.03 dt=0.101 rate=1.00 paused=False backlog=538.17 edge=558.64 div=2.10
21:23:16.721 CLOCK integ raw=22.57 prev=20.47 new=20.57 d=+0.101 fr=531.03 dt=0.101 rate=1.00 paused=False backlog=538.17 edge=558.74 div=2.10
21:23:16.822 CLOCK fold raw=22.82 prev=20.57 new=20.73 d=+0.157 fr=531.03 dt=0.101 rate=1.00 paused=False backlog=538.12 edge=558.85 div=2.10
21:23:16.923 PHASE SCRUBFWD seek +120 s
21:23:16.923 XPORT chase_seek target=140.73 raw_pre=22.82 fr=531.03 cc=20.73 vid=22.31 rate=1.00 safe=140.73 vlc=142.82 resume=False
21:23:16.923 SEED target=140.73 jump=False backlog=418.12 edge=558.85
21:23:16.925 EDGESNAP err=-2.54 edge->556.30
21:23:17.026 CLOCK base raw=142.82 prev=140.73 new=140.83 d=+0.102 fr=531.03 dt=0.102 rate=1.00 paused=False backlog=415.58 edge=556.41 div=2.10
21:23:17.127 CLOCK integ raw=142.82 prev=140.83 new=140.93 d=+0.101 fr=531.03 dt=0.101 rate=1.00 paused=False backlog=415.58 edge=556.51 div=2.10
21:23:17.228 CLOCK integ raw=142.82 prev=140.93 new=141.03 d=+0.101 fr=531.03 dt=0.101 rate=1.00 paused=False backlog=415.58 edge=556.61 div=2.10
21:23:17.330 CLOCK integ raw=142.82 prev=141.03 new=141.13 d=+0.102 fr=531.03 dt=0.102 rate=1.00 paused=False backlog=415.58 edge=556.71 div=2.10
21:23:17.431 CLOCK integ raw=142.82 prev=141.13 new=141.24 d=+0.101 fr=531.03 dt=0.101 rate=1.00 paused=False backlog=415.58 edge=556.81 div=2.10
21:23:17.532 CLOCK integ raw=142.82 prev=141.24 new=141.34 d=+0.101 fr=531.03 dt=0.101 rate=1.00 paused=False backlog=415.58 edge=556.91 div=2.10
21:23:17.634 CLOCK integ raw=142.82 prev=141.34 new=141.44 d=+0.102 fr=531.03 dt=0.102 rate=1.00 paused=False backlog=415.58 edge=557.01 div=2.10
21:23:17.735 CLOCK integ raw=142.82 prev=141.44 new=141.54 d=+0.102 fr=531.03 dt=0.102 rate=1.00 paused=False backlog=415.58 edge=557.12 div=2.10
21:23:17.836 CLOCK integ raw=142.82 prev=141.54 new=141.64 d=+0.101 fr=531.03 dt=0.101 rate=1.00 paused=False backlog=415.58 edge=557.22 div=2.10
21:23:17.938 XPORT1s chase_seek raw=142.82 fr=531.03 cc=141.64 vid=143.64
21:23:17.939 CLOCK integ raw=142.82 prev=141.64 new=141.73 d=+0.087 fr=531.03 dt=0.102 rate=1.00 paused=False backlog=415.59 edge=557.32 div=2.10
21:23:18.040 CLOCK integ raw=142.82 prev=141.73 new=141.73 d=+0.000 fr=531.03 dt=0.101 rate=1.00 paused=False backlog=415.69 edge=557.42 div=2.10
21:23:18.141 CLOCK integ raw=142.82 prev=141.73 new=141.73 d=+0.000 fr=531.03 dt=0.101 rate=1.00 paused=False backlog=415.79 edge=557.52 div=2.10
21:23:18.242 CLOCK fold raw=142.82 prev=141.73 new=140.82 d=-0.907 fr=531.03 dt=0.101 rate=1.00 paused=False backlog=416.80 edge=557.62 div=2.07
21:23:18.445 CLOCK integ raw=142.82 prev=140.82 new=141.02 d=+0.203 fr=531.03 dt=0.203 rate=1.00 paused=False backlog=416.80 edge=557.83 div=2.07
21:23:18.606 EDGESNAP err=+3.47 edge->561.30
21:23:18.607 CUE cx=[553.69..556.25] adv=2.57 el=4.77 fresh | off=-0.06 fr=531.03 cc=141.02 raw=143.07 lead=+415.17 | pcr=561.301 head_rel=561.30 lag_ewma=8.43 | q=40. Harvey stays in there. Bo / wants to throw under some / 
21:23:18.608 CUE cx=[556.26..557.99] adv=1.74 el=0.06 fresh | off=-0.06 fr=531.03 cc=141.02 raw=143.07 lead=+416.91 | pcr=561.301 head_rel=561.30 lag_ewma=8.43 | q=wants to throw under some / pressure throwing on the run / s
21:23:18.609 ANCHOR pend_end=557.99 L=6.64 pinL=3.31 target=0.00 off=-0.06
21:23:18.609 CLOCK fold raw=143.07 prev=141.02 new=141.07 d=+0.047 fr=531.03 dt=0.164 rate=1.00 paused=False backlog=420.39 edge=561.46 div=2.04
21:23:18.711 CLOCK integ raw=143.07 prev=141.07 new=141.17 d=+0.102 fr=535.98 dt=0.102 rate=1.00 paused=False backlog=420.39 edge=561.57 div=2.04
21:23:18.813 CLOCK fold raw=143.34 prev=141.17 new=141.35 d=+0.172 fr=535.98 dt=0.102 rate=1.00 paused=False backlog=420.32 edge=561.67 div=2.03
21:23:18.936 EDGESNAP err=+2.65 edge->564.32
21:23:18.937 CLOCK integ raw=143.34 prev=141.35 new=141.47 d=+0.124 fr=536.30 dt=0.124 rate=1.00 paused=False backlog=422.97 edge=564.44 div=2.03
21:23:19.039 CUE cx=[557.99..559.09] adv=1.10 el=0.43 fresh | off=-0.03 fr=536.30 cc=141.47 raw=143.59 lead=+417.59 | pcr=564.318 head_rel=564.32 lag_ewma=6.64 | q=pressure throwing on the run / sideline. It is caught. / Cou
21:23:19.039 CUE cx=[559.09..560.12] adv=1.03 el=0.00 fresh | off=-0.03 fr=536.30 cc=141.47 raw=143.59 lead=+418.63 | pcr=564.318 head_rel=564.32 lag_ewma=6.64 | q=sideline. It is caught. / Courtland Sutton. Let's see / wher
21:23:19.040 CUE cx=[560.13..561.63] adv=1.50 el=0.00 fresh | off=-0.03 fr=536.30 cc=141.47 raw=143.59 lead=+420.13 | pcr=564.318 head_rel=564.32 lag_ewma=6.64 | q=Courtland Sutton. Let's see / where they give him the catch.
21:23:19.040 ANCHOR pend_end=561.63 L=5.26 pinL=2.69 target=0.02 off=-0.03
21:23:19.040 CLOCK fold raw=143.59 prev=141.47 new=141.60 d=+0.127 fr=536.30 dt=0.103 rate=1.00 paused=False backlog=422.84 edge=564.44 div=2.02
21:23:19.141 CLOCK integ raw=143.59 prev=141.60 new=141.70 d=+0.101 fr=536.30 dt=0.101 rate=1.00 paused=False backlog=422.84 edge=564.54 div=2.02
21:23:19.244 CLOCK integ raw=143.59 prev=141.70 new=141.80 d=+0.103 fr=536.30 dt=0.103 rate=1.00 paused=False backlog=422.84 edge=564.64 div=2.02
21:23:19.446 CLOCK fold raw=143.85 prev=141.80 new=141.85 d=+0.052 fr=536.30 dt=0.202 rate=1.00 paused=False backlog=422.99 edge=564.84 div=2.01
21:23:19.551 CLOCK fold raw=144.11 prev=141.85 new=142.11 d=+0.260 fr=536.30 dt=0.104 rate=1.00 paused=False backlog=422.83 edge=564.95 div=2.01
21:23:19.653 CLOCK integ raw=144.11 prev=142.11 new=142.21 d=+0.102 fr=536.30 dt=0.102 rate=1.00 paused=False backlog=422.83 edge=565.05 div=2.01
21:23:19.754 CLOCK integ raw=144.11 prev=142.21 new=142.32 d=+0.101 fr=536.30 dt=0.101 rate=1.00 paused=False backlog=422.83 edge=565.15 div=2.01
21:23:19.856 CLOCK fold raw=144.36 prev=142.32 new=142.37 d=+0.051 fr=536.30 dt=0.101 rate=1.00 paused=False backlog=422.88 edge=565.25 div=2.00
21:23:19.957 CLOCK integ raw=144.36 prev=142.37 new=142.47 d=+0.101 fr=536.30 dt=0.101 rate=1.00 paused=False backlog=422.88 edge=565.35 div=2.00
21:23:20.058 CLOCK fold raw=144.62 prev=142.47 new=142.62 d=+0.152 fr=536.30 dt=0.101 rate=1.00 paused=False backlog=422.83 edge=565.45 div=2.00
21:23:20.159 CLOCK integ raw=144.62 prev=142.62 new=142.72 d=+0.101 fr=536.30 dt=0.101 rate=1.00 paused=False backlog=422.83 edge=565.56 div=2.00
21:23:20.260 CLOCK integ raw=144.62 prev=142.72 new=142.82 d=+0.101 fr=536.30 dt=0.101 rate=1.00 paused=False backlog=422.83 edge=565.66 div=2.00
21:23:20.362 CLOCK fold raw=144.87 prev=142.82 new=142.88 d=+0.055 fr=536.30 dt=0.101 rate=1.00 paused=False backlog=422.88 edge=565.76 div=2.00
21:23:20.463 CLOCK integ raw=144.87 prev=142.88 new=142.98 d=+0.101 fr=536.30 dt=0.101 rate=1.00 paused=False backlog=422.88 edge=565.86 div=2.00
21:23:20.564 CLOCK fold raw=145.13 prev=142.98 new=143.13 d=+0.153 fr=536.30 dt=0.102 rate=1.00 paused=False backlog=422.83 edge=565.96 div=2.00
21:23:20.767 TICK fr=536.30 cc=143.13 raw=145.13 vid=145.13 playing=1 started=1 stall=0 | d_fr_cc=+393.17 d_fr_raw=+391.18 d_cc_raw=-1.99 | off=-0.01 ccx_end=561.63 since_show=0.2 since_cue=1.7 | pcr=564.318 pid=100 head_rel=564.32 ccx_lag=2.69 | credit=536.3 capped=0.0 | fsize=255883980 feed=255883980 feed_behind=0 | backlog=422.83 edge=565.96 div=2.00 lag_ewma=5.26
21:23:20.767 CLOCK integ raw=145.13 prev=143.13 new=143.34 d=+0.203 fr=536.30 dt=0.203 rate=1.00 paused=False backlog=422.83 edge=566.16 div=2.00
21:23:20.868 CLOCK fold raw=145.38 prev=143.34 new=143.39 d=+0.053 fr=536.30 dt=0.101 rate=1.00 paused=False backlog=422.88 edge=566.26 div=2.00
21:23:20.971 CLOCK integ raw=145.38 prev=143.39 new=143.49 d=+0.102 fr=536.30 dt=0.102 rate=1.00 paused=False backlog=421.90 edge=565.39 div=2.00
21:23:21.073 CLOCK fold raw=145.64 prev=143.49 new=143.65 d=+0.158 fr=536.30 dt=0.102 rate=1.00 paused=False backlog=421.85 edge=565.50 div=2.00
21:23:21.175 CLOCK integ raw=145.64 prev=143.65 new=143.75 d=+0.102 fr=536.30 dt=0.102 rate=1.00 paused=False backlog=421.85 edge=565.60 div=2.00
21:23:21.276 CLOCK integ raw=145.64 prev=143.75 new=143.85 d=+0.101 fr=536.30 dt=0.101 rate=1.00 paused=False backlog=421.85 edge=565.70 div=2.00
21:23:21.377 CLOCK fold raw=145.90 prev=143.85 new=143.90 d=+0.049 fr=536.30 dt=0.101 rate=1.00 paused=False backlog=421.90 edge=565.80 div=2.00
21:23:21.478 CLOCK integ raw=145.90 prev=143.90 new=144.00 d=+0.101 fr=536.30 dt=0.101 rate=1.00 paused=False backlog=421.90 edge=565.90 div=2.00
21:23:21.580 CLOCK fold raw=146.15 prev=144.00 new=144.16 d=+0.155 fr=536.30 dt=0.101 rate=1.00 paused=False backlog=421.85 edge=566.00 div=2.00
21:23:21.681 CLOCK integ raw=146.15 prev=144.16 new=144.26 d=+0.102 fr=536.30 dt=0.102 rate=1.00 paused=False backlog=421.85 edge=566.10 div=2.00
21:23:21.782 CLOCK integ raw=146.15 prev=144.26 new=144.36 d=+0.101 fr=536.30 dt=0.101 rate=1.00 paused=False backlog=421.85 edge=566.21 div=2.00
21:23:21.884 CLOCK fold raw=146.41 prev=144.36 new=144.42 d=+0.056 fr=536.30 dt=0.102 rate=1.00 paused=False backlog=421.89 edge=566.31 div=2.00
21:23:21.985 CLOCK integ raw=146.41 prev=144.42 new=144.52 d=+0.101 fr=536.30 dt=0.101 rate=1.00 paused=False backlog=421.89 edge=566.41 div=2.00
21:23:22.186 CLOCK fold raw=146.66 prev=144.52 new=144.67 d=+0.154 fr=536.30 dt=0.202 rate=1.00 paused=False backlog=421.94 edge=566.61 div=2.00
21:23:22.289 CLOCK integ raw=146.66 prev=144.67 new=144.77 d=+0.102 fr=536.30 dt=0.102 rate=1.00 paused=False backlog=421.94 edge=566.71 div=2.00
21:23:22.390 CLOCK fold raw=146.92 prev=144.77 new=144.93 d=+0.153 fr=536.30 dt=0.102 rate=1.00 paused=False backlog=421.89 edge=566.81 div=1.99
21:23:22.492 CLOCK integ raw=146.92 prev=144.93 new=145.03 d=+0.102 fr=536.30 dt=0.102 rate=1.00 paused=False backlog=421.89 edge=566.91 div=1.99
21:23:22.593 CLOCK integ raw=146.92 prev=145.03 new=145.13 d=+0.101 fr=536.30 dt=0.101 rate=1.00 paused=False backlog=421.89 edge=567.02 div=1.99
21:23:22.695 CLOCK fold raw=147.18 prev=145.13 new=145.18 d=+0.056 fr=536.30 dt=0.101 rate=1.00 paused=False backlog=421.93 edge=567.12 div=1.99
21:23:22.796 CLOCK integ raw=147.18 prev=145.18 new=145.29 d=+0.101 fr=536.30 dt=0.101 rate=1.00 paused=False backlog=421.93 edge=567.22 div=1.99
21:23:22.897 CLOCK fold raw=147.43 prev=145.29 new=145.44 d=+0.151 fr=536.30 dt=0.101 rate=1.00 paused=False backlog=421.88 edge=567.32 div=1.99
21:23:22.899 EDGESNAP err=-3.00 edge->564.32
21:23:23.001 CLOCK integ raw=147.43 prev=145.44 new=145.54 d=+0.105 fr=536.30 dt=0.105 rate=1.00 paused=False backlog=418.88 edge=564.42 div=1.99
21:23:23.102 CLOCK integ raw=147.43 prev=145.54 new=145.64 d=+0.101 fr=536.30 dt=0.101 rate=1.00 paused=False backlog=418.88 edge=564.52 div=1.99
21:23:23.204 CLOCK fold raw=147.69 prev=145.64 new=145.69 d=+0.050 fr=536.30 dt=0.101 rate=1.00 paused=False backlog=418.93 edge=564.62 div=1.99
21:23:23.305 CLOCK integ raw=147.69 prev=145.69 new=145.79 d=+0.102 fr=536.30 dt=0.102 rate=1.00 paused=False backlog=418.93 edge=564.73 div=1.99
21:23:23.407 CLOCK fold raw=147.94 prev=145.79 new=145.95 d=+0.156 fr=536.30 dt=0.102 rate=1.00 paused=False backlog=418.88 edge=564.83 div=1.99
21:23:23.609 CLOCK integ raw=147.94 prev=145.95 new=146.15 d=+0.202 fr=536.30 dt=0.202 rate=1.00 paused=False backlog=418.88 edge=565.03 div=1.99
21:23:23.711 CLOCK fold raw=148.20 prev=146.15 new=146.20 d=+0.052 fr=536.30 dt=0.102 rate=1.00 paused=False backlog=418.93 edge=565.13 div=1.99
21:23:23.812 CLOCK integ raw=148.20 prev=146.20 new=146.31 d=+0.101 fr=536.30 dt=0.101 rate=1.00 paused=False backlog=418.93 edge=565.23 div=1.99
21:23:23.913 CLOCK fold raw=148.46 prev=146.31 new=146.46 d=+0.155 fr=536.30 dt=0.101 rate=1.00 paused=False backlog=418.87 edge=565.33 div=1.99
21:23:24.014 CLOCK integ raw=148.46 prev=146.46 new=146.56 d=+0.101 fr=536.30 dt=0.101 rate=1.00 paused=False backlog=418.87 edge=565.44 div=1.99
21:23:24.116 CLOCK integ raw=148.46 prev=146.56 new=146.66 d=+0.101 fr=536.30 dt=0.101 rate=1.00 paused=False backlog=418.87 edge=565.54 div=1.99
21:23:24.218 CLOCK fold raw=148.72 prev=146.66 new=146.72 d=+0.058 fr=536.30 dt=0.103 rate=1.00 paused=False backlog=418.92 edge=565.64 div=1.99
21:23:24.319 CLOCK integ raw=148.72 prev=146.72 new=146.82 d=+0.101 fr=536.30 dt=0.101 rate=1.00 paused=False backlog=418.92 edge=565.74 div=1.99
21:23:24.420 CLOCK fold raw=148.97 prev=146.82 new=146.98 d=+0.154 fr=536.30 dt=0.101 rate=1.00 paused=False backlog=418.87 edge=565.84 div=1.99
21:23:24.521 CLOCK integ raw=148.97 prev=146.98 new=147.08 d=+0.101 fr=536.30 dt=0.101 rate=1.00 paused=False backlog=418.87 edge=565.94 div=1.99
21:23:24.622 CLOCK integ raw=148.97 prev=147.08 new=147.18 d=+0.101 fr=536.30 dt=0.101 rate=1.00 paused=False backlog=418.87 edge=566.04 div=1.99
21:23:24.723 CLOCK fold raw=149.22 prev=147.18 new=147.23 d=+0.051 fr=536.30 dt=0.101 rate=1.00 paused=False backlog=418.92 edge=566.14 div=1.99
21:23:24.925 CLOCK fold raw=149.48 prev=147.23 new=147.49 d=+0.258 fr=536.30 dt=0.202 rate=1.00 paused=False backlog=418.86 edge=566.35 div=1.99
21:23:25.029 CLOCK integ raw=149.48 prev=147.49 new=147.59 d=+0.103 fr=536.30 dt=0.103 rate=1.00 paused=False backlog=417.85 edge=565.44 div=1.99
21:23:25.131 CLOCK integ raw=149.48 prev=147.59 new=147.69 d=+0.103 fr=536.30 dt=0.103 rate=1.00 paused=False backlog=417.85 edge=565.54 div=1.99
21:23:25.232 CLOCK fold raw=149.74 prev=147.69 new=147.74 d=+0.050 fr=536.30 dt=0.101 rate=1.00 paused=False backlog=417.90 edge=565.64 div=1.99
21:23:25.333 CLOCK integ raw=149.74 prev=147.74 new=147.84 d=+0.101 fr=536.30 dt=0.101 rate=1.00 paused=False backlog=417.90 edge=565.74 div=1.99
21:23:25.434 CLOCK fold raw=149.99 prev=147.84 new=148.00 d=+0.153 fr=536.30 dt=0.101 rate=1.00 paused=False backlog=417.85 edge=565.84 div=1.99
21:23:25.554 CUE cx=[561.63..564.63] adv=3.00 el=6.50 fresh | off=-0.01 fr=542.80 cc=148.00 raw=149.99 lead=+416.63 | pcr=567.909 head_rel=567.91 lag_ewma=5.26 | q=where they give him the catch. / They're going to say no. He
21:23:25.554 CUE cx=[564.63..566.06] adv=1.43 el=0.02 fresh | off=-0.01 fr=542.80 cc=148.00 raw=149.99 lead=+418.06 | pcr=567.909 head_rel=567.91 lag_ewma=5.26 | q=They're going to say no. He was / out of bounds. But Nix avo
21:23:25.555 CUE cx=[566.07..567.26] adv=1.20 el=0.00 fresh | off=-0.01 fr=542.80 cc=148.00 raw=149.99 lead=+419.26 | pcr=567.909 head_rel=567.91 lag_ewma=5.26 | q=out of bounds. But Nix avoiding / the pressure with his legs
21:23:25.556 ANCHOR pend_end=567.26 L=3.64 pinL=0.64 target=-0.26 off=-0.01
21:23:25.556 CLOCK integ raw=149.99 prev=148.00 new=148.12 d=+0.122 fr=542.80 dt=0.122 rate=1.00 paused=False backlog=419.65 edge=567.77 div=1.99
21:23:25.657 CLOCK integ raw=149.99 prev=148.12 new=148.22 d=+0.101 fr=542.80 dt=0.101 rate=1.00 paused=False backlog=419.65 edge=567.87 div=1.99
21:23:25.761 TICK fr=542.80 cc=148.22 raw=150.25 vid=149.99 playing=1 started=1 stall=0 | d_fr_cc=+394.58 d_fr_raw=+392.55 d_cc_raw=-2.03 | off=-0.13 ccx_end=567.26 since_show=0.1 since_cue=0.2 | pcr=567.909 pid=100 head_rel=567.91 ccx_lag=0.64 | credit=542.8 capped=0.0 | fsize=257375948 feed=257312028 feed_behind=63920 | backlog=419.65 edge=567.87 div=1.99 lag_ewma=3.64
21:23:25.762 CLOCK fold raw=150.25 prev=148.22 new=148.26 d=+0.037 fr=542.80 dt=0.105 rate=1.00 paused=False backlog=419.72 edge=567.98 div=1.99
21:23:25.866 CLOCK integ raw=150.25 prev=148.26 new=148.36 d=+0.104 fr=543.23 dt=0.104 rate=1.00 paused=False backlog=419.72 edge=568.08 div=1.99
21:23:25.971 CLOCK fold raw=150.50 prev=148.36 new=148.51 d=+0.149 fr=543.23 dt=0.105 rate=1.00 paused=False backlog=419.68 edge=568.19 div=1.99
21:23:26.074 CLOCK integ raw=150.50 prev=148.51 new=148.61 d=+0.102 fr=543.23 dt=0.102 rate=1.00 paused=False backlog=419.68 edge=568.29 div=1.99
21:23:26.178 CLOCK integ raw=150.50 prev=148.61 new=148.72 d=+0.104 fr=543.23 dt=0.104 rate=1.00 paused=False backlog=419.68 edge=568.39 div=1.99
21:23:26.285 CLOCK fold raw=150.76 prev=148.72 new=148.77 d=+0.049 fr=543.23 dt=0.106 rate=1.00 paused=False backlog=419.73 edge=568.50 div=1.99
21:23:26.387 CLOCK integ raw=150.76 prev=148.77 new=148.87 d=+0.103 fr=543.23 dt=0.103 rate=1.00 paused=False backlog=419.73 edge=568.60 div=1.99
21:23:26.488 CLOCK fold raw=151.01 prev=148.87 new=149.02 d=+0.152 fr=543.23 dt=0.102 rate=1.00 paused=False backlog=419.68 edge=568.70 div=1.99
21:23:26.590 CLOCK integ raw=151.01 prev=149.02 new=149.12 d=+0.101 fr=543.23 dt=0.101 rate=1.00 paused=False backlog=419.68 edge=568.81 div=1.99
21:23:26.691 CLOCK fold raw=151.27 prev=149.12 new=149.28 d=+0.156 fr=543.23 dt=0.101 rate=1.00 paused=False backlog=419.63 edge=568.91 div=1.99
21:23:26.792 CLOCK integ raw=151.27 prev=149.28 new=149.38 d=+0.101 fr=543.23 dt=0.101 rate=1.00 paused=False backlog=419.63 edge=569.01 div=1.99
21:23:26.995 CLOCK fold raw=151.53 prev=149.38 new=149.53 d=+0.154 fr=543.23 dt=0.203 rate=1.00 paused=False backlog=419.13 edge=568.66 div=1.99
21:23:27.100 CLOCK integ raw=151.53 prev=149.53 new=149.64 d=+0.105 fr=543.23 dt=0.105 rate=1.00 paused=False backlog=419.13 edge=568.77 div=1.99
21:23:27.201 CLOCK integ raw=151.53 prev=149.64 new=149.74 d=+0.101 fr=543.23 dt=0.101 rate=1.00 paused=False backlog=419.13 edge=568.87 div=1.99
21:23:27.303 CLOCK fold raw=151.79 prev=149.74 new=149.79 d=+0.054 fr=543.23 dt=0.102 rate=1.00 paused=False backlog=419.18 edge=568.97 div=1.99
21:23:27.403 CLOCK integ raw=151.79 prev=149.79 new=149.89 d=+0.101 fr=543.23 dt=0.101 rate=1.00 paused=False backlog=419.18 edge=569.07 div=1.99
21:23:27.505 CLOCK fold raw=152.04 prev=149.89 new=150.05 d=+0.154 fr=543.23 dt=0.101 rate=1.00 paused=False backlog=419.12 edge=569.17 div=1.99
21:23:27.606 CLOCK integ raw=152.04 prev=150.05 new=150.15 d=+0.102 fr=543.23 dt=0.102 rate=1.00 paused=False backlog=419.12 edge=569.27 div=1.99
21:23:27.707 CLOCK integ raw=152.04 prev=150.15 new=150.25 d=+0.101 fr=543.23 dt=0.101 rate=1.00 paused=False backlog=419.12 edge=569.37 div=1.99
21:23:27.810 CLOCK fold raw=152.29 prev=150.25 new=150.30 d=+0.050 fr=543.23 dt=0.102 rate=1.00 paused=False backlog=419.18 edge=569.48 div=1.99
21:23:27.912 CLOCK integ raw=152.29 prev=150.30 new=150.40 d=+0.102 fr=543.23 dt=0.102 rate=1.00 paused=False backlog=419.18 edge=569.58 div=1.99
21:23:28.013 CLOCK fold raw=152.55 prev=150.40 new=150.56 d=+0.154 fr=543.23 dt=0.101 rate=1.00 paused=False backlog=419.12 edge=569.68 div=1.99
21:23:28.114 CLOCK integ raw=152.55 prev=150.56 new=150.66 d=+0.101 fr=543.23 dt=0.101 rate=1.00 paused=False backlog=419.12 edge=569.78 div=1.99
21:23:28.316 CLOCK fold raw=152.81 prev=150.66 new=150.81 d=+0.155 fr=543.23 dt=0.202 rate=1.00 paused=False backlog=419.17 edge=569.98 div=1.99
21:23:28.418 CLOCK integ raw=152.81 prev=150.81 new=150.91 d=+0.102 fr=543.23 dt=0.102 rate=1.00 paused=False backlog=419.17 edge=570.08 div=1.99
21:23:28.520 CLOCK fold raw=153.06 prev=150.91 new=151.07 d=+0.154 fr=543.23 dt=0.102 rate=1.00 paused=False backlog=419.12 edge=570.19 div=1.99
21:23:28.621 CLOCK integ raw=153.06 prev=151.07 new=151.17 d=+0.102 fr=543.23 dt=0.102 rate=1.00 paused=False backlog=419.12 edge=570.29 div=1.99
21:23:28.724 CLOCK integ raw=153.06 prev=151.17 new=151.27 d=+0.101 fr=546.09 dt=0.101 rate=1.00 paused=False backlog=419.12 edge=570.39 div=1.99
21:23:28.846 CUE cx=[567.27..568.43] adv=1.17 el=3.27 fresh | off=-0.13 fr=546.09 cc=151.27 raw=153.32 lead=+417.03 | pcr=571.704 head_rel=571.70 lag_ewma=3.64 | q=the pressure with his legs. And / that's the kind of thing y
21:23:28.846 CUE cx=[568.43..569.60] adv=1.17 el=0.02 fresh | off=-0.13 fr=546.09 cc=151.27 raw=153.32 lead=+418.20 | pcr=571.704 head_rel=571.70 lag_ewma=3.64 | q=that's the kind of thing you / want to see. Especially the /
21:23:28.847 CUE cx=[569.60..570.90] adv=1.30 el=0.00 fresh | off=-0.13 fr=546.09 cc=151.27 raw=153.32 lead=+419.50 | pcr=571.704 head_rel=571.70 lag_ewma=3.64 | q=want to see. Especially the / first movement that he had out
21:23:28.847 ANCHOR pend_end=570.90 L=2.65 pinL=0.80 target=-0.16 off=-0.13
21:23:28.847 CLOCK fold raw=153.32 prev=151.27 new=151.32 d=+0.053 fr=546.09 dt=0.124 rate=1.00 paused=False backlog=420.34 edge=571.66 div=1.99
21:23:28.949 CLOCK integ raw=153.32 prev=151.32 new=151.43 d=+0.101 fr=546.09 dt=0.101 rate=1.00 paused=False backlog=420.34 edge=571.76 div=1.99
21:23:29.050 CLOCK fold raw=153.58 prev=151.43 new=151.58 d=+0.156 fr=546.09 dt=0.102 rate=1.00 paused=False backlog=420.25 edge=571.84 div=1.99
21:23:29.151 CLOCK integ raw=153.58 prev=151.58 new=151.68 d=+0.101 fr=546.09 dt=0.101 rate=1.00 paused=False backlog=420.25 edge=571.94 div=1.99
21:23:29.253 CLOCK fold raw=153.83 prev=151.68 new=151.84 d=+0.154 fr=546.09 dt=0.102 rate=1.00 paused=False backlog=420.20 edge=572.04 div=1.99
21:23:29.355 CLOCK integ raw=153.83 prev=151.84 new=151.94 d=+0.102 fr=546.09 dt=0.102 rate=1.00 paused=False backlog=420.20 edge=572.14 div=1.99
21:23:29.456 CLOCK integ raw=153.83 prev=151.94 new=152.04 d=+0.101 fr=546.09 dt=0.101 rate=1.00 paused=False backlog=420.20 edge=572.24 div=1.99
21:23:29.558 CLOCK fold raw=154.09 prev=152.04 new=152.09 d=+0.053 fr=546.09 dt=0.102 rate=1.00 paused=False backlog=420.25 edge=572.34 div=1.99
21:23:29.659 CLOCK integ raw=154.09 prev=152.09 new=152.19 d=+0.101 fr=546.09 dt=0.101 rate=1.00 paused=False backlog=420.25 edge=572.44 div=1.99
21:23:29.760 CLOCK integ raw=154.09 prev=152.19 new=152.29 d=+0.101 fr=546.09 dt=0.101 rate=1.00 paused=False backlog=420.25 edge=572.55 div=1.99
21:23:29.861 CLOCK fold raw=154.34 prev=152.29 new=152.35 d=+0.054 fr=546.09 dt=0.101 rate=1.00 paused=False backlog=420.30 edge=572.65 div=1.99
21:23:30.063 CLOCK fold raw=154.60 prev=152.35 new=152.61 d=+0.257 fr=546.09 dt=0.202 rate=1.00 paused=False backlog=420.24 edge=572.85 div=1.99
21:23:30.165 CLOCK integ raw=154.60 prev=152.61 new=152.71 d=+0.102 fr=546.09 dt=0.102 rate=1.00 paused=False backlog=420.24 edge=572.95 div=1.99
21:23:30.266 CLOCK integ raw=154.60 prev=152.71 new=152.81 d=+0.101 fr=546.09 dt=0.101 rate=1.00 paused=False backlog=420.24 edge=573.05 div=1.99
21:23:30.367 CLOCK fold raw=154.86 prev=152.81 new=152.86 d=+0.054 fr=546.09 dt=0.102 rate=1.00 paused=False backlog=420.29 edge=573.15 div=1.99
21:23:30.469 CLOCK integ raw=154.86 prev=152.86 new=152.96 d=+0.102 fr=546.09 dt=0.102 rate=1.00 paused=False backlog=420.29 edge=573.25 div=1.99
21:23:30.571 CLOCK fold raw=155.11 prev=152.96 new=153.12 d=+0.152 fr=546.09 dt=0.102 rate=1.00 paused=False backlog=420.24 edge=573.36 div=1.99
21:23:30.672 CLOCK integ raw=155.11 prev=153.12 new=153.22 d=+0.101 fr=546.09 dt=0.101 rate=1.00 paused=False backlog=420.24 edge=573.46 div=1.99
21:23:30.673 TICK fr=546.09 cc=153.22 raw=155.11 vid=154.60 playing=1 started=1 stall=0 | d_fr_cc=+392.87 d_fr_raw=+390.98 d_cc_raw=-1.89 | off=-0.15 ccx_end=570.90 since_show=0.0 since_cue=1.8 | pcr=571.704 pid=100 head_rel=571.70 ccx_lag=0.80 | credit=546.1 capped=0.0 | fsize=259143336 feed=259143336 feed_behind=0 | backlog=420.24 edge=573.46 div=1.99 lag_ewma=2.65
21:23:30.775 CLOCK integ raw=155.11 prev=153.22 new=153.32 d=+0.103 fr=546.09 dt=0.103 rate=1.00 paused=False backlog=420.24 edge=573.56 div=1.99
21:23:30.877 CLOCK fold raw=155.37 prev=153.32 new=153.37 d=+0.052 fr=546.09 dt=0.102 rate=1.00 paused=False backlog=420.29 edge=573.66 div=1.99
21:23:30.979 CLOCK integ raw=155.37 prev=153.37 new=153.47 d=+0.103 fr=546.09 dt=0.103 rate=1.00 paused=False backlog=419.31 edge=572.79 div=1.99
21:23:31.081 CLOCK fold raw=155.63 prev=153.47 new=153.63 d=+0.156 fr=546.09 dt=0.102 rate=1.00 paused=False backlog=419.26 edge=572.89 div=1.99
21:23:31.182 CLOCK integ raw=155.63 prev=153.63 new=153.73 d=+0.102 fr=546.09 dt=0.102 rate=1.00 paused=False backlog=419.26 edge=572.99 div=1.99
21:23:31.284 CLOCK integ raw=155.63 prev=153.73 new=153.83 d=+0.101 fr=546.09 dt=0.101 rate=1.00 paused=False backlog=419.26 edge=573.09 div=1.99
21:23:31.486 CLOCK fold raw=155.88 prev=153.83 new=153.89 d=+0.052 fr=546.09 dt=0.202 rate=1.00 paused=False backlog=419.41 edge=573.29 div=1.99
21:23:31.587 CLOCK fold raw=156.14 prev=153.89 new=154.14 d=+0.255 fr=546.09 dt=0.101 rate=1.00 paused=False backlog=419.25 edge=573.39 div=1.99
21:23:31.689 CLOCK integ raw=156.14 prev=154.14 new=154.24 d=+0.102 fr=546.09 dt=0.102 rate=1.00 paused=False backlog=419.25 edge=573.49 div=1.99
21:23:31.790 CLOCK integ raw=156.14 prev=154.24 new=154.34 d=+0.101 fr=546.09 dt=0.101 rate=1.00 paused=False backlog=419.25 edge=573.60 div=1.99
21:23:31.891 CLOCK fold raw=156.39 prev=154.34 new=154.40 d=+0.055 fr=546.09 dt=0.101 rate=1.00 paused=False backlog=419.30 edge=573.70 div=1.99
21:23:31.992 CLOCK integ raw=156.39 prev=154.40 new=154.50 d=+0.101 fr=546.09 dt=0.101 rate=1.00 paused=False backlog=419.30 edge=573.80 div=1.99
21:23:32.093 CLOCK fold raw=156.65 prev=154.50 new=154.65 d=+0.154 fr=546.09 dt=0.101 rate=1.00 paused=False backlog=419.25 edge=573.90 div=1.99
21:23:32.194 CLOCK integ raw=156.65 prev=154.65 new=154.76 d=+0.101 fr=546.09 dt=0.101 rate=1.00 paused=False backlog=419.25 edge=574.00 div=1.99
21:23:32.295 CLOCK integ raw=156.65 prev=154.76 new=154.86 d=+0.101 fr=546.09 dt=0.101 rate=1.00 paused=False backlog=419.25 edge=574.10 div=1.99
21:23:32.397 CLOCK fold raw=156.90 prev=154.86 new=154.91 d=+0.053 fr=546.09 dt=0.101 rate=1.00 paused=False backlog=419.29 edge=574.20 div=1.99
21:23:32.498 CLOCK integ raw=156.90 prev=154.91 new=155.01 d=+0.101 fr=546.09 dt=0.101 rate=1.00 paused=False backlog=419.29 edge=574.30 div=1.99
21:23:32.600 CLOCK fold raw=157.16 prev=155.01 new=155.17 d=+0.155 fr=546.09 dt=0.102 rate=1.00 paused=False backlog=419.24 edge=574.41 div=1.99
21:23:32.701 CLOCK integ raw=157.16 prev=155.17 new=155.27 d=+0.101 fr=546.09 dt=0.101 rate=1.00 paused=False backlog=419.24 edge=574.51 div=1.99
21:23:32.903 CLOCK fold raw=157.42 prev=155.27 new=155.42 d=+0.158 fr=546.09 dt=0.202 rate=1.00 paused=False backlog=419.29 edge=574.71 div=1.99
21:23:32.905 EDGESNAP err=-3.01 edge->571.70
21:23:33.006 CLOCK integ raw=157.42 prev=155.42 new=155.53 d=+0.103 fr=546.09 dt=0.103 rate=1.00 paused=False backlog=416.28 edge=571.81 div=1.99
21:23:33.108 CLOCK fold raw=157.67 prev=155.53 new=155.68 d=+0.150 fr=546.09 dt=0.102 rate=1.00 paused=False backlog=416.23 edge=571.91 div=1.99
21:23:33.209 CLOCK integ raw=157.67 prev=155.68 new=155.78 d=+0.101 fr=546.09 dt=0.101 rate=1.00 paused=False backlog=416.23 edge=572.01 div=1.99
21:23:33.311 CLOCK integ raw=157.67 prev=155.78 new=155.88 d=+0.102 fr=546.09 dt=0.102 rate=1.00 paused=False backlog=416.23 edge=572.11 div=1.99
21:23:33.412 CLOCK fold raw=157.93 prev=155.88 new=155.93 d=+0.052 fr=546.09 dt=0.101 rate=1.00 paused=False backlog=416.28 edge=572.21 div=1.99
21:23:33.513 CLOCK integ raw=157.93 prev=155.93 new=156.03 d=+0.101 fr=546.09 dt=0.101 rate=1.00 paused=False backlog=416.28 edge=572.31 div=1.99
21:23:33.615 CLOCK fold raw=158.19 prev=156.03 new=156.19 d=+0.158 fr=550.88 dt=0.102 rate=1.00 paused=False backlog=416.22 edge=572.42 div=1.99
21:23:33.716 CLOCK integ raw=158.19 prev=156.19 new=156.29 d=+0.101 fr=550.88 dt=0.101 rate=1.00 paused=False backlog=416.22 edge=572.52 div=1.99
21:23:33.819 CUE cx=[570.90..572.77] adv=1.87 el=4.97 fresh | off=-0.15 fr=550.88 cc=156.29 raw=158.19 lead=+416.33 | pcr=574.513 head_rel=574.51 lag_ewma=2.65 | q=first movement that he had out / of the pocket. He kind of s
21:23:33.819 ANCHOR pend_end=572.77 L=2.33 pinL=1.74 target=-1.00 off=-0.15
21:23:33.819 CLOCK integ raw=158.19 prev=156.29 new=156.39 d=+0.102 fr=550.88 dt=0.102 rate=1.00 paused=False backlog=417.22 edge=573.62 div=1.99
21:23:33.920 CLOCK fold raw=158.44 prev=156.39 new=156.44 d=+0.049 fr=550.88 dt=0.102 rate=1.00 paused=False backlog=417.27 edge=573.72 div=1.99
21:23:34.022 CLOCK integ raw=158.44 prev=156.44 new=156.55 d=+0.101 fr=550.88 dt=0.101 rate=1.00 paused=False backlog=417.27 edge=573.82 div=1.99
21:23:34.123 CLOCK fold raw=158.70 prev=156.55 new=156.70 d=+0.156 fr=550.88 dt=0.102 rate=1.00 paused=False backlog=417.22 edge=573.92 div=1.99
21:23:34.226 CLOCK integ raw=158.70 prev=156.70 new=156.80 d=+0.103 fr=550.88 dt=0.103 rate=1.00 paused=False backlog=417.22 edge=574.02 div=1.99
21:23:34.428 CLOCK fold raw=158.95 prev=156.80 new=156.96 d=+0.155 fr=550.88 dt=0.202 rate=1.00 paused=False backlog=417.27 edge=574.23 div=1.99
21:23:34.530 CLOCK integ raw=158.95 prev=156.96 new=157.06 d=+0.101 fr=550.88 dt=0.101 rate=1.00 paused=False backlog=417.27 edge=574.33 div=1.99
21:23:34.631 CLOCK fold raw=159.21 prev=157.06 new=157.21 d=+0.152 fr=550.88 dt=0.101 rate=1.00 paused=False backlog=417.22 edge=574.43 div=1.99
21:23:34.732 CLOCK integ raw=159.21 prev=157.21 new=157.31 d=+0.101 fr=550.88 dt=0.101 rate=1.00 paused=False backlog=417.22 edge=574.53 div=1.99
21:23:34.833 CLOCK integ raw=159.21 prev=157.31 new=157.41 d=+0.101 fr=550.88 dt=0.101 rate=1.00 paused=False backlog=417.22 edge=574.63 div=1.99
21:23:34.935 CLOCK fold raw=159.46 prev=157.41 new=157.47 d=+0.054 fr=550.88 dt=0.102 rate=1.00 paused=False backlog=417.27 edge=574.73 div=1.99
21:23:35.038 CLOCK integ raw=159.46 prev=157.47 new=157.57 d=+0.102 fr=550.88 dt=0.102 rate=1.00 paused=False backlog=417.15 edge=574.73 div=1.99
21:23:35.139 CLOCK integ raw=159.46 prev=157.57 new=157.67 d=+0.101 fr=550.88 dt=0.101 rate=1.00 paused=False backlog=417.15 edge=574.83 div=1.99
21:23:35.241 CLOCK fold raw=159.72 prev=157.67 new=157.73 d=+0.057 fr=550.88 dt=0.103 rate=1.00 paused=False backlog=417.20 edge=574.93 div=1.99
21:23:35.342 CLOCK integ raw=159.72 prev=157.73 new=157.83 d=+0.101 fr=550.88 dt=0.101 rate=1.00 paused=False backlog=417.20 edge=575.03 div=1.99
21:23:35.446 CLOCK fold raw=159.98 prev=157.83 new=157.98 d=+0.152 fr=550.88 dt=0.104 rate=1.00 paused=False backlog=417.15 edge=575.13 div=1.99
21:23:35.550 CLOCK integ raw=159.98 prev=157.98 new=158.08 d=+0.103 fr=550.88 dt=0.103 rate=1.00 paused=False backlog=417.15 edge=575.24 div=1.99
21:23:35.652 CLOCK fold raw=160.23 prev=158.08 new=158.24 d=+0.154 fr=550.88 dt=0.103 rate=1.00 paused=False backlog=417.10 edge=575.34 div=1.99
21:23:35.757 TICK fr=550.88 cc=158.24 raw=160.23 vid=159.98 playing=1 started=1 stall=0 | d_fr_cc=+392.64 d_fr_raw=+390.65 d_cc_raw=-1.99 | off=-0.57 ccx_end=572.77 since_show=0.1 since_cue=1.9 | pcr=574.513 pid=100 head_rel=574.51 ccx_lag=1.74 | credit=550.9 capped=0.0 | fsize=260515360 feed=260515360 feed_behind=0 | backlog=417.10 edge=575.34 div=1.99 lag_ewma=2.33
21:23:35.858 CLOCK integ raw=160.23 prev=158.24 new=158.45 d=+0.207 fr=550.88 dt=0.207 rate=1.00 paused=False backlog=417.10 edge=575.55 div=1.99
21:23:35.961 CLOCK fold raw=160.49 prev=158.45 new=158.49 d=+0.047 fr=550.88 dt=0.102 rate=1.00 paused=False backlog=417.16 edge=575.65 div=1.99
21:23:36.063 CLOCK integ raw=160.49 prev=158.49 new=158.59 d=+0.103 fr=550.88 dt=0.103 rate=1.00 paused=False backlog=417.16 edge=575.75 div=1.99
21:23:36.165 CLOCK fold raw=160.74 prev=158.59 new=158.75 d=+0.153 fr=550.88 dt=0.102 rate=1.00 paused=False backlog=417.10 edge=575.85 div=1.99
21:23:36.266 CLOCK integ raw=160.74 prev=158.75 new=158.85 d=+0.101 fr=550.88 dt=0.101 rate=1.00 paused=False backlog=417.10 edge=575.95 div=1.99
21:23:36.368 CLOCK integ raw=160.74 prev=158.85 new=158.95 d=+0.101 fr=550.88 dt=0.101 rate=1.00 paused=False backlog=417.10 edge=576.06 div=1.99
21:23:36.469 CLOCK fold raw=161.00 prev=158.95 new=159.00 d=+0.053 fr=550.88 dt=0.101 rate=1.00 paused=False backlog=417.15 edge=576.16 div=1.99
21:23:36.571 CLOCK integ raw=161.00 prev=159.00 new=159.11 d=+0.101 fr=550.88 dt=0.101 rate=1.00 paused=False backlog=417.15 edge=576.26 div=1.99
21:23:36.673 CLOCK integ raw=161.00 prev=159.11 new=159.21 d=+0.102 fr=550.88 dt=0.102 rate=1.00 paused=False backlog=417.15 edge=576.36 div=1.99
21:23:36.775 CLOCK fold raw=161.26 prev=159.21 new=159.26 d=+0.056 fr=550.88 dt=0.101 rate=1.00 paused=False backlog=417.20 edge=576.46 div=1.99
21:23:36.877 CLOCK integ raw=161.26 prev=159.26 new=159.37 d=+0.103 fr=550.88 dt=0.103 rate=1.00 paused=False backlog=417.20 edge=576.56 div=1.99
21:23:36.978 PHASE END matrix complete
